{
"type": "FeatureCollection",
"name": "BlueNile",
"crs": { "type": "name", "properties": { "name": "urn:ogc:def:crs:OGC:1.3:CRS84" } },
"features": [
{ "type": "Feature", "properties": { "RIVER_MAP": "Blue Nile" }, "geometry": { "type": "MultiLineString", "coordinates": [ [ [ 30.320518494000055, 19.791564941000047 ], [ 30.322776794000049, 19.788887024000076 ], [ 30.328609467000035, 19.774440765000065 ], [ 30.331386566000049, 19.77027511600005 ], [ 30.333332062000068, 19.765274048000038 ], [ 30.341388702000074, 19.75277710000006 ], [ 30.351943970000036, 19.741943359000061 ], [ 30.356109619000051, 19.739166260000047 ], [ 30.359443665000072, 19.735553741000047 ], [ 30.373523712000065, 19.727172852000024 ], [ 30.37221908600003, 19.734443665000072 ], [ 30.371387482000046, 19.759998322000058 ], [ 30.367774963000045, 19.77027511600005 ], [ 30.360553741000047, 19.776664734000065 ], [ 30.351108551000038, 19.781944275000058 ], [ 30.326942444000053, 19.786941528000057 ], [ 30.320518494000055, 19.791564941000047 ], [ 30.318332672000054, 19.793052673000034 ], [ 30.311664581000059, 19.800552368000069 ], [ 30.306663513000046, 19.808887482000046 ], [ 30.303607941000053, 19.819164276000038 ], [ 30.301666260000047, 19.830829620000031 ], [ 30.303054810000049, 19.84388732900004 ], [ 30.311943054000039, 19.863052368000069 ], [ 30.317775726000036, 19.871387482000046 ], [ 30.322574615000065, 19.874481201000037 ], [ 30.333885193000071, 19.883609772000057 ], [ 30.344718933000024, 19.88638687100007 ], [ 30.358608246000074, 19.887218475000054 ], [ 30.373332977000075, 19.88638687100007 ], [ 30.385555267000029, 19.887775421000072 ], [ 30.39749908400006, 19.889720917000034 ], [ 30.407497406000061, 19.893886566000049 ], [ 30.416385651000041, 19.898609161000024 ], [ 30.423053741000047, 19.906944275000058 ], [ 30.428054810000049, 19.91499710100004 ], [ 30.43471908600003, 19.922775269000056 ], [ 30.440761566000049, 19.924633026000038 ], [ 30.456665039000029, 19.929443359000061 ], [ 30.507774353000059, 19.934165955000026 ], [ 30.521110535000048, 19.932777405000024 ], [ 30.542774200000053, 19.924999237000065 ], [ 30.555274963000045, 19.926387787000067 ], [ 30.563331604000041, 19.932498932000044 ], [ 30.569164276000038, 19.939998627000023 ], [ 30.574996948000035, 19.94888687100007 ], [ 30.579441071000076, 19.958610535000048 ], [ 30.595832825000059, 19.999721527000077 ], [ 30.598888397000053, 20.009998322000058 ], [ 30.601665497000056, 20.021663666000052 ], [ 30.601665497000056, 20.035552979000045 ], [ 30.599720001000037, 20.047222137000063 ], [ 30.596107483000026, 20.056663513000046 ], [ 30.59166336100003, 20.065830231000064 ], [ 30.585830688000044, 20.074718475000054 ], [ 30.572776794000049, 20.103054047000057 ], [ 30.566387177000024, 20.123607635000042 ], [ 30.566387177000024, 20.13666534400005 ], [ 30.564163208000025, 20.14749908400006 ], [ 30.563610077000078, 20.173610687000064 ], [ 30.56499862700008, 20.186664581000059 ], [ 30.569442749000075, 20.20999908400006 ], [ 30.577774048000038, 20.230552673000034 ], [ 30.58499908400006, 20.251941681000062 ], [ 30.588054657000043, 20.262775421000072 ], [ 30.588058472000057, 20.268215179000038 ], [ 30.588886261000027, 20.276664734000065 ], [ 30.584442139000032, 20.285552979000045 ], [ 30.576385498000036, 20.291942596000069 ], [ 30.566944122000052, 20.297222137000063 ], [ 30.561107635000042, 20.304996490000065 ], [ 30.556941986000027, 20.314441681000062 ], [ 30.553886414000033, 20.324996948000035 ], [ 30.548885345000031, 20.333053589000031 ], [ 30.53138732900004, 20.344997406000061 ], [ 30.521663666000052, 20.349720001000037 ], [ 30.496944427000074, 20.35472106900005 ], [ 30.482219696000072, 20.355274200000053 ], [ 30.46888732900004, 20.35472106900005 ], [ 30.422222137000063, 20.345275879000042 ], [ 30.408885956000063, 20.344444275000058 ], [ 30.399440765000065, 20.348609924000073 ], [ 30.391387939000026, 20.355552673000034 ], [ 30.383331299000076, 20.374996185000043 ], [ 30.380554199000073, 20.384998322000058 ], [ 30.372497559000067, 20.404998779000039 ], [ 30.366664886000024, 20.413330078000058 ], [ 30.351943970000036, 20.427219391000051 ], [ 30.347499847000051, 20.436664581000059 ], [ 30.344718933000024, 20.446941376000041 ], [ 30.334442139000032, 20.47721862800006 ], [ 30.333885193000071, 20.503330231000064 ], [ 30.330829620000031, 20.513885498000036 ], [ 30.322219849000078, 20.532218933000024 ], [ 30.311943054000039, 20.550277710000046 ], [ 30.307498932000044, 20.55971908600003 ], [ 30.304443359000061, 20.570274353000059 ], [ 30.302497864000031, 20.581108093000068 ], [ 30.303054810000049, 20.607219696000072 ], [ 30.306941986000027, 20.617496490000065 ], [ 30.30971908600003, 20.628608704000044 ], [ 30.31499862700008, 20.638885498000036 ], [ 30.320922852000024, 20.646389008000028 ], [ 30.331943512000066, 20.650554657000043 ], [ 30.339164734000065, 20.656665802000077 ], [ 30.343051910000042, 20.66749954200003 ], [ 30.345832825000059, 20.678607941000053 ], [ 30.362220764000028, 20.696388245000037 ], [ 30.367221832000041, 20.706108093000068 ], [ 30.369441986000027, 20.717220306000058 ], [ 30.367496490000065, 20.728054047000057 ], [ 30.362220764000028, 20.737777710000046 ], [ 30.355552673000034, 20.744441986000027 ], [ 30.347499847000051, 20.750831604000041 ], [ 30.34166336100003, 20.75916290300006 ], [ 30.336666107000042, 20.768054962000065 ], [ 30.336116791000052, 20.776065826000035 ], [ 30.335830688000044, 20.780277252000076 ], [ 30.346107483000026, 20.798332214000027 ], [ 30.35221862800006, 20.806388855000023 ], [ 30.361110687000064, 20.811943054000039 ], [ 30.371944427000074, 20.81527710000006 ], [ 30.386108398000033, 20.81527710000006 ], [ 30.413887024000076, 20.813331604000041 ], [ 30.446388245000037, 20.823329926000042 ], [ 30.46027755700004, 20.82416534400005 ], [ 30.473609924000073, 20.821941376000041 ], [ 30.487499237000065, 20.821109772000057 ], [ 30.500831604000041, 20.821941376000041 ], [ 30.524997711000026, 20.826663971000073 ], [ 30.535274506000064, 20.830554962000065 ], [ 30.553607941000053, 20.839721680000025 ], [ 30.561107635000042, 20.846385956000063 ], [ 30.570831299000076, 20.865554810000049 ], [ 30.573055267000029, 20.877220154000042 ], [ 30.579719543000067, 20.899166107000042 ], [ 30.581943512000066, 20.910831451000035 ], [ 30.581943512000066, 20.923885345000031 ], [ 30.573329926000042, 20.969444275000058 ], [ 30.578609467000035, 20.97749710100004 ], [ 30.587497711000026, 20.98305511500007 ], [ 30.594165802000077, 20.990554810000049 ], [ 30.596385956000063, 21.002220154000042 ], [ 30.597774506000064, 21.015274048000038 ], [ 30.603054047000057, 21.024997711000026 ], [ 30.610275269000056, 21.03110885600006 ], [ 30.619998932000044, 21.035831451000035 ], [ 30.630275726000036, 21.039443970000036 ], [ 30.641387939000026, 21.041942596000069 ], [ 30.651664734000065, 21.046665192000034 ], [ 30.659721375000061, 21.052219391000051 ], [ 30.665832520000038, 21.060554504000038 ], [ 30.673053741000047, 21.067218781000065 ], [ 30.684165955000026, 21.070552826000039 ], [ 30.697498322000058, 21.071388245000037 ], [ 30.707221985000047, 21.076110840000069 ], [ 30.713886261000027, 21.08277511600005 ], [ 30.716110229000037, 21.09388732900004 ], [ 30.715274811000029, 21.106388092000032 ], [ 30.711666107000042, 21.116664886000024 ], [ 30.706665039000029, 21.124996185000043 ], [ 30.699996948000035, 21.133052826000039 ], [ 30.686107635000042, 21.146942139000032 ], [ 30.674999237000065, 21.164165497000056 ], [ 30.673053741000047, 21.175277710000046 ], [ 30.676666260000047, 21.186107635000042 ], [ 30.69888687100007, 21.206108093000068 ], [ 30.702499390000071, 21.216388702000074 ], [ 30.708610535000048, 21.225276947000054 ], [ 30.724720001000037, 21.234165192000034 ], [ 30.73305511500007, 21.240276337000068 ], [ 30.742496490000065, 21.244998932000044 ], [ 30.758888245000037, 21.256664276000038 ], [ 30.769165039000029, 21.260829926000042 ], [ 30.777221680000025, 21.266941071000076 ], [ 30.794441223000035, 21.277774811000029 ], [ 30.805553436000025, 21.28110885600006 ], [ 30.817218781000065, 21.283054352000022 ], [ 30.831386566000049, 21.283885956000063 ], [ 30.844718933000024, 21.283607483000026 ], [ 30.856388092000032, 21.286388397000053 ], [ 30.864440918000071, 21.29249954200003 ], [ 30.874164581000059, 21.296665192000034 ], [ 30.901664734000065, 21.311664581000059 ], [ 30.908885956000063, 21.318332672000054 ], [ 30.917774200000053, 21.324443817000031 ], [ 30.926666260000047, 21.329166412000063 ], [ 30.932777405000024, 21.337497711000026 ], [ 30.941665649000072, 21.356666565000069 ], [ 30.947776794000049, 21.365554810000049 ], [ 30.958053589000031, 21.368888855000023 ], [ 30.969718933000024, 21.371109009000065 ], [ 30.986110687000064, 21.383331299000076 ], [ 30.986942291000048, 21.39499664300007 ], [ 30.984165192000034, 21.405277252000076 ], [ 30.984165192000034, 21.418331146000071 ], [ 30.969444275000058, 21.432220459000064 ], [ 30.96666336100003, 21.443054199000073 ], [ 30.96833038300008, 21.456108093000068 ], [ 30.975830078000058, 21.476665497000056 ], [ 30.98833084100005, 21.493331909000062 ], [ 30.996665955000026, 21.498607635000042 ], [ 31.008331299000076, 21.501941681000062 ], [ 31.02027511600005, 21.504165649000072 ], [ 31.028331757000046, 21.507499695000035 ], [ 31.030551910000042, 21.513610840000069 ], [ 31.037220001000037, 21.519721985000047 ], [ 31.044719696000072, 21.52916336100003 ], [ 31.049999237000065, 21.534721375000061 ], [ 31.05971908600003, 21.541664124000079 ], [ 31.067218781000065, 21.560832977000075 ], [ 31.076942444000053, 21.567497253000056 ], [ 31.082221985000047, 21.577220917000034 ], [ 31.091945648000035, 21.606769562000068 ], [ 31.099441528000057, 21.616107941000053 ], [ 31.109165192000034, 21.624443054000039 ], [ 31.11888885500008, 21.631107330000077 ], [ 31.129165649000072, 21.636108398000033 ], [ 31.139442444000053, 21.639999390000071 ], [ 31.149166107000042, 21.642776489000028 ], [ 31.159442902000023, 21.643886566000049 ], [ 31.169166565000069, 21.646110535000048 ], [ 31.178886414000033, 21.647220612000069 ], [ 31.186386108000079, 21.65610885600006 ], [ 31.187774658000023, 21.66499710100004 ], [ 31.189441681000062, 21.669998169000053 ], [ 31.192497253000056, 21.692497253000056 ], [ 31.196388245000037, 21.703609467000035 ], [ 31.203052521000075, 21.711109161000024 ], [ 31.213333130000024, 21.714443207000045 ], [ 31.219444275000058, 21.721942902000023 ], [ 31.213607788000047, 21.730274200000053 ], [ 31.212219238000046, 21.741943359000061 ], [ 31.212219238000046, 21.752220154000042 ], [ 31.220554352000079, 21.75916290300006 ], [ 31.226387024000076, 21.766666412000063 ], [ 31.236942291000048, 21.770553589000031 ], [ 31.244998932000044, 21.763610840000069 ], [ 31.254444122000052, 21.763053894000052 ], [ 31.257499695000035, 21.773887634000062 ], [ 31.267219543000067, 21.778610229000037 ], [ 31.277496338000049, 21.773609161000024 ], [ 31.284164429000043, 21.766666412000063 ], [ 31.293609619000051, 21.761943817000031 ], [ 31.300552368000069, 21.768608093000068 ], [ 31.304443359000061, 21.792774200000053 ], [ 31.311107635000042, 21.799720764000028 ], [ 31.328887939000026, 21.80971908600003 ], [ 31.329166412000063, 21.818607330000077 ], [ 31.326110840000069, 21.829166412000063 ], [ 31.332221985000047, 21.837219238000046 ], [ 31.341110229000037, 21.842777252000076 ], [ 31.347221375000061, 21.850830078000058 ], [ 31.35472106900005, 21.87221908600003 ], [ 31.361385345000031, 21.878887177000024 ], [ 31.365276337000068, 21.889999390000071 ], [ 31.377220154000042, 21.909721375000061 ], [ 31.381942749000075, 21.919998169000053 ], [ 31.384998322000058, 21.931663513000046 ], [ 31.388610840000069, 21.941387177000024 ], [ 31.388885498000036, 21.952774048000038 ], [ 31.384441376000041, 21.963333130000024 ], [ 31.383888245000037, 21.98860931400003 ], [ 31.387496948000035, 22.027774811000029 ], [ 31.389720917000034, 22.040275574000077 ], [ 31.398052216000053, 22.059997559000067 ], [ 31.410831451000035, 22.076385498000036 ], [ 31.416110992000029, 22.08527755700004 ], [ 31.42833328200004, 22.116107941000053 ], [ 31.433609009000065, 22.124996185000043 ], [ 31.441108704000044, 22.131942749000075 ], [ 31.453052521000075, 22.133888245000037 ], [ 31.464164734000065, 22.137775421000072 ], [ 31.471664429000043, 22.143886566000049 ], [ 31.477775574000077, 22.152221680000025 ], [ 31.485832214000027, 22.158885956000063 ], [ 31.491943359000061, 22.16722106900005 ], [ 31.499443054000039, 22.173885345000031 ], [ 31.507774353000059, 22.179996490000065 ], [ 31.512781143000041, 22.182664871000043 ], [ 31.525554657000043, 22.190830231000064 ], [ 31.532218933000024, 22.198329926000042 ], [ 31.541110992000029, 22.196388245000037 ], [ 31.54555511500007, 22.188610077000078 ], [ 31.548053741000047, 22.199718475000054 ], [ 31.544441223000035, 22.209442139000032 ], [ 31.555553436000025, 22.216110229000037 ], [ 31.563888550000058, 22.222221375000061 ], [ 31.58249664300007, 22.232219696000072 ], [ 31.596107483000026, 22.24721908600003 ], [ 31.606388092000032, 22.250553131000061 ], [ 31.617496490000065, 22.248607635000042 ], [ 31.628608704000044, 22.245552063000048 ], [ 31.638332367000032, 22.248332977000075 ], [ 31.645832062000068, 22.242774963000045 ], [ 31.655277252000076, 22.237777710000046 ], [ 31.667774200000053, 22.234996796000075 ], [ 31.67833328200004, 22.236942291000048 ], [ 31.686664581000059, 22.243053436000025 ], [ 31.674720764000028, 22.241664886000024 ], [ 31.661388397000053, 22.242496490000065 ], [ 31.653888702000074, 22.249443054000039 ], [ 31.651107788000047, 22.260555267000029 ], [ 31.649719238000046, 22.270832062000068 ], [ 31.637218475000054, 22.27027511600005 ], [ 31.634998322000058, 22.281944275000058 ], [ 31.624721527000077, 22.284999847000051 ], [ 31.618053436000025, 22.29249954200003 ], [ 31.638332367000032, 22.30110931400003 ], [ 31.643608093000068, 22.309997559000067 ], [ 31.647220612000069, 22.321109772000057 ], [ 31.653331757000046, 22.313331604000041 ], [ 31.661941528000057, 22.308609009000065 ], [ 31.668331146000071, 22.330554962000065 ], [ 31.677776337000068, 22.319999695000035 ], [ 31.685276031000058, 22.313888550000058 ], [ 31.696388245000037, 22.311107635000042 ], [ 31.698608398000033, 22.320552826000039 ], [ 31.691944122000052, 22.328052521000075 ], [ 31.688331604000041, 22.337776184000063 ], [ 31.69888687100007, 22.347499847000051 ], [ 31.728054047000057, 22.360832214000027 ], [ 31.736942291000048, 22.366107941000053 ], [ 31.747497559000067, 22.370830536000028 ], [ 31.758052826000039, 22.374164581000059 ], [ 31.76166534400005, 22.364440918000071 ], [ 31.771385193000071, 22.366664886000024 ], [ 31.774997711000026, 22.374164581000059 ], [ 31.783885956000063, 22.374721527000077 ], [ 31.794441223000035, 22.369720459000064 ], [ 31.80083084100005, 22.362777710000046 ], [ 31.806110382000043, 22.353885651000041 ], [ 31.818607330000077, 22.338607788000047 ], [ 31.825832367000032, 22.339721680000025 ], [ 31.835552216000053, 22.34388732900004 ], [ 31.841110229000037, 22.352775574000077 ], [ 31.840736389000028, 22.376914978000059 ], [ 31.833885193000071, 22.384441376000041 ], [ 31.821388245000037, 22.385829926000042 ], [ 31.817775726000036, 22.392776489000028 ], [ 31.825832367000032, 22.398330688000044 ], [ 31.819442749000075, 22.405830383000023 ], [ 31.808887482000046, 22.409999847000051 ], [ 31.812221527000077, 22.418888092000032 ], [ 31.823329926000042, 22.422222137000063 ], [ 31.83527755700004, 22.422775269000056 ], [ 31.85805511500007, 22.416385651000041 ], [ 31.871387482000046, 22.414165497000056 ], [ 31.883331299000076, 22.410552979000045 ], [ 31.894443512000066, 22.408332825000059 ], [ 31.890274048000038, 22.429721832000041 ], [ 31.891941071000076, 22.439998627000023 ], [ 31.889163971000073, 22.449718475000054 ], [ 31.90638732900004, 22.460552216000053 ], [ 31.916110992000029, 22.468051910000042 ], [ 31.928054810000049, 22.467777252000076 ], [ 31.936107635000042, 22.470554352000079 ], [ 31.931941986000027, 22.479442596000069 ], [ 31.931941986000027, 22.489166260000047 ], [ 31.941108704000044, 22.495277405000024 ], [ 31.952220917000034, 22.494998932000044 ], [ 31.961109161000024, 22.490276337000068 ], [ 31.971385956000063, 22.49083328200004 ], [ 31.969997406000061, 22.499721527000077 ], [ 31.95777511600005, 22.515552521000075 ], [ 31.954166412000063, 22.525276184000063 ], [ 31.951385498000036, 22.536388397000053 ], [ 31.953609467000035, 22.547222137000063 ], [ 31.954441071000076, 22.556941986000027 ], [ 31.943332672000054, 22.560554504000038 ], [ 31.933052063000048, 22.565551758000026 ], [ 31.936107635000042, 22.574443817000031 ], [ 31.944442749000075, 22.579719543000067 ], [ 31.955554962000065, 22.581665039000029 ], [ 31.95777511600005, 22.570552826000039 ], [ 31.965831757000046, 22.563610077000078 ], [ 31.975555420000035, 22.558887482000046 ], [ 31.984443665000072, 22.560554504000038 ], [ 31.974163055000076, 22.577499390000071 ], [ 31.975830078000058, 22.588886261000027 ], [ 31.967777252000076, 22.595275879000042 ], [ 31.961109161000024, 22.603054047000057 ], [ 31.967220306000058, 22.610275269000056 ], [ 31.971107483000026, 22.620552063000048 ], [ 31.978610992000029, 22.627498627000023 ], [ 31.987499237000065, 22.632774353000059 ], [ 31.995277405000024, 22.638885498000036 ], [ 32.001937866000048, 22.647220612000069 ], [ 32.01166534400005, 22.651107788000047 ], [ 32.023605347000057, 22.652221680000025 ], [ 32.035552979000045, 22.649997711000026 ], [ 32.042770386000029, 22.643329620000031 ], [ 32.046386719000054, 22.632774353000059 ], [ 32.056106567000029, 22.633331299000076 ], [ 32.054718018000074, 22.64499664300007 ], [ 32.049720764000028, 22.65416336100003 ], [ 32.035827637000068, 22.668609619000051 ], [ 32.038055420000035, 22.67833328200004 ], [ 32.046386719000054, 22.683609009000065 ], [ 32.055549622000058, 22.686386108000022 ], [ 32.068885803000057, 22.685554504000038 ], [ 32.076385498000036, 22.692218781000065 ], [ 32.080276489000028, 22.702499390000071 ], [ 32.093048096000075, 22.704441071000076 ], [ 32.103332520000038, 22.70777511600005 ], [ 32.110275269000056, 22.715831757000046 ], [ 32.118606567000029, 22.721385956000063 ], [ 32.129714966000051, 22.723888397000053 ], [ 32.150833130000024, 22.731941223000035 ], [ 32.174438477000024, 22.729442596000069 ], [ 32.184165955000026, 22.724441528000057 ], [ 32.191383362000067, 22.716941833000078 ], [ 32.19666290300006, 22.708610535000048 ], [ 32.207771301000037, 22.704166412000063 ], [ 32.219718933000024, 22.704719543000067 ], [ 32.21638488800005, 22.69666290300006 ], [ 32.21054840100004, 22.688331604000041 ], [ 32.215553284000066, 22.679996490000065 ], [ 32.239440918000071, 22.68471908600003 ], [ 32.246109009000065, 22.677776337000068 ], [ 32.239997864000031, 22.669441223000035 ], [ 32.22471618700007, 22.655830383000023 ], [ 32.226104736000025, 22.646942139000032 ], [ 32.235832214000027, 22.652496338000049 ], [ 32.246383667000032, 22.649997711000026 ], [ 32.254440308000028, 22.644443512000066 ], [ 32.258049011000026, 22.633609772000057 ], [ 32.269721985000047, 22.628608704000044 ], [ 32.282493591000048, 22.625553131000061 ], [ 32.277770996000072, 22.616664886000024 ], [ 32.278327942000033, 22.607776642000033 ], [ 32.290275574000077, 22.607498169000053 ], [ 32.313606262000064, 22.612220764000028 ], [ 32.314720154000042, 22.60249710100004 ], [ 32.310829163000051, 22.592220306000058 ], [ 32.300277710000046, 22.57388687100007 ], [ 32.288330078000058, 22.571941376000041 ], [ 32.280548096000075, 22.561664581000059 ], [ 32.27304840100004, 22.555553436000025 ], [ 32.264160156000059, 22.55083084100005 ], [ 32.253051758000026, 22.553054810000049 ], [ 32.241661072000056, 22.549999237000065 ], [ 32.249160767000035, 22.54222106900005 ], [ 32.251106262000064, 22.533885956000063 ], [ 32.249443054000039, 22.523052216000053 ], [ 32.254714966000051, 22.516109467000035 ], [ 32.263610840000069, 22.518054962000065 ], [ 32.272773743000073, 22.528888702000074 ], [ 32.282493591000048, 22.537498474000074 ], [ 32.30110931400003, 22.541385651000041 ], [ 32.310554504000038, 22.531665802000077 ], [ 32.308326721000071, 22.524166107000042 ], [ 32.309715271000073, 22.515274048000038 ], [ 32.334159851000038, 22.516941071000076 ], [ 32.341659546000074, 22.522220612000069 ], [ 32.329162598000039, 22.524440765000065 ], [ 32.320274353000059, 22.530277252000076 ], [ 32.326660156000059, 22.55083084100005 ], [ 32.323051453000062, 22.560554504000038 ], [ 32.322494507000044, 22.571388245000037 ], [ 32.327774048000038, 22.580276489000028 ], [ 32.328048706000061, 22.593330383000023 ], [ 32.333328247000054, 22.601387024000076 ], [ 32.346107483000026, 22.602775574000077 ], [ 32.356384277000075, 22.598331451000035 ], [ 32.364440918000071, 22.592220306000058 ], [ 32.371940613000049, 22.596942902000023 ], [ 32.382499695000035, 22.600276947000054 ], [ 32.395271301000037, 22.597774506000064 ], [ 32.406944275000058, 22.596942902000023 ], [ 32.408607483000026, 22.605831146000071 ], [ 32.404998779000039, 22.61360931400003 ], [ 32.411109924000073, 22.621665955000026 ], [ 32.413604736000025, 22.63416290300006 ], [ 32.416938782000045, 22.64499664300007 ], [ 32.420829773000037, 22.655830383000023 ], [ 32.42610931400003, 22.66471862800006 ], [ 32.434440613000049, 22.671665192000034 ], [ 32.44332885700004, 22.676940918000071 ], [ 32.448883057000046, 22.684997559000067 ], [ 32.456382751000035, 22.692497253000056 ], [ 32.470550537000065, 22.692218781000065 ], [ 32.478881836000028, 22.696941376000041 ], [ 32.473052979000045, 22.703887939000026 ], [ 32.476943970000036, 22.712219238000046 ], [ 32.485832214000027, 22.716941833000078 ], [ 32.497215271000073, 22.719997406000061 ], [ 32.509719849000078, 22.716388702000074 ], [ 32.523330688000044, 22.723052979000045 ], [ 32.534439087000067, 22.726387024000076 ], [ 32.541938782000045, 22.732498169000053 ], [ 32.551666260000047, 22.734996796000075 ], [ 32.55693817100007, 22.72749710100004 ], [ 32.564437866000048, 22.734165192000034 ], [ 32.570549011000026, 22.743053436000025 ], [ 32.583328247000054, 22.744998932000044 ], [ 32.584159851000038, 22.753887177000024 ], [ 32.582771301000037, 22.764163971000073 ], [ 32.587493896000069, 22.773609161000024 ], [ 32.596382141000049, 22.773609161000024 ], [ 32.596664429000043, 22.784721375000061 ], [ 32.594718933000024, 22.79555511500007 ], [ 32.603881836000028, 22.814720154000042 ], [ 32.601104736000025, 22.825832367000032 ], [ 32.596939087000067, 22.835552216000053 ], [ 32.606666565000069, 22.839996338000049 ], [ 32.61999511700003, 22.839164734000065 ], [ 32.621665955000026, 22.847499847000051 ], [ 32.615829468000072, 22.855831146000071 ], [ 32.610832214000027, 22.864719391000051 ], [ 32.59971618700007, 22.862220764000028 ], [ 32.596107483000026, 22.871944427000074 ], [ 32.596382141000049, 22.88416290300006 ], [ 32.598609924000073, 22.896663666000052 ], [ 32.610275269000056, 22.913608551000038 ], [ 32.618331909000062, 22.904441833000078 ], [ 32.622497559000067, 22.895553589000031 ], [ 32.629997253000056, 22.888610840000069 ], [ 32.636108398000033, 22.896110535000048 ], [ 32.631103516000053, 22.904998779000039 ], [ 32.62832641600005, 22.916110992000029 ], [ 32.637771606000058, 22.914443970000036 ], [ 32.646110535000048, 22.921386719000054 ], [ 32.651664734000065, 22.928054810000049 ], [ 32.661941528000057, 22.929443359000061 ], [ 32.672492981000062, 22.924163818000068 ], [ 32.68193817100007, 22.920829773000037 ], [ 32.693885803000057, 22.919719696000072 ], [ 32.692497253000056, 22.926666260000047 ], [ 32.688331604000041, 22.935832977000075 ], [ 32.684715271000073, 22.94666290300006 ], [ 32.689437866000048, 22.956386566000049 ], [ 32.699996948000035, 22.958885193000071 ], [ 32.710830688000044, 22.951110840000069 ], [ 32.70999908400006, 22.942218781000065 ], [ 32.704719543000067, 22.932777405000024 ], [ 32.713607788000047, 22.931110382000043 ], [ 32.71888732900004, 22.940830231000064 ], [ 32.722770691000051, 22.950275421000072 ], [ 32.725273132000041, 22.962497711000026 ], [ 32.729438782000045, 22.973609924000073 ], [ 32.731666565000069, 22.982498169000053 ], [ 32.727493286000026, 22.991386414000033 ], [ 32.727775574000077, 23.003051758000026 ], [ 32.735832214000027, 22.998886108000079 ], [ 32.748603821000074, 23.0 ], [ 32.753051758000026, 23.008888245000037 ], [ 32.742774963000045, 23.013332367000032 ], [ 32.745277405000024, 23.02277755700004 ], [ 32.746109009000065, 23.033054352000079 ], [ 32.731384277000075, 23.046943665000072 ], [ 32.739715576000037, 23.053054810000049 ], [ 32.749717712000063, 23.057777405000024 ], [ 32.759994507000044, 23.056941986000027 ], [ 32.76749420200008, 23.060832977000075 ], [ 32.776664734000065, 23.062774658000023 ], [ 32.777770996000072, 23.050552368000069 ], [ 32.776939392000031, 23.038055420000035 ], [ 32.77888488800005, 23.026943207000045 ], [ 32.786941528000057, 23.021942139000032 ], [ 32.800277710000046, 23.019721985000047 ], [ 32.804718018000074, 23.010829926000042 ], [ 32.812774658000023, 23.003887177000024 ], [ 32.82471466100003, 23.000831604000041 ], [ 32.83499908400006, 22.996387482000046 ], [ 32.841659546000074, 22.988052368000069 ], [ 32.850555420000035, 22.98305511500007 ], [ 32.863883972000053, 22.982219696000072 ], [ 32.872772217000033, 22.976665497000056 ], [ 32.876937866000048, 22.966941833000078 ], [ 32.882774353000059, 22.958610535000048 ], [ 32.899719238000046, 22.94666290300006 ], [ 32.909996033000027, 22.942218781000065 ], [ 32.915832520000038, 22.933887482000046 ], [ 32.923332214000027, 22.926940918000071 ], [ 32.928329468000072, 22.918609619000051 ], [ 32.938606262000064, 22.913608551000038 ], [ 32.935272217000033, 22.933609009000065 ], [ 32.938606262000064, 22.943885803000057 ], [ 32.945831299000076, 22.936943054000039 ], [ 32.954719543000067, 22.931110382000043 ], [ 32.967216492000034, 22.929443359000061 ], [ 32.979438782000045, 22.932220459000064 ], [ 32.985832214000027, 22.924442291000048 ], [ 32.996109009000065, 22.919998169000053 ], [ 33.009719849000078, 22.919166565000069 ], [ 33.043609619000051, 22.908332825000059 ], [ 33.05638885500008, 22.906665802000077 ], [ 33.064720154000042, 22.911941528000057 ], [ 33.060447693000071, 22.918609619000051 ], [ 33.038887024000076, 22.926940918000071 ], [ 33.029441833000078, 22.932498932000044 ], [ 33.020553589000031, 22.938331604000041 ], [ 33.013053894000052, 22.945274353000059 ], [ 33.006660461000024, 22.953052521000075 ], [ 32.998603821000074, 22.958610535000048 ], [ 32.987495422000052, 22.962776184000063 ], [ 32.961387634000062, 22.962776184000063 ], [ 32.950828552000075, 22.966941833000078 ], [ 32.945831299000076, 22.975276947000054 ], [ 32.945274353000059, 22.986942291000048 ], [ 32.936103821000074, 22.978332520000038 ], [ 32.927215576000037, 22.974998474000074 ], [ 32.924438477000024, 22.986110687000064 ], [ 32.923332214000027, 22.997776031000058 ], [ 32.928604126000039, 23.006664276000038 ], [ 32.938331604000041, 23.011108398000033 ], [ 32.945274353000059, 23.018054962000065 ], [ 32.94027710000006, 23.026943207000045 ], [ 32.938331604000041, 23.038055420000035 ], [ 32.930274963000045, 23.044441223000035 ], [ 32.918884277000075, 23.043052673000034 ], [ 32.909996033000027, 23.048885345000031 ], [ 32.90583038300008, 23.058609009000065 ], [ 32.898330688000044, 23.065551758000026 ], [ 32.885826111000029, 23.067775726000036 ], [ 32.871665955000026, 23.068054199000073 ], [ 32.861938477000024, 23.07166290300006 ], [ 32.865829468000072, 23.080554962000065 ], [ 32.868331909000062, 23.09166336100003 ], [ 32.860275269000056, 23.097774506000064 ], [ 32.854438782000045, 23.106109619000051 ], [ 32.85472106900005, 23.119163513000046 ], [ 32.848052979000045, 23.126941681000062 ], [ 32.844718933000024, 23.13666534400005 ], [ 32.845832825000059, 23.161388397000053 ], [ 32.852775574000077, 23.169441223000035 ], [ 32.862495422000052, 23.166664124000079 ], [ 32.872772217000033, 23.162220001000037 ], [ 32.885551453000062, 23.16471862800006 ], [ 32.895271301000037, 23.159721375000061 ], [ 32.916381836000028, 23.138053894000052 ], [ 32.927497864000031, 23.133888245000037 ], [ 32.939437866000048, 23.13638687100007 ], [ 32.951385498000036, 23.13666534400005 ], [ 32.961936951000041, 23.133052826000039 ], [ 32.96888732900004, 23.140552521000075 ], [ 32.967498779000039, 23.152221680000025 ], [ 32.960830688000044, 23.159999847000051 ], [ 32.952217102000077, 23.166385651000041 ], [ 32.944717407000041, 23.173332214000027 ], [ 32.940551758000026, 23.183052063000048 ], [ 32.933052063000048, 23.189998627000023 ], [ 32.928054810000049, 23.198329926000042 ], [ 32.924163818000068, 23.221107483000026 ], [ 32.916107178000061, 23.228054047000057 ], [ 32.904159546000074, 23.231666565000069 ], [ 32.90583038300008, 23.239997864000031 ], [ 32.916381836000028, 23.243888855000023 ], [ 32.919441223000035, 23.254997253000056 ], [ 32.92999267600004, 23.254165649000072 ], [ 32.939720154000042, 23.249164581000059 ], [ 32.950828552000075, 23.248886108000079 ], [ 32.96054840100004, 23.251388550000058 ], [ 32.955825806000064, 23.233608246000074 ], [ 32.963882446000071, 23.22721862800006 ], [ 32.973609924000073, 23.222221375000061 ], [ 32.984718323000038, 23.220832825000059 ], [ 32.994163513000046, 23.214996338000049 ], [ 33.005554199000073, 23.216941833000078 ], [ 33.012496948000035, 23.223609924000073 ], [ 33.015548706000061, 23.233886719000054 ], [ 33.012771606000058, 23.244441986000027 ], [ 33.010826111000029, 23.256107330000077 ], [ 33.001388550000058, 23.260829926000042 ], [ 32.995552063000048, 23.269443512000066 ], [ 33.000831604000041, 23.277496338000049 ], [ 33.004165649000072, 23.288330078000058 ], [ 33.006660461000024, 23.30083084100005 ], [ 33.017219543000067, 23.304164886000024 ], [ 33.018882751000035, 23.315551758000026 ], [ 33.016105652000078, 23.326110840000069 ], [ 33.004997253000056, 23.327499390000071 ], [ 32.997215271000073, 23.320274353000059 ], [ 32.987495422000052, 23.32166290300006 ], [ 32.982498169000053, 23.329998016000047 ], [ 32.972770691000051, 23.335830688000044 ], [ 32.967773437000062, 23.344165802000077 ], [ 32.969718933000024, 23.357219696000072 ], [ 32.974159241000052, 23.36583328200004 ], [ 32.984161377000078, 23.369163513000046 ], [ 32.995277405000024, 23.366386414000033 ], [ 33.0, 23.374996185000043 ], [ 32.99499511700003, 23.38416290300006 ], [ 32.993606567000029, 23.395832062000068 ], [ 32.989997864000031, 23.40610885600006 ], [ 32.981384277000075, 23.411941528000057 ], [ 32.970832825000059, 23.411388397000053 ], [ 32.972770691000051, 23.401664734000065 ], [ 32.973327637000068, 23.389999390000071 ], [ 32.96638488800005, 23.381107330000077 ], [ 32.956108093000068, 23.386108398000033 ], [ 32.951660156000059, 23.39527511600005 ], [ 32.948883057000046, 23.405551910000042 ], [ 32.949996948000035, 23.41722106900005 ], [ 32.962776184000063, 23.418331146000071 ], [ 32.96054840100004, 23.426666260000047 ], [ 32.948608398000033, 23.42610931400003 ], [ 32.938331604000041, 23.431110382000043 ], [ 32.933052063000048, 23.438053131000061 ], [ 32.921386719000054, 23.447219849000078 ], [ 32.916938782000045, 23.456386566000049 ], [ 32.921661377000078, 23.463886261000027 ], [ 32.932220459000064, 23.468330383000023 ], [ 32.933883667000032, 23.479442596000069 ], [ 32.924438477000024, 23.483608246000074 ], [ 32.913055420000035, 23.485832214000027 ], [ 32.903610229000037, 23.491664886000024 ], [ 32.899162292000028, 23.500553131000061 ], [ 32.89804840100004, 23.513053894000052 ], [ 32.902770996000072, 23.521942139000032 ], [ 32.912498474000074, 23.525833130000024 ], [ 32.922775269000056, 23.520832062000068 ], [ 32.929443359000061, 23.513885498000036 ], [ 32.938331604000041, 23.508052826000039 ], [ 32.948608398000033, 23.503330231000064 ], [ 32.974159241000052, 23.497776031000058 ], [ 33.001106262000064, 23.498054504000038 ], [ 33.013885498000036, 23.5 ], [ 33.025276184000063, 23.503330231000064 ], [ 33.033607483000026, 23.508609772000057 ], [ 33.03083038300008, 23.517498016000047 ], [ 33.020271301000037, 23.513610840000069 ], [ 33.006660461000024, 23.514442444000053 ], [ 32.969993591000048, 23.523330688000044 ], [ 32.968048096000075, 23.533054352000079 ], [ 32.967498779000039, 23.543331146000071 ], [ 32.956382751000035, 23.541664124000079 ], [ 32.945831299000076, 23.541110992000029 ], [ 32.94971466100003, 23.550552368000069 ], [ 32.955276489000028, 23.559444427000074 ], [ 32.950828552000075, 23.566944122000052 ], [ 32.943885803000057, 23.558887482000046 ], [ 32.934165955000026, 23.554996490000065 ], [ 32.925827026000036, 23.561386108000079 ], [ 32.920829773000037, 23.570274353000059 ], [ 32.913604736000025, 23.577220917000034 ], [ 32.903053284000066, 23.581665039000029 ], [ 32.89499664300007, 23.588054657000043 ], [ 32.896110535000048, 23.599720001000037 ], [ 32.898605347000057, 23.610553741000047 ], [ 32.896385193000071, 23.620830536000028 ], [ 32.904159546000074, 23.628330231000064 ], [ 32.915550232000044, 23.630832672000054 ], [ 32.91722106900005, 23.640552521000075 ], [ 32.916664124000079, 23.651386261000027 ], [ 32.924163818000068, 23.654720306000058 ], [ 32.92610931400003, 23.644443512000066 ], [ 32.934440613000049, 23.638885498000036 ], [ 32.946937561000027, 23.638610840000069 ], [ 32.959159851000038, 23.63638687100007 ], [ 32.965553284000066, 23.628608704000044 ], [ 32.96833038300008, 23.619720459000064 ], [ 32.977493286000026, 23.620277405000024 ], [ 32.97471618700007, 23.630554199000073 ], [ 32.974159241000052, 23.640830994000055 ], [ 32.983886719000054, 23.644721985000047 ], [ 32.987220764000028, 23.653053284000066 ], [ 32.980552673000034, 23.659999847000051 ], [ 32.98305511500007, 23.670276642000033 ], [ 32.993606567000029, 23.674163818000068 ], [ 32.99388885500008, 23.682498932000044 ], [ 32.984992981000062, 23.688888550000058 ], [ 32.984443665000072, 23.698329926000042 ], [ 32.993331909000062, 23.703052521000075 ], [ 32.998886108000079, 23.711109161000024 ], [ 32.983329773000037, 23.724441528000057 ], [ 32.974441528000057, 23.730274200000053 ], [ 32.968605042000036, 23.73860931400003 ], [ 32.968048096000075, 23.748886108000079 ], [ 32.97721862800006, 23.753608704000044 ], [ 32.987777710000046, 23.753330231000064 ], [ 32.981109619000051, 23.760276794000049 ], [ 32.972221375000061, 23.765274048000038 ], [ 32.962493896000069, 23.760555267000029 ], [ 32.950553894000052, 23.764442444000053 ], [ 32.943885803000057, 23.771385193000071 ], [ 32.938888550000058, 23.78110885600006 ], [ 32.933326721000071, 23.803054810000049 ], [ 32.928886414000033, 23.812774658000023 ], [ 32.926940918000071, 23.82388687100007 ], [ 32.915275574000077, 23.840553284000066 ], [ 32.908607483000026, 23.848331451000035 ], [ 32.88721466100003, 23.869720459000064 ], [ 32.886108398000033, 23.877498627000023 ], [ 32.898887634000062, 23.878608704000044 ], [ 32.898887634000062, 23.888885498000036 ], [ 32.890830994000055, 23.89527511600005 ], [ 32.88416290300006, 23.902774811000029 ], [ 32.87832641600005, 23.911388397000053 ], [ 32.876388550000058, 23.922222137000063 ], [ 32.881942749000075, 23.931941986000027 ], [ 32.890274048000038, 23.937221527000077 ], [ 32.893325806000064, 23.947498322000058 ], [ 32.889999390000071, 23.95777511600005 ], [ 32.885551453000062, 23.967498779000039 ], [ 32.884437561000027, 23.979164124000079 ], [ 32.877731323000035, 23.98546981800007 ], [ 32.873054504000038, 23.973052979000045 ], [ 32.858886719000054, 23.943885803000057 ], [ 32.85221862800006, 23.921943665000072 ], [ 32.851943970000036, 23.908885956000063 ], [ 32.848884583000029, 23.897220612000069 ], [ 32.841110229000037, 23.890552521000075 ], [ 32.82999420200008, 23.889442444000053 ], [ 32.808883667000032, 23.898609161000024 ], [ 32.796386719000054, 23.900833130000024 ], [ 32.784996033000027, 23.896942139000032 ], [ 32.79610443100006, 23.889163971000073 ], [ 32.808883667000032, 23.88638687100007 ], [ 32.822219849000078, 23.885555267000029 ], [ 32.831939697000053, 23.881107330000077 ], [ 32.828048706000061, 23.870830536000028 ], [ 32.836936951000041, 23.865276337000068 ], [ 32.848884583000029, 23.862220764000028 ], [ 32.857772827000076, 23.855831146000071 ], [ 32.864997864000031, 23.848888397000053 ], [ 32.870277405000024, 23.839996338000049 ], [ 32.873054504000038, 23.828887939000026 ], [ 32.872772217000033, 23.817218781000065 ], [ 32.879997253000056, 23.810276031000058 ], [ 32.876937866000048, 23.798610687000064 ], [ 32.875831604000041, 23.78971862800006 ], [ 32.878051758000026, 23.78138732900004 ], [ 32.876388550000058, 23.769721985000047 ], [ 32.880554199000073, 23.76138687100007 ], [ 32.874443054000039, 23.752498627000023 ], [ 32.872772217000033, 23.741664886000024 ], [ 32.873054504000038, 23.729164124000079 ], [ 32.868331909000062, 23.719718933000024 ], [ 32.859992981000062, 23.713607788000047 ], [ 32.850273132000041, 23.709720612000069 ], [ 32.837493896000069, 23.711940765000065 ], [ 32.826385498000036, 23.716388702000074 ], [ 32.818885803000057, 23.714996338000049 ], [ 32.827774048000038, 23.709442139000032 ], [ 32.840827942000033, 23.694164276000038 ], [ 32.849998474000074, 23.691108704000044 ], [ 32.865829468000072, 23.703330994000055 ], [ 32.868049622000058, 23.694164276000038 ], [ 32.866104126000039, 23.682777405000024 ], [ 32.860832214000027, 23.673053741000047 ], [ 32.850273132000041, 23.669719696000072 ], [ 32.841941833000078, 23.663887024000076 ], [ 32.841659546000074, 23.652221680000025 ], [ 32.843605042000036, 23.641109467000035 ], [ 32.848609924000073, 23.631942749000075 ], [ 32.849998474000074, 23.623054504000038 ], [ 32.847496033000027, 23.611385345000031 ], [ 32.840553284000066, 23.603332520000038 ], [ 32.833053589000031, 23.597221375000061 ], [ 32.823051453000062, 23.591941833000078 ], [ 32.811943054000039, 23.589443207000045 ], [ 32.817771912000069, 23.581665039000029 ], [ 32.821105957000043, 23.571941376000041 ], [ 32.818603516000053, 23.55971908600003 ], [ 32.80749511700003, 23.559997559000067 ], [ 32.79555511500007, 23.562774658000023 ], [ 32.787498474000074, 23.569164276000038 ], [ 32.784721375000061, 23.579441071000076 ], [ 32.778053284000066, 23.587776184000063 ], [ 32.765274048000038, 23.590274811000029 ], [ 32.756103516000053, 23.585552216000053 ], [ 32.746665955000026, 23.591941833000078 ], [ 32.746940613000049, 23.603610992000029 ], [ 32.74249267600004, 23.611942291000048 ], [ 32.730552673000034, 23.614719391000051 ], [ 32.729438782000045, 23.628608704000044 ], [ 32.723609924000073, 23.64777755700004 ], [ 32.714164734000065, 23.65638732900004 ], [ 32.708610535000048, 23.674999237000065 ], [ 32.698883057000046, 23.676387787000067 ], [ 32.688049316000047, 23.668331146000071 ], [ 32.668327332000047, 23.659721375000061 ], [ 32.664161682000042, 23.639999390000071 ], [ 32.660270691000051, 23.631107330000077 ], [ 32.65055084200003, 23.623054504000038 ], [ 32.641937256000062, 23.614166260000047 ], [ 32.632217407000041, 23.606666565000069 ], [ 32.612777710000046, 23.61333084100005 ], [ 32.610275269000056, 23.603610992000029 ], [ 32.610832214000027, 23.593330383000023 ], [ 32.618049622000058, 23.575275421000072 ], [ 32.626937866000048, 23.566387177000024 ], [ 32.63721466100003, 23.561386108000079 ], [ 32.656661987000064, 23.557498932000044 ], [ 32.657775879000042, 23.567218781000065 ], [ 32.652770996000072, 23.58499908400006 ], [ 32.652221680000025, 23.594165802000077 ], [ 32.662773132000041, 23.601387024000076 ], [ 32.672492981000062, 23.603332520000038 ], [ 32.683052063000048, 23.597774506000064 ], [ 32.688606262000064, 23.578330994000055 ], [ 32.698326111000029, 23.573329926000042 ], [ 32.719993591000048, 23.571109772000057 ], [ 32.739440918000071, 23.564441681000062 ], [ 32.740554810000049, 23.555553436000025 ], [ 32.730827332000047, 23.550277710000046 ], [ 32.721107483000026, 23.551666260000047 ], [ 32.711387634000062, 23.554721832000041 ], [ 32.701660156000059, 23.551940918000071 ], [ 32.698326111000029, 23.543052673000034 ], [ 32.688606262000064, 23.538608551000038 ], [ 32.678886414000033, 23.540832520000038 ], [ 32.669166565000069, 23.544998169000053 ], [ 32.659439087000067, 23.543888092000032 ], [ 32.639717102000077, 23.526943207000045 ], [ 32.629714966000051, 23.520832062000068 ], [ 32.61999511700003, 23.518329620000031 ], [ 32.589164734000065, 23.518054962000065 ], [ 32.578048706000061, 23.516941071000076 ], [ 32.567497253000056, 23.514163971000073 ], [ 32.55749511700003, 23.506942749000075 ], [ 32.567214966000051, 23.498607635000042 ], [ 32.586387634000062, 23.489166260000047 ], [ 32.591659546000074, 23.480274200000053 ], [ 32.601104736000025, 23.472499847000051 ], [ 32.610832214000027, 23.470275879000042 ], [ 32.629997253000056, 23.456386566000049 ], [ 32.639717102000077, 23.455554962000065 ], [ 32.650276184000063, 23.457221985000047 ], [ 32.661659241000052, 23.461387634000062 ], [ 32.69332885700004, 23.47721862800006 ], [ 32.713882446000071, 23.484443665000072 ], [ 32.717773437000062, 23.493331909000062 ], [ 32.718605042000036, 23.503608704000044 ], [ 32.721939087000067, 23.512496948000035 ], [ 32.729438782000045, 23.521385193000071 ], [ 32.739440918000071, 23.529441833000078 ], [ 32.749160767000035, 23.53138732900004 ], [ 32.75582885700004, 23.520832062000068 ], [ 32.765548706000061, 23.519443512000066 ], [ 32.775276184000063, 23.523887634000062 ], [ 32.781944275000058, 23.514999390000071 ], [ 32.787498474000074, 23.504444122000052 ], [ 32.813888550000058, 23.468330383000023 ], [ 32.824996948000035, 23.46888732900004 ], [ 32.827499390000071, 23.477775574000077 ], [ 32.83805084200003, 23.483886719000054 ], [ 32.848052979000045, 23.486385345000031 ], [ 32.867774963000045, 23.496387482000046 ], [ 32.877494812000066, 23.496109009000065 ], [ 32.878051758000026, 23.486663818000068 ], [ 32.876937866000048, 23.47749710100004 ], [ 32.881942749000075, 23.46860885600006 ], [ 32.883331299000076, 23.456108093000068 ], [ 32.865829468000072, 23.438053131000061 ], [ 32.86110687300004, 23.431110382000043 ], [ 32.856384277000075, 23.421665192000034 ], [ 32.842498779000039, 23.406665802000077 ], [ 32.832771301000037, 23.402221680000025 ], [ 32.825828552000075, 23.394721985000047 ], [ 32.821937561000027, 23.383888245000037 ], [ 32.83249664300007, 23.384998322000058 ], [ 32.852493286000026, 23.374996185000043 ], [ 32.870826721000071, 23.36360931400003 ], [ 32.893325806000064, 23.355831146000071 ], [ 32.899719238000046, 23.348609924000073 ], [ 32.901107788000047, 23.336940765000065 ], [ 32.907493591000048, 23.328609467000035 ], [ 32.911941528000057, 23.319721222000055 ], [ 32.911659241000052, 23.307220459000064 ], [ 32.90638732900004, 23.297775269000056 ], [ 32.899436951000041, 23.290275574000077 ], [ 32.890274048000038, 23.284999847000051 ], [ 32.882217407000041, 23.290554047000057 ], [ 32.881660461000024, 23.303054810000049 ], [ 32.878051758000026, 23.312774658000023 ], [ 32.872215271000073, 23.321109772000057 ], [ 32.864166260000047, 23.327499390000071 ], [ 32.855827332000047, 23.321941376000041 ], [ 32.850555420000035, 23.313888550000058 ], [ 32.839164734000065, 23.317497253000056 ], [ 32.829437256000062, 23.314720154000042 ], [ 32.826942444000053, 23.302497864000031 ], [ 32.839439392000031, 23.286663055000076 ], [ 32.843048096000075, 23.276107788000047 ], [ 32.839721680000025, 23.264442444000053 ], [ 32.831382751000035, 23.25916290300006 ], [ 32.82471466100003, 23.266941071000076 ], [ 32.82416534400005, 23.27916336100003 ], [ 32.819999695000035, 23.288887024000076 ], [ 32.811660767000035, 23.289165497000056 ], [ 32.80110931400003, 23.284999847000051 ], [ 32.795829773000037, 23.278331757000046 ], [ 32.796386719000054, 23.265830994000055 ], [ 32.790832520000038, 23.258331299000076 ], [ 32.782218933000024, 23.27027511600005 ], [ 32.770271301000037, 23.275276184000063 ], [ 32.758331299000076, 23.274719238000046 ], [ 32.753608704000044, 23.264720917000034 ], [ 32.749717712000063, 23.253608704000044 ], [ 32.748054504000038, 23.241943359000061 ], [ 32.74249267600004, 23.232498169000053 ], [ 32.734992981000062, 23.224998474000074 ], [ 32.725273132000041, 23.225276947000054 ], [ 32.71833038300008, 23.216388702000074 ], [ 32.721939087000067, 23.206665039000029 ], [ 32.727775574000077, 23.198329926000042 ], [ 32.724441528000057, 23.188053131000061 ], [ 32.701942444000053, 23.186386108000079 ], [ 32.694442749000075, 23.180274963000045 ], [ 32.697776794000049, 23.157497406000061 ], [ 32.695274353000059, 23.147220612000069 ], [ 32.686943054000039, 23.140552521000075 ], [ 32.691383362000067, 23.132221222000055 ], [ 32.696388245000037, 23.125274658000023 ], [ 32.701385498000036, 23.115554810000049 ], [ 32.697494507000044, 23.106666565000069 ], [ 32.689163208000025, 23.100830078000058 ], [ 32.687217712000063, 23.080829620000031 ], [ 32.673881531000063, 23.080276489000028 ], [ 32.659721375000061, 23.081943512000066 ], [ 32.659439087000067, 23.074443817000031 ], [ 32.680274963000045, 23.064998627000023 ], [ 32.678604126000039, 23.056110382000043 ], [ 32.66722106900005, 23.052776337000068 ], [ 32.655548096000075, 23.056663513000046 ], [ 32.642776489000028, 23.056663513000046 ], [ 32.641105652000078, 23.044998169000053 ], [ 32.651107788000047, 23.026943207000045 ], [ 32.645828247000054, 23.018886566000049 ], [ 32.631385803000057, 23.002498627000023 ], [ 32.626663208000025, 22.992496490000065 ], [ 32.638610840000069, 22.990276337000068 ], [ 32.642776489000028, 22.97972106900005 ], [ 32.635276794000049, 22.973052979000045 ], [ 32.624443054000039, 22.956665039000029 ], [ 32.616943359000061, 22.951385498000036 ], [ 32.61749267600004, 22.938888550000058 ], [ 32.611938477000024, 22.929996490000065 ], [ 32.605270386000029, 22.922496796000075 ], [ 32.596939087000067, 22.916664124000079 ], [ 32.586387634000062, 22.91749954200003 ], [ 32.573608398000033, 22.915554047000057 ], [ 32.564720154000042, 22.919166565000069 ], [ 32.556663513000046, 22.92610931400003 ], [ 32.547775269000056, 22.931663513000046 ], [ 32.547775269000056, 22.922222137000063 ], [ 32.552772522000055, 22.913887024000076 ], [ 32.55693817100007, 22.90416336100003 ], [ 32.562774658000023, 22.896385193000071 ], [ 32.57166290300006, 22.891666412000063 ], [ 32.568603516000053, 22.879997253000056 ], [ 32.563888550000058, 22.871109009000065 ], [ 32.566108704000044, 22.860553741000047 ], [ 32.56582641600005, 22.848888397000053 ], [ 32.562492371000076, 22.838886261000027 ], [ 32.563888550000058, 22.826942444000053 ], [ 32.563606262000064, 22.81527710000006 ], [ 32.567214966000051, 22.804996490000065 ], [ 32.564163208000025, 22.794719696000072 ], [ 32.563049316000047, 22.783607483000026 ], [ 32.554161072000056, 22.778331757000046 ], [ 32.550827026000036, 22.766666412000063 ], [ 32.541938782000045, 22.761943817000031 ], [ 32.529159546000074, 22.764999390000071 ], [ 32.518882751000035, 22.769443512000066 ], [ 32.514999390000071, 22.759719849000078 ], [ 32.502220154000042, 22.754997253000056 ], [ 32.490272522000055, 22.752498627000023 ], [ 32.472221375000061, 22.742496490000065 ], [ 32.451942444000053, 22.733886719000054 ], [ 32.437492371000076, 22.720275879000042 ], [ 32.427772522000055, 22.715553284000066 ], [ 32.419441223000035, 22.709720612000069 ], [ 32.414161682000042, 22.699996948000035 ], [ 32.410270691000051, 22.690551758000026 ], [ 32.403327942000033, 22.682220459000064 ], [ 32.396385193000071, 22.662498474000074 ], [ 32.391662598000039, 22.652221680000025 ], [ 32.386383057000046, 22.643329620000031 ], [ 32.378608704000044, 22.637218475000054 ], [ 32.371109009000065, 22.629997253000056 ], [ 32.362777710000046, 22.624443054000039 ], [ 32.324996948000035, 22.628330231000064 ], [ 32.311103821000074, 22.642498016000047 ], [ 32.309715271000073, 22.65416336100003 ], [ 32.311386108000079, 22.662220001000037 ], [ 32.30693817100007, 22.671943665000072 ], [ 32.298881531000063, 22.67833328200004 ], [ 32.286941528000057, 22.681941986000027 ], [ 32.280548096000075, 22.688888550000058 ], [ 32.287498474000074, 22.709442139000032 ], [ 32.28083038300008, 22.716388702000074 ], [ 32.271942139000032, 22.721942902000023 ], [ 32.264717102000077, 22.72972106900005 ], [ 32.256660461000024, 22.735275269000056 ], [ 32.253051758000026, 22.745552063000048 ], [ 32.254714966000051, 22.758609772000057 ], [ 32.250549316000047, 22.768329620000031 ], [ 32.243049622000058, 22.775276184000063 ], [ 32.234718323000038, 22.770553589000031 ], [ 32.228050232000044, 22.763885498000036 ], [ 32.215270996000072, 22.763885498000036 ], [ 32.204162598000039, 22.767498016000047 ], [ 32.189994812000066, 22.769165039000029 ], [ 32.178054810000049, 22.767219543000067 ], [ 32.167770386000029, 22.76999664300007 ], [ 32.169998169000053, 22.78110885600006 ], [ 32.169441223000035, 22.792774200000053 ], [ 32.166107178000061, 22.802497864000031 ], [ 32.159164429000043, 22.790832520000038 ], [ 32.157493591000048, 22.778610229000037 ], [ 32.149719238000046, 22.77027511600005 ], [ 32.137771606000058, 22.769721985000047 ], [ 32.124443054000039, 22.771942139000032 ], [ 32.115554810000049, 22.768054962000065 ], [ 32.110832214000027, 22.757774353000059 ], [ 32.102493286000026, 22.752498627000023 ], [ 32.090827942000033, 22.753330231000064 ], [ 32.081665039000029, 22.747776031000058 ], [ 32.073051453000062, 22.765830994000055 ], [ 32.063331604000041, 22.761943817000031 ], [ 32.061660767000035, 22.750274658000023 ], [ 32.061386108000079, 22.737220764000028 ], [ 32.052497864000031, 22.732498169000053 ], [ 32.044166565000069, 22.730552673000034 ], [ 32.032218933000024, 22.729164124000079 ], [ 32.019439697000053, 22.729442596000069 ], [ 32.000274658000023, 22.739166260000047 ], [ 31.991943359000061, 22.732498169000053 ], [ 31.998607635000042, 22.724720001000037 ], [ 31.997776031000058, 22.715274811000029 ], [ 31.99083328200004, 22.70777511600005 ], [ 31.981109619000051, 22.703052521000075 ], [ 31.973609924000073, 22.696388245000037 ], [ 31.974998474000074, 22.684444427000074 ], [ 31.96888732900004, 22.676940918000071 ], [ 31.960552216000053, 22.670276642000033 ], [ 31.952220917000034, 22.66499710100004 ], [ 31.929164886000024, 22.653610229000037 ], [ 31.900833130000024, 22.654441833000078 ], [ 31.887496948000035, 22.65610885600006 ], [ 31.875553131000061, 22.65416336100003 ], [ 31.876663208000025, 22.643886566000049 ], [ 31.884998322000058, 22.637496948000035 ], [ 31.892219543000067, 22.630554199000073 ], [ 31.886108398000033, 22.62221908600003 ], [ 31.863052368000069, 22.619163513000046 ], [ 31.854164124000079, 22.614440918000071 ], [ 31.846664429000043, 22.609722137000063 ], [ 31.840553284000066, 22.600830078000058 ], [ 31.835830688000044, 22.591388702000074 ], [ 31.837219238000046, 22.582221985000047 ], [ 31.846385956000063, 22.588333130000024 ], [ 31.85805511500007, 22.57166290300006 ], [ 31.857219696000072, 22.563610077000078 ], [ 31.846664429000043, 22.560276031000058 ], [ 31.84166336100003, 22.568607330000077 ], [ 31.833332062000068, 22.575553894000052 ], [ 31.823055267000029, 22.571388245000037 ], [ 31.800552368000069, 22.566387177000024 ], [ 31.78999710100004, 22.557498932000044 ], [ 31.778888702000074, 22.560276031000058 ], [ 31.773052216000053, 22.567775726000036 ], [ 31.77027511600005, 22.578887939000026 ], [ 31.766666412000063, 22.588607788000047 ], [ 31.757774353000059, 22.59360885600006 ], [ 31.745830536000028, 22.594997406000061 ], [ 31.724998474000074, 22.604164124000079 ], [ 31.708885193000071, 22.616107941000053 ], [ 31.697776794000049, 22.61333084100005 ], [ 31.688053131000061, 22.618888855000023 ], [ 31.682220459000064, 22.627220154000042 ], [ 31.679443359000061, 22.637496948000035 ], [ 31.673610687000064, 22.64527511600005 ], [ 31.663055420000035, 22.650276184000063 ], [ 31.672496796000075, 22.631385803000057 ], [ 31.662776947000054, 22.627498627000023 ], [ 31.649440765000065, 22.628330231000064 ], [ 31.649997711000026, 22.617221832000041 ], [ 31.653610229000037, 22.606941223000035 ], [ 31.659442902000023, 22.598609924000073 ], [ 31.666942596000069, 22.592498779000039 ], [ 31.673610687000064, 22.584163666000052 ], [ 31.677219391000051, 22.574443817000031 ], [ 31.684444427000074, 22.567497253000056 ], [ 31.694721222000055, 22.562496185000043 ], [ 31.702220917000034, 22.556388855000023 ], [ 31.708885193000071, 22.548610687000064 ], [ 31.717777252000076, 22.543052673000034 ], [ 31.728054047000057, 22.538887024000076 ], [ 31.738887787000067, 22.521663666000052 ], [ 31.749443054000039, 22.522220612000069 ], [ 31.760555267000029, 22.521385193000071 ], [ 31.764163971000073, 22.51166534400005 ], [ 31.774440765000065, 22.508052826000039 ], [ 31.785552979000045, 22.505275726000036 ], [ 31.791385651000041, 22.497497559000067 ], [ 31.804996490000065, 22.495277405000024 ], [ 31.813888550000058, 22.489719391000051 ], [ 31.818885803000057, 22.481388092000032 ], [ 31.808330536000028, 22.47749710100004 ], [ 31.799999237000065, 22.471942902000023 ], [ 31.79249954200003, 22.464721680000025 ], [ 31.782218933000024, 22.467498779000039 ], [ 31.776386261000027, 22.475830078000058 ], [ 31.77277755700004, 22.485553741000047 ], [ 31.764720917000034, 22.492496490000065 ], [ 31.751388550000058, 22.491107941000053 ], [ 31.746665955000026, 22.482219696000072 ], [ 31.751663208000025, 22.473331451000035 ], [ 31.759998322000058, 22.466941833000078 ], [ 31.756942749000075, 22.459442139000032 ], [ 31.744998932000044, 22.463054657000043 ], [ 31.731666565000069, 22.465274811000029 ], [ 31.732219696000072, 22.454998016000047 ], [ 31.735832214000027, 22.444442749000075 ], [ 31.731388092000032, 22.437221527000077 ], [ 31.719997406000061, 22.433887482000046 ], [ 31.710552216000053, 22.439441681000062 ], [ 31.701663971000073, 22.458053589000031 ], [ 31.693607330000077, 22.464164734000065 ], [ 31.681110382000043, 22.461666107000042 ], [ 31.674163818000068, 22.454719543000067 ], [ 31.678607941000053, 22.445831299000076 ], [ 31.679164886000024, 22.432777405000024 ], [ 31.681941986000027, 22.421665192000034 ], [ 31.690551758000026, 22.403053284000066 ], [ 31.683052063000048, 22.395553589000031 ], [ 31.671386719000054, 22.398609161000024 ], [ 31.660274506000064, 22.397220612000069 ], [ 31.650554657000043, 22.391941071000076 ], [ 31.64499664300007, 22.384998322000058 ], [ 31.65610885600006, 22.380832672000054 ], [ 31.650833130000024, 22.372497559000067 ], [ 31.643329620000031, 22.369998932000044 ], [ 31.635829926000042, 22.363052368000069 ], [ 31.629997253000056, 22.35499954200003 ], [ 31.615554810000049, 22.339996338000049 ], [ 31.603488922000054, 22.325237274000074 ], [ 31.586387634000062, 22.312774658000023 ], [ 31.575832367000032, 22.309444427000074 ], [ 31.566108704000044, 22.30333328200004 ], [ 31.559997559000067, 22.295829773000037 ], [ 31.544441223000035, 22.282775879000042 ], [ 31.539165497000056, 22.273330688000044 ], [ 31.532218933000024, 22.265830994000055 ], [ 31.523330688000044, 22.261108398000033 ], [ 31.514442444000053, 22.254997253000056 ], [ 31.506942749000075, 22.248332977000075 ], [ 31.497776031000058, 22.242774963000045 ], [ 31.48833084100005, 22.23860931400003 ], [ 31.480831146000071, 22.230552673000034 ], [ 31.468769073000033, 22.227670670000066 ], [ 31.45749664300007, 22.225830078000058 ], [ 31.451663971000073, 22.216941833000078 ], [ 31.441108704000044, 22.213607788000047 ], [ 31.433052063000048, 22.20749664300007 ], [ 31.426940918000071, 22.198608398000033 ], [ 31.41722106900005, 22.189163208000025 ], [ 31.413330078000058, 22.17833328200004 ], [ 31.407218933000024, 22.17055511500007 ], [ 31.399166107000042, 22.163055420000035 ], [ 31.394443512000066, 22.153610229000037 ], [ 31.390830994000055, 22.143329620000031 ], [ 31.380275726000036, 22.139163971000073 ], [ 31.355831146000071, 22.141666412000063 ], [ 31.355831146000071, 22.133331299000076 ], [ 31.361663818000068, 22.124996185000043 ], [ 31.365276337000068, 22.114719391000051 ], [ 31.362777710000046, 22.10221862800006 ], [ 31.357498169000053, 22.093330383000023 ], [ 31.358329773000037, 22.081665039000029 ], [ 31.356666565000069, 22.068607330000077 ], [ 31.351387024000076, 22.059165955000026 ], [ 31.345275879000042, 22.05083084100005 ], [ 31.342220306000058, 22.03999710100004 ], [ 31.344165802000077, 22.002220154000042 ], [ 31.34388732900004, 21.975830078000058 ], [ 31.342220306000058, 21.963607788000047 ], [ 31.337776184000063, 21.953330994000055 ], [ 31.317497253000056, 21.930831909000062 ], [ 31.318885803000057, 21.92055511500007 ], [ 31.315830231000064, 21.911663055000076 ], [ 31.304721832000041, 21.907497406000061 ], [ 31.30083084100005, 21.898052216000053 ], [ 31.294166565000069, 21.889720917000034 ], [ 31.286663055000076, 21.883052826000039 ], [ 31.277774811000029, 21.878330231000064 ], [ 31.267498016000047, 21.874996185000043 ], [ 31.260555267000029, 21.866664886000024 ], [ 31.253051758000026, 21.859996796000075 ], [ 31.241943359000061, 21.857219696000072 ], [ 31.234443665000072, 21.849720001000037 ], [ 31.230552673000034, 21.826942444000053 ], [ 31.226108551000038, 21.816665649000072 ], [ 31.218051910000042, 21.811386108000022 ], [ 31.206108093000068, 21.811386108000022 ], [ 31.189163208000025, 21.820552826000039 ], [ 31.190551758000026, 21.811386108000022 ], [ 31.194999695000035, 21.801940918000071 ], [ 31.188888550000058, 21.793052673000034 ], [ 31.179996490000065, 21.788330078000058 ], [ 31.173332214000027, 21.779998779000039 ], [ 31.172496796000075, 21.766941071000076 ], [ 31.173885345000031, 21.755275726000036 ], [ 31.179721832000041, 21.747776031000058 ], [ 31.183887482000046, 21.738052368000069 ], [ 31.182498932000044, 21.724998474000074 ], [ 31.178607941000053, 21.713886261000027 ], [ 31.173885345000031, 21.67610931400003 ], [ 31.173885345000031, 21.665832520000038 ], [ 31.164165497000056, 21.662498474000074 ], [ 31.153888702000074, 21.661941528000057 ], [ 31.132221222000055, 21.658607483000026 ], [ 31.122497559000067, 21.652496338000049 ], [ 31.113052368000069, 21.64499664300007 ], [ 31.103885651000041, 21.635555267000029 ], [ 31.094997406000061, 21.617496490000065 ], [ 31.091945648000035, 21.606769562000068 ] ], [ [ 30.320922852000024, 20.646389008000028 ], [ 30.323329926000042, 20.653331757000046 ], [ 30.324718475000054, 20.666110992000029 ], [ 30.316665649000072, 20.685554504000038 ], [ 30.313610077000078, 20.696109772000057 ], [ 30.312221527000077, 20.701385498000036 ], [ 30.311943054000039, 20.70777511600005 ], [ 30.309444427000074, 20.71860885600006 ], [ 30.308887482000046, 20.724998474000074 ], [ 30.311107635000042, 20.737220764000028 ], [ 30.31499862700008, 20.74721908600003 ], [ 30.329166412000063, 20.767219543000067 ], [ 30.333053589000031, 20.770553589000031 ], [ 30.336116791000052, 20.776065826000035 ] ], [ [ 30.440761566000049, 19.924633026000038 ], [ 30.432777405000024, 19.92583084100005 ], [ 30.42833328200004, 19.928886414000033 ], [ 30.409164429000043, 19.938331604000041 ], [ 30.403610229000037, 19.939998627000023 ], [ 30.390552521000075, 19.941944122000052 ], [ 30.36360931400003, 19.940830231000064 ], [ 30.357776642000033, 19.939720154000042 ], [ 30.347499847000051, 19.936107635000042 ], [ 30.335830688000044, 19.933887482000046 ], [ 30.330554962000065, 19.931941986000027 ], [ 30.325553894000052, 19.931663513000046 ], [ 30.314441681000062, 19.928607941000053 ], [ 30.306110382000043, 19.921943665000072 ], [ 30.303607941000053, 19.91722106900005 ], [ 30.304164886000024, 19.911109924000073 ], [ 30.308052063000048, 19.901386261000027 ], [ 30.318885803000057, 19.884719849000078 ], [ 30.322574615000065, 19.874481201000037 ] ], [ [ 30.379440308000028, 19.712219238000046 ], [ 30.375274658000023, 19.700832367000032 ], [ 30.368888855000023, 19.671665192000034 ], [ 30.368053436000025, 19.652774811000029 ], [ 30.369163513000046, 19.640274048000038 ], [ 30.380554199000073, 19.604442596000069 ], [ 30.38416290300006, 19.588054657000043 ], [ 30.389999390000071, 19.573329926000042 ], [ 30.396110535000048, 19.565551758000026 ], [ 30.404441833000078, 19.55971908600003 ], [ 30.402591705000077, 19.57069778400006 ], [ 30.39499664300007, 19.586940765000065 ], [ 30.393608093000068, 19.598609924000073 ], [ 30.393608093000068, 19.611663818000068 ], [ 30.396663666000052, 19.651386261000027 ], [ 30.396663666000052, 19.663887024000076 ], [ 30.39527511600005, 19.67610931400003 ], [ 30.388885498000036, 19.69666290300006 ], [ 30.383052826000039, 19.704998016000047 ], [ 30.379440308000028, 19.712219238000046 ], [ 30.374164581000059, 19.723609924000073 ], [ 30.373523712000065, 19.727172852000024 ] ], [ [ 30.402591705000077, 19.57069778400006 ], [ 30.403888702000074, 19.567775726000036 ], [ 30.416110992000029, 19.551666260000047 ], [ 30.425552368000069, 19.546943665000072 ], [ 30.433609009000065, 19.541385651000041 ], [ 30.43999862700008, 19.533332825000059 ], [ 30.463333130000024, 19.487777710000046 ], [ 30.466110229000037, 19.47749710100004 ], [ 30.470554352000079, 19.467777252000076 ], [ 30.472774506000064, 19.456943512000066 ], [ 30.473331451000035, 19.444442749000075 ], [ 30.472499847000051, 19.430831909000062 ], [ 30.475276947000054, 19.406665802000077 ], [ 30.478332520000038, 19.395832062000068 ], [ 30.483329773000037, 19.386943817000031 ], [ 30.487499237000065, 19.364719391000051 ], [ 30.486942291000048, 19.351943970000036 ], [ 30.484722137000063, 19.339996338000049 ], [ 30.480831146000071, 19.329166412000063 ], [ 30.480831146000071, 19.31527710000006 ], [ 30.479442596000069, 19.302497864000031 ], [ 30.46833038300008, 19.270832062000068 ], [ 30.471942902000023, 19.260555267000029 ], [ 30.477775574000077, 19.253051758000026 ], [ 30.487777710000046, 19.235832214000027 ], [ 30.49083328200004, 19.224720001000037 ], [ 30.489166260000047, 19.213054657000043 ], [ 30.485553741000047, 19.202220917000034 ], [ 30.471664429000043, 19.224163055000076 ], [ 30.465831757000046, 19.238887787000067 ], [ 30.464721680000025, 19.244163513000046 ], [ 30.463886261000027, 19.256664276000038 ], [ 30.46027755700004, 19.273052216000053 ], [ 30.456943512000066, 19.296386719000054 ], [ 30.456665039000029, 19.322219849000078 ], [ 30.458885193000071, 19.334442139000032 ], [ 30.459442139000032, 19.348052979000045 ], [ 30.454719543000067, 19.370277405000024 ], [ 30.449443817000031, 19.385555267000029 ], [ 30.447219849000078, 19.396385193000071 ], [ 30.448329926000042, 19.423610687000064 ], [ 30.44666290300006, 19.435276031000058 ], [ 30.444721222000055, 19.44027710000006 ], [ 30.441944122000052, 19.444442749000075 ], [ 30.431663513000046, 19.454998016000047 ], [ 30.423885345000031, 19.461387634000062 ], [ 30.418609619000051, 19.469718933000024 ], [ 30.416664124000079, 19.474720001000037 ], [ 30.411388397000053, 19.50277710000006 ], [ 30.40638732900004, 19.55083084100005 ], [ 30.404441833000078, 19.55971908600003 ] ], [ [ 30.630050817062322, 31.134847478279532 ], [ 30.630818265677664, 31.13139395951049 ], [ 30.63250665263142, 31.126635778095363 ], [ 30.635576447092792, 31.119191526526532 ], [ 30.638569496692632, 31.114510089972939 ], [ 30.644018381861567, 31.111517040373101 ], [ 30.648052216000053, 31.110275269000056 ], [ 30.656604539153193, 31.105530941173427 ], [ 30.665909264861572, 31.103348436969302 ], [ 30.658906884999226, 31.108370501050196 ], [ 30.652690551214945, 31.114740324557541 ], [ 30.639797414477179, 31.127096247264568 ], [ 30.630050817062322, 31.134847478279532 ], [ 30.626904277739417, 31.137533548433233 ], [ 30.623607635000042, 31.142498016000047 ], [ 30.618053436000025, 31.148887634000062 ], [ 30.616386414000033, 31.156665802000077 ], [ 30.611663818000068, 31.166385651000041 ], [ 30.608608246000074, 31.17055511500007 ], [ 30.606109619000051, 31.172775269000056 ], [ 30.601108551000038, 31.175277710000046 ], [ 30.59305979380278, 31.179129263384834 ], [ 30.585615542233953, 31.183810699938427 ], [ 30.573873578419196, 31.195245684307039 ], [ 30.567427010050316, 31.199850375999098 ], [ 30.559906013619951, 31.202152721845128 ], [ 30.555301321927892, 31.201231783506714 ], [ 30.550696630235834, 31.19616662264545 ], [ 30.545276642000033, 31.191108704000044 ], [ 30.541664124000079, 31.189441681000062 ], [ 30.536882555159657, 31.190180523445775 ], [ 30.533505781252149, 31.191254951507254 ], [ 30.528440620390885, 31.193710787076352 ], [ 30.521517318769366, 31.201446325892306 ], [ 30.520152175345178, 31.208752779937079 ], [ 30.524296397868032, 31.217041224982783 ], [ 30.525833130000024, 31.221385956000063 ], [ 30.524142908144963, 31.227325036428383 ], [ 30.519538216452904, 31.228859933659066 ], [ 30.510482322791855, 31.227018056982246 ], [ 30.503608704000044, 31.22999954200003 ], [ 30.499443054000039, 31.231109619000051 ], [ 30.496109009000065, 31.234996796000075 ], [ 30.495552063000048, 31.236942291000048 ], [ 30.496944427000074, 31.242774963000045 ], [ 30.500553131000061, 31.251110077000078 ], [ 30.507221222000055, 31.26138687100007 ], [ 30.515274048000038, 31.270832062000068 ], [ 30.52027511600005, 31.282497406000061 ], [ 30.521110535000048, 31.293331146000071 ], [ 30.518886566000049, 31.304996490000065 ], [ 30.519443512000066, 31.313331604000041 ], [ 30.520832062000068, 31.319164276000038 ], [ 30.51999664300007, 31.323055267000029 ], [ 30.512218475000054, 31.332221985000047 ], [ 30.501388550000058, 31.341388702000074 ], [ 30.491943359000061, 31.347221375000061 ], [ 30.484312325008666, 31.34781446903725 ], [ 30.480551826793484, 31.348274938206455 ], [ 30.476943970000036, 31.346942902000023 ], [ 30.473875023839998, 31.344898164298947 ], [ 30.470651739655558, 31.340984176360696 ], [ 30.468349393809529, 31.339142299683871 ], [ 30.466661006855773, 31.337223678145513 ], [ 30.464443207000045, 31.334720612000069 ], [ 30.462977253502125, 31.334460863130278 ], [ 30.460828397379167, 31.335381801468692 ], [ 30.458157207323236, 31.339075399661635 ], [ 30.449822094323249, 31.368242574661632 ], [ 30.449443817000031, 31.373886108000079 ], [ 30.443607330000077, 31.378051758000026 ], [ 30.434658399595964, 31.375596108912678 ], [ 30.425909485381052, 31.375596108912678 ], [ 30.42161177313513, 31.378205434204844 ], [ 30.420780169135089, 31.379593984204845 ], [ 30.424221098427296, 31.387414817588962 ], [ 30.424835057319569, 31.390638101773401 ], [ 30.427986839615393, 31.399487371430947 ], [ 30.429100730615382, 31.412541265430942 ], [ 30.428902534980896, 31.424098861402367 ], [ 30.425295526488782, 31.433308244786485 ], [ 30.419846641319847, 31.43821991592468 ], [ 30.414167521566306, 31.440215282324573 ], [ 30.40779769805896, 31.441366455247586 ], [ 30.401888343720817, 31.442287393586 ], [ 30.396516203413416, 31.442594373032136 ], [ 30.391374297690614, 31.441826924416794 ], [ 30.386078902244748, 31.443054842201342 ], [ 30.37771371233751, 31.450345604047101 ], [ 30.36420661670747, 31.467996922199994 ] ], [ [ 30.736110687000064, 28.281036377000078 ], [ 30.734996796000075, 28.265274048000038 ], [ 30.735553741000047, 28.261108398000033 ], [ 30.739440918000071, 28.248886108000079 ], [ 30.745819092000033, 28.233940125000061 ], [ 30.746944427000074, 28.254718781000065 ], [ 30.746665955000026, 28.263610840000069 ], [ 30.744163513000046, 28.27027511600005 ], [ 30.736110687000064, 28.281036377000078 ], [ 30.735832214000027, 28.286941528000057 ], [ 30.735275269000056, 28.296108246000074 ], [ 30.736110687000064, 28.309444427000074 ], [ 30.739166260000047, 28.316108704000044 ], [ 30.744720459000064, 28.322498322000058 ], [ 30.746387482000046, 28.323329926000042 ], [ 30.751941681000062, 28.330829620000031 ], [ 30.754165649000072, 28.338054657000043 ], [ 30.754718781000065, 28.349163055000076 ], [ 30.759441376000041, 28.361110687000064 ], [ 30.780087021361798, 28.380167418366902 ], [ 30.798505788130033, 28.393367534550805 ], [ 30.81354778099076, 28.405186243227089 ], [ 30.820915287698053, 28.411018852703695 ], [ 30.830738629974444, 28.420995684703158 ], [ 30.834575873051161, 28.427595742795109 ], [ 30.841789890035386, 28.438186533686842 ], [ 30.84758412708123, 28.459675094916449 ], [ 30.84758412708123, 28.466428642731469 ], [ 30.846970168188957, 28.470726354977391 ], [ 30.837799157235608, 28.481662497746029 ], [ 30.836532867020289, 28.484233450607427 ], [ 30.826170678728662, 28.495605911575897 ], [ 30.823946709728663, 28.49866148457588 ], [ 30.820876915267288, 28.511554621313643 ], [ 30.821797853605702, 28.521070984143897 ], [ 30.827323483636171, 28.530280367528015 ], [ 30.835304949235741, 28.549620072634664 ], [ 30.845128291512129, 28.59167625675547 ], [ 30.84697016818895, 28.610095023523705 ], [ 30.841981752189231, 28.623985843461412 ], [ 30.840677089543149, 28.630509156691829 ], [ 30.841981752189231, 28.635497572691559 ], [ 30.847123657912032, 28.640485988691289 ], [ 30.852188818773296, 28.644246486906471 ], [ 30.858481897419107, 28.648927923460064 ], [ 30.864166260000047, 28.657497406000061 ], [ 30.871221544433805, 28.662665253674703 ], [ 30.873830869725982, 28.670454857120458 ], [ 30.874675063202847, 28.676249094166277 ], [ 30.881812335325552, 28.683194504135152 ], [ 30.884037936310033, 28.686456160750343 ], [ 30.885265854094584, 28.69037014868859 ], [ 30.887184475632953, 28.699464414780426 ], [ 30.893477554278768, 28.710976144010573 ], [ 30.89424500289411, 28.722334383517651 ], [ 30.885956557848406, 28.718957609610143 ], [ 30.878282071694972, 28.717729691825593 ], [ 30.874176221602887, 28.716271539456443 ], [ 30.872295972495294, 28.713930821179645 ], [ 30.87221922763376, 28.711398240749013 ], [ 30.871835503326089, 28.706908666349257 ], [ 30.87172038603379, 28.703685382164814 ], [ 30.873178538402943, 28.699349297488119 ], [ 30.874751808064396, 28.69485972308836 ], [ 30.875058787510532, 28.690139914104002 ], [ 30.874137849172108, 28.682772407396694 ], [ 30.874675063202847, 28.676249094166277 ] ], [ [ 30.777707930654294, 30.727907849993841 ], [ 30.770493913670069, 30.727140401378499 ], [ 30.765812477116476, 30.726065973317016 ], [ 30.763817110716584, 30.724684565809401 ], [ 30.762128723762832, 30.721461281624958 ], [ 30.761821744316695, 30.716472865625228 ], [ 30.762218475000054, 30.717777252000076 ], [ 30.761975234039763, 30.716242631040625 ], [ 30.774100922162184, 30.705268115841218 ], [ 30.768728781854779, 30.71133095990243 ], [ 30.761975234039763, 30.716472865625228 ], [ 30.762742682655105, 30.723303158301782 ], [ 30.763150556463344, 30.723803366680791 ], [ 30.770417168808535, 30.725528759286277 ], [ 30.777707930654294, 30.727907849993841 ], [ 30.785274506000064, 30.731388092000032 ], [ 30.791982474899676, 30.735966060454942 ], [ 30.795666228253321, 30.742412628823825 ], [ 30.79704763576094, 30.747784769131226 ], [ 30.794166565000069, 30.755275726000036 ], [ 30.78999710100004, 30.760555267000029 ], [ 30.786388397000053, 30.762218475000054 ], [ 30.781391684007939, 30.763747700330363 ], [ 30.776480012869744, 30.763133741438089 ], [ 30.772022247000052, 30.759510040000066 ], [ 30.765121773362665, 30.757915090853757 ], [ 30.760517081670606, 30.758222070299894 ], [ 30.756385803000057, 30.763332367000032 ], [ 30.754444122000052, 30.766109467000035 ], [ 30.753608704000044, 30.76999664300007 ], [ 30.755832672000054, 30.777221680000025 ], [ 30.770800893116206, 30.789226994359755 ], [ 30.777554440931219, 30.794752624390227 ], [ 30.782773091515551, 30.798589867466944 ], [ 30.790140598222852, 30.805266670420426 ], [ 30.798582532991624, 30.810178341558622 ], [ 30.807561681791139, 30.813785350050736 ], [ 30.811015200560185, 30.817238868819782 ], [ 30.811322180006322, 30.820462153004222 ], [ 30.810938455698651, 30.822073795096443 ], [ 30.80878959957569, 30.824836610111678 ], [ 30.805950039698921, 30.826524997065434 ], [ 30.80149883772993, 30.828213384019186 ], [ 30.796970890899406, 30.828827342911463 ], [ 30.790554047000057, 30.828609467000035 ], [ 30.782926581238637, 30.825412196573183 ], [ 30.775597446962109, 30.820040056265782 ], [ 30.769534602900897, 30.817814455281287 ], [ 30.763970600439663, 30.81927260765044 ], [ 30.762435703208975, 30.822802871281016 ], [ 30.764999390000071, 30.827499390000071 ], [ 30.766503180870295, 30.828904087772994 ], [ 30.772028810900764, 30.831743647649766 ], [ 30.778331757000046, 30.834442139000032 ], [ 30.784721375000061, 30.838054657000043 ], [ 30.790554047000057, 30.844444275000058 ], [ 30.793609619000051, 30.850830078000058 ], [ 30.794441223000035, 30.857219696000072 ], [ 30.793052673000034, 30.863052368000069 ], [ 30.791664124000079, 30.866386414000033 ], [ 30.785612651392345, 30.87230330697065 ], [ 30.780931214838752, 30.874490535524377 ], [ 30.776556757731296, 30.875411473862791 ], [ 30.768076450531755, 30.876946371093474 ], [ 30.762167096193615, 30.878519640754924 ], [ 30.75763914936309, 30.880515007154816 ], [ 30.755336803517061, 30.883277822170051 ], [ 30.754718781000065, 30.88638687100007 ], [ 30.75916290300006, 30.894165039000029 ], [ 30.768329620000031, 30.904441833000078 ], [ 30.777285833915876, 30.911596676076215 ], [ 30.78138732900004, 30.920829773000037 ], [ 30.783885956000063, 30.924999237000065 ], [ 30.784721375000061, 30.928886414000033 ], [ 30.783885956000063, 30.934997559000067 ], [ 30.779818414346508, 30.939992274843913 ], [ 30.774753253485244, 30.94382951792063 ], [ 30.767155512193348, 30.947436526412744 ], [ 30.76166534400005, 30.952499390000071 ], [ 30.75249862700008, 30.958332062000068 ], [ 30.746664634163697, 30.968080894165467 ], [ 30.746664634163697, 30.971380923211445 ], [ 30.747585572502107, 30.973376289611338 ], [ 30.752343753917234, 30.975832125180435 ], [ 30.757221222000055, 30.978885651000041 ], [ 30.759441376000041, 30.981666565000069 ], [ 30.760276794000049, 30.989997864000031 ], [ 30.758052826000039, 30.995277405000024 ], [ 30.75671821102469, 30.998702093917661 ], [ 30.751390181984551, 31.004836621784591 ], [ 30.742213432194717, 31.009139395086326 ], [ 30.731162172133775, 31.012285934409231 ], [ 30.723794665426482, 31.016737136378222 ], [ 30.720275879000042, 31.01999664300007 ], [ 30.719165802000077, 31.023887634000062 ], [ 30.721108595272781, 31.030320976869795 ], [ 30.724163055000076, 31.03999710100004 ], [ 30.724998474000074, 31.053054810000049 ], [ 30.724163055000076, 31.059444427000074 ], [ 30.724753976195665, 31.063474757052624 ], [ 30.722298140626567, 31.067849214160081 ], [ 30.719228346165195, 31.071302732929123 ], [ 30.709442139000032, 31.078609467000035 ], [ 30.692521134351253, 31.089184285666619 ], [ 30.688990870720676, 31.090872672620375 ], [ 30.677776337000068, 31.099163055000076 ], [ 30.665909264861572, 31.103348436969302 ] ], [ [ 30.841110229000037, 30.470275879000042 ], [ 30.834652617912745, 30.486238281022292 ], [ 30.832273527205182, 30.494987195237201 ], [ 30.830546767820657, 30.497980244837041 ], [ 30.829587457051478, 30.50250819166757 ], [ 30.83212003748211, 30.506575669328889 ], [ 30.835266576805019, 30.512331533943961 ], [ 30.835420066528087, 30.515017604097661 ], [ 30.837338688066446, 30.518317633143639 ], [ 30.840638717112419, 30.521157193020407 ], [ 30.844092235881465, 30.523229304281834 ], [ 30.848236458404315, 30.533282881142828 ], [ 30.851665497000056, 30.538330078000058 ], [ 30.848888397000053, 30.543609619000051 ], [ 30.844444275000058, 30.546108246000074 ], [ 30.840485227389351, 30.545101589819108 ], [ 30.831736313174439, 30.542338774803873 ], [ 30.822296695205718, 30.542338774803873 ], [ 30.816847810036784, 30.544794610372971 ], [ 30.814315229606152, 30.549706281511167 ], [ 30.813164056683135, 30.555001676957033 ], [ 30.813164056683135, 30.559606368649092 ], [ 30.81538965766763, 30.563673846310412 ], [ 30.818229217544403, 30.566359916464112 ], [ 30.82166290300006, 30.568607330000077 ], [ 30.827361856066993, 30.574187892340611 ], [ 30.833117720682065, 30.577411176525054 ], [ 30.836034025420371, 30.580634460709494 ], [ 30.836494494589576, 30.583013551417057 ], [ 30.836110770281906, 30.585315897263087 ], [ 30.833731679574342, 30.5862368356015 ], [ 30.831386566000049, 30.585552216000053 ], [ 30.826878288615411, 30.584142301046292 ], [ 30.816310596006051, 30.584932172955416 ], [ 30.810938455698651, 30.592222934801175 ], [ 30.80618027428352, 30.598055544277784 ], [ 30.805182591083575, 30.600741614431485 ], [ 30.804415142468233, 30.604809092092804 ], [ 30.804108163022097, 30.611792874492426 ], [ 30.799887195637709, 30.619927829815062 ], [ 30.799426726468504, 30.624148797199449 ], [ 30.796817401176337, 30.627372081383889 ], [ 30.794525110353955, 30.63211760267686 ], [ 30.792774200000053, 30.636943817000031 ], [ 30.791291771145868, 30.65331184458249 ], [ 30.7938243515765, 30.658914219474493 ], [ 30.796943665000072, 30.663330078000058 ], [ 30.799426726468507, 30.666358471043321 ], [ 30.799867111230714, 30.670264052523198 ], [ 30.804798866775908, 30.680633015288706 ], [ 30.799733705914644, 30.686849349072983 ], [ 30.79555511500007, 30.689163208000025 ], [ 30.79249954200003, 30.693607330000077 ], [ 30.786226610284604, 30.697977353995459 ], [ 30.781545173731011, 30.698975037195407 ], [ 30.774100922162184, 30.705268115841218 ] ], [ [ 30.856179551573117, 30.395717716842565 ], [ 30.868919198587804, 30.393338626134994 ], [ 30.871068054710765, 30.387045547489183 ], [ 30.873063421110658, 30.382824580104796 ], [ 30.876363450156632, 30.377222205212792 ], [ 30.876900664187374, 30.373691941582212 ], [ 30.874598318341345, 30.371005871428512 ], [ 30.866386618157172, 30.368319801274811 ], [ 30.859556325480618, 30.368396546136346 ], [ 30.851651604742585, 30.36793607696714 ], [ 30.859786560065221, 30.367782587244069 ], [ 30.865312190095693, 30.368319801274811 ], [ 30.87060758554156, 30.369777953643961 ], [ 30.874675063202879, 30.37115936115158 ], [ 30.876670429602772, 30.372540768659196 ], [ 30.876977409048909, 30.375303583674434 ], [ 30.875442511818221, 30.380368744535698 ], [ 30.872602951941452, 30.384589711920086 ], [ 30.870914564987697, 30.390192086812089 ], [ 30.868612219141667, 30.393799095304203 ], [ 30.862472630218921, 30.394489799058011 ], [ 30.856179551573117, 30.395717716842565 ], [ 30.850500431819576, 30.398020062688595 ], [ 30.846663188742859, 30.399554959919278 ], [ 30.841751517604663, 30.401857305765308 ], [ 30.83760729508181, 30.405694548842025 ], [ 30.837453805358741, 30.413829504164664 ], [ 30.839449171758634, 30.418127216410586 ], [ 30.84021662037398, 30.423652846441055 ], [ 30.839832896066316, 30.433629678440525 ], [ 30.840370110097048, 30.447597243239763 ], [ 30.840677089543185, 30.452662404101027 ], [ 30.843209669973824, 30.463099705269698 ], [ 30.841388702000074, 30.469165802000077 ], [ 30.842749200804619, 30.458878737885314 ], [ 30.841367793297003, 30.453660087300978 ], [ 30.840753834404726, 30.448594926439714 ], [ 30.839832896066316, 30.433629678440525 ] ], [ [ 30.856109619000051, 27.928886414000033 ], [ 30.847774506000064, 27.922775269000056 ], [ 30.833610535000048, 27.91499710100004 ], [ 30.823329926000042, 27.908054352000079 ], [ 30.813888550000058, 27.900276184000063 ], [ 30.80971908600003, 27.89499664300007 ], [ 30.808330536000028, 27.891387939000026 ], [ 30.808330536000028, 27.889163971000073 ], [ 30.80971908600003, 27.883609772000057 ], [ 30.821388245000037, 27.859722137000063 ], [ 30.82166290300006, 27.853332520000038 ], [ 30.820552826000039, 27.847499847000051 ], [ 30.814163208000025, 27.829998016000047 ], [ 30.815830231000064, 27.822498322000058 ], [ 30.818332672000054, 27.817775726000036 ], [ 30.824996948000035, 27.80971908600003 ], [ 30.831108093000068, 27.806110382000043 ], [ 30.84333038300008, 27.802776337000068 ], [ 30.868053436000025, 27.799442291000048 ], [ 30.873332977000075, 27.797222137000063 ], [ 30.87749862700008, 27.793888092000032 ], [ 30.879444122000052, 27.788887024000076 ], [ 30.878887177000024, 27.784721375000061 ], [ 30.871387482000046, 27.770553589000031 ], [ 30.864997864000031, 27.755554199000073 ], [ 30.860832214000027, 27.73833084100005 ], [ 30.860832214000027, 27.734443665000072 ], [ 30.861110687000064, 27.730274200000053 ], [ 30.863052368000069, 27.723052979000045 ], [ 30.869720459000064, 27.706108093000068 ], [ 30.880275726000036, 27.683052063000048 ], [ 30.882221222000055, 27.671386719000054 ], [ 30.882221222000055, 27.66471862800006 ], [ 30.880554199000073, 27.659164429000043 ], [ 30.876663208000025, 27.653331757000046 ], [ 30.857219696000072, 27.639163971000073 ], [ 30.851665497000056, 27.632774353000059 ], [ 30.848888397000053, 27.628330231000064 ], [ 30.846107483000026, 27.616664886000024 ], [ 30.846107483000026, 27.603610992000029 ], [ 30.844165802000077, 27.588886261000027 ], [ 30.839721680000025, 27.581386566000049 ], [ 30.831665039000029, 27.574718475000054 ], [ 30.829719543000067, 27.571941376000041 ], [ 30.827774048000038, 27.564720154000042 ], [ 30.829441071000076, 27.550277710000046 ], [ 30.831108093000068, 27.547222137000063 ], [ 30.838333130000024, 27.53999710100004 ], [ 30.842498779000039, 27.534442902000023 ], [ 30.847221375000061, 27.523052216000053 ], [ 30.85805511500007, 27.511943817000031 ], [ 30.860553741000047, 27.507221222000055 ], [ 30.864364624000075, 27.494873047000056 ], [ 30.864719391000051, 27.500553131000061 ], [ 30.863887787000067, 27.508888245000037 ], [ 30.861110687000064, 27.515552521000075 ], [ 30.855831146000071, 27.522220612000069 ], [ 30.853054047000057, 27.528888702000074 ], [ 30.852775574000077, 27.548332214000027 ], [ 30.849441528000057, 27.574718475000054 ], [ 30.849720001000037, 27.583332062000068 ], [ 30.856109619000051, 27.596107483000026 ], [ 30.863887787000067, 27.607776642000033 ], [ 30.868053436000025, 27.626110077000078 ], [ 30.876663208000025, 27.646110535000048 ], [ 30.880832672000054, 27.651386261000027 ], [ 30.893329620000031, 27.663608551000038 ], [ 30.895553589000031, 27.670829773000037 ], [ 30.895553589000031, 27.675277710000046 ], [ 30.893054962000065, 27.688888550000058 ], [ 30.888885498000036, 27.69888687100007 ], [ 30.886108398000033, 27.70999908400006 ], [ 30.885555267000029, 27.714164734000065 ], [ 30.886943817000031, 27.722221375000061 ], [ 30.883052826000039, 27.744163513000046 ], [ 30.88416290300006, 27.753887177000024 ], [ 30.887775421000072, 27.762218475000054 ], [ 30.892498016000047, 27.776664734000065 ], [ 30.891666412000063, 27.784442902000023 ], [ 30.887218475000054, 27.794166565000069 ], [ 30.884998322000058, 27.796665192000034 ], [ 30.878330231000064, 27.802219391000051 ], [ 30.867496490000065, 27.808609009000065 ], [ 30.861385345000031, 27.814720154000042 ], [ 30.858608246000074, 27.819164276000038 ], [ 30.856109619000051, 27.825832367000032 ], [ 30.840831757000046, 27.846385956000063 ], [ 30.836387634000062, 27.856388092000032 ], [ 30.834720612000069, 27.863887787000067 ], [ 30.83499908400006, 27.874996185000043 ], [ 30.838054657000043, 27.887496948000035 ], [ 30.844165802000077, 27.902774811000029 ], [ 30.845554352000079, 27.908332825000059 ], [ 30.856109619000051, 27.928886414000033 ], [ 30.859722137000063, 27.937221527000077 ], [ 30.860553741000047, 27.943607330000077 ], [ 30.853610992000029, 27.969165802000077 ], [ 30.850276947000054, 27.97749710100004 ], [ 30.844444275000058, 28.0 ], [ 30.841941833000078, 28.006664276000038 ], [ 30.837219238000046, 28.031665802000077 ], [ 30.833332062000068, 28.03971862800006 ], [ 30.824718475000054, 28.050552368000069 ], [ 30.817218781000065, 28.057498932000044 ], [ 30.803886414000033, 28.068607330000077 ], [ 30.787220001000037, 28.079166412000063 ], [ 30.766109467000035, 28.097221375000061 ], [ 30.76138687100007, 28.10221862800006 ], [ 30.753051758000026, 28.11333084100005 ], [ 30.748886108000079, 28.120830536000028 ], [ 30.742496490000065, 28.144721985000047 ], [ 30.741664886000024, 28.150554657000043 ], [ 30.741664886000024, 28.172222137000063 ], [ 30.745552063000048, 28.187221527000077 ], [ 30.750274658000023, 28.197219849000078 ], [ 30.75249862700008, 28.199718475000054 ], [ 30.754718781000065, 28.204441071000076 ], [ 30.755554199000073, 28.210552216000053 ], [ 30.745819092000033, 28.233940125000061 ] ], [ [ 30.89424500289411, 28.722334383517651 ], [ 30.900554657000043, 28.747776031000058 ], [ 30.911663055000076, 28.776943207000045 ], [ 30.912776947000054, 28.782775879000042 ], [ 30.912776947000054, 28.789443970000036 ], [ 30.911109924000073, 28.794719696000072 ], [ 30.908826526585635, 28.804297895636296 ], [ 30.908519547139498, 28.813200299574277 ], [ 30.908980016308703, 28.818418950158609 ], [ 30.919166565000069, 28.836666107000042 ], [ 30.922333622215675, 28.848349446156991 ], [ 30.92402200916943, 28.85295413784905 ], [ 30.925863885846255, 28.85648440147963 ], [ 30.932617433661271, 28.864619356802269 ], [ 30.939217491753222, 28.869838007386601 ], [ 30.943054734829939, 28.876284575755484 ], [ 30.94666290300006, 28.879444122000052 ], [ 30.957482768798389, 28.893168445293032 ], [ 30.947352447075861, 28.891019589170071 ], [ 30.941366347876183, 28.888717243324042 ], [ 30.932924413107411, 28.884266041355051 ], [ 30.9295476391999, 28.882424164678227 ], [ 30.927091803630802, 28.87797296270924 ], [ 30.925249926953978, 28.873061291571041 ], [ 30.925277710000046, 28.866664886000024 ], [ 30.925863885846255, 28.85648440147963 ] ], [ [ 30.892177582000045, 27.411212921000072 ], [ 30.891666412000063, 27.410552979000045 ], [ 30.89777755700004, 27.393329620000031 ], [ 30.900554657000043, 27.388885498000036 ], [ 30.90583038300008, 27.384441376000041 ], [ 30.909164429000043, 27.382774353000059 ], [ 30.912487030000079, 27.382537842000033 ], [ 30.915832520000038, 27.383888245000037 ], [ 30.918460846000073, 27.396877289000031 ], [ 30.912498474000074, 27.401664734000065 ], [ 30.898052216000053, 27.407218933000024 ], [ 30.892177582000045, 27.411212921000072 ], [ 30.891387939000026, 27.410552979000045 ], [ 30.880832672000054, 27.416942596000069 ], [ 30.846664429000043, 27.448329926000042 ], [ 30.844165802000077, 27.453052521000075 ], [ 30.844165802000077, 27.459163666000052 ], [ 30.846664429000043, 27.465831757000046 ], [ 30.854442596000069, 27.475276947000054 ], [ 30.859996796000075, 27.483886719000054 ], [ 30.864364624000075, 27.494873047000056 ] ], [ [ 30.916047773162923, 30.334532641297194 ], [ 30.920015128589874, 30.328804936111268 ], [ 30.920568490400399, 30.321198456292748 ], [ 30.920368195000037, 30.314468384000065 ], [ 30.921013535915865, 30.32344506520333 ], [ 30.919042995140888, 30.330854298517238 ], [ 30.916047773162923, 30.334532641297194 ], [ 30.892900487526191, 30.339367034665145 ], [ 30.874403678118405, 30.340102703221138 ], [ 30.871355908386441, 30.33810588856916 ], [ 30.860554008680566, 30.331328778015276 ], [ 30.85533535809623, 30.327338045215491 ], [ 30.850276947000054, 30.324996948000035 ], [ 30.845665505542907, 30.323654291861846 ], [ 30.839679406343233, 30.325035699369462 ], [ 30.834614245481966, 30.327184555492423 ], [ 30.830829620000031, 30.329166412000063 ], [ 30.826786269605467, 30.331021798569139 ], [ 30.822488557359545, 30.335779979984267 ], [ 30.819572252621242, 30.342073058630081 ], [ 30.822795536805682, 30.350668483121918 ], [ 30.828474656559223, 30.356654582321596 ], [ 30.838067764251011, 30.36317789555201 ], [ 30.851651604742585, 30.36793607696714 ] ], [ [ 30.912487030000079, 27.382537842000033 ], [ 30.911109924000073, 27.382221222000055 ], [ 30.912776947000054, 27.381385803000057 ], [ 30.923053741000047, 27.378887177000024 ], [ 30.931941986000027, 27.375553131000061 ], [ 30.950275421000072, 27.371109009000065 ], [ 30.955829620000031, 27.368610382000043 ], [ 30.958053589000031, 27.366107941000053 ], [ 30.95777511600005, 27.361942291000048 ], [ 30.949996948000035, 27.350276947000054 ], [ 30.948608398000033, 27.346942902000023 ], [ 30.947776794000049, 27.340831757000046 ], [ 30.94916534400005, 27.337497711000026 ], [ 30.954441071000076, 27.333053589000031 ], [ 30.960552216000053, 27.331386566000049 ], [ 30.970275879000042, 27.330829620000031 ], [ 30.976108551000038, 27.329166412000063 ], [ 30.992774963000045, 27.316665649000072 ], [ 31.001663208000025, 27.308330536000028 ], [ 31.006664276000038, 27.301940918000071 ], [ 31.013610840000069, 27.29222106900005 ], [ 31.023887634000062, 27.271663666000052 ], [ 31.027774811000029, 27.268329620000031 ], [ 31.034999847000051, 27.265552521000075 ], [ 31.05110931400003, 27.263610840000069 ], [ 31.065551758000026, 27.263885498000036 ], [ 31.083610535000048, 27.266109467000035 ], [ 31.091941833000078, 27.264163971000073 ], [ 31.100276947000054, 27.259719849000078 ], [ 31.10499954200003, 27.254718781000065 ], [ 31.108608246000074, 27.246665955000026 ], [ 31.111663818000068, 27.233608246000074 ], [ 31.113052368000069, 27.231109619000051 ], [ 31.120277405000024, 27.247497559000067 ], [ 31.120830536000028, 27.253887177000024 ], [ 31.119163513000046, 27.25916290300006 ], [ 31.112777710000046, 27.267219543000067 ], [ 31.10499954200003, 27.271942139000032 ], [ 31.051940918000071, 27.275554657000043 ], [ 31.039165497000056, 27.278053284000066 ], [ 31.029998779000039, 27.281665802000077 ], [ 31.026943207000045, 27.283607483000026 ], [ 31.021110535000048, 27.28971862800006 ], [ 31.011943817000031, 27.308609009000065 ], [ 31.007221222000055, 27.315830231000064 ], [ 31.003608704000044, 27.319721222000055 ], [ 30.990554810000049, 27.328609467000035 ], [ 30.980831146000071, 27.336387634000062 ], [ 30.974998474000074, 27.338054657000043 ], [ 30.964996338000049, 27.338333130000024 ], [ 30.960830688000044, 27.34166336100003 ], [ 30.95999908400006, 27.343330383000023 ], [ 30.96027755700004, 27.347499847000051 ], [ 30.962497711000026, 27.35221862800006 ], [ 30.967777252000076, 27.358886719000054 ], [ 30.973888397000053, 27.362777710000046 ], [ 30.974163055000076, 27.364719391000051 ], [ 30.972774506000064, 27.368053436000025 ], [ 30.969997406000061, 27.369998932000044 ], [ 30.941665649000072, 27.381664276000038 ], [ 30.936943054000039, 27.384441376000041 ], [ 30.933052063000048, 27.388053894000052 ], [ 30.923053741000047, 27.392776489000028 ], [ 30.918460846000073, 27.396877289000031 ] ], [ [ 30.957482768798389, 28.893168445293032 ], [ 30.977436432797312, 28.89685219864668 ], [ 30.991557487319625, 28.904680174523179 ], [ 31.000613380980674, 28.92033612627618 ], [ 31.002608747380563, 28.928624571321883 ], [ 31.005371562395801, 28.935378119136903 ], [ 31.007673908241831, 28.940750259444307 ], [ 31.014273966333782, 28.946582868920913 ], [ 31.023483349717896, 28.949038704490011 ], [ 31.02762757224075, 28.956252721474236 ], [ 31.031311325594398, 28.966997002089041 ], [ 31.033920650886561, 28.974517998519403 ], [ 31.036529976178727, 28.978969200488393 ], [ 31.03852534257862, 28.982959933288178 ], [ 31.043743993162952, 28.994318172795257 ], [ 31.044971910947499, 29.001839169225619 ], [ 31.045585869839776, 29.007671778702225 ], [ 31.047222137000063, 29.014999390000071 ], [ 31.050277710000046, 29.021663666000052 ], [ 31.056637129900714, 29.025323096855118 ], [ 31.061386108000079, 29.032497406000061 ], [ 31.073329926000042, 29.037776947000054 ], [ 31.08242340337625, 29.045276760854041 ], [ 31.090553284000066, 29.052497864000031 ], [ 31.097925865406182, 29.057402448976461 ], [ 31.108209676851779, 29.063849017345344 ], [ 31.129391258635248, 29.078430541036862 ], [ 31.135829926000042, 29.088607788000047 ], [ 31.153331757000046, 29.111663818000068 ], [ 31.164443970000036, 29.125553131000061 ], [ 31.168331146000071, 29.133609772000057 ], [ 31.170276642000033, 29.143608093000068 ], [ 31.171108246000074, 29.156665802000077 ], [ 31.175898644725041, 29.168375518755077 ], [ 31.169759055802299, 29.161928950386194 ], [ 31.165614833279445, 29.14888232392536 ], [ 31.163619466879553, 29.140286899433519 ], [ 31.157786857402947, 29.127393762695753 ], [ 31.15394961432623, 29.123863499065173 ], [ 31.15072633014179, 29.119258807373114 ], [ 31.153331757000046, 29.111663818000068 ] ], [ [ 30.958864176306015, 30.272772448664597 ], [ 30.964996338000049, 30.266666412000063 ], [ 30.964164734000065, 30.253330231000064 ], [ 30.965274811000029, 30.247776031000058 ], [ 30.96860885600006, 30.243610382000043 ], [ 30.967306111074791, 30.238544240420293 ], [ 30.968534028859338, 30.234093038451302 ], [ 30.966385172736377, 30.249135031312029 ], [ 30.964236316613416, 30.253586233281016 ], [ 30.964543296059556, 30.258497904419215 ], [ 30.965310744674898, 30.262028168049792 ], [ 30.963008398828869, 30.267860777526401 ], [ 30.958864176306015, 30.272772448664597 ], [ 30.955640892121576, 30.279986465648822 ], [ 30.954166412000063, 30.283885956000063 ], [ 30.948329926000042, 30.285831451000035 ], [ 30.941108704000044, 30.285552979000045 ], [ 30.933052063000048, 30.283332825000059 ], [ 30.92455922320018, 30.28221206663331 ], [ 30.920184766092724, 30.282288811494844 ], [ 30.915426584677597, 30.283900453587066 ], [ 30.913047493970033, 30.287353972356112 ], [ 30.912817259385431, 30.292265643494307 ], [ 30.914966115508392, 30.29840523241705 ], [ 30.917038226769819, 30.303316903555245 ], [ 30.919724296923519, 30.306693677462757 ], [ 30.920875469846536, 30.311912328047089 ], [ 30.920368195000037, 30.314468384000065 ] ], [ [ 31.122165680000023, 30.179473877000078 ], [ 31.126388550000058, 30.176666260000047 ], [ 31.133919205465784, 30.162835434516687 ], [ 31.142668119680696, 30.156388866147804 ], [ 31.148347239434234, 30.154393499747911 ], [ 31.154026359187775, 30.152398133348019 ], [ 31.162727356000062, 30.145996094000054 ], [ 31.16092300400004, 30.15008926400003 ], [ 31.154441833000078, 30.15638732900004 ], [ 31.143608093000068, 30.169719696000072 ], [ 31.139163971000073, 30.172775269000056 ], [ 31.12777710000006, 30.176666260000047 ], [ 31.122165680000023, 30.179473877000078 ], [ 31.116107941000053, 30.182777405000024 ], [ 31.096390968175513, 30.196833408176392 ], [ 31.091402552175783, 30.200593906391575 ], [ 31.087642053960604, 30.206196281283578 ], [ 31.082500148237802, 30.211645166452517 ], [ 31.077128007930401, 30.213256808544735 ], [ 31.072498322000058, 30.215831757000046 ], [ 31.069760501223108, 30.218628948852139 ], [ 31.064541850638776, 30.219626632052083 ], [ 31.057498932000044, 30.219165802000077 ], [ 31.051725458762544, 30.218628948852139 ], [ 31.045202145532127, 30.215175430083093 ], [ 31.038064873409436, 30.210570738391034 ], [ 31.030543876979074, 30.207193964483526 ], [ 31.025478716117799, 30.204469521899057 ], [ 31.021181003871877, 30.200632278822344 ], [ 31.01550188411834, 30.197562484360969 ], [ 31.011511151318555, 30.197869463807105 ], [ 31.005832031565014, 30.200325299376203 ], [ 30.996162179011691, 30.204469521899057 ], [ 30.98756675451985, 30.208920723868047 ], [ 30.982194614212446, 30.213985884729311 ], [ 30.975901535566635, 30.221506881159677 ], [ 30.971143354151504, 30.22887438786697 ], [ 30.968534028859338, 30.234093038451302 ] ], [ [ 31.151107788000047, 27.20999908400006 ], [ 31.160552979000045, 27.209163666000052 ], [ 31.168052673000034, 27.206665039000029 ], [ 31.174163818000068, 27.203052521000075 ], [ 31.179164886000024, 27.198329926000042 ], [ 31.18062210100004, 27.19561767600004 ], [ 31.17610931400003, 27.211109161000024 ], [ 31.173610687000064, 27.215831757000046 ], [ 31.170829773000037, 27.217777252000076 ], [ 31.165554047000057, 27.219444275000058 ], [ 31.161388397000053, 27.219165802000077 ], [ 31.151107788000047, 27.20999908400006 ], [ 31.148052216000053, 27.208053589000031 ], [ 31.140552521000075, 27.205829620000031 ], [ 31.126941681000062, 27.199718475000054 ], [ 31.120830536000028, 27.198329926000042 ], [ 31.116107941000053, 27.198608398000033 ], [ 31.112499237000065, 27.202499390000071 ], [ 31.111110687000064, 27.21027755700004 ], [ 31.111385345000031, 27.223052979000045 ], [ 31.113052368000069, 27.231109619000051 ] ], [ [ 31.16092300400004, 30.15008926400003 ], [ 31.165554047000057, 30.14777755700004 ], [ 31.173826533463625, 30.139658486333325 ], [ 31.20130119389291, 30.133672387133647 ], [ 31.21020359783089, 30.132597959072168 ], [ 31.218338553153529, 30.131063061841481 ], [ 31.22693397764537, 30.128607226272383 ], [ 31.232613097398911, 30.12569092153408 ], [ 31.235989871306419, 30.121086229842021 ], [ 31.238906176044722, 30.113718723134728 ], [ 31.239440918000071, 30.106388092000032 ], [ 31.233457290875783, 30.094072038581945 ], [ 31.231154945029754, 30.088239429105339 ], [ 31.228238640291451, 30.080871922398046 ], [ 31.225168845830076, 30.071355559567792 ], [ 31.226703743060764, 30.058922891999231 ], [ 31.229466558075998, 30.050941426399664 ], [ 31.23023400669134, 30.046029755261468 ], [ 31.22931306835293, 30.041578553292478 ], [ 31.223326969153256, 30.03467151575439 ], [ 31.220717643861086, 30.041578553292478 ], [ 31.218415298015056, 30.049713508615113 ], [ 31.216419931615167, 30.059383361168436 ], [ 31.215192013830617, 30.065522950091182 ], [ 31.219950195245744, 30.071969518460065 ], [ 31.226243273891559, 30.07918353544429 ], [ 31.230387496414412, 30.09269063107433 ], [ 31.228545619737588, 30.096067404981838 ], [ 31.225276947000054, 30.098331451000035 ], [ 31.223052979000045, 30.105552673000034 ], [ 31.220275879000042, 30.109996796000075 ], [ 31.21020359783089, 30.124156024303392 ], [ 31.199459317216085, 30.128146757103178 ], [ 31.186566180478323, 30.132751448795236 ], [ 31.18011961210944, 30.135053794641266 ], [ 31.166664124000079, 30.140830994000055 ], [ 31.162727356000062, 30.145996094000054 ] ], [ [ 31.175898644725041, 29.168375518755077 ], [ 31.179735887801758, 29.171138333770312 ], [ 31.185554504000038, 29.173885345000031 ], [ 31.19027710000006, 29.181110382000043 ], [ 31.193856942324071, 29.197078096968909 ], [ 31.197847675123853, 29.201836278384036 ], [ 31.205675651000355, 29.211506130937359 ], [ 31.209666383800137, 29.217799209583173 ], [ 31.214117585769127, 29.225473695736603 ], [ 31.219997406000061, 29.236110687000064 ], [ 31.222221375000061, 29.250274658000023 ], [ 31.221664429000043, 29.256664276000038 ], [ 31.219997406000061, 29.261943817000031 ], [ 31.217647849399704, 29.27259504071867 ], [ 31.218261808291977, 29.278734629641416 ], [ 31.217340869953567, 29.284874218564159 ], [ 31.21350362687685, 29.294083601948277 ], [ 31.213810606322991, 29.298995273086472 ], [ 31.215192013830606, 29.304213923670808 ], [ 31.215274811000029, 29.310276031000058 ], [ 31.216388702000074, 29.313888550000058 ], [ 31.215274811000029, 29.319721222000055 ], [ 31.214271075492196, 29.329846707423265 ], [ 31.213196647430713, 29.342125885268757 ], [ 31.215192013830606, 29.345809638622402 ], [ 31.218568787738118, 29.354405063114246 ], [ 31.223888397000053, 29.364719391000051 ], [ 31.228392130014509, 29.370828463482589 ], [ 31.230694475860542, 29.384028579666492 ], [ 31.231615414198952, 29.393237963050609 ], [ 31.225782804722346, 29.404903182003824 ], [ 31.21703389050743, 29.417489339295457 ], [ 31.213810606322987, 29.429001068525604 ], [ 31.21028034269241, 29.442047694986439 ], [ 31.218415298015046, 29.4495686914168 ], [ 31.225936294445411, 29.453252444770449 ], [ 31.232229373091222, 29.456168749508752 ], [ 31.236385345000031, 29.45777511600005 ], [ 31.247117876228881, 29.478578249076772 ], [ 31.251110077000078, 29.491107941000053 ], [ 31.253717934320832, 29.49638305695273 ], [ 31.237294533952486, 29.462461828154566 ], [ 31.231154945029743, 29.458778074800918 ], [ 31.220564154138007, 29.454787342001133 ], [ 31.21028034269241, 29.442047694986439 ] ], [ [ 31.189849854000045, 27.179943085000048 ], [ 31.192218781000065, 27.175552368000069 ], [ 31.19888687100007, 27.169998169000053 ], [ 31.209720612000069, 27.163608551000038 ], [ 31.217220306000058, 27.161109924000073 ], [ 31.221385956000063, 27.160274506000064 ], [ 31.228885651000041, 27.160274506000064 ], [ 31.249572754000042, 27.164733887000068 ], [ 31.242221832000041, 27.165275574000077 ], [ 31.236110687000064, 27.166664124000079 ], [ 31.224720001000037, 27.170276642000033 ], [ 31.219444275000058, 27.172775269000056 ], [ 31.204998016000047, 27.173332214000027 ], [ 31.19916534400005, 27.174999237000065 ], [ 31.192218781000065, 27.178054810000049 ], [ 31.189849854000045, 27.179943085000048 ], [ 31.189674377000074, 27.18062210100004 ], [ 31.187496185000043, 27.182777405000024 ], [ 31.183330536000028, 27.19027710000006 ], [ 31.182506561000025, 27.193767548000039 ] ], [ [ 31.218261808291977, 29.278734629641416 ], [ 31.215805972722883, 29.264153105949898 ], [ 31.216726911061293, 29.258013517027152 ], [ 31.211508260476961, 29.252180907550546 ], [ 31.209052424907863, 29.247576215858487 ], [ 31.209819873523205, 29.240822668043467 ], [ 31.209973363246277, 29.233762140782311 ], [ 31.213886261000027, 29.224720001000037 ], [ 31.214117585769127, 29.225473695736603 ] ], [ [ 31.221107483000026, 30.012218475000054 ], [ 31.220275879000042, 30.004444122000052 ], [ 31.217220306000058, 29.995552063000048 ], [ 31.218051910000042, 29.986942291000048 ], [ 31.220554352000079, 29.980274200000053 ], [ 31.224163055000076, 29.974163055000076 ], [ 31.234996796000075, 29.967498779000039 ], [ 31.232219696000072, 29.972499847000051 ], [ 31.22999954200003, 29.97972106900005 ], [ 31.225555420000035, 29.987220764000028 ], [ 31.224720001000037, 29.99083328200004 ], [ 31.224998474000074, 30.0 ], [ 31.222221375000061, 30.006664276000038 ], [ 31.221107483000026, 30.012218475000054 ], [ 31.221107483000026, 30.013053894000052 ], [ 31.221664429000043, 30.023052216000053 ], [ 31.223888397000053, 30.030277252000076 ], [ 31.223326969153256, 30.03467151575439 ] ], [ [ 31.249572754000042, 27.164733887000068 ], [ 31.251941681000062, 27.16499710100004 ], [ 31.258888245000037, 27.165275574000077 ], [ 31.263332367000032, 27.164443970000036 ], [ 31.275554657000043, 27.159164429000043 ], [ 31.284442902000023, 27.153053284000066 ], [ 31.293052673000034, 27.14499664300007 ], [ 31.297496796000075, 27.139720917000034 ], [ 31.30110931400003, 27.131385803000057 ], [ 31.303054810000049, 27.124164581000059 ], [ 31.305274963000045, 27.110553741000047 ], [ 31.305831909000062, 27.097221375000061 ], [ 31.307777405000024, 27.091110229000037 ], [ 31.310832977000075, 27.086940765000065 ], [ 31.312774658000023, 27.081943512000066 ], [ 31.321388245000037, 27.069164276000038 ], [ 31.323329926000042, 27.064163208000025 ], [ 31.333610535000048, 27.052776337000068 ], [ 31.341941833000078, 27.03999710100004 ], [ 31.344165802000077, 27.035274506000064 ], [ 31.347774506000064, 27.031665802000077 ], [ 31.349720001000037, 27.026664734000065 ], [ 31.355552673000034, 27.018054962000065 ], [ 31.359165192000034, 27.014442444000053 ], [ 31.364997864000031, 27.006107330000077 ], [ 31.378051758000026, 26.991664886000024 ], [ 31.380832672000054, 26.987499237000065 ], [ 31.392498016000047, 26.97721862800006 ], [ 31.41499710100004, 26.962497711000026 ], [ 31.425552368000069, 26.958053589000031 ], [ 31.434444427000074, 26.951942444000053 ], [ 31.438053131000061, 26.948329926000042 ], [ 31.442497253000056, 26.945552826000039 ], [ 31.449718475000054, 26.938331604000041 ], [ 31.458610535000048, 26.932498932000044 ], [ 31.469718933000024, 26.921665192000034 ], [ 31.475276947000054, 26.913055420000035 ], [ 31.487499237000065, 26.883609772000057 ], [ 31.492496490000065, 26.874443054000039 ], [ 31.496387482000046, 26.864719391000051 ], [ 31.499443054000039, 26.860275269000056 ], [ 31.51166534400005, 26.830829620000031 ], [ 31.516941071000076, 26.815551758000026 ], [ 31.519165039000029, 26.804443359000061 ], [ 31.521385193000071, 26.799442291000048 ], [ 31.52249908400006, 26.793888092000032 ], [ 31.526664734000065, 26.784164429000043 ], [ 31.532218933000024, 26.775554657000043 ], [ 31.539443970000036, 26.768329620000031 ], [ 31.546943665000072, 26.761108398000033 ], [ 31.555831909000062, 26.755275726000036 ], [ 31.563888550000058, 26.748607635000042 ], [ 31.585552216000053, 26.72721862800006 ], [ 31.594165802000077, 26.714443207000045 ], [ 31.601387024000076, 26.707221985000047 ], [ 31.616386414000033, 26.699443817000031 ], [ 31.625274658000023, 26.693607330000077 ], [ 31.630275726000036, 26.684444427000074 ], [ 31.631385803000057, 26.678886414000033 ], [ 31.631942749000075, 26.672775269000056 ], [ 31.629444122000052, 26.660274506000064 ], [ 31.629165649000072, 26.653610229000037 ], [ 31.633331299000076, 26.643608093000068 ], [ 31.636943817000031, 26.639999390000071 ], [ 31.642219543000067, 26.637775421000072 ], [ 31.648887634000062, 26.636943817000031 ], [ 31.662776947000054, 26.637496948000035 ], [ 31.68138885500008, 26.640830994000055 ], [ 31.689163208000025, 26.640552521000075 ], [ 31.701385498000036, 26.637218475000054 ], [ 31.709442139000032, 26.630554199000073 ], [ 31.712219238000046, 26.626388550000058 ], [ 31.712497711000026, 26.619998932000044 ], [ 31.708610535000048, 26.60221862800006 ], [ 31.697776794000049, 26.576663971000073 ], [ 31.696941376000041, 26.563053131000061 ], [ 31.697498322000058, 26.556941986000027 ], [ 31.700553894000052, 26.546386719000054 ], [ 31.706108093000068, 26.537776947000054 ], [ 31.711387634000062, 26.535552979000045 ], [ 31.719165802000077, 26.535274506000064 ], [ 31.726009369000053, 26.538543701000037 ], [ 31.734996796000075, 26.541942596000069 ], [ 31.744441986000027, 26.546943665000072 ], [ 31.760555267000029, 26.559997559000067 ], [ 31.77027511600005, 26.564998627000023 ], [ 31.777221680000025, 26.56527710000006 ], [ 31.790832520000038, 26.563331604000041 ], [ 31.795276642000033, 26.560554504000038 ], [ 31.798885345000031, 26.556941986000027 ], [ 31.801666260000047, 26.552497864000031 ], [ 31.805831909000062, 26.542774200000053 ], [ 31.810554504000038, 26.507499695000035 ], [ 31.80971908600003, 26.493610382000043 ], [ 31.807777405000024, 26.48833084100005 ], [ 31.805553436000025, 26.476108551000038 ], [ 31.805831909000062, 26.456665039000029 ], [ 31.808330536000028, 26.445552826000039 ], [ 31.818332672000054, 26.421108246000074 ], [ 31.82416534400005, 26.412498474000074 ], [ 31.831386566000049, 26.405277252000076 ], [ 31.840274811000029, 26.399440765000065 ], [ 31.855831146000071, 26.392498016000047 ], [ 31.864719391000051, 26.38638687100007 ], [ 31.868331909000062, 26.382774353000059 ], [ 31.882499695000035, 26.361663818000068 ], [ 31.900554657000043, 26.343330383000023 ], [ 31.904998779000039, 26.340553284000066 ], [ 31.912220001000037, 26.333332062000068 ], [ 31.921108246000074, 26.327220917000034 ], [ 31.935832977000075, 26.319721222000055 ], [ 31.947219849000078, 26.315830231000064 ], [ 31.963054657000043, 26.308887482000046 ], [ 31.985553741000047, 26.287776947000054 ], [ 31.999164581000059, 26.27277755700004 ], [ 32.007217407000041, 26.266109467000035 ], [ 32.009994507000044, 26.26166534400005 ], [ 32.011940002000074, 26.256942749000075 ], [ 32.013053894000052, 26.251388550000058 ], [ 32.015830994000055, 26.246944427000074 ], [ 32.016387939000026, 26.24083328200004 ], [ 32.013885498000036, 26.228610992000029 ], [ 32.010276794000049, 26.217777252000076 ], [ 32.009437561000027, 26.203887939000026 ], [ 32.011940002000074, 26.192775726000036 ], [ 32.015830994000055, 26.183052063000048 ], [ 32.018608093000068, 26.178886414000033 ], [ 32.027496338000049, 26.172775269000056 ], [ 32.040275574000077, 26.170276642000033 ], [ 32.047218323000038, 26.17055511500007 ], [ 32.052795410000044, 26.172237396000071 ], [ 32.055549622000058, 26.182498932000044 ], [ 32.05499267600004, 26.194999695000035 ], [ 32.053604126000039, 26.200553894000052 ], [ 32.054443359000061, 26.214164734000065 ], [ 32.057777405000024, 26.218051910000042 ], [ 32.063331604000041, 26.219997406000061 ], [ 32.090270996000072, 26.221942902000023 ], [ 32.098052979000045, 26.221664429000043 ], [ 32.110832214000027, 26.21888732900004 ], [ 32.116104126000039, 26.21666336100003 ], [ 32.124992371000076, 26.210552216000053 ], [ 32.12777710000006, 26.206386566000049 ], [ 32.134239197000056, 26.192718506000062 ], [ 32.139999390000071, 26.183609009000065 ], [ 32.147216797000056, 26.176387787000067 ], [ 32.152770996000072, 26.168052673000034 ], [ 32.159996033000027, 26.14749908400006 ], [ 32.163604736000025, 26.143886566000049 ], [ 32.189163208000025, 26.124721527000077 ], [ 32.211387634000062, 26.109996796000075 ], [ 32.226104736000025, 26.101665497000056 ], [ 32.231666565000069, 26.093051910000042 ], [ 32.232498169000053, 26.067775726000036 ], [ 32.239440918000071, 26.047222137000063 ], [ 32.24499511700003, 26.038608551000038 ], [ 32.252220154000042, 26.03138732900004 ], [ 32.261108398000033, 26.025554657000043 ], [ 32.268051147000051, 26.024440765000065 ], [ 32.281105042000036, 26.025833130000024 ], [ 32.290550232000044, 26.030830383000023 ], [ 32.30110931400003, 26.041942596000069 ], [ 32.307220459000064, 26.05083084100005 ], [ 32.309715271000073, 26.055274963000045 ], [ 32.314720154000042, 26.072219849000078 ], [ 32.318603516000053, 26.075553894000052 ], [ 32.323326111000029, 26.078052521000075 ], [ 32.331108093000068, 26.077774048000038 ], [ 32.34388732900004, 26.074996948000035 ], [ 32.36999511700003, 26.063331604000041 ], [ 32.376106262000064, 26.063053131000061 ], [ 32.385551453000062, 26.068054199000073 ], [ 32.389717102000077, 26.071109772000057 ], [ 32.406105042000036, 26.091110229000037 ], [ 32.410270691000051, 26.094997406000061 ], [ 32.419166565000069, 26.100555420000035 ], [ 32.423049927000079, 26.103885651000041 ], [ 32.432777405000024, 26.108886719000054 ], [ 32.436660767000035, 26.112220764000028 ], [ 32.441383362000067, 26.114440918000071 ], [ 32.46638488800005, 26.118888855000023 ], [ 32.51221466100003, 26.116386414000033 ], [ 32.518325806000064, 26.117496490000065 ], [ 32.525833130000024, 26.116943359000061 ], [ 32.54610443100006, 26.118610382000043 ], [ 32.570549011000026, 26.130554199000073 ], [ 32.590827942000033, 26.13638687100007 ], [ 32.603050232000044, 26.136943817000031 ], [ 32.612777710000046, 26.15638732900004 ], [ 32.622215271000073, 26.168888092000032 ], [ 32.630271912000069, 26.175552368000069 ], [ 32.643325806000064, 26.176666260000047 ], [ 32.656944275000058, 26.174720764000028 ], [ 32.667495728000063, 26.169998169000053 ], [ 32.685234070000035, 26.158359528000062 ], [ 32.702499390000071, 26.146110535000048 ], [ 32.71305084200003, 26.141387939000026 ], [ 32.735549927000079, 26.133331299000076 ], [ 32.74499511700003, 26.128051758000026 ], [ 32.748603821000074, 26.124164581000059 ], [ 32.759719849000078, 26.107219696000072 ], [ 32.763610840000069, 26.097221375000061 ], [ 32.767219543000067, 26.080554962000065 ], [ 32.766662598000039, 26.060832977000075 ], [ 32.76999664300007, 26.043888092000032 ], [ 32.780548096000075, 26.01999664300007 ], [ 32.783050537000065, 26.008888245000037 ], [ 32.782775879000042, 25.995830536000028 ], [ 32.773551941000051, 25.964164734000065 ], [ 32.77249908400006, 25.956386566000049 ], [ 32.770553589000031, 25.951110840000069 ], [ 32.763328552000075, 25.943885803000057 ], [ 32.750274658000023, 25.934997559000067 ], [ 32.74388885500008, 25.927219391000051 ], [ 32.73860931400003, 25.917774200000053 ], [ 32.735275269000056, 25.913887024000076 ], [ 32.730827332000047, 25.903610229000037 ], [ 32.728332520000038, 25.891387939000026 ], [ 32.727775574000077, 25.884441376000041 ], [ 32.730270386000029, 25.873332977000075 ], [ 32.732215881000059, 25.868610382000043 ], [ 32.751937866000048, 25.845275879000042 ], [ 32.756385803000057, 25.842498779000039 ], [ 32.759994507000044, 25.838886261000027 ], [ 32.768325806000064, 25.825832367000032 ], [ 32.770271301000037, 25.821109772000057 ], [ 32.771385193000071, 25.815551758000026 ], [ 32.771659851000038, 25.809165955000026 ], [ 32.768051147000051, 25.798610687000064 ], [ 32.764717102000077, 25.794441223000035 ], [ 32.754997253000056, 25.789443970000036 ], [ 32.749717712000063, 25.787776947000054 ], [ 32.731941223000035, 25.783885956000063 ], [ 32.694717407000041, 25.777774811000029 ], [ 32.679718018000074, 25.770832062000068 ], [ 32.671661377000078, 25.764442444000053 ], [ 32.666381836000028, 25.755275726000036 ], [ 32.659996033000027, 25.739719391000051 ], [ 32.649719238000046, 25.720832825000059 ], [ 32.62777710000006, 25.691944122000052 ], [ 32.623054504000038, 25.674999237000065 ], [ 32.620277405000024, 25.670276642000033 ], [ 32.616943359000061, 25.666385651000041 ], [ 32.614440918000071, 25.661663055000076 ], [ 32.597770691000051, 25.641941071000076 ], [ 32.589721680000025, 25.635555267000029 ], [ 32.586387634000062, 25.631385803000057 ], [ 32.58249664300007, 25.628330231000064 ], [ 32.564163208000025, 25.618331909000062 ], [ 32.54860687300004, 25.612220764000028 ], [ 32.536109924000073, 25.609996796000075 ], [ 32.519165039000029, 25.605552673000034 ], [ 32.504165649000072, 25.598609924000073 ], [ 32.496109009000065, 25.592220306000058 ], [ 32.48360443100006, 25.576942444000053 ], [ 32.476661682000042, 25.563610077000078 ], [ 32.474998474000074, 25.558330536000028 ], [ 32.475273132000041, 25.552219391000051 ], [ 32.476387024000076, 25.546386719000054 ], [ 32.480270386000029, 25.536663055000076 ], [ 32.510826111000029, 25.489719391000051 ], [ 32.512771606000058, 25.484722137000063 ], [ 32.516387939000026, 25.481109619000051 ], [ 32.518325806000064, 25.476108551000038 ], [ 32.523887634000062, 25.467498779000039 ], [ 32.536659241000052, 25.451942444000053 ], [ 32.546661377000078, 25.434165955000026 ], [ 32.550827026000036, 25.424163818000068 ], [ 32.55638885500008, 25.396385193000071 ], [ 32.557220459000064, 25.383888245000037 ], [ 32.55638885500008, 25.370277405000024 ], [ 32.550552368000069, 25.339721680000025 ], [ 32.550277710000046, 25.326663971000073 ], [ 32.552215576000037, 25.308609009000065 ], [ 32.55499267600004, 25.291110992000029 ], [ 32.558883667000032, 25.28138732900004 ], [ 32.572776794000049, 25.259998322000058 ], [ 32.586936951000041, 25.245552063000048 ], [ 32.59138488800005, 25.242496490000065 ], [ 32.594718933000024, 25.238887787000067 ], [ 32.603607178000061, 25.232776642000033 ], [ 32.619163513000046, 25.225830078000058 ], [ 32.623329163000051, 25.222774506000064 ], [ 32.629440308000028, 25.221107483000026 ], [ 32.64499664300007, 25.214164734000065 ], [ 32.650833130000024, 25.212497711000026 ], [ 32.666381836000028, 25.205276489000028 ], [ 32.674995422000052, 25.199443817000031 ], [ 32.684715271000073, 25.194164276000038 ], [ 32.69332885700004, 25.188053131000061 ], [ 32.698608398000033, 25.185832977000075 ], [ 32.702774048000038, 25.182777405000024 ], [ 32.71833038300008, 25.17583084100005 ], [ 32.726387024000076, 25.169166565000069 ], [ 32.733329773000037, 25.161941528000057 ], [ 32.743606567000029, 25.144165039000029 ], [ 32.751663208000025, 25.137496948000035 ], [ 32.756660461000024, 25.134998322000058 ], [ 32.762771606000058, 25.133331299000076 ], [ 32.788055420000035, 25.12777710000006 ], [ 32.815551758000026, 25.117496490000065 ], [ 32.819999695000035, 25.114440918000071 ], [ 32.830276489000028, 25.109722137000063 ], [ 32.84333038300008, 25.100830078000058 ], [ 32.853881836000028, 25.089721680000025 ], [ 32.859443665000072, 25.081386566000049 ], [ 32.865272522000055, 25.066387177000024 ], [ 32.866386414000033, 25.060832977000075 ], [ 32.868331909000062, 25.056110382000043 ], [ 32.872772217000033, 25.033607483000026 ], [ 32.876106262000064, 25.023330688000044 ], [ 32.879440308000028, 25.006385803000057 ], [ 32.884437561000027, 24.991107941000053 ], [ 32.885826111000029, 24.980831146000071 ], [ 32.885551453000062, 24.973888397000053 ], [ 32.882499695000035, 24.962219238000046 ], [ 32.86888885500008, 24.939720154000042 ], [ 32.865554810000049, 24.935832977000075 ], [ 32.861663818000068, 24.924999237000065 ], [ 32.860549927000079, 24.918888092000032 ], [ 32.862777710000046, 24.907775879000042 ], [ 32.866661072000056, 24.89777755700004 ], [ 32.86943817100007, 24.893608093000068 ], [ 32.871383667000032, 24.888610840000069 ], [ 32.882217407000041, 24.871665955000026 ], [ 32.888053894000052, 24.856666565000069 ], [ 32.895553589000031, 24.843330383000023 ], [ 32.902221680000025, 24.829166412000063 ], [ 32.910270691000051, 24.815551758000026 ], [ 32.91221618700007, 24.810554504000038 ], [ 32.917770386000029, 24.801940918000071 ], [ 32.92360687300004, 24.787220001000037 ], [ 32.927215576000037, 24.764442444000053 ], [ 32.929718018000074, 24.733886719000054 ], [ 32.93193817100007, 24.722774506000064 ], [ 32.932220459000064, 24.71666336100003 ], [ 32.934997559000067, 24.699443817000031 ], [ 32.935554504000038, 24.686943054000039 ], [ 32.936660767000035, 24.681388855000023 ], [ 32.936386108000079, 24.67583084100005 ], [ 32.949089050000055, 24.657356262000064 ], [ 32.947151184000063, 24.652103424000074 ], [ 32.946037292000028, 24.645992279000041 ], [ 32.940208435000045, 24.629882812000062 ], [ 32.937705994000055, 24.62516021700003 ], [ 32.930206299000076, 24.603492737000067 ], [ 32.924926758000026, 24.572105408000027 ], [ 32.917152405000024, 24.558216095000034 ], [ 32.90798187300004, 24.545715332000043 ], [ 32.900482178000061, 24.53154754600007 ], [ 32.887153625000053, 24.493770599000072 ], [ 32.886596680000025, 24.487102509000067 ], [ 32.88825988800005, 24.475158691000047 ], [ 32.892982483000026, 24.465991974000076 ], [ 32.896316528000057, 24.462383270000032 ], [ 32.90493011500007, 24.456272125000055 ], [ 32.911041260000047, 24.454605103000063 ], [ 32.916297913000051, 24.449092865000068 ], [ 32.919166565000069, 24.447219849000078 ], [ 32.919715881000059, 24.442218781000065 ], [ 32.919166565000069, 24.435554504000038 ], [ 32.915275574000077, 24.424720764000028 ], [ 32.912773132000041, 24.419998169000053 ], [ 32.909439087000067, 24.416110992000029 ], [ 32.903327942000033, 24.400554657000043 ], [ 32.904159546000074, 24.381942749000075 ], [ 32.907218933000024, 24.371387482000046 ], [ 32.907218933000024, 24.358329773000037 ], [ 32.909164429000043, 24.322498322000058 ], [ 32.908332825000059, 24.308887482000046 ], [ 32.905273437000062, 24.297222137000063 ], [ 32.895553589000031, 24.277774811000029 ], [ 32.891937256000062, 24.267219543000067 ], [ 32.889160156000059, 24.262496948000035 ], [ 32.885551453000062, 24.251663208000025 ], [ 32.883049011000026, 24.246944427000074 ], [ 32.879165649000072, 24.157218933000024 ], [ 32.883888245000037, 24.148052216000053 ], [ 32.889442444000053, 24.133052826000039 ], [ 32.890548706000061, 24.127498627000023 ], [ 32.890274048000038, 24.120830536000028 ], [ 32.885551453000062, 24.096385956000063 ], [ 32.879997253000056, 24.079998016000047 ], [ 32.872215271000073, 24.066108704000044 ], [ 32.870277405000024, 24.060554504000038 ], [ 32.870552063000048, 24.042774200000053 ], [ 32.874992371000076, 24.020553589000031 ], [ 32.877899170000035, 23.999988556000062 ], [ 32.87832641600005, 23.99083328200004 ], [ 32.877731323000035, 23.98546981800007 ] ], [ [ 31.253717934320832, 29.49638305695273 ], [ 31.257708667120614, 29.502829625321613 ], [ 31.256107330000077, 29.509719849000078 ], [ 31.262496948000035, 29.524997711000026 ], [ 31.264720917000034, 29.527774811000029 ], [ 31.275833130000024, 29.536663055000076 ], [ 31.279441833000078, 29.542774200000053 ], [ 31.280551910000042, 29.548610687000064 ], [ 31.279720306000058, 29.554721832000041 ], [ 31.278053284000066, 29.558052063000048 ], [ 31.268054962000065, 29.569721222000055 ], [ 31.265552521000075, 29.574443817000031 ], [ 31.265552521000075, 29.58277511600005 ], [ 31.267498016000047, 29.597499847000051 ], [ 31.265552521000075, 29.618331909000062 ], [ 31.266109467000035, 29.62221908600003 ], [ 31.268054962000065, 29.62749862700008 ], [ 31.271663666000052, 29.633609772000057 ], [ 31.28138732900004, 29.645832062000068 ], [ 31.297222137000063, 29.659442902000023 ], [ 31.298885345000031, 29.662776947000054 ], [ 31.299442291000048, 29.666942596000069 ], [ 31.298610687000064, 29.670829773000037 ], [ 31.29555511500007, 29.677219391000051 ], [ 31.288330078000058, 29.68471908600003 ], [ 31.278888702000074, 29.697219849000078 ], [ 31.271942139000032, 29.709163666000052 ], [ 31.269443512000066, 29.711940765000065 ], [ 31.267219543000067, 29.71666336100003 ], [ 31.267219543000067, 29.724998474000074 ], [ 31.269165039000029, 29.741943359000061 ], [ 31.271942139000032, 29.751110077000078 ], [ 31.275276184000063, 29.757774353000059 ], [ 31.279418945000032, 29.761627197000053 ], [ 31.288887024000076, 29.775833130000024 ], [ 31.294441223000035, 29.791942596000069 ], [ 31.296665192000034, 29.808609009000065 ], [ 31.295276642000033, 29.820274353000059 ], [ 31.29249954200003, 29.843051910000042 ], [ 31.288055420000035, 29.857219696000072 ], [ 31.284442902000023, 29.876663208000025 ], [ 31.284442902000023, 29.876941681000062 ], [ 31.282775879000042, 29.888885498000036 ], [ 31.28110885600006, 29.914443970000036 ], [ 31.277221680000025, 29.924442291000048 ], [ 31.272220612000069, 29.933887482000046 ], [ 31.264999390000071, 29.941108704000044 ], [ 31.256664276000038, 29.945552826000039 ], [ 31.246387482000046, 29.953052521000075 ], [ 31.234996796000075, 29.967498779000039 ] ], [ [ 31.284442902000023, 29.876663208000025 ], [ 31.295276642000033, 29.820274353000059 ] ], [ [ 31.468769073000033, 22.227670670000066 ], [ 31.472499847000051, 22.226387024000076 ], [ 31.485553741000047, 22.216388702000074 ], [ 31.48833084100005, 22.212497711000026 ], [ 31.50277710000006, 22.198055267000029 ], [ 31.512781143000041, 22.182664871000043 ] ], [ [ 32.05694580100004, 18.712444305000076 ], [ 32.056663513000046, 18.731388092000032 ], [ 32.053886414000033, 18.748607635000042 ], [ 32.053329468000072, 18.760829926000042 ], [ 32.054718018000074, 18.773609161000024 ], [ 32.05638885500008, 18.77916336100003 ], [ 32.060554504000038, 18.789165497000056 ], [ 32.065704346000075, 18.798622131000059 ], [ 32.058883667000032, 18.796665192000034 ], [ 32.03971862800006, 18.788055420000035 ], [ 32.032218933000024, 18.781665802000077 ], [ 32.026664734000065, 18.773052216000053 ], [ 32.026107788000047, 18.766387939000026 ], [ 32.026664734000065, 18.760276794000049 ], [ 32.029716492000034, 18.749721527000077 ], [ 32.037498474000074, 18.737220764000028 ], [ 32.047775269000056, 18.726387024000076 ], [ 32.05638885500008, 18.714443207000045 ], [ 32.05694580100004, 18.712444305000076 ], [ 32.057037354000045, 18.712123871000074 ], [ 32.061660767000035, 18.705829620000031 ], [ 32.065551758000026, 18.689998627000023 ], [ 32.066383362000067, 18.677776337000068 ], [ 32.06527710000006, 18.657218933000024 ], [ 32.061386108000079, 18.639720917000034 ], [ 32.054161072000056, 18.625831604000041 ], [ 32.041664124000079, 18.610275269000056 ], [ 32.034721375000061, 18.603054047000057 ], [ 32.019721985000047, 18.590274811000029 ], [ 32.010551453000062, 18.58527755700004 ], [ 32.006942749000075, 18.581943512000066 ], [ 31.998054504000038, 18.576942444000053 ], [ 31.983329773000037, 18.570831299000076 ], [ 31.965831757000046, 18.567775726000036 ], [ 31.959442139000032, 18.567497253000056 ], [ 31.945831299000076, 18.568885803000057 ], [ 31.921665192000034, 18.57416534400005 ], [ 31.908607483000026, 18.573329926000042 ], [ 31.902774811000029, 18.572498322000058 ], [ 31.888053894000052, 18.566387177000024 ], [ 31.884441376000041, 18.563053131000061 ], [ 31.876110077000078, 18.557498932000044 ], [ 31.86360931400003, 18.541110992000029 ], [ 31.858886719000054, 18.531665802000077 ], [ 31.855831146000071, 18.527774811000029 ], [ 31.850830078000058, 18.518608093000068 ], [ 31.844165802000077, 18.51138687100007 ], [ 31.836387634000062, 18.504997253000056 ], [ 31.821109772000057, 18.485275269000056 ], [ 31.816108704000044, 18.476108551000038 ], [ 31.814441681000062, 18.470554352000022 ], [ 31.804164886000024, 18.452774048000038 ], [ 31.793609619000051, 18.42055511500007 ], [ 31.792774200000053, 18.414443970000036 ], [ 31.790832520000038, 18.409164429000043 ], [ 31.78971862800006, 18.403053284000066 ], [ 31.783332825000059, 18.388610840000069 ], [ 31.781665802000077, 18.383052826000039 ], [ 31.777221680000025, 18.358886719000054 ], [ 31.77249908400006, 18.349441528000057 ], [ 31.766387939000026, 18.34166336100003 ], [ 31.748607635000042, 18.331665039000029 ], [ 31.743331909000062, 18.329998016000047 ], [ 31.738887787000067, 18.327499390000071 ], [ 31.735275269000056, 18.32416534400005 ], [ 31.714443207000045, 18.310276031000058 ], [ 31.706943512000066, 18.303886414000033 ], [ 31.691387177000024, 18.284164429000043 ], [ 31.686664581000059, 18.274997711000026 ], [ 31.683609009000065, 18.270832062000068 ], [ 31.679443359000061, 18.260829926000042 ], [ 31.672496796000075, 18.239440918000071 ], [ 31.667774200000053, 18.230274200000053 ], [ 31.660274506000064, 18.223888397000053 ], [ 31.651386261000027, 18.21888732900004 ], [ 31.64749908400006, 18.215553284000066 ], [ 31.643054962000065, 18.213054657000043 ], [ 31.632499695000035, 18.202774048000038 ], [ 31.626388550000058, 18.194721222000055 ], [ 31.607219696000072, 18.157775879000042 ], [ 31.603885651000041, 18.153610229000037 ], [ 31.596107483000026, 18.140552521000075 ], [ 31.589996338000049, 18.132774353000059 ], [ 31.58249664300007, 18.126110077000078 ], [ 31.579441071000076, 18.12221908600003 ], [ 31.571941376000041, 18.11583328200004 ], [ 31.568065643000068, 18.113670349000074 ], [ 31.548610687000064, 18.097221375000061 ], [ 31.54555511500007, 18.093330383000023 ], [ 31.538055420000035, 18.086940765000065 ], [ 31.53138732900004, 18.079719543000067 ], [ 31.526943207000045, 18.077220917000034 ], [ 31.513610840000069, 18.069721222000055 ], [ 31.496944427000074, 18.065830231000064 ], [ 31.492496490000065, 18.063331604000041 ], [ 31.482219696000072, 18.05971908600003 ], [ 31.473728180000023, 18.054943085000048 ], [ 31.46027755700004, 18.047222137000063 ], [ 31.431663513000046, 18.034164429000043 ], [ 31.421386719000054, 18.030551910000042 ], [ 31.409721375000061, 18.028331757000046 ], [ 31.396110535000048, 18.028331757000046 ], [ 31.379165649000072, 18.033332825000059 ], [ 31.374443054000039, 18.035552979000045 ], [ 31.346107483000026, 18.043609619000051 ], [ 31.33277511600005, 18.044998169000053 ], [ 31.326942444000053, 18.043888092000032 ], [ 31.316665649000072, 18.040275574000077 ], [ 31.308609009000065, 18.034721375000061 ], [ 31.301666260000047, 18.027496338000049 ], [ 31.297222137000063, 18.024997711000026 ], [ 31.293609619000051, 18.021663666000052 ], [ 31.273052216000053, 18.014442444000053 ], [ 31.250274658000023, 18.001941681000062 ], [ 31.23833084100005, 17.993053436000025 ], [ 31.228885651000041, 17.98860931400003 ], [ 31.223052979000045, 17.987777710000046 ], [ 31.218051910000042, 17.985832214000027 ], [ 31.212219238000046, 17.984722137000063 ], [ 31.198608398000033, 17.984722137000063 ], [ 31.192218781000065, 17.985553741000047 ], [ 31.175552368000069, 17.991107941000053 ], [ 31.151107788000047, 18.002498627000023 ], [ 31.138332367000032, 18.004444122000052 ], [ 31.123886108000079, 18.004997253000056 ], [ 31.11333084100005, 18.008888245000037 ], [ 31.078330994000055, 18.024719238000046 ], [ 31.074443817000031, 18.027774811000029 ], [ 31.069442749000075, 18.029998779000039 ], [ 31.048610687000064, 18.044441223000035 ], [ 31.038887024000076, 18.049163818000068 ], [ 31.024719238000046, 18.049720764000028 ], [ 31.007221222000055, 18.046386719000054 ], [ 30.98860931400003, 18.044441223000035 ], [ 30.981388092000032, 18.044719696000072 ], [ 30.975830078000058, 18.046386719000054 ], [ 30.961940765000065, 18.053886414000033 ], [ 30.945274353000059, 18.065551758000026 ], [ 30.941944122000052, 18.069164276000038 ], [ 30.939163208000025, 18.073329926000042 ], [ 30.937221527000077, 18.078052521000075 ], [ 30.934444427000074, 18.09388732900004 ], [ 30.930831909000062, 18.103610992000029 ], [ 30.924720764000028, 18.111385345000031 ], [ 30.917774200000053, 18.118331909000062 ], [ 30.913608551000038, 18.121387482000046 ], [ 30.893329620000031, 18.129718781000065 ], [ 30.881385803000057, 18.132221222000055 ], [ 30.874164581000059, 18.132499695000035 ], [ 30.848331451000035, 18.131107330000077 ], [ 30.842498779000039, 18.129997253000056 ], [ 30.83527755700004, 18.130275726000036 ], [ 30.822498322000058, 18.132221222000055 ], [ 30.811386108000079, 18.135276794000049 ], [ 30.801387787000067, 18.139720917000034 ], [ 30.784999847000051, 18.151386261000027 ], [ 30.771110535000048, 18.165554047000057 ], [ 30.763053894000052, 18.171386719000054 ], [ 30.759441376000041, 18.174999237000065 ], [ 30.754997253000056, 18.183887482000046 ], [ 30.75, 18.19916534400005 ], [ 30.748607635000042, 18.204719543000067 ], [ 30.747776031000058, 18.216941833000078 ], [ 30.745552063000048, 18.228054047000057 ], [ 30.743610382000043, 18.232776642000033 ], [ 30.735553741000047, 18.245277405000024 ], [ 30.731109619000051, 18.254444122000052 ], [ 30.725830078000058, 18.262775421000072 ], [ 30.714164734000065, 18.278888702000074 ], [ 30.712497711000026, 18.283885956000063 ], [ 30.709720612000069, 18.288055420000035 ], [ 30.702220917000034, 18.314163208000025 ], [ 30.701385498000036, 18.326385498000036 ], [ 30.702774048000038, 18.339443207000045 ], [ 30.706386566000049, 18.356941223000035 ], [ 30.70999908400006, 18.367496490000065 ], [ 30.712497711000026, 18.379165649000072 ], [ 30.713886261000027, 18.391941071000076 ], [ 30.713054657000043, 18.40416336100003 ], [ 30.711940765000065, 18.409721375000061 ], [ 30.711666107000042, 18.422496796000075 ], [ 30.712497711000026, 18.436107635000042 ], [ 30.711940765000065, 18.442497253000056 ], [ 30.70777511600005, 18.458332062000068 ], [ 30.701110840000069, 18.472221375000061 ], [ 30.691944122000052, 18.486663818000068 ], [ 30.677497864000031, 18.500274658000023 ], [ 30.660831451000035, 18.511943817000031 ], [ 30.651664734000065, 18.517219543000067 ], [ 30.640552521000075, 18.526943207000045 ], [ 30.637218475000054, 18.530551910000042 ], [ 30.629165649000072, 18.543331146000071 ], [ 30.594997406000061, 18.578609467000035 ], [ 30.584163666000052, 18.595554352000022 ], [ 30.577499390000071, 18.609443665000072 ], [ 30.577220917000034, 18.615554810000049 ], [ 30.574718475000054, 18.626388550000058 ], [ 30.572498322000058, 18.657218933000024 ], [ 30.570274353000059, 18.668331146000071 ], [ 30.568332672000054, 18.673053741000047 ], [ 30.567218781000065, 18.678607941000053 ], [ 30.564441681000062, 18.682777405000024 ], [ 30.563331604000041, 18.688331604000041 ], [ 30.559444427000074, 18.698055267000029 ], [ 30.556663513000046, 18.702220917000034 ], [ 30.546386719000054, 18.725830078000058 ], [ 30.538330078000058, 18.73833084100005 ], [ 30.531665802000077, 18.752220154000042 ], [ 30.529998779000039, 18.763885498000036 ], [ 30.53083038300008, 18.777496338000049 ], [ 30.528331757000046, 18.788330078000058 ], [ 30.514442444000053, 18.815551758000026 ], [ 30.50916290300006, 18.82416534400005 ], [ 30.503608704000044, 18.83249664300007 ], [ 30.500274658000023, 18.835830688000044 ], [ 30.494998932000044, 18.844444275000058 ], [ 30.491386414000033, 18.847774506000064 ], [ 30.480831146000071, 18.864719391000051 ], [ 30.478332520000038, 18.875553131000061 ], [ 30.477775574000077, 18.881942749000075 ], [ 30.478610992000029, 18.895553589000031 ], [ 30.47721862800006, 18.900833130000024 ], [ 30.476943970000036, 18.907218933000024 ], [ 30.464443207000045, 18.935554504000038 ], [ 30.463333130000024, 18.941108704000044 ], [ 30.461940765000065, 18.959442139000032 ], [ 30.463054657000043, 18.965553284000066 ], [ 30.468051910000042, 18.981666565000069 ], [ 30.479164124000079, 19.005832672000054 ], [ 30.482498169000053, 19.016666412000063 ], [ 30.483608246000074, 19.02277755700004 ], [ 30.484443665000072, 19.043052673000034 ], [ 30.487499237000065, 19.061386108000022 ], [ 30.48833084100005, 19.081665039000029 ], [ 30.489440918000071, 19.090553284000066 ], [ 30.489719391000051, 19.110275269000056 ], [ 30.48833084100005, 19.141666412000063 ], [ 30.489997864000031, 19.161388397000053 ], [ 30.489440918000071, 19.16749954200003 ], [ 30.490276337000068, 19.188053131000061 ], [ 30.489166260000047, 19.193607330000077 ], [ 30.485553741000047, 19.202220917000034 ] ], [ [ 32.344459534000066, 18.887168884000062 ], [ 32.369720459000064, 18.887775421000072 ], [ 32.380271912000069, 18.891109467000035 ], [ 32.386383057000046, 18.899166107000042 ], [ 32.393806458000029, 18.913608551000038 ], [ 32.374443054000039, 18.914165497000056 ], [ 32.363327026000036, 18.911109924000073 ], [ 32.355613708000078, 18.906810760000042 ], [ 32.354995728000063, 18.902221680000025 ], [ 32.349998474000074, 18.892776489000028 ], [ 32.346939087000067, 18.888885498000036 ], [ 32.344459534000066, 18.887168884000062 ], [ 32.331382751000035, 18.883609772000057 ], [ 32.32416534400005, 18.88416290300006 ], [ 32.313606262000064, 18.888053894000052 ], [ 32.309440613000049, 18.890830994000055 ], [ 32.302772522000055, 18.898052216000053 ], [ 32.294715881000059, 18.910831451000035 ], [ 32.290832520000038, 18.913887024000076 ], [ 32.284996033000027, 18.915554047000057 ], [ 32.279998779000039, 18.913887024000076 ], [ 32.27555084200003, 18.911109924000073 ], [ 32.272216797000056, 18.907218933000024 ], [ 32.264717102000077, 18.900833130000024 ], [ 32.245277405000024, 18.899997711000026 ], [ 32.232215881000059, 18.901943207000045 ], [ 32.225830078000058, 18.901664734000065 ], [ 32.214164734000065, 18.899440765000065 ], [ 32.187217712000063, 18.884719849000078 ], [ 32.166664124000079, 18.877498627000023 ], [ 32.16221618700007, 18.874996185000043 ], [ 32.153053284000066, 18.86333084100005 ], [ 32.14804840100004, 18.853885651000041 ], [ 32.138610840000069, 18.842220306000058 ], [ 32.129714966000051, 18.837219238000046 ], [ 32.101943970000036, 18.830554962000065 ], [ 32.091941833000078, 18.819442749000075 ], [ 32.087219238000046, 18.810276031000058 ], [ 32.074996948000035, 18.80110931400003 ], [ 32.065704346000075, 18.798622131000059 ] ], [ [ 32.355613708000078, 18.906810760000042 ], [ 32.360275269000056, 18.918331146000071 ], [ 32.362495422000052, 18.930274963000045 ], [ 32.368606567000029, 18.938331604000041 ], [ 32.379440308000028, 18.948608398000033 ], [ 32.388610840000069, 18.96027755700004 ], [ 32.396110535000048, 18.974163055000076 ], [ 32.425552368000069, 19.008052826000039 ], [ 32.433052063000048, 19.014442444000053 ], [ 32.445831299000076, 19.021385193000071 ], [ 32.451660156000059, 19.022220612000069 ], [ 32.456108093000068, 19.024719238000046 ], [ 32.458610535000048, 19.029441833000078 ], [ 32.463333130000024, 19.046386719000054 ], [ 32.469993591000048, 19.060832977000075 ], [ 32.476104736000025, 19.068607330000077 ], [ 32.479995728000063, 19.071941376000041 ], [ 32.483886719000054, 19.074996948000035 ], [ 32.497215271000073, 19.08249664300007 ], [ 32.501106262000064, 19.085830688000044 ], [ 32.502220154000042, 19.091941833000078 ], [ 32.5, 19.116664886000024 ], [ 32.50332641600005, 19.134719849000078 ], [ 32.506942749000075, 19.145553589000031 ], [ 32.510826111000029, 19.148609161000024 ], [ 32.521659851000038, 19.151386261000027 ], [ 32.52888488800005, 19.151107788000047 ], [ 32.541107178000061, 19.148330688000044 ], [ 32.553871155000024, 19.147087097000053 ], [ 32.554161072000056, 19.139999390000071 ], [ 32.550827026000036, 19.129444122000052 ], [ 32.549720764000028, 19.123332977000075 ], [ 32.54610443100006, 19.112499237000065 ], [ 32.543609619000051, 19.10805511500007 ], [ 32.536109924000073, 19.101665497000056 ], [ 32.523330688000044, 19.093330383000023 ], [ 32.50332641600005, 19.085552216000053 ], [ 32.502426147000051, 19.081848145000038 ], [ 32.499160767000035, 19.076942444000053 ], [ 32.497215271000073, 19.07166290300006 ], [ 32.491661072000056, 19.048885345000031 ], [ 32.488052368000069, 19.038055420000035 ], [ 32.478050232000044, 19.026943207000045 ], [ 32.468673706000061, 19.021221161000028 ], [ 32.45749664300007, 19.023887634000062 ], [ 32.454437256000062, 19.02027511600005 ], [ 32.452217102000077, 19.008052826000039 ], [ 32.444999695000035, 18.994163513000046 ], [ 32.441108704000044, 18.979164124000022 ], [ 32.435829163000051, 18.963333130000024 ], [ 32.433326721000071, 18.958610535000048 ], [ 32.430274963000045, 18.954719543000067 ], [ 32.41221618700007, 18.944721222000055 ], [ 32.408332825000059, 18.941387177000024 ], [ 32.402770996000072, 18.933052063000048 ], [ 32.401107788000047, 18.927497864000031 ], [ 32.395553589000031, 18.918331146000071 ], [ 32.393806458000029, 18.913608551000038 ] ], [ [ 32.468673706000061, 19.021221161000028 ], [ 32.473052979000045, 19.019165039000029 ], [ 32.492774963000045, 19.01999664300007 ], [ 32.499717712000063, 19.027221680000025 ], [ 32.504165649000072, 19.043888092000032 ], [ 32.504440308000028, 19.056941986000027 ], [ 32.502426147000051, 19.081848145000038 ] ], [ [ 33.091369629000042, 19.520198822000054 ], [ 33.097221375000061, 19.523052216000053 ], [ 33.113327026000036, 19.534999847000051 ], [ 33.118331909000062, 19.536663055000076 ], [ 33.130271912000069, 19.538887024000076 ], [ 33.14249420200008, 19.53999710100004 ], [ 33.157775879000042, 19.539165497000056 ], [ 33.189994812000066, 19.533885956000063 ], [ 33.206939697000053, 19.528610229000037 ], [ 33.231384277000075, 19.523052216000053 ], [ 33.24499511700003, 19.523052216000053 ], [ 33.259437561000027, 19.521942139000032 ], [ 33.26999664300007, 19.518054962000065 ], [ 33.287773132000041, 19.513610840000069 ], [ 33.301666260000047, 19.513332367000032 ], [ 33.318603516000053, 19.516941071000076 ], [ 33.328887939000026, 19.520553589000031 ], [ 33.336105347000057, 19.51999664300007 ], [ 33.341941833000078, 19.518329620000031 ], [ 33.345275879000042, 19.514720917000034 ], [ 33.347770691000051, 19.510555267000029 ], [ 33.34971618700007, 19.505554199000073 ], [ 33.351943970000036, 19.494441986000027 ], [ 33.357215881000059, 19.47972106900005 ], [ 33.359992981000062, 19.475555420000035 ], [ 33.366661072000056, 19.468330383000023 ], [ 33.379165649000072, 19.459442139000032 ], [ 33.38416290300006, 19.450832367000032 ], [ 33.385276794000049, 19.445274353000059 ], [ 33.384437561000027, 19.431663513000046 ], [ 33.383331299000076, 19.425552368000069 ], [ 33.381385803000057, 19.420276642000033 ], [ 33.379165649000072, 19.417774200000053 ], [ 33.376937866000048, 19.42055511500007 ], [ 33.364715576000037, 19.429443359000061 ], [ 33.344993591000048, 19.438888550000058 ], [ 33.331939697000053, 19.448055267000029 ], [ 33.326942444000053, 19.450275421000072 ], [ 33.310554504000038, 19.462219238000046 ], [ 33.295829773000037, 19.469165802000077 ], [ 33.245552063000048, 19.479164124000022 ], [ 33.234443665000072, 19.482498169000053 ], [ 33.229438782000045, 19.484996796000075 ], [ 33.206665039000029, 19.491943359000061 ], [ 33.187492371000076, 19.494998932000044 ], [ 33.159164429000043, 19.497497559000067 ], [ 33.13721466100003, 19.505554199000073 ], [ 33.118049622000058, 19.508888245000037 ], [ 33.106666565000069, 19.512218475000054 ], [ 33.102493286000026, 19.515274048000038 ], [ 33.091369629000042, 19.520198822000054 ], [ 33.086936951000041, 19.521663666000052 ], [ 33.07416534400005, 19.523609161000024 ], [ 33.059715271000073, 19.524719238000046 ], [ 33.053054810000049, 19.524166107000042 ], [ 33.045829773000037, 19.524719238000046 ], [ 33.02304840100004, 19.51999664300007 ], [ 33.008888245000037, 19.513332367000032 ], [ 33.004997253000056, 19.509998322000058 ], [ 32.997497559000067, 19.496109009000065 ], [ 32.99388885500008, 19.485275269000056 ], [ 32.990829468000072, 19.481666565000069 ], [ 32.983329773000037, 19.467498779000039 ], [ 32.978881836000028, 19.464996338000049 ], [ 32.971107483000026, 19.458885193000071 ], [ 32.958885193000071, 19.45749664300007 ], [ 32.952499390000071, 19.458610535000048 ], [ 32.930831909000062, 19.459720612000069 ], [ 32.90388488800005, 19.459442139000032 ], [ 32.893608093000068, 19.455829620000031 ], [ 32.888885498000036, 19.453330994000055 ], [ 32.877494812000066, 19.443885803000057 ], [ 32.874443054000039, 19.439998627000023 ], [ 32.867774963000045, 19.428054810000049 ], [ 32.855270386000029, 19.412220001000037 ], [ 32.841941833000078, 19.39749908400006 ], [ 32.83805084200003, 19.394165039000029 ], [ 32.82999420200008, 19.381107330000077 ], [ 32.823883057000046, 19.365554810000049 ], [ 32.818885803000057, 19.356388092000032 ], [ 32.813049316000047, 19.35249710100004 ], [ 32.814994812000066, 19.351943970000036 ], [ 32.814163208000025, 19.349163055000076 ], [ 32.810272217000033, 19.345832825000059 ], [ 32.808609009000065, 19.343330383000023 ], [ 32.799720764000028, 19.337776184000063 ], [ 32.795829773000037, 19.334442139000032 ], [ 32.774993896000069, 19.33499908400006 ], [ 32.763885498000036, 19.332221985000047 ], [ 32.755554199000073, 19.326663971000073 ], [ 32.752494812000066, 19.322776794000049 ], [ 32.75, 19.318054199000073 ], [ 32.74443817100007, 19.301940918000071 ], [ 32.741943359000061, 19.297222137000063 ], [ 32.723609924000073, 19.279998779000039 ], [ 32.714721680000025, 19.266666412000063 ], [ 32.705276489000028, 19.254997253000056 ], [ 32.702774048000038, 19.250274658000023 ], [ 32.700553894000052, 19.245830536000028 ], [ 32.698883057000046, 19.232776642000033 ], [ 32.700271606000058, 19.221107483000026 ], [ 32.700271606000058, 19.208332062000068 ], [ 32.694717407000041, 19.199718475000054 ], [ 32.683052063000048, 19.189998627000023 ], [ 32.67999267600004, 19.186107635000042 ], [ 32.674995422000052, 19.176940918000071 ], [ 32.672218323000038, 19.165554047000057 ], [ 32.669166565000069, 19.161663055000076 ], [ 32.665275574000077, 19.158332825000059 ], [ 32.654998779000039, 19.154998779000039 ], [ 32.621109009000065, 19.147220612000069 ], [ 32.603607178000061, 19.144165039000029 ], [ 32.589996338000049, 19.144165039000029 ], [ 32.561103821000074, 19.145832062000068 ], [ 32.553871155000024, 19.147087097000053 ] ], [ [ 33.576110840000069, 19.011943817000031 ], [ 33.565551758000026, 18.996387482000046 ], [ 33.558609009000065, 18.981666565000069 ], [ 33.55693817100007, 18.976387024000076 ], [ 33.551383972000053, 18.968051910000042 ], [ 33.537498474000074, 18.916942596000069 ], [ 33.535270691000051, 18.904720306000058 ], [ 33.533332825000059, 18.899440765000065 ], [ 33.533332825000059, 18.88666534400005 ], [ 33.537498474000074, 18.864440918000071 ], [ 33.539443970000036, 18.840553284000066 ], [ 33.538055420000035, 18.834442139000032 ], [ 33.535552979000045, 18.807777405000024 ], [ 33.536109924000073, 18.79555511500007 ], [ 33.540550232000044, 18.786388397000053 ], [ 33.550552368000069, 18.775554657000043 ], [ 33.558052063000048, 18.768886566000049 ], [ 33.559997559000067, 18.759426117000032 ], [ 33.560554504000038, 18.773052216000053 ], [ 33.562217712000063, 18.785831451000035 ], [ 33.562774658000023, 18.804164886000024 ], [ 33.560554504000038, 18.813888550000058 ], [ 33.558609009000065, 18.818607330000077 ], [ 33.556663513000046, 18.829719543000067 ], [ 33.551940918000071, 18.844997406000061 ], [ 33.549720764000028, 18.856109619000051 ], [ 33.547775269000056, 18.880275726000036 ], [ 33.548332214000027, 18.886943817000031 ], [ 33.550277710000046, 18.892219543000067 ], [ 33.552497864000031, 18.904441833000078 ], [ 33.558609009000065, 18.919719696000072 ], [ 33.561103821000074, 18.924163818000068 ], [ 33.578605652000078, 18.956665039000029 ], [ 33.582221985000047, 18.967220306000058 ], [ 33.583328247000054, 18.973331451000035 ], [ 33.583610535000048, 18.986385345000031 ], [ 33.579719543000067, 19.002220154000042 ], [ 33.576110840000069, 19.011943817000031 ], [ 33.573051453000062, 19.02249908400006 ], [ 33.571105957000043, 19.033607483000026 ], [ 33.570831299000076, 19.03971862800006 ], [ 33.57166290300006, 19.05333328200004 ], [ 33.576385498000036, 19.077499390000071 ], [ 33.579437256000062, 19.109443665000072 ], [ 33.581108093000068, 19.114719391000051 ], [ 33.582221985000047, 19.128330231000064 ], [ 33.581108093000068, 19.133888245000037 ], [ 33.573883057000046, 19.153610229000037 ], [ 33.564994812000066, 19.171943665000072 ], [ 33.561386108000079, 19.181663513000046 ], [ 33.552772522000055, 19.193607330000077 ], [ 33.545272827000076, 19.200275421000072 ], [ 33.533050537000065, 19.209442139000032 ], [ 33.513328552000075, 19.21888732900004 ], [ 33.464721680000025, 19.236110687000064 ], [ 33.447494507000044, 19.247497559000067 ], [ 33.442497253000056, 19.249721527000077 ], [ 33.434997559000067, 19.256385803000057 ], [ 33.424995422000052, 19.267219543000067 ], [ 33.419715881000059, 19.275833130000024 ], [ 33.416938782000045, 19.286388397000053 ], [ 33.417495728000063, 19.293052673000034 ], [ 33.416938782000045, 19.305553436000025 ], [ 33.415275574000077, 19.323329926000042 ], [ 33.407775879000042, 19.329998016000047 ], [ 33.397216797000056, 19.333885193000071 ], [ 33.393051147000051, 19.336940765000065 ], [ 33.386108398000033, 19.344165802000077 ], [ 33.384437561000027, 19.349163055000076 ], [ 33.382774353000059, 19.357498169000053 ], [ 33.382499695000035, 19.36360931400003 ], [ 33.386383057000046, 19.388610840000069 ], [ 33.379165649000072, 19.408054352000022 ], [ 33.379165649000072, 19.417774200000053 ] ], [ [ 33.640289307000046, 18.720134735000045 ], [ 33.638053894000052, 18.71888732900004 ], [ 33.641387939000026, 18.715274811000029 ], [ 33.64499664300007, 18.705554962000065 ], [ 33.646659851000038, 18.700553894000052 ], [ 33.64804840100004, 18.688888550000058 ], [ 33.651382446000071, 18.685276031000058 ], [ 33.65638732900004, 18.682777405000024 ], [ 33.661941528000057, 18.682498932000044 ], [ 33.668609619000051, 18.682777405000024 ], [ 33.67360687300004, 18.684444427000074 ], [ 33.680831909000062, 18.691665649000072 ], [ 33.684700012000064, 18.697925568000073 ], [ 33.676383972000053, 18.71027755700004 ], [ 33.673049927000079, 18.713886261000027 ], [ 33.66471862800006, 18.719997406000061 ], [ 33.658332825000059, 18.721107483000026 ], [ 33.646659851000038, 18.71888732900004 ], [ 33.640289307000046, 18.720134735000045 ], [ 33.611663818000068, 18.734996796000075 ], [ 33.605270386000029, 18.735832214000027 ], [ 33.598884583000029, 18.735553741000047 ], [ 33.587219238000046, 18.733608246000074 ], [ 33.573608398000033, 18.733886719000054 ], [ 33.569442749000075, 18.736942291000048 ], [ 33.562774658000023, 18.744163513000046 ], [ 33.560829163000051, 18.748886108000022 ], [ 33.559997559000067, 18.759426117000032 ] ], [ [ 33.784912109000061, 18.357761383000025 ], [ 33.773887634000062, 18.390274048000038 ], [ 33.77304840100004, 18.395832062000068 ], [ 33.769439697000053, 18.405551910000042 ], [ 33.765548706000061, 18.421665192000034 ], [ 33.758888245000037, 18.441665649000072 ], [ 33.758049011000026, 18.447219849000078 ], [ 33.751106262000064, 18.460552216000053 ], [ 33.74443817100007, 18.467777252000076 ], [ 33.739440918000071, 18.470275879000042 ], [ 33.727493286000026, 18.473052979000045 ], [ 33.706108093000068, 18.474441528000057 ], [ 33.700553894000052, 18.476108551000038 ], [ 33.693244934000063, 18.482673645000034 ] ], [ [ 37.413989597249426, 11.635282825056802 ], [ 37.409845374726579, 11.624538544441998 ], [ 37.410075609311171, 11.615252416196347 ], [ 37.408080242911282, 11.606196522535297 ], [ 37.409001181249693, 11.600594147643292 ], [ 37.409998864449634, 11.597984822351126 ], [ 37.409308160695829, 11.593687110105204 ], [ 37.407926753188207, 11.588545204382406 ], [ 37.408387222357419, 11.585091685613362 ], [ 37.408233732634351, 11.581407932259713 ], [ 37.409922119588103, 11.578031158352205 ], [ 37.407773263465138, 11.574270660137023 ], [ 37.406084876511386, 11.570203182475705 ], [ 37.404319744696096, 11.565291511337509 ], [ 37.406161621372924, 11.561454268260793 ], [ 37.404549979280702, 11.556849576568734 ], [ 37.400789481065523, 11.557310045737941 ], [ 37.396568513681132, 11.556235617676464 ], [ 37.394496402419712, 11.553319312938156 ], [ 37.393268484635158, 11.548407641799963 ], [ 37.395110361311986, 11.545951806230862 ], [ 37.402631357742351, 11.549635559584509 ], [ 37.407389539157478, 11.545644826784725 ], [ 37.410152354172702, 11.537049402292885 ], [ 37.415453755169231, 11.541739235877071 ], [ 37.417980330049204, 11.545644826784729 ], [ 37.420512910479836, 11.545951806230866 ], [ 37.424196663833484, 11.547179724015415 ], [ 37.427189713433322, 11.543879694969439 ], [ 37.428724610664005, 11.540963390231136 ], [ 37.431871149986918, 11.540119196754258 ], [ 37.436015372509772, 11.536205208816007 ], [ 37.441383362000067, 11.529443741000023 ], [ 37.453887939000026, 11.530553818000044 ], [ 37.463882446000071, 11.534166336000055 ], [ 37.474441528000057, 11.533332825000059 ], [ 37.480552673000034, 11.525554657000043 ], [ 37.488883972000053, 11.519721985000047 ], [ 37.511940002000074, 11.518331528000033 ], [ 37.522216797000056, 11.507776260000071 ], [ 37.531944275000058, 11.503332138000076 ], [ 37.543884277000075, 11.504999161000057 ], [ 37.553886414000033, 11.508888245000037 ], [ 37.564163208000025, 11.505277634000038 ], [ 37.582221985000047, 11.494998932000044 ], [ 37.591941833000078, 11.491388321000045 ], [ 37.603881836000028, 11.488887787000067 ], [ 37.617218018000074, 11.487777710000046 ], [ 37.623329163000051, 11.480276108000055 ], [ 37.631103516000053, 11.460554123000065 ], [ 37.636383057000046, 11.452220917000034 ], [ 37.652221680000025, 11.439998627000023 ], [ 37.658332825000059, 11.432220459000064 ], [ 37.66221618700007, 11.422498703000031 ], [ 37.66471862800006, 11.411388397000053 ], [ 37.668052673000034, 11.401109695000059 ], [ 37.672492981000062, 11.391942978000031 ], [ 37.684165955000026, 11.375831604000041 ], [ 37.704719543000067, 11.341388702000074 ], [ 37.713882446000071, 11.336387634000062 ], [ 37.721382141000049, 11.329999924000049 ], [ 37.731384277000075, 11.314443588000074 ], [ 37.737495422000052, 11.306665421000048 ], [ 37.754714966000051, 11.295831680000049 ], [ 37.765274048000038, 11.29222106900005 ], [ 37.772773743000073, 11.285831451000035 ], [ 37.784996033000027, 11.270277023000062 ], [ 37.792495728000063, 11.263887405000048 ], [ 37.805831909000062, 11.262777328000027 ], [ 37.819160461000024, 11.263053894000052 ], [ 37.830276489000028, 11.259998322000058 ], [ 37.839996338000049, 11.255554199000073 ], [ 37.854995728000063, 11.242776871000046 ], [ 37.871665955000026, 11.218053818000044 ], [ 37.883049011000026, 11.214998245000061 ], [ 37.905548096000075, 11.219999313000073 ], [ 37.915275574000077, 11.216110229000037 ], [ 37.931106567000029, 11.203887939000026 ], [ 37.942214966000051, 11.200832367000032 ], [ 37.962776184000063, 11.208055496000043 ], [ 37.976104736000025, 11.206943512000066 ], [ 37.985832214000027, 11.202499390000071 ], [ 37.993331909000062, 11.195833206000032 ], [ 38.010276794000049, 11.17833328200004 ], [ 38.019165039000029, 11.173053741000047 ], [ 38.030548096000075, 11.175554276000071 ], [ 38.043884277000075, 11.173887253000032 ], [ 38.08833313000008, 11.161388397000053 ], [ 38.100273132000041, 11.159166336000055 ], [ 38.114440918000071, 11.158609390000038 ], [ 38.136383057000046, 11.164165497000056 ], [ 38.148887634000062, 11.165277481000032 ], [ 38.158607483000026, 11.161388397000053 ], [ 38.167495728000063, 11.15638732900004 ], [ 38.175827026000036, 11.150554657000043 ], [ 38.185554504000038, 11.146110535000048 ], [ 38.19666290300006, 11.145832062000068 ], [ 38.207771301000037, 11.155832291000024 ], [ 38.216941833000078, 11.160276413000076 ], [ 38.227493286000026, 11.159442902000023 ], [ 38.237220764000028, 11.154998779000039 ], [ 38.248886108000079, 11.152498245000061 ], [ 38.273605347000057, 11.155277252000076 ], [ 38.286109924000073, 11.154998779000039 ], [ 38.297492981000062, 11.151666641000077 ], [ 38.30499267600004, 11.148054123000065 ], [ 38.313049316000047, 11.136943817000031 ], [ 38.323883057000046, 11.126943588000074 ], [ 38.333610535000048, 11.122499466000022 ], [ 38.346107483000026, 11.12055397000006 ], [ 38.353881836000028, 11.114166260000047 ], [ 38.364440918000071, 11.098054886000057 ], [ 38.37527465800008, 11.088054657000043 ], [ 38.38666534400005, 11.08499908400006 ], [ 38.409721375000061, 11.089166641000077 ], [ 38.422492981000062, 11.089443207000045 ], [ 38.432777405000024, 11.085554123000065 ], [ 38.44027710000006, 11.079166412000063 ], [ 38.446388245000037, 11.071388245000037 ], [ 38.451942444000053, 11.063055038000073 ], [ 38.456382751000035, 11.053888321000045 ], [ 38.462760925000055, 11.046375275000059 ], [ 38.473327637000068, 11.036109924000073 ], [ 38.479438782000045, 11.028331757000046 ], [ 38.484161377000078, 11.019998550000025 ], [ 38.488052368000069, 11.010276794000049 ], [ 38.488327026000036, 10.997220993000042 ], [ 38.485832214000027, 10.985553741000047 ], [ 38.485549927000079, 10.973054886000057 ], [ 38.493331909000062, 10.954166412000063 ], [ 38.509437561000027, 10.928888321000045 ], [ 38.517776489000028, 10.909999847000051 ], [ 38.518882751000035, 10.89777755700004 ], [ 38.517776489000028, 10.884443283000053 ], [ 38.509994507000044, 10.864166260000047 ], [ 38.506942749000075, 10.853332520000038 ], [ 38.504997253000056, 10.840831757000046 ], [ 38.507499695000035, 10.829721451000069 ], [ 38.516662598000039, 10.811666489000061 ], [ 38.518493652000075, 10.800191879000067 ], [ 38.527496338000049, 10.792776108000055 ], [ 38.529159546000074, 10.783054352000022 ], [ 38.525276184000063, 10.774166107000042 ], [ 38.518051147000051, 10.764720917000034 ], [ 38.512771606000058, 10.755832672000054 ], [ 38.510551453000062, 10.746944427000074 ], [ 38.509437561000027, 10.738054276000071 ], [ 38.513610840000069, 10.711111069000026 ], [ 38.516105652000078, 10.68333244300004 ], [ 38.510826111000029, 10.673887253000032 ], [ 38.507217407000041, 10.664999008000052 ], [ 38.501937866000048, 10.65638732900004 ], [ 38.495277405000024, 10.646944046000044 ], [ 38.479995728000063, 10.628610611000056 ], [ 38.47471618700007, 10.619165421000048 ], [ 38.46888732900004, 10.589721680000025 ], [ 38.467773437000062, 10.571109772000057 ], [ 38.468605042000036, 10.552499771000043 ], [ 38.467964172000052, 10.538820267000062 ], [ 38.468605042000036, 10.513332367000032 ], [ 38.472496033000027, 10.503610611000056 ], [ 38.478607178000061, 10.493610382000043 ], [ 38.485832214000027, 10.483888626000066 ], [ 38.488327026000036, 10.472776413000076 ], [ 38.479438782000045, 10.452220917000034 ], [ 38.478050232000044, 10.433887482000046 ], [ 38.485275269000056, 10.415554047000057 ], [ 38.48610687300004, 10.405277252000076 ], [ 38.485275269000056, 10.396387100000027 ], [ 38.486938477000081, 10.387220383000056 ], [ 38.492713928000057, 10.374338150000028 ], [ 38.494720459000064, 10.368331909000062 ], [ 38.485549927000079, 10.359722137000063 ], [ 38.481666565000069, 10.351110458000051 ], [ 38.478332520000038, 10.333055496000043 ], [ 38.472770691000051, 10.314722061000055 ], [ 38.471107483000026, 10.305831909000062 ], [ 38.474757073376708, 10.29900129602134 ], [ 38.466775607777144, 10.293168686544734 ], [ 38.4610964880236, 10.291019830421771 ], [ 38.463882446000071, 10.279165268000042 ], [ 38.467850035838623, 10.275517368391844 ], [ 38.465827942000033, 10.269443512000066 ], [ 38.458640652454505, 10.266768454176933 ], [ 38.459715080515991, 10.256177663285198 ], [ 38.440528865132407, 10.236223999286276 ], [ 38.438606262000064, 10.226110458000051 ], [ 38.428604126000039, 10.223609924000073 ], [ 38.423332214000027, 10.211387634000062 ], [ 38.425827026000036, 10.201110840000069 ], [ 38.430274963000045, 10.190553665000039 ], [ 38.432777405000024, 10.180276871000046 ], [ 38.43193817100007, 10.17055511500007 ], [ 38.422492981000062, 10.166666031000034 ], [ 38.413330078000058, 10.159999847000051 ], [ 38.408050537000065, 10.150554657000043 ], [ 38.398887634000062, 10.146110535000048 ], [ 38.389717102000077, 10.144998550000025 ], [ 38.380554199000073, 10.145832062000068 ], [ 38.362495422000052, 10.15138816800004 ], [ 38.351943970000036, 10.151666641000077 ], [ 38.34333038300008, 10.142776489000028 ], [ 38.341682434000063, 10.139947891000077 ], [ 38.333885193000071, 10.125276566000025 ], [ 38.335273743000073, 10.105276108000055 ], [ 38.324440002000074, 10.099998474000074 ], [ 38.314720154000042, 10.099164963000021 ], [ 38.304718018000074, 10.091110229000037 ], [ 38.285827637000068, 10.090831757000046 ], [ 38.276664734000065, 10.087776184000063 ], [ 38.256942749000075, 10.089721680000025 ], [ 38.247215271000073, 10.092777252000076 ], [ 38.238327026000036, 10.094444275000058 ], [ 38.228881836000028, 10.088609695000059 ], [ 38.21888732900004, 10.08111000100007 ], [ 38.208885193000071, 10.075277328000027 ], [ 38.198883057000046, 10.068054199000073 ], [ 38.178886414000033, 10.051387787000067 ], [ 38.158050537000065, 10.036943436000058 ], [ 38.148887634000062, 10.033609390000038 ], [ 38.138610840000069, 10.038055420000035 ], [ 38.128608704000044, 10.033609390000038 ], [ 38.121383667000032, 10.024166107000042 ], [ 38.111938477000081, 10.01888847400005 ], [ 38.096382141000049, 10.011943817000031 ], [ 38.087219238000046, 10.005277634000038 ], [ 38.077217102000077, 9.999443054000039 ], [ 38.068054199000073, 9.996110916000021 ], [ 38.058609009000065, 9.987499237000065 ], [ 38.044715881000059, 9.969999313000073 ], [ 38.034721375000061, 9.963333130000024 ], [ 38.02555084200003, 9.963054657000043 ], [ 38.016387939000026, 9.961111069000026 ], [ 38.006660461000024, 9.957221985000047 ], [ 37.995826721000071, 9.949998856000036 ], [ 37.984443665000072, 9.946388245000037 ], [ 37.965553284000066, 9.941944122000052 ], [ 37.956382751000035, 9.936666489000061 ], [ 37.946388245000037, 9.936388016000024 ], [ 37.936660767000035, 9.937221527000077 ], [ 37.92999267600004, 9.927776337000068 ], [ 37.935272217000033, 9.918888092000032 ], [ 37.937217712000063, 9.904998779000039 ], [ 37.926383972000053, 9.902498245000061 ], [ 37.917770386000029, 9.911109924000073 ], [ 37.908050537000065, 9.918054581000035 ], [ 37.898330688000044, 9.916387558000054 ], [ 37.888885498000036, 9.910554886000057 ], [ 37.879714966000051, 9.903331757000046 ], [ 37.870552063000048, 9.90472221400006 ], [ 37.860832214000027, 9.904443741000023 ], [ 37.851387024000076, 9.897220612000069 ], [ 37.83554840100004, 9.879720688000077 ], [ 37.816108704000044, 9.861665726000069 ], [ 37.80693817100007, 9.857221603000028 ], [ 37.797775269000056, 9.857221603000028 ], [ 37.77888488800005, 9.853887558000054 ], [ 37.768325806000064, 9.853332520000038 ], [ 37.758605957000043, 9.857776642000033 ], [ 37.749443054000039, 9.853332520000038 ], [ 37.739997864000031, 9.845832825000059 ], [ 37.730827332000047, 9.841943741000023 ], [ 37.721939087000067, 9.843610764000061 ], [ 37.711387634000062, 9.841943741000023 ], [ 37.693817139000032, 9.84775352500003 ], [ 37.681106567000029, 9.864166260000047 ], [ 37.670829773000037, 9.867776871000046 ], [ 37.660957336000024, 9.870113373000038 ], [ 37.650276184000063, 9.880832672000054 ], [ 37.632217407000041, 9.891109467000035 ], [ 37.624717712000063, 9.89749908400006 ], [ 37.620277405000024, 9.90666580200002 ], [ 37.596107483000026, 9.922498703000031 ], [ 37.586105347000057, 9.939998627000023 ], [ 37.566940308000028, 9.955554962000065 ], [ 37.561103821000074, 9.963333130000024 ], [ 37.553054810000049, 9.983610153000029 ], [ 37.540275574000077, 9.999166489000061 ], [ 37.53083038300008, 10.007776260000071 ], [ 37.521110535000048, 10.012220383000056 ], [ 37.496109009000065, 10.01555442800003 ], [ 37.484992981000062, 10.01861000100007 ], [ 37.476661682000042, 10.024442673000067 ], [ 37.470550537000065, 10.032220840000036 ], [ 37.457221985000047, 10.033054352000022 ], [ 37.444717407000041, 10.032220840000036 ], [ 37.435829163000051, 10.037221909000039 ], [ 37.427497864000031, 10.043054581000035 ], [ 37.41722106900005, 10.053609848000065 ], [ 37.408332825000059, 10.058610916000021 ], [ 37.40083313000008, 10.061666489000061 ], [ 37.387496948000035, 10.062776566000025 ], [ 37.374992371000076, 10.061666489000061 ], [ 37.360832214000027, 10.062221527000077 ], [ 37.351661682000042, 10.057498932000044 ], [ 37.346382141000049, 10.048610687000064 ], [ 37.344993591000048, 10.024721146000047 ], [ 37.337493896000069, 10.01861000100007 ], [ 37.327217102000077, 10.014720917000034 ], [ 37.315551758000026, 10.015832901000067 ], [ 37.309997559000067, 10.024166107000042 ], [ 37.30693817100007, 10.034721375000061 ], [ 37.291938782000045, 10.047498703000031 ], [ 37.283050537000065, 10.079442978000031 ], [ 37.274719238000046, 10.084444046000044 ], [ 37.230270386000029, 10.092498779000039 ], [ 37.219718933000024, 10.096387863000075 ], [ 37.211387634000062, 10.101943970000036 ], [ 37.203887939000026, 10.108331680000049 ], [ 37.193885803000057, 10.119165421000048 ], [ 37.188331604000041, 10.127498627000023 ], [ 37.183883667000032, 10.13666534400005 ], [ 37.180549622000058, 10.146944046000044 ], [ 37.169998169000053, 10.163887024000076 ], [ 37.165832520000038, 10.173610687000064 ], [ 37.168327332000047, 10.185276031000058 ], [ 37.174163818000068, 10.193332672000054 ], [ 37.187217712000063, 10.208055496000043 ], [ 37.193054199000073, 10.216388702000074 ], [ 37.196105957000043, 10.227220535000072 ], [ 37.197219849000078, 10.238887787000067 ], [ 37.193885803000057, 10.249166489000061 ], [ 37.184440613000049, 10.253610611000056 ], [ 37.137496948000035, 10.259164810000073 ], [ 37.123603821000074, 10.259443283000053 ], [ 37.112495422000052, 10.261110306000035 ], [ 37.078330994000055, 10.269721985000047 ], [ 37.069442749000075, 10.281665802000077 ], [ 37.058609009000065, 10.291666031000034 ], [ 37.048332214000027, 10.295276642000033 ], [ 37.043884277000075, 10.297222137000063 ], [ 37.038887024000076, 10.295276642000033 ], [ 37.026939392000031, 10.293609619000051 ], [ 37.014999390000071, 10.296110153000029 ], [ 37.010276794000049, 10.298332214000027 ], [ 36.991943359000061, 10.314443588000074 ], [ 36.978050232000044, 10.321943283000053 ], [ 36.972496033000027, 10.323331833000054 ], [ 36.959442139000032, 10.324443817000031 ], [ 36.935554504000038, 10.320833206000032 ], [ 36.930831909000062, 10.323055267000029 ], [ 36.897216797000056, 10.325553894000052 ], [ 36.891662598000039, 10.326944351000066 ], [ 36.886108398000033, 10.328609467000035 ], [ 36.881942749000075, 10.33138847400005 ], [ 36.871940613000049, 10.341943741000023 ], [ 36.86360931400003, 10.347776413000076 ], [ 36.85805511500007, 10.349164963000021 ], [ 36.851943970000036, 10.349998474000074 ], [ 36.838607788000047, 10.349721909000039 ], [ 36.826660156000059, 10.35083198500007 ], [ 36.820549011000026, 10.350276947000054 ], [ 36.814720154000042, 10.349164963000021 ], [ 36.809997559000067, 10.347221375000061 ], [ 36.80638885500008, 10.34388732900004 ], [ 36.801383972000053, 10.341943741000023 ], [ 36.797218323000038, 10.344720840000036 ], [ 36.793884277000075, 10.348331451000035 ], [ 36.777221680000025, 10.352777481000032 ], [ 36.768882751000035, 10.358610153000029 ], [ 36.76166534400005, 10.37055397000006 ], [ 36.759719849000078, 10.375276566000025 ], [ 36.755554199000073, 10.378332138000076 ], [ 36.75, 10.376943588000074 ], [ 36.745826721000071, 10.374443054000039 ], [ 36.741386414000033, 10.364999771000043 ], [ 36.736938477000024, 10.362220764000028 ], [ 36.731384277000075, 10.361110687000064 ], [ 36.719444275000058, 10.36194419900005 ], [ 36.703605652000078, 10.367221832000041 ], [ 36.69666290300006, 10.367498398000066 ], [ 36.691665649000072, 10.365554810000049 ], [ 36.685272217000033, 10.358331680000049 ], [ 36.685272217000033, 10.338333130000024 ], [ 36.683052063000048, 10.333610535000048 ], [ 36.678886414000033, 10.330831528000033 ], [ 36.667495728000063, 10.328609467000035 ], [ 36.660552979000045, 10.328609467000035 ], [ 36.64804840100004, 10.330276489000028 ], [ 36.643882751000035, 10.333332062000068 ], [ 36.639160156000059, 10.335554123000065 ], [ 36.622215271000073, 10.353054047000057 ], [ 36.618049622000058, 10.355833054000072 ], [ 36.614715576000037, 10.359443665000072 ], [ 36.603050232000044, 10.367221832000041 ], [ 36.598327637000068, 10.369443893000039 ], [ 36.586387634000062, 10.37055397000006 ], [ 36.574440002000074, 10.368888855000023 ], [ 36.567497253000056, 10.368888855000023 ], [ 36.562492371000076, 10.371110916000021 ], [ 36.558609009000065, 10.374166489000061 ], [ 36.545272827000076, 10.374998093000045 ], [ 36.53971862800006, 10.376665115000037 ], [ 36.535552979000045, 10.379444122000052 ], [ 36.527496338000049, 10.391942978000031 ], [ 36.521110535000048, 10.405832291000024 ], [ 36.517219543000067, 10.422498703000031 ], [ 36.516662598000039, 10.428609848000065 ], [ 36.517776489000028, 10.441665649000072 ], [ 36.51999664300007, 10.446664810000073 ], [ 36.52304840100004, 10.450553894000052 ], [ 36.53083038300008, 10.456665039000029 ], [ 36.536659241000052, 10.464721680000025 ], [ 36.536659241000052, 10.471387863000075 ], [ 36.535552979000045, 10.476943970000036 ], [ 36.532775879000042, 10.481388092000032 ], [ 36.529441833000078, 10.484722137000063 ], [ 36.525276184000063, 10.487499237000065 ], [ 36.519721985000047, 10.489166260000047 ], [ 36.512771606000058, 10.489442825000026 ], [ 36.500831604000041, 10.487499237000065 ], [ 36.495277405000024, 10.487777710000046 ], [ 36.484161377000078, 10.49083328200004 ], [ 36.47721862800006, 10.491109848000065 ], [ 36.464721680000025, 10.489999771000043 ], [ 36.459159851000038, 10.48860931400003 ], [ 36.454162598000039, 10.486665726000069 ], [ 36.447494507000044, 10.479442596000069 ], [ 36.44082641600005, 10.465276718000041 ], [ 36.435829163000051, 10.463333130000024 ], [ 36.428054810000049, 10.457221985000047 ], [ 36.425277710000046, 10.453332901000067 ], [ 36.420829773000037, 10.443609238000022 ], [ 36.419166565000069, 10.438331604000041 ], [ 36.418052673000034, 10.426666260000047 ], [ 36.419998169000053, 10.414999008000052 ], [ 36.419715881000059, 10.408054352000022 ], [ 36.418884277000075, 10.401943207000045 ], [ 36.414993286000026, 10.391666412000063 ], [ 36.41221618700007, 10.387498856000036 ], [ 36.408050537000065, 10.384998322000058 ], [ 36.39804840100004, 10.381109238000022 ], [ 36.395271301000037, 10.376943588000074 ], [ 36.391387939000026, 10.366943359000061 ], [ 36.388610840000069, 10.362777710000046 ], [ 36.378608704000044, 10.358888626000066 ], [ 36.374992371000076, 10.355554581000035 ], [ 36.372215271000073, 10.351665497000056 ], [ 36.371940613000049, 10.346109390000038 ], [ 36.369163513000046, 10.341943741000023 ], [ 36.362495422000052, 10.334720612000069 ], [ 36.35805511500007, 10.325277328000027 ], [ 36.355827332000047, 10.313610077000021 ], [ 36.353332520000038, 10.308887482000046 ], [ 36.351943970000036, 10.30333328200004 ], [ 36.34971618700007, 10.298610687000064 ], [ 36.346664429000043, 10.294443130000047 ], [ 36.336936951000041, 10.290554047000057 ], [ 36.332771301000037, 10.288055420000035 ], [ 36.326942444000053, 10.279998779000039 ], [ 36.326110840000069, 10.277221680000025 ], [ 36.316665649000072, 10.265832901000067 ], [ 36.309997559000067, 10.251665115000037 ], [ 36.308326721000071, 10.246110916000021 ], [ 36.30499267600004, 10.221387863000075 ], [ 36.303329468000072, 10.216110229000037 ], [ 36.300552368000069, 10.211942673000067 ], [ 36.296943665000072, 10.208610535000048 ], [ 36.291381836000028, 10.207498550000025 ], [ 36.285827637000068, 10.208887100000027 ], [ 36.281105042000036, 10.211111069000026 ], [ 36.274719238000046, 10.211942673000067 ], [ 36.269721985000047, 10.209165573000064 ], [ 36.266105652000078, 10.20611000100007 ], [ 36.254440308000028, 10.189722061000055 ], [ 36.248054504000038, 10.182498932000044 ], [ 36.245826721000071, 10.177776337000068 ], [ 36.243331909000062, 10.166110992000029 ], [ 36.238883972000053, 10.15638732900004 ], [ 36.221664429000043, 10.139165878000028 ], [ 36.217498779000039, 10.136388779000072 ], [ 36.207771301000037, 10.132776260000071 ], [ 36.194999695000035, 10.13166618300005 ], [ 36.183326721000071, 10.133888245000037 ], [ 36.177772522000055, 10.134164810000073 ], [ 36.173332214000027, 10.131387711000059 ], [ 36.166381836000028, 10.124721527000077 ], [ 36.161384583000029, 10.122776031000058 ], [ 36.149436951000041, 10.121110916000021 ], [ 36.137496948000035, 10.123332977000075 ], [ 36.132774353000059, 10.125555038000073 ], [ 36.126106262000064, 10.132776260000071 ], [ 36.12527465800008, 10.131942749000075 ], [ 36.121739012636127, 10.130351778770567 ], [ 36.117211710281502, 10.131243122003708 ], [ 36.112684407926885, 10.130128942575153 ], [ 36.106119819512685, 10.129906106224887 ], [ 36.0988761357453, 10.131243122003708 ], [ 36.090953356624716, 10.135031303099108 ], [ 36.08393603797505, 10.138150948031802 ], [ 36.074881433265816, 10.139487929419957 ], [ 36.069675035558006, 10.138596609114408 ], [ 36.061752256437423, 10.137259624007054 ], [ 36.056545858729613, 10.140379247245772 ], [ 36.049981270315406, 10.143276013051526 ], [ 36.04477487260759, 10.140824905228717 ], [ 36.03662572836928, 10.138373778650587 ], [ 36.03006113995508, 10.1345856370584 ], [ 36.027118393424587, 10.126340703564285 ], [ 36.019421979421729, 10.121883894515495 ], [ 36.011272835183412, 10.121883894515495 ], [ 36.006066437475596, 10.126117864582138 ], [ 36.003051758000026, 10.130277634000038 ], [ 35.999717712000063, 10.133888245000037 ], [ 35.995552063000048, 10.13666534400005 ], [ 35.989541783881243, 10.147732524664377 ], [ 35.985275269000056, 10.147220612000069 ], [ 35.98275083034931, 10.146172752655767 ], [ 35.979128988465618, 10.144612973048188 ], [ 35.970527113991835, 10.140156418021803 ], [ 35.963509795342176, 10.135476968520146 ], [ 35.959208858105285, 10.130574614811135 ], [ 35.958756127869833, 10.123666625563287 ], [ 35.957397937163449, 10.116089950230247 ], [ 35.948116967336482, 10.107844541604834 ], [ 35.936798711449931, 10.100044636045435 ], [ 35.929328662564807, 10.097370339161396 ], [ 35.921405883444223, 10.091130226663298 ], [ 35.912351278734981, 10.084221389601922 ], [ 35.904202134496671, 10.07931825405654 ], [ 35.899222101906581, 10.064831281627555 ], [ 35.902391213554822, 10.055247234787585 ], [ 35.901712118201623, 10.051012332819626 ], [ 35.89514752978743, 10.044548428120541 ], [ 35.88994113207962, 10.035632485560456 ], [ 35.883150178547687, 10.021812289422966 ], [ 35.879075606428529, 10.012672803806762 ], [ 35.869341906366103, 10.006876899054447 ], [ 35.856891824890894, 10.006653977574494 ], [ 35.850893149271023, 10.009663404640104 ], [ 35.847271307387331, 10.010555081376157 ], [ 35.840367171296528, 10.010555081376157 ], [ 35.835839868941918, 10.012561345075973 ], [ 35.830180740998642, 10.012338427499554 ], [ 35.824408430496504, 10.011669673851589 ], [ 35.819202032788695, 10.011892591887356 ], [ 35.815353825787263, 10.015013428309738 ], [ 35.810826523432645, 10.022035200488769 ], [ 35.80686513387235, 10.029725538382712 ], [ 35.800753275693616, 10.040313386033318 ], [ 35.791698670984374, 10.047223162977327 ], [ 35.78717136862975, 10.045997245580452 ], [ 35.783050537000065, 10.045276642000033 ], [ 35.777496338000049, 10.046665192000034 ], [ 35.776079477860932, 10.050900887281674 ], [ 35.772797183653829, 10.054244236705138 ], [ 35.76589304756304, 10.055804454599215 ], [ 35.756498895177202, 10.055247234787586 ], [ 35.750160671880735, 10.054021347819591 ], [ 35.744161996260864, 10.053687014203025 ], [ 35.737257860170068, 10.050120767440234 ], [ 35.73318328805091, 10.04544000886389 ], [ 35.730240541520402, 10.040313386033318 ], [ 35.729900993843813, 10.034072170362117 ], [ 35.734088748521835, 10.026381935634618 ], [ 35.73805013808213, 10.020363363759715 ], [ 35.741219249730364, 10.013675930661158 ], [ 35.742690622995617, 10.005650829020913 ], [ 35.740087424141706, 10.000189188098165 ], [ 35.73974787646511, 9.994504525556478 ], [ 35.739974241582843, 9.986590418091126 ], [ 35.737484225287801, 9.978453177319256 ], [ 35.732617375256588, 9.969646893155378 ], [ 35.727184612431046, 9.965522349126919 ], [ 35.721072754252305, 9.962735465518453 ], [ 35.714508165838112, 9.962735465518453 ], [ 35.707377664629583, 9.96240103788519 ], [ 35.697530782008286, 9.963738746360894 ], [ 35.692890297094799, 9.963850221819554 ], [ 35.689721185446572, 9.961620705407547 ], [ 35.688888550000058, 9.956665039000029 ], [ 35.68575979588627, 9.94723995859087 ], [ 35.681006128413927, 9.942334752832222 ], [ 35.674441539999727, 9.942000304304011 ], [ 35.664161682000042, 9.947776794000049 ], [ 35.65803006896423, 9.955377978400419 ], [ 35.655200504992592, 9.960282988246094 ], [ 35.651805028226626, 9.9621780859392 ], [ 35.644787709576967, 9.961397752928224 ], [ 35.639807676986884, 9.959279696775551 ], [ 35.633356271131554, 9.963738746360894 ], [ 35.629714966000051, 9.966665268000042 ], [ 35.628608704000044, 9.978887558000054 ], [ 35.627494812000066, 9.984443665000072 ], [ 35.627018047835087, 9.990380296398026 ], [ 35.622038015245003, 9.999297482902035 ], [ 35.613888871006687, 10.007657123029086 ], [ 35.608116560504541, 10.013564472274915 ], [ 35.603476075591061, 10.020920643627205 ], [ 35.600759694178286, 10.02838810142398 ], [ 35.600533329060553, 10.038753093397178 ], [ 35.597816947647786, 10.047334609782968 ], [ 35.590233716203798, 10.052461121316481 ], [ 35.57789681728746, 10.059036310554495 ], [ 35.568955395137088, 10.066280008143487 ], [ 35.56125898113423, 10.069846076476923 ], [ 35.553109836895914, 10.071851972594503 ], [ 35.544847510098734, 10.072186287401475 ], [ 35.53703791353702, 10.073969293853159 ], [ 35.53047332512282, 10.076755221699042 ], [ 35.518362791324222, 10.087007228829439 ], [ 35.511119107556823, 10.091687384483484 ], [ 35.501838137729855, 10.09402743679785 ], [ 35.496383667000032, 10.098888397000053 ], [ 35.488256230665996, 10.104390321057725 ], [ 35.483842110870242, 10.107621689786452 ], [ 35.461545146773737, 10.116869910358879 ], [ 35.447850057151015, 10.119989731927147 ], [ 35.438908635000644, 10.122329578205861 ], [ 35.428495839585018, 10.121438210206232 ], [ 35.424194902348127, 10.118652669252963 ], [ 35.416381836000028, 10.112499237000065 ], [ 35.409481169695617, 10.111187300336438 ], [ 35.403482494075746, 10.115087141567074 ], [ 35.397483818455875, 10.118095558161896 ], [ 35.392277420748066, 10.121995315496111 ], [ 35.384694189304078, 10.126897800342435 ], [ 35.376205497389165, 10.128680503530719 ], [ 35.367943170591985, 10.12790057210499 ], [ 35.360133574030264, 10.128680503530719 ], [ 35.353332520000038, 10.133888245000037 ], [ 35.350852604203297, 10.142607530960134 ], [ 35.348871909423139, 10.154361470899012 ], [ 35.345533023936611, 10.161770130603809 ], [ 35.338232748889787, 10.171350999805057 ], [ 35.329744056974882, 10.181767083798007 ], [ 35.326178806370621, 10.185610365813886 ], [ 35.321388245000037, 10.190832138000076 ], [ 35.316841245264214, 10.194522145854666 ], [ 35.313955090013145, 10.19897794241496 ], [ 35.31412486385144, 10.205772912133742 ], [ 35.314803959204632, 10.210896891714214 ], [ 35.316558288867057, 10.214851210833526 ], [ 35.317690114455715, 10.22409632839411 ], [ 35.317520340617406, 10.243643853430891 ], [ 35.315596237116701, 10.250549243834113 ], [ 35.319331261559256, 10.255059941790311 ], [ 35.322160825530894, 10.259570575500392 ], [ 35.320746043545078, 10.264916428518342 ], [ 35.319444444118126, 10.26842459547523 ], [ 35.320576269706777, 10.270206506646783 ], [ 35.321425138898263, 10.274104402324976 ], [ 35.324877206943661, 10.280396618200983 ], [ 35.326801310444381, 10.284962572491695 ], [ 35.327989727312463, 10.290140952938598 ], [ 35.328048706000061, 10.295276642000033 ], [ 35.332064299431622, 10.305174479107258 ], [ 35.333365898858581, 10.309907107482088 ], [ 35.332743394784821, 10.314138573815237 ], [ 35.32906496162169, 10.319093771303631 ], [ 35.323632198796147, 10.329449325319334 ], [ 35.321198773780537, 10.340862309565813 ], [ 35.320066948191887, 10.348544962944263 ], [ 35.317771912000069, 10.360832214000027 ], [ 35.320463087147907, 10.366748759963041 ], [ 35.320859226103934, 10.374096782063569 ], [ 35.321651504015989, 10.382223938909725 ], [ 35.32119877378053, 10.388792308613063 ], [ 35.318672180000078, 10.394363403000057 ], [ 35.312002690872731, 10.409025359166391 ], [ 35.30982392661457, 10.412476257472232 ], [ 35.30770175363584, 10.416622850883318 ], [ 35.304759007105325, 10.424693243622547 ], [ 35.296836227984748, 10.435323579683377 ], [ 35.29457257680744, 10.439775968553182 ], [ 35.294715881000059, 10.444999695000035 ], [ 35.291107178000061, 10.448610306000035 ], [ 35.283050537000065, 10.454166412000063 ], [ 35.273330688000044, 10.458610535000048 ], [ 35.269165039000029, 10.458610535000048 ], [ 35.266387939000026, 10.460832596000046 ], [ 35.245281572421533, 10.477896935744141 ], [ 35.241999278214429, 10.488469804498044 ], [ 35.235774237476832, 10.498819736686585 ], [ 35.229775561856961, 10.503271213888443 ], [ 35.220947322265445, 10.507166203843585 ], [ 35.215740924557636, 10.514733472494191 ], [ 35.212911360585998, 10.521744158796613 ], [ 35.206573137289531, 10.527530636995929 ], [ 35.202838112846969, 10.533984657635587 ], [ 35.192214966000051, 10.54555511500007 ], [ 35.186943054000039, 10.554164886000024 ], [ 35.182777405000024, 10.556943893000039 ], [ 35.170272827000076, 10.558610916000021 ], [ 35.158332825000059, 10.561666489000061 ], [ 35.154159546000074, 10.564443588000074 ], [ 35.155695301740749, 10.573747900314183 ], [ 35.155081342848476, 10.581115407021477 ], [ 35.154774363402339, 10.58848291372877 ], [ 35.157230198971433, 10.610278454404515 ], [ 35.159379055094398, 10.625934406157516 ], [ 35.158458116755988, 10.634529830649358 ], [ 35.15661624007916, 10.641897337356653 ], [ 35.156923219525297, 10.646195049602573 ], [ 35.15661624007916, 10.654790474094417 ], [ 35.157230198971433, 10.661237042463299 ], [ 35.158151137309851, 10.671060384739691 ], [ 35.158765096202124, 10.680269768123809 ], [ 35.158151137309851, 10.693162904861573 ], [ 35.162141870109636, 10.698688534892044 ], [ 35.163983746786457, 10.706363021045474 ], [ 35.166439582355551, 10.712195630522082 ], [ 35.170430315155336, 10.717721260552553 ], [ 35.175648965739668, 10.722018972798475 ], [ 35.182709493000829, 10.732763253413278 ], [ 35.191304917492673, 10.744121492920357 ], [ 35.191123718004405, 10.777218591454696 ], [ 35.179161072000056, 10.789165497000056 ], [ 35.183625373479558, 10.796953496089927 ], [ 35.187926310716449, 10.804068862187977 ], [ 35.192453613071073, 10.823857587147501 ], [ 35.191887700276745, 10.834529615675054 ], [ 35.185829163000051, 10.842498779000039 ], [ 35.187492371000076, 10.85499954200003 ], [ 35.192214966000051, 10.871387482000046 ], [ 35.199440002000074, 10.884998322000058 ], [ 35.202499390000071, 10.888887405000048 ], [ 35.203887939000026, 10.894443512000066 ], [ 35.204162598000039, 10.901109695000059 ], [ 35.202774048000038, 10.906665802000077 ], [ 35.19971466100003, 10.91722106900005 ], [ 35.193603516000053, 10.931665421000048 ], [ 35.192497253000056, 10.937221527000077 ], [ 35.193603516000053, 10.957221985000047 ], [ 35.193603516000053, 10.96388816800004 ], [ 35.192497253000056, 10.969444275000058 ], [ 35.190551758000026, 10.974443436000058 ], [ 35.18249511700003, 10.98694419900005 ], [ 35.181106567000029, 10.992498398000066 ], [ 35.18193817100007, 11.004165649000072 ], [ 35.188606262000064, 11.018331528000033 ], [ 35.191665649000072, 11.029443741000023 ], [ 35.194160461000024, 11.040832520000038 ], [ 35.195274353000059, 11.053888321000045 ], [ 35.203319138722165, 11.062885913938382 ], [ 35.206035520134932, 11.089543733886979 ], [ 35.206488250370398, 11.113089453068959 ], [ 35.190189961893765, 11.133968029286528 ], [ 35.175249864123522, 11.144628852599185 ], [ 35.16800618035613, 11.149514932712492 ], [ 35.161659241000052, 11.144165039000029 ], [ 35.133049011000026, 11.150833130000024 ], [ 35.128051758000026, 11.153055191000021 ], [ 35.117218018000074, 11.162776947000054 ], [ 35.115272522000055, 11.167776108000055 ], [ 35.112495422000052, 11.171943665000072 ], [ 35.110832214000027, 11.183610916000077 ], [ 35.107498169000053, 11.19416618300005 ], [ 35.109377614863824, 11.205254843312565 ], [ 35.101002105507774, 11.211472176356727 ], [ 35.076667855351701, 11.218244476253833 ], [ 35.068971441348843, 11.218133456223777 ], [ 35.06048274943393, 11.218577536088004 ], [ 35.056521359873642, 11.222796260746126 ], [ 35.04939085866512, 11.226681873668108 ], [ 35.044269347876458, 11.230539680468034 ], [ 35.03559673430339, 11.233953380164429 ], [ 35.030107380198416, 11.235230037965257 ], [ 35.026372355755854, 11.235285544697984 ], [ 35.02309006154875, 11.235729598175258 ], [ 35.018223211517544, 11.237006248114103 ], [ 35.012564083574269, 11.237727830362266 ], [ 35.010526797514693, 11.234230914949608 ], [ 35.006660461000024, 11.233331680000049 ], [ 34.988908928771387, 11.232565702233414 ], [ 34.976458847296186, 11.232343673145024 ], [ 34.962219238000046, 11.233888626000066 ], [ 34.938606262000064, 11.239166260000047 ], [ 34.923715774864874, 11.238560423020328 ], [ 34.911718423625132, 11.242334812915164 ], [ 34.906285660799597, 11.247219244118719 ], [ 34.900626532856322, 11.248773363956655 ], [ 34.894741039795321, 11.241890769610052 ], [ 34.88523370485062, 11.237894349086195 ], [ 34.871425432669028, 11.239670542824697 ], [ 34.861381531000063, 11.246387482000046 ], [ 34.849694381366874, 11.247774287880373 ], [ 34.841205689451961, 11.248107313624104 ], [ 34.829321520771089, 11.249661428671249 ], [ 34.818885803000057, 11.254165649000072 ], [ 34.808326721000071, 11.257776260000071 ], [ 34.800827026000036, 11.264165878000028 ], [ 34.7925371891398, 11.284737792836831 ], [ 34.781898028606449, 11.296502955990507 ], [ 34.768882034336933, 11.3016639366336 ], [ 34.75784673484754, 11.301719430544333 ], [ 34.744491192901421, 11.300221091184428 ], [ 34.739001838796447, 11.295726026130241 ], [ 34.733908623647494, 11.297390873253907 ], [ 34.728985182336849, 11.300665044403678 ], [ 34.724344697423362, 11.306436373690289 ], [ 34.718556570441308, 11.319707954427697 ], [ 34.712416981518565, 11.331066193934776 ], [ 34.701979680349901, 11.346415166241639 ], [ 34.669132879613215, 11.387857391470167 ], [ 34.640830994000055, 11.396944046000044 ], [ 34.621109009000065, 11.405553818000044 ], [ 34.600062504232319, 11.424080966114365 ], [ 34.582871655248631, 11.438202020636679 ], [ 34.566908724049497, 11.446183486236247 ], [ 34.547775269000056, 11.457221985000047 ], [ 34.514717102000077, 11.485553741000047 ], [ 34.49388885500008, 11.500276566000025 ], [ 34.486787088607677, 11.515253861617131 ], [ 34.483103335254029, 11.522621368324426 ], [ 34.481875417469482, 11.529067936693307 ], [ 34.475428849100602, 11.540733155646523 ], [ 34.457317061778504, 11.548407641799955 ], [ 34.450256534517344, 11.553012333492013 ], [ 34.431530788302972, 11.559765881307033 ], [ 34.423242343257265, 11.56682640856819 ], [ 34.412498062642463, 11.577570689182993 ], [ 34.398070028674013, 11.592919661489857 ], [ 34.385790850828528, 11.607654674904442 ], [ 34.378730323567375, 11.617784996626972 ], [ 34.376888446890547, 11.626073441672677 ], [ 34.377502405782813, 11.635896783949072 ], [ 34.376581467444403, 11.643264290656365 ], [ 34.374432611321438, 11.646334085117738 ], [ 34.375353549659863, 11.652166694594344 ], [ 34.369520940183257, 11.653394612378893 ], [ 34.366758125168019, 11.657385345178676 ], [ 34.365530207383472, 11.661990036870735 ], [ 34.363074371814371, 11.668743584685755 ], [ 34.366451145721882, 11.685320474777168 ], [ 34.373204693536906, 11.70189736486858 ], [ 34.382414076921023, 11.728297597236383 ], [ 34.395307213658782, 11.758381582957833 ], [ 34.402060761473805, 11.774958473049246 ], [ 34.399604925904697, 11.782019000310399 ], [ 34.398527107827455, 11.789150699401812 ], [ 34.39745606978174, 11.792456301479065 ], [ 34.394693254766501, 11.793377239817477 ], [ 34.389781583628306, 11.796140054832714 ], [ 34.385483871382384, 11.804121520432281 ], [ 34.383641994705563, 11.807805273785929 ], [ 34.381800118028735, 11.811489027139576 ], [ 34.381186159136462, 11.82100538996983 ], [ 34.375549316000047, 11.829166412000063 ], [ 34.365554810000049, 11.846387863000075 ], [ 34.364997864000031, 11.85805511500007 ], [ 34.36749267600004, 11.869720459000064 ], [ 34.366661072000056, 11.909166336000055 ], [ 34.364997864000031, 11.920831680000049 ], [ 34.362220764000028, 11.931943893000039 ], [ 34.359718323000038, 11.969720840000036 ], [ 34.356384277000075, 11.980276108000055 ], [ 34.349998474000074, 11.987777710000046 ], [ 34.339164734000065, 12.004720688000077 ], [ 34.326385498000036, 12.033054352000022 ], [ 34.311386108000079, 12.059444427000074 ], [ 34.30749511700003, 12.06916618300005 ], [ 34.304718018000074, 12.080276489000028 ], [ 34.30638885500008, 12.092498779000039 ], [ 34.311660767000035, 12.101387024000076 ], [ 34.31527710000006, 12.111665726000069 ], [ 34.312774658000023, 12.122776031000058 ], [ 34.307220459000064, 12.131109238000022 ], [ 34.305549622000058, 12.142776489000028 ], [ 34.30693817100007, 12.153888702000074 ], [ 34.31527710000006, 12.173610687000064 ], [ 34.326942444000053, 12.189998627000023 ], [ 34.333328247000054, 12.197498322000058 ], [ 34.344161987000064, 12.206943512000066 ], [ 34.349998474000074, 12.219165802000077 ], [ 34.344444275000058, 12.227499008000052 ], [ 34.340553284000066, 12.237220764000028 ], [ 34.339164734000065, 12.249721527000077 ], [ 34.338882446000071, 12.262777328000027 ], [ 34.341941833000078, 12.273611069000026 ], [ 34.346939087000067, 12.282499313000073 ], [ 34.349441528000057, 12.294166565000069 ], [ 34.346107483000026, 12.304443359000061 ], [ 34.346939087000067, 12.316110611000056 ], [ 34.350830078000058, 12.326387405000048 ], [ 34.353050232000044, 12.338054657000043 ], [ 34.353332520000038, 12.350555420000035 ], [ 34.351387024000076, 12.362220764000028 ], [ 34.348052979000045, 12.372499466000022 ], [ 34.341941833000078, 12.380277634000038 ], [ 34.330276489000028, 12.389444351000066 ], [ 34.302215576000037, 12.403888702000074 ], [ 34.282775879000042, 12.412498474000074 ], [ 34.274436951000041, 12.418054581000035 ], [ 34.269721985000047, 12.427221298000063 ], [ 34.263885498000036, 12.448610306000035 ], [ 34.258331299000076, 12.456943512000066 ], [ 34.239440918000071, 12.466110229000037 ], [ 34.200828552000075, 12.470275879000042 ], [ 34.19027710000006, 12.474164963000021 ], [ 34.18138885500008, 12.478887558000054 ], [ 34.166664124000079, 12.491664886000024 ], [ 34.160552979000045, 12.499443054000039 ], [ 34.149719238000046, 12.516109467000035 ], [ 34.145553589000031, 12.525833130000024 ], [ 34.143608093000068, 12.537498474000074 ], [ 34.145271301000037, 12.549999237000065 ], [ 34.156661987000064, 12.559165955000026 ], [ 34.17610931400003, 12.567777634000038 ], [ 34.18249511700003, 12.575277328000027 ], [ 34.184165955000026, 12.587499619000027 ], [ 34.183609009000065, 12.600555420000035 ], [ 34.180274963000045, 12.610277176000068 ], [ 34.169441223000035, 12.620277405000024 ], [ 34.141387939000026, 12.634443283000053 ], [ 34.133888245000037, 12.640832901000067 ], [ 34.132499695000035, 12.651943207000045 ], [ 34.139999390000071, 12.672498703000031 ], [ 34.14249420200008, 12.683887482000046 ], [ 34.143325806000064, 12.696943283000053 ], [ 34.142219543000067, 12.71027755700004 ], [ 34.138053894000052, 12.719999313000073 ], [ 34.130554199000073, 12.731666565000069 ], [ 34.130271912000069, 12.743331909000062 ], [ 34.135276794000049, 12.752222061000055 ], [ 34.143882751000035, 12.764444351000066 ], [ 34.143608093000068, 12.776109695000059 ], [ 34.132499695000035, 12.786109924000073 ], [ 34.11360931400003, 12.795276642000033 ], [ 34.095550537000065, 12.805276871000046 ], [ 34.078887939000026, 12.816665649000072 ], [ 34.06832885700004, 12.827220917000034 ], [ 34.062217712000063, 12.834720612000069 ], [ 34.052772522000055, 12.852777481000032 ], [ 34.049438477000024, 12.863332748000062 ], [ 34.040550232000044, 12.881942749000075 ], [ 34.028053284000066, 12.89055442800003 ], [ 34.018882751000035, 12.885831833000054 ], [ 34.009994507000044, 12.866664886000024 ], [ 34.004714966000051, 12.857776642000033 ], [ 33.994163513000046, 12.856109619000051 ], [ 33.98860931400003, 12.864442825000026 ], [ 33.987495422000052, 12.876665115000037 ], [ 33.992774963000045, 12.885555267000029 ], [ 33.999160767000035, 12.893054962000065 ], [ 34.006942749000075, 12.899166107000042 ], [ 34.013610840000069, 12.90638732900004 ], [ 34.018051147000051, 12.916110992000029 ], [ 34.018882751000035, 12.927776337000068 ], [ 34.014160156000059, 12.936666489000061 ], [ 34.008049011000026, 12.944442749000075 ], [ 33.989715576000037, 12.954442978000031 ], [ 33.981384277000075, 12.95999908400006 ], [ 33.973327637000068, 12.972499847000051 ], [ 33.972770691000051, 12.984165192000034 ], [ 33.978607178000061, 12.992498398000066 ], [ 33.98860931400003, 13.003332138000076 ], [ 33.989440918000071, 13.014999390000071 ], [ 33.983329773000037, 13.02249908400006 ], [ 33.972221375000061, 13.025554657000043 ], [ 33.962219238000046, 13.02972221400006 ], [ 33.953887939000026, 13.035554886000057 ], [ 33.944160461000024, 13.046665192000034 ], [ 33.94027710000006, 13.055831909000062 ], [ 33.938331604000041, 13.067499161000057 ], [ 33.938606262000064, 13.079721451000069 ], [ 33.944442749000075, 13.088054657000043 ], [ 33.96638488800005, 13.094999313000073 ], [ 33.971664429000043, 13.103887558000054 ], [ 33.973884583000029, 13.115554810000049 ], [ 33.97471618700007, 13.128610611000056 ], [ 33.974441528000057, 13.141666412000063 ], [ 33.972496033000027, 13.153331757000046 ], [ 33.967773437000062, 13.162498474000074 ], [ 33.957221985000047, 13.164720535000072 ], [ 33.939437866000048, 13.15472221400006 ], [ 33.928886414000033, 13.155553818000044 ], [ 33.92110443100006, 13.161943436000058 ], [ 33.919166565000069, 13.173610687000064 ], [ 33.92360687300004, 13.18305397000006 ], [ 33.935272217000033, 13.192499161000057 ], [ 33.951660156000059, 13.203887939000026 ], [ 33.956665039000029, 13.212776184000063 ], [ 33.956939697000053, 13.225276947000054 ], [ 33.952217102000077, 13.234165192000034 ], [ 33.944442749000075, 13.240554810000049 ], [ 33.93193817100007, 13.242221832000041 ], [ 33.922218323000038, 13.246387482000046 ], [ 33.918884277000075, 13.256942749000075 ], [ 33.91471862800006, 13.266387939000026 ], [ 33.903610229000037, 13.27638816800004 ], [ 33.891662598000039, 13.274442673000067 ], [ 33.879714966000051, 13.276666641000077 ], [ 33.872215271000073, 13.289999008000052 ], [ 33.874443054000039, 13.301666260000047 ], [ 33.874717712000063, 13.314722061000055 ], [ 33.868606567000029, 13.322221756000033 ], [ 33.857772827000076, 13.320554733000051 ], [ 33.842498779000039, 13.300832748000062 ], [ 33.832771301000037, 13.298332214000027 ], [ 33.814437866000048, 13.30805397000006 ], [ 33.801383972000053, 13.322776794000049 ], [ 33.790275574000077, 13.332777023000062 ], [ 33.779716492000034, 13.336387634000062 ], [ 33.766937256000062, 13.33527755700004 ], [ 33.757774353000059, 13.330554962000065 ], [ 33.741943359000061, 13.318332672000054 ], [ 33.731941223000035, 13.314443588000074 ], [ 33.719993591000048, 13.31527710000006 ], [ 33.711662292000028, 13.321109772000057 ], [ 33.702774048000038, 13.332777023000062 ], [ 33.699996948000035, 13.34388732900004 ], [ 33.69971466100003, 13.356943130000047 ], [ 33.697776794000049, 13.368610382000043 ], [ 33.693054199000073, 13.37777710000006 ], [ 33.686660767000035, 13.385276794000049 ], [ 33.675552368000069, 13.395277023000062 ], [ 33.663330078000058, 13.410554886000057 ], [ 33.658332825000059, 13.419443130000047 ], [ 33.660827637000068, 13.431110382000043 ], [ 33.671661377000078, 13.448055267000029 ], [ 33.675277710000046, 13.458332062000068 ], [ 33.676940918000071, 13.470832825000059 ], [ 33.673049927000079, 13.480554581000035 ], [ 33.663330078000058, 13.491664886000024 ], [ 33.659996033000027, 13.501943588000074 ], [ 33.657493591000048, 13.513053894000052 ], [ 33.651939392000031, 13.521387100000027 ], [ 33.64499664300007, 13.528331757000046 ], [ 33.628883362000067, 13.540277481000032 ], [ 33.622772217000033, 13.548053741000047 ], [ 33.625274658000023, 13.572776794000049 ], [ 33.613327026000036, 13.581943512000066 ], [ 33.600555420000035, 13.580554962000065 ], [ 33.589996338000049, 13.577499390000071 ], [ 33.580825806000064, 13.58111000100007 ], [ 33.571105957000043, 13.592777252000076 ], [ 33.571388245000037, 13.599721909000039 ], [ 33.575828552000075, 13.609165192000034 ], [ 33.581665039000029, 13.617498398000066 ], [ 33.585273743000073, 13.627498627000023 ], [ 33.586936951000041, 13.639999390000071 ], [ 33.589996338000049, 13.650833130000024 ], [ 33.597770691000051, 13.656944275000058 ], [ 33.607772827000076, 13.660831451000035 ], [ 33.615829468000072, 13.666942596000069 ], [ 33.620826721000071, 13.675832748000062 ], [ 33.61888885500008, 13.687498093000045 ], [ 33.615554810000049, 13.697776794000049 ], [ 33.606109619000051, 13.715831757000046 ], [ 33.597770691000051, 13.721666336000055 ], [ 33.586387634000062, 13.71888732900004 ], [ 33.573608398000033, 13.71722221400006 ], [ 33.563049316000047, 13.720832825000059 ], [ 33.553886414000033, 13.72583198500007 ], [ 33.548332214000027, 13.734165192000034 ], [ 33.54860687300004, 13.74083328200004 ], [ 33.552215576000037, 13.751110077000021 ], [ 33.561386108000079, 13.755832672000054 ], [ 33.574996948000035, 13.756387711000059 ], [ 33.600273132000041, 13.754444122000052 ], [ 33.613883972000053, 13.754999161000057 ], [ 33.623054504000038, 13.759443283000053 ], [ 33.626106262000064, 13.770555496000043 ], [ 33.621383667000032, 13.779443741000023 ], [ 33.61360931400003, 13.784442902000023 ], [ 33.602493286000026, 13.787498474000074 ], [ 33.588882446000071, 13.78833198500007 ], [ 33.564163208000025, 13.79222106900005 ], [ 33.555274963000045, 13.797222137000063 ], [ 33.547492981000062, 13.806943893000039 ], [ 33.544166565000069, 13.816387177000024 ], [ 33.54222106900005, 13.828332901000067 ], [ 33.541938782000045, 13.841388702000074 ], [ 33.547775269000056, 13.849443436000058 ], [ 33.558883667000032, 13.850555420000035 ], [ 33.569442749000075, 13.846942902000023 ], [ 33.582221985000047, 13.845554352000022 ], [ 33.594993591000048, 13.846666336000055 ], [ 33.603607178000061, 13.851943970000036 ], [ 33.609992981000062, 13.859443665000072 ], [ 33.613883972000053, 13.869443893000039 ], [ 33.617218018000074, 13.894165039000029 ], [ 33.618049622000058, 13.907220840000036 ], [ 33.616943359000061, 13.919721603000028 ], [ 33.612220764000028, 13.928609848000065 ], [ 33.604438782000045, 13.934999466000022 ], [ 33.587776184000063, 13.946109772000057 ], [ 33.582771301000037, 13.955276489000028 ], [ 33.587219238000046, 13.963333130000024 ], [ 33.599441528000057, 13.965276718000041 ], [ 33.611381531000063, 13.964443207000045 ], [ 33.624717712000063, 13.964721680000025 ], [ 33.633331299000076, 13.970275879000042 ], [ 33.638610840000069, 13.978887558000054 ], [ 33.638053894000052, 13.990554810000049 ], [ 33.62832641600005, 14.008609772000057 ], [ 33.616661072000056, 14.024721146000047 ], [ 33.611938477000024, 14.033609390000038 ], [ 33.615554810000049, 14.043888092000032 ], [ 33.626937866000048, 14.046388626000066 ], [ 33.641105652000078, 14.046110153000029 ], [ 33.651939392000031, 14.04944419900005 ], [ 33.661384583000029, 14.061109543000043 ], [ 33.663055420000035, 14.073331833000054 ], [ 33.661987305000025, 14.099285126000041 ], [ 33.66221618700007, 14.110277176000068 ], [ 33.665275574000077, 14.121387482000046 ], [ 33.67110443100006, 14.129444122000052 ], [ 33.678886414000033, 14.135555267000029 ], [ 33.687774658000023, 14.14777755700004 ], [ 33.685829163000051, 14.159442902000023 ], [ 33.673049927000079, 14.164999008000052 ], [ 33.660270691000051, 14.165277481000032 ], [ 33.651382446000071, 14.170276642000033 ], [ 33.646385193000071, 14.179164886000024 ], [ 33.64749908400006, 14.192220688000077 ], [ 33.646385193000071, 14.204721451000069 ], [ 33.636383057000046, 14.208887100000027 ], [ 33.625831604000041, 14.205831528000033 ], [ 33.613883972000053, 14.208055496000043 ], [ 33.606109619000051, 14.214443207000045 ], [ 33.602775574000077, 14.224721909000039 ], [ 33.607772827000076, 14.233610153000029 ], [ 33.615829468000072, 14.239442825000026 ], [ 33.622215271000073, 14.246944427000074 ], [ 33.626106262000064, 14.257221222000055 ], [ 33.626937866000048, 14.270277023000062 ], [ 33.623603821000074, 14.280553818000044 ], [ 33.61749267600004, 14.28833198500007 ], [ 33.610549927000079, 14.295276642000033 ], [ 33.602775574000077, 14.301387787000067 ], [ 33.594444275000058, 14.307220459000064 ], [ 33.585273743000073, 14.312221527000077 ], [ 33.579719543000067, 14.320554733000051 ], [ 33.576385498000036, 14.330831528000033 ], [ 33.570274353000059, 14.338333130000024 ], [ 33.559715271000073, 14.34222221400006 ], [ 33.548332214000027, 14.343610764000061 ], [ 33.543609619000051, 14.352777481000032 ], [ 33.540832520000038, 14.364442825000026 ], [ 33.542495728000063, 14.376665115000037 ], [ 33.549438477000024, 14.39777755700004 ], [ 33.552215576000037, 14.408887863000075 ], [ 33.552497864000031, 14.421110153000029 ], [ 33.546943665000072, 14.429443359000061 ], [ 33.53721618700007, 14.426942825000026 ], [ 33.528610229000037, 14.421388626000066 ], [ 33.519165039000029, 14.416942596000069 ], [ 33.508605957000043, 14.417776108000055 ], [ 33.500831604000041, 14.424165726000069 ], [ 33.496109009000065, 14.43305397000006 ], [ 33.494163513000046, 14.444721222000055 ], [ 33.500274658000023, 14.462499619000027 ], [ 33.501106262000064, 14.474164963000021 ], [ 33.495552063000048, 14.482498169000053 ], [ 33.484443665000072, 14.485277176000068 ], [ 33.470832825000059, 14.486387253000032 ], [ 33.460273743000073, 14.489999771000043 ], [ 33.454162598000039, 14.497499466000022 ], [ 33.453605652000078, 14.509164810000073 ], [ 33.455825806000064, 14.520832062000068 ], [ 33.455551147000051, 14.533887863000075 ], [ 33.450553894000052, 14.543054581000035 ], [ 33.444442749000075, 14.550554276000071 ], [ 33.429161072000056, 14.563331604000041 ], [ 33.422775269000056, 14.570833206000032 ], [ 33.41722106900005, 14.579166412000063 ], [ 33.409164429000043, 14.598609924000073 ], [ 33.404441833000078, 14.607498169000053 ], [ 33.393882751000035, 14.624166489000061 ], [ 33.389160156000059, 14.633054733000051 ], [ 33.385276794000049, 14.642776489000028 ], [ 33.359161377000078, 14.689722061000055 ], [ 33.357215881000059, 14.701665878000028 ], [ 33.355552673000034, 14.726943970000036 ], [ 33.352775574000077, 14.738054276000071 ], [ 33.345832825000059, 14.744998932000044 ], [ 33.334442139000032, 14.747776031000058 ], [ 33.318603516000053, 14.728887558000054 ], [ 33.308052063000048, 14.72972106900005 ], [ 33.303886414000033, 14.739442825000026 ], [ 33.309440613000049, 14.761943817000031 ], [ 33.308883667000032, 14.774999619000027 ], [ 33.305549622000058, 14.785276413000076 ], [ 33.297775269000056, 14.791666031000034 ], [ 33.288055420000035, 14.796110153000029 ], [ 33.279441833000078, 14.801666260000047 ], [ 33.274719238000046, 14.810554504000038 ], [ 33.271385193000071, 14.820833206000032 ], [ 33.266662598000039, 14.829999924000049 ], [ 33.261108398000033, 14.838333130000024 ], [ 33.257774353000059, 14.848609924000073 ], [ 33.256660461000024, 14.873332977000075 ], [ 33.250549316000047, 14.880832672000054 ], [ 33.230827332000047, 14.889444351000066 ], [ 33.221664429000043, 14.894443512000066 ], [ 33.216110229000037, 14.902776718000041 ], [ 33.215553284000066, 14.915832520000038 ], [ 33.218605042000036, 14.926666260000047 ], [ 33.218048096000075, 14.938331604000041 ], [ 33.213333130000024, 14.947221756000033 ], [ 33.21054840100004, 14.954999924000049 ], [ 33.210830688000044, 14.96722221400006 ], [ 33.21305084200003, 14.978887558000054 ], [ 33.21833038300008, 14.987777710000046 ], [ 33.221939087000067, 14.998054504000038 ], [ 33.223052979000045, 15.010831833000054 ], [ 33.221107483000026, 15.02249908400006 ], [ 33.215553284000066, 15.030832291000024 ], [ 33.192497253000056, 15.049720764000028 ], [ 33.186103821000074, 15.057498932000044 ], [ 33.183609009000065, 15.068332672000054 ], [ 33.183326721000071, 15.095275879000042 ], [ 33.18193817100007, 15.107498169000053 ], [ 33.178604126000039, 15.117776871000046 ], [ 33.173049927000079, 15.126110077000021 ], [ 33.161941528000057, 15.135831833000054 ], [ 33.142219543000067, 15.144443512000066 ], [ 33.126937866000048, 15.157220840000036 ], [ 33.121383667000032, 15.165277481000032 ], [ 33.102493286000026, 15.188331604000041 ], [ 33.090827942000033, 15.204166412000063 ], [ 33.085830688000044, 15.213333130000024 ], [ 33.079162598000039, 15.233888626000066 ], [ 33.070831299000076, 15.239442825000026 ], [ 33.04610443100006, 15.243331909000062 ], [ 33.036109924000073, 15.247499466000022 ], [ 33.028327942000033, 15.253887177000024 ], [ 33.025833130000024, 15.264999390000071 ], [ 33.02249908400006, 15.275276184000063 ], [ 33.014717102000077, 15.28138732900004 ], [ 33.00332641600005, 15.284442902000023 ], [ 32.976387024000076, 15.286109924000073 ], [ 32.949440002000074, 15.285276413000076 ], [ 32.921661377000078, 15.286388397000053 ], [ 32.910270691000051, 15.289443970000036 ], [ 32.891387939000026, 15.298610687000064 ], [ 32.874443054000039, 15.309720993000042 ], [ 32.856384277000075, 15.326387405000048 ], [ 32.848609924000073, 15.332777023000062 ], [ 32.840270996000072, 15.338333130000024 ], [ 32.829719543000067, 15.341943741000023 ], [ 32.805549622000058, 15.343610764000061 ], [ 32.794998169000053, 15.347221375000061 ], [ 32.785827637000068, 15.352220535000072 ], [ 32.775276184000063, 15.362499237000065 ], [ 32.764160156000059, 15.379165649000072 ], [ 32.759437561000027, 15.388053894000052 ], [ 32.748886108000079, 15.398611069000026 ], [ 32.713607788000047, 15.419721603000028 ], [ 32.70749664300007, 15.427221298000063 ], [ 32.704162598000039, 15.437498093000045 ], [ 32.700271606000058, 15.461111069000026 ], [ 32.693862915000068, 15.482822418000069 ], [ 32.675827026000036, 15.492221832000041 ], [ 32.669441223000035, 15.499721527000077 ], [ 32.666938782000045, 15.510831833000054 ], [ 32.661941528000057, 15.519721985000047 ], [ 32.654998779000039, 15.526666641000077 ], [ 32.645271301000037, 15.530832291000024 ], [ 32.633049011000026, 15.533054352000022 ], [ 32.623886108000079, 15.538055420000035 ], [ 32.613327026000036, 15.548610687000064 ], [ 32.607772827000076, 15.556943893000039 ], [ 32.589164734000065, 15.579721451000069 ], [ 32.584159851000038, 15.588609695000059 ], [ 32.582221985000047, 15.600276947000054 ], [ 32.581665039000029, 15.61194419900005 ], [ 32.576110840000069, 15.620277405000024 ], [ 32.564994812000066, 15.623054504000038 ], [ 32.541938782000045, 15.618055344000027 ], [ 32.534164429000043, 15.617498398000066 ], [ 32.521385193000071, 15.619165421000048 ], [ 32.510276794000049, 15.621944427000074 ], [ 32.494528855607719, 15.631886606748415 ], [ 32.510491786806845, 15.656368217577862 ], [ 32.516631375729588, 15.678470737699744 ], [ 32.530445450805765, 15.709475661759607 ], [ 32.514717102000077, 15.734722137000063 ], [ 32.518608093000068, 15.744998932000044 ], [ 32.524993896000069, 15.753053665000039 ], [ 32.529441833000078, 15.762777328000027 ], [ 32.531105042000036, 15.774999619000027 ], [ 32.531105042000036, 15.781944275000058 ], [ 32.528610229000037, 15.806388855000023 ], [ 32.524436951000041, 15.816110611000056 ], [ 32.518882751000035, 15.824443817000031 ], [ 32.515548706000061, 15.834720612000069 ], [ 32.519439697000053, 15.844999313000073 ], [ 32.525833130000024, 15.852220535000072 ], [ 32.533882141000049, 15.858331680000049 ], [ 32.540275574000077, 15.86583328200004 ], [ 32.545272827000076, 15.874721527000077 ], [ 32.549163818000068, 15.884721756000033 ], [ 32.552215576000037, 15.895832062000068 ], [ 32.552215576000037, 15.908054352000022 ], [ 32.550277710000046, 15.919721603000028 ], [ 32.544998169000053, 15.941665649000072 ], [ 32.537498474000074, 15.961666107000042 ], [ 32.537773132000041, 15.973888397000053 ], [ 32.544166565000069, 16.02249908400006 ], [ 32.545272827000076, 16.04222106900005 ], [ 32.542770386000029, 16.066944122000052 ], [ 32.54222106900005, 16.079998016000047 ], [ 32.540275574000077, 16.091388702000074 ], [ 32.537773132000041, 16.116107941000053 ], [ 32.538055420000035, 16.128608704000044 ], [ 32.541938782000045, 16.152496338000049 ], [ 32.544998169000053, 16.163330078000058 ], [ 32.555831909000062, 16.180274963000045 ], [ 32.563888550000058, 16.186107635000042 ], [ 32.57471466100003, 16.196388245000037 ], [ 32.581108093000068, 16.203887939000026 ], [ 32.586387634000062, 16.212497711000026 ], [ 32.589996338000049, 16.222774506000064 ], [ 32.598884583000029, 16.241664886000024 ], [ 32.605552673000034, 16.249164581000059 ], [ 32.613327026000036, 16.255275726000036 ], [ 32.622772217000033, 16.259998322000058 ], [ 32.64499664300007, 16.265830994000055 ], [ 32.669166565000069, 16.269443512000066 ], [ 32.678329468000072, 16.274166107000042 ], [ 32.684165955000026, 16.282218933000024 ], [ 32.686660767000035, 16.293888092000032 ], [ 32.686103821000074, 16.306941986000027 ], [ 32.684165955000026, 16.318332672000054 ], [ 32.685829163000051, 16.329441071000076 ], [ 32.693603516000053, 16.33527755700004 ], [ 32.704437256000062, 16.338607788000047 ], [ 32.723052979000045, 16.339164734000065 ], [ 32.725273132000041, 16.34166336100003 ], [ 32.72721862800006, 16.351943970000036 ], [ 32.726943970000036, 16.370830536000028 ], [ 32.732498169000053, 16.379444122000052 ], [ 32.75, 16.387775421000072 ], [ 32.76749420200008, 16.39777755700004 ], [ 32.778053284000066, 16.408054352000022 ], [ 32.780273437000062, 16.412498474000074 ], [ 32.783607483000026, 16.416385651000041 ], [ 32.788330078000058, 16.425552368000069 ], [ 32.796943665000072, 16.438053131000061 ], [ 32.808052063000048, 16.447498322000058 ], [ 32.812492371000076, 16.449996948000035 ], [ 32.819999695000035, 16.456386566000049 ], [ 32.824440002000074, 16.458610535000048 ], [ 32.843048096000075, 16.474441528000057 ], [ 32.849159241000052, 16.482498169000053 ], [ 32.860275269000056, 16.491943359000061 ], [ 32.864715576000037, 16.494163513000046 ], [ 32.872215271000073, 16.500553131000061 ], [ 32.880271912000069, 16.506107330000077 ], [ 32.894798279000042, 16.514003754000044 ], [ 32.89804840100004, 16.518886566000049 ], [ 32.901939392000031, 16.521942139000032 ], [ 32.908050537000065, 16.529720306000058 ], [ 32.921661377000078, 16.543888092000032 ], [ 32.930549622000058, 16.548610687000064 ], [ 32.935554504000038, 16.550277710000046 ], [ 32.946937561000027, 16.552497864000031 ], [ 32.96054840100004, 16.553054810000049 ], [ 32.978607178000061, 16.549163818000068 ], [ 32.987495422000052, 16.544719696000072 ], [ 32.989074707000043, 16.542816162000065 ], [ 32.999443054000039, 16.543888092000032 ], [ 33.00582885700004, 16.542774200000053 ], [ 33.010551453000062, 16.540554047000057 ], [ 33.027496338000049, 16.528610229000037 ], [ 33.032218933000024, 16.526386261000027 ], [ 33.050277710000046, 16.52249908400006 ], [ 33.05749511700003, 16.521942139000032 ], [ 33.078605652000078, 16.520832062000068 ], [ 33.089996338000049, 16.52277755700004 ], [ 33.096382141000049, 16.523052216000053 ], [ 33.101387024000076, 16.524719238000046 ], [ 33.112777710000046, 16.526664734000065 ], [ 33.133049011000026, 16.533607483000026 ], [ 33.137496948000035, 16.536109924000073 ], [ 33.14499664300007, 16.54249954200003 ], [ 33.163604736000025, 16.565830231000064 ], [ 33.178054810000049, 16.579719543000067 ], [ 33.186660767000035, 16.584720612000069 ], [ 33.191940308000028, 16.586387634000062 ], [ 33.199996948000035, 16.591941833000078 ], [ 33.214996338000049, 16.60472106900005 ], [ 33.221107483000026, 16.612499237000065 ], [ 33.224998474000074, 16.615554810000049 ], [ 33.237220764000028, 16.631107330000077 ], [ 33.241104126000039, 16.63416290300006 ], [ 33.254714966000051, 16.648330688000044 ], [ 33.266105652000078, 16.657775879000042 ], [ 33.281105042000036, 16.662776947000054 ], [ 33.287498474000074, 16.663055420000035 ], [ 33.300827026000036, 16.661663055000076 ], [ 33.306663513000046, 16.662498474000074 ], [ 33.316108704000044, 16.666664124000022 ], [ 33.350555420000035, 16.673332214000027 ], [ 33.355552673000034, 16.675277710000046 ], [ 33.361381531000063, 16.67610931400003 ], [ 33.406944275000058, 16.691665649000072 ], [ 33.433052063000048, 16.699443817000031 ], [ 33.437492371000076, 16.701942444000053 ], [ 33.447776794000049, 16.705276489000028 ], [ 33.452217102000077, 16.708332062000068 ], [ 33.459716797000056, 16.714721680000025 ], [ 33.46833038300008, 16.726943970000036 ], [ 33.475830078000058, 16.733329773000037 ], [ 33.480270386000029, 16.735832214000027 ], [ 33.522216797000056, 16.748054504000038 ], [ 33.539443970000036, 16.751110077000078 ], [ 33.552215576000037, 16.751388550000058 ], [ 33.576385498000036, 16.754165649000072 ], [ 33.586662292000028, 16.757499695000035 ], [ 33.595550537000065, 16.762218475000054 ], [ 33.609161377000078, 16.774997711000026 ], [ 33.611663818000068, 16.779720306000058 ], [ 33.617774963000045, 16.787220001000037 ], [ 33.625831604000041, 16.800277710000046 ], [ 33.631942749000075, 16.808052063000048 ], [ 33.639442444000053, 16.821941376000041 ], [ 33.64499664300007, 16.830276489000028 ], [ 33.659721375000061, 16.85805511500007 ], [ 33.665832520000038, 16.865554810000049 ], [ 33.679443359000061, 16.887775421000072 ], [ 33.685829163000051, 16.895553589000031 ], [ 33.69332885700004, 16.901943207000045 ], [ 33.696388245000037, 16.905830383000023 ], [ 33.707771301000037, 16.915275574000077 ], [ 33.720275879000042, 16.930553436000025 ], [ 33.730552673000034, 16.956386566000049 ], [ 33.731666565000069, 16.962497711000026 ], [ 33.73360443100006, 16.967777252000076 ], [ 33.738052368000069, 16.992496490000065 ], [ 33.739166260000047, 17.006107330000077 ], [ 33.738883972000053, 17.012218475000054 ], [ 33.736663818000068, 17.023330688000044 ], [ 33.732215881000059, 17.039165497000056 ], [ 33.728607178000061, 17.048885345000031 ], [ 33.718605042000036, 17.065830231000064 ], [ 33.715270996000072, 17.069442749000075 ], [ 33.70999908400006, 17.078052521000075 ], [ 33.701110840000069, 17.089443207000045 ], [ 33.698608398000033, 17.106666565000069 ], [ 33.69916534400005, 17.11333084100005 ], [ 33.700828552000075, 17.118610382000043 ], [ 33.702774048000038, 17.123886108000022 ], [ 33.70999908400006, 17.137775421000072 ], [ 33.713333130000024, 17.141666412000063 ], [ 33.715827942000033, 17.146110535000048 ], [ 33.723327637000068, 17.152496338000049 ], [ 33.726387024000076, 17.15638732900004 ], [ 33.737777710000046, 17.165832520000038 ], [ 33.743331909000062, 17.174163818000068 ], [ 33.747497559000067, 17.184165955000026 ], [ 33.75277710000006, 17.206386566000049 ], [ 33.748603821000074, 17.228332520000038 ], [ 33.746665955000026, 17.252220154000042 ], [ 33.746940613000049, 17.264999390000071 ], [ 33.748603821000074, 17.277774811000029 ], [ 33.749717712000063, 17.283885956000063 ], [ 33.751663208000025, 17.289165497000056 ], [ 33.758331299000076, 17.303886414000033 ], [ 33.766937256000062, 17.316108704000044 ], [ 33.770271301000037, 17.319999695000035 ], [ 33.781661987000064, 17.329441071000076 ], [ 33.79860687300004, 17.347221375000061 ], [ 33.803054810000049, 17.349720001000037 ], [ 33.821388245000037, 17.366943359000061 ], [ 33.827499390000071, 17.374721527000077 ], [ 33.838607788000047, 17.391666412000063 ], [ 33.842498779000039, 17.394721985000047 ], [ 33.858886719000054, 17.413330078000058 ], [ 33.861381531000063, 17.418052673000034 ], [ 33.86999511700003, 17.430274963000045 ], [ 33.881103516000053, 17.454719543000067 ], [ 33.883331299000076, 17.46666336100003 ], [ 33.888328552000075, 17.483329773000037 ], [ 33.891105652000078, 17.502498627000023 ], [ 33.893051147000051, 17.529441833000078 ], [ 33.894165039000029, 17.535552979000045 ], [ 33.901664734000065, 17.549163818000068 ], [ 33.907775879000042, 17.556941986000027 ], [ 33.92055511500007, 17.565551758000026 ], [ 33.952499390000071, 17.58249664300007 ], [ 33.95999908400006, 17.588886261000027 ], [ 33.96638488800005, 17.596664429000043 ], [ 33.973884583000029, 17.610275269000056 ], [ 33.977493286000026, 17.621109009000065 ], [ 33.980552673000034, 17.624996185000043 ], [ 33.982498169000053, 17.630275726000036 ], [ 33.983329773000037, 17.649997711000026 ], [ 33.98024749800004, 17.666084290000072 ], [ 33.977493286000026, 17.689720154000042 ], [ 33.976661682000042, 17.72721862800006 ], [ 33.978881836000028, 17.746665955000026 ], [ 33.986663818000068, 17.774719238000046 ], [ 33.991386414000033, 17.798885345000031 ], [ 33.992774963000045, 17.819442749000075 ], [ 33.992218018000074, 17.837776184000063 ], [ 33.989166260000047, 17.854442596000069 ], [ 33.98860931400003, 17.866664886000024 ], [ 33.984718323000038, 17.882499695000035 ], [ 33.979438782000045, 17.897220612000069 ], [ 33.978332520000038, 17.902774811000029 ], [ 33.976661682000042, 17.926666260000047 ], [ 33.974159241000052, 17.943885803000057 ], [ 33.972770691000051, 17.993610382000043 ], [ 33.974159241000052, 18.012496948000035 ], [ 33.976661682000042, 18.024719238000046 ], [ 33.97721862800006, 18.03138732900004 ], [ 33.97721862800006, 18.050552368000069 ], [ 33.973052979000045, 18.072498322000058 ], [ 33.96305084200003, 18.10249710100004 ], [ 33.958885193000071, 18.124721527000077 ], [ 33.957221985000047, 18.129444122000052 ], [ 33.956939697000053, 18.135555267000029 ], [ 33.952774048000038, 18.157775879000042 ], [ 33.952499390000071, 18.163887024000076 ], [ 33.948883057000046, 18.173610687000064 ], [ 33.946937561000027, 18.18471908600003 ], [ 33.944999695000035, 18.208610535000048 ], [ 33.94027710000006, 18.22999954200003 ], [ 33.934715271000073, 18.244720459000064 ], [ 33.932777405000024, 18.255832672000054 ], [ 33.929161072000056, 18.265552521000075 ], [ 33.913887024000076, 18.291110992000029 ], [ 33.907218933000024, 18.298332214000027 ], [ 33.899162292000028, 18.304443359000061 ], [ 33.895828247000054, 18.308052063000048 ], [ 33.875549316000047, 18.316944122000052 ], [ 33.862777710000046, 18.317775726000036 ], [ 33.850830078000058, 18.311664581000059 ], [ 33.850830078000058, 18.313610077000078 ], [ 33.847770691000051, 18.30971908600003 ], [ 33.836105347000057, 18.307777405000024 ], [ 33.830551147000051, 18.30971908600003 ], [ 33.814163208000025, 18.32166290300006 ], [ 33.810829163000051, 18.325275421000072 ], [ 33.806663513000046, 18.328052521000075 ], [ 33.800277710000046, 18.335552216000053 ], [ 33.794998169000053, 18.34388732900004 ], [ 33.785827637000068, 18.355552673000034 ], [ 33.784912109000061, 18.357761383000025 ], [ 33.778053284000066, 18.365554810000049 ], [ 33.769721985000047, 18.371387482000046 ], [ 33.766387939000026, 18.374996185000043 ], [ 33.758331299000076, 18.381107330000077 ], [ 33.748329163000051, 18.391941071000076 ], [ 33.736663818000068, 18.401664734000065 ], [ 33.726104736000025, 18.411941528000057 ], [ 33.713607788000047, 18.420829773000037 ], [ 33.710273743000073, 18.424442291000048 ], [ 33.705551147000051, 18.426666260000047 ], [ 33.694717407000041, 18.436943054000039 ], [ 33.689720154000042, 18.445552826000039 ], [ 33.687774658000023, 18.450553894000052 ], [ 33.687217712000063, 18.462776184000063 ], [ 33.69082641600005, 18.480831146000071 ], [ 33.693244934000063, 18.482673645000034 ], [ 33.692214966000051, 18.482219696000072 ], [ 33.689720154000042, 18.486385345000031 ], [ 33.684165955000026, 18.501110077000078 ], [ 33.683326721000071, 18.506664276000038 ], [ 33.683326721000071, 18.519443512000066 ], [ 33.686103821000074, 18.537220001000037 ], [ 33.69332885700004, 18.558330536000028 ], [ 33.698883057000046, 18.573055267000029 ], [ 33.701385498000036, 18.577774048000038 ], [ 33.704162598000039, 18.587776184000063 ], [ 33.705276489000028, 18.59388732900004 ], [ 33.705551147000051, 18.606666565000069 ], [ 33.701660156000059, 18.622776031000058 ], [ 33.69971466100003, 18.627498627000023 ], [ 33.697776794000049, 18.638610840000069 ], [ 33.696388245000037, 18.650276184000063 ], [ 33.695274353000059, 18.674999237000065 ], [ 33.69332885700004, 18.685832977000075 ], [ 33.688888550000058, 18.694999695000035 ], [ 33.684700012000064, 18.697925568000073 ] ] ] } }
]
}
