{
"type": "FeatureCollection",
"name": "BNRM",
"crs": { "type": "name", "properties": { "name": "urn:ogc:def:crs:OGC:1.3:CRS84" } },
"features": [
{ "type": "Feature", "properties": { "osm_id": "7852008", "code": 8101, "fclass": "river", "width": 0, "name": "??? ?????", "layer": "Rivers_Egypt", "path": "D:\\Data_b\\GeoJSON_Output\\TransboundaryRivers\\Rivers_Egypt.shp" }, "geometry": { "type": "MultiLineString", "coordinates": [ [ [ 35.4366029, 10.1216695 ], [ 35.435586, 10.121907 ], [ 35.4338157, 10.1219599 ], [ 35.4322278, 10.1219704 ], [ 35.4302859, 10.1217064 ], [ 35.4286981, 10.1212311 ], [ 35.4274428, 10.1207769 ], [ 35.4261982, 10.1201115 ], [ 35.4248464, 10.1192032 ], [ 35.4217672, 10.1167106 ], [ 35.416435, 10.1123801 ], [ 35.4146647, 10.1114401 ] ], [ [ 35.4366029, 10.1216695 ], [ 35.4394789, 10.1228435 ], [ 35.4448027, 10.1228067 ], [ 35.4475487, 10.1210781 ], [ 35.4492859, 10.1190001 ] ], [ [ 35.445435, 10.1173496 ], [ 35.4446465, 10.1177562 ], [ 35.4431069, 10.1185272 ], [ 35.4417872, 10.1192771 ], [ 35.4408109, 10.1197102 ], [ 35.4400813, 10.1201749 ], [ 35.4392123, 10.1207136 ], [ 35.4380643, 10.1212522 ], [ 35.436852, 10.1216113 ], [ 35.4366029, 10.1216695 ] ], [ [ 35.4492859, 10.1190001 ], [ 35.445435, 10.1173496 ] ], [ [ 35.4645699, 10.1119048 ], [ 35.4636204, 10.1119735 ], [ 35.4627514, 10.111889 ], [ 35.4619682, 10.1117411 ], [ 35.4614344, 10.1115431 ], [ 35.461126, 10.111345 ], [ 35.4608363, 10.1111074 ], [ 35.4606271, 10.1110149 ], [ 35.4604232, 10.1110176 ], [ 35.4601791, 10.1110757 ], [ 35.4598385, 10.1111655 ], [ 35.4594764, 10.1112552 ], [ 35.4590285, 10.111345 ], [ 35.4583633, 10.1115404 ], [ 35.4576766, 10.1117253 ], [ 35.4564965, 10.1118731 ], [ 35.4557937, 10.1118731 ], [ 35.4549703, 10.1118388 ], [ 35.4546377, 10.1118916 ], [ 35.4543105, 10.1120342 ], [ 35.4540423, 10.1122111 ], [ 35.4537472, 10.1124144 ], [ 35.4534388, 10.1125729 ], [ 35.4531276, 10.1126574 ], [ 35.4525724, 10.1128079 ], [ 35.4520869, 10.1129742 ], [ 35.4517221, 10.1130983 ], [ 35.4512742, 10.1133201 ], [ 35.4508558, 10.113571 ], [ 35.4505607, 10.1137268 ], [ 35.4502282, 10.1139539 ], [ 35.4498419, 10.1141836 ], [ 35.4494342, 10.1143869 ], [ 35.4485062, 10.1148147 ], [ 35.4479027, 10.1151949 ], [ 35.4476103, 10.1154246 ], [ 35.4473019, 10.1158511 ], [ 35.4470658, 10.1161455 ], [ 35.4468901, 10.1163079 ], [ 35.4467735, 10.1164518 ], [ 35.4466622, 10.1165825 ], [ 35.446571, 10.1166459 ], [ 35.4464301, 10.1167079 ], [ 35.4463175, 10.1167423 ], [ 35.4462142, 10.1168135 ], [ 35.4460761, 10.1169469 ], [ 35.4459232, 10.1170538 ], [ 35.445435, 10.1173496 ] ], [ [ 35.4492859, 10.1190001 ], [ 35.4581402, 10.1170693 ], [ 35.4620817, 10.1157268 ], [ 35.4645699, 10.1119048 ] ], [ [ 36.3711405, 10.3227672 ], [ 36.3706201, 10.32187 ], [ 36.3700998, 10.3210678 ], [ 36.369853, 10.3206456 ], [ 36.3697189, 10.320197 ], [ 36.3696116, 10.3196586 ], [ 36.369558, 10.3190939 ], [ 36.3696277, 10.3185556 ], [ 36.3696331, 10.3181967 ], [ 36.3695151, 10.3178009 ], [ 36.3691771, 10.3169987 ], [ 36.3688016, 10.3157321 ], [ 36.3680935, 10.313621 ], [ 36.3669991, 10.3109188 ], [ 36.3663661, 10.3091771 ], [ 36.3657653, 10.3073087 ], [ 36.3651645, 10.3048387 ], [ 36.3647461, 10.3034981 ], [ 36.3639414, 10.3014925 ], [ 36.3634529, 10.300278 ], [ 36.3630509, 10.2993813 ], [ 36.3623589, 10.2982307 ], [ 36.3617903, 10.2976369 ], [ 36.3613987, 10.2973625 ], [ 36.3610232, 10.2971645 ], [ 36.3606906, 10.2969745 ], [ 36.3604519, 10.296766 ], [ 36.3600308, 10.2961459 ], [ 36.3599553, 10.2959894 ], [ 36.3593656, 10.2947683 ], [ 36.3588345, 10.293681 ], [ 36.3581961, 10.2924037 ], [ 36.357606, 10.2914273 ], [ 36.3566324, 10.2901684 ], [ 36.3549963, 10.2886958 ], [ 36.3538617, 10.2877959 ], [ 36.3530087, 10.2873262 ], [ 36.3523704, 10.2870147 ], [ 36.351496, 10.2867772 ], [ 36.3507235, 10.2866611 ], [ 36.348508, 10.286545 ], [ 36.3460994, 10.2865872 ], [ 36.3437068, 10.2864394 ], [ 36.3416684, 10.2859433 ], [ 36.3401234, 10.2853099 ], [ 36.3390291, 10.2845921 ], [ 36.3380688, 10.2837159 ], [ 36.3373661, 10.2827183 ], [ 36.3366204, 10.2814726 ], [ 36.336084, 10.2797572 ], [ 36.3357621, 10.2786329 ], [ 36.3355744, 10.2775508 ], [ 36.3354564, 10.2764688 ], [ 36.3353974, 10.2755186 ], [ 36.3353303, 10.2747348 ], [ 36.3352364, 10.2742175 ], [ 36.3351613, 10.2737847 ], [ 36.3351452, 10.2731328 ], [ 36.3350379, 10.272246 ], [ 36.3349146, 10.2715387 ], [ 36.3348234, 10.2707971 ], [ 36.3348395, 10.270008 ], [ 36.3348502, 10.269079 ], [ 36.334877, 10.2677488 ], [ 36.3348824, 10.2666192 ], [ 36.3348341, 10.2649723 ], [ 36.3346785, 10.2636526 ], [ 36.3344371, 10.2623171 ], [ 36.3342262, 10.2615249 ], [ 36.3341153, 10.2611083 ], [ 36.3337451, 10.2596092 ], [ 36.3336003, 10.2586379 ], [ 36.3335627, 10.2575347 ], [ 36.3334984, 10.2551857 ], [ 36.3333535, 10.2531322 ], [ 36.333096, 10.251385 ], [ 36.3327849, 10.2502395 ], [ 36.3325113, 10.249511 ], [ 36.3322109, 10.2488511 ], [ 36.3317013, 10.2470141 ], [ 36.3312989, 10.2456944 ], [ 36.330843, 10.2438732 ], [ 36.3302851, 10.2416455 ], [ 36.3297272, 10.2399351 ], [ 36.3290512, 10.2381825 ], [ 36.3283002, 10.2366516 ], [ 36.3278711, 10.235015 ], [ 36.3270986, 10.2321749 ], [ 36.3265943, 10.2301477 ], [ 36.3260794, 10.2271914 ], [ 36.3257897, 10.2254281 ], [ 36.325618, 10.2238338 ], [ 36.3256824, 10.2213948 ], [ 36.3256717, 10.2203073 ], [ 36.3254893, 10.2191669 ], [ 36.3251674, 10.218016 ], [ 36.3245129, 10.2167279 ], [ 36.3236171, 10.2156086 ], [ 36.3226032, 10.2144102 ], [ 36.3217878, 10.2133755 ], [ 36.3212299, 10.2127155 ], [ 36.3203448, 10.2119447 ], [ 36.3195991, 10.2113957 ], [ 36.3187945, 10.2105351 ], [ 36.3176572, 10.2092892 ], [ 36.316748, 10.2082517 ], [ 36.3158762, 10.2073305 ], [ 36.3147551, 10.2064541 ], [ 36.3138056, 10.2058258 ], [ 36.3133147, 10.2055275 ], [ 36.3120273, 10.204894 ], [ 36.3109839, 10.2044426 ], [ 36.3101792, 10.2041997 ], [ 36.308932, 10.2038697 ], [ 36.3076365, 10.2035609 ], [ 36.3062203, 10.2030963 ], [ 36.3050857, 10.2029194 ], [ 36.3039994, 10.202827 ], [ 36.3027978, 10.2028059 ], [ 36.3014835, 10.2028481 ], [ 36.300534, 10.2028745 ], [ 36.2996918, 10.2029379 ], [ 36.2991553, 10.2029326 ], [ 36.2974441, 10.2030435 ], [ 36.2951213, 10.2032599 ], [ 36.2943327, 10.2033761 ], [ 36.2935173, 10.2035978 ], [ 36.2915486, 10.2041152 ], [ 36.2902236, 10.2043845 ], [ 36.2886947, 10.2045429 ], [ 36.2876165, 10.2047805 ], [ 36.286903, 10.2050867 ], [ 36.2864631, 10.2053559 ], [ 36.2859106, 10.2055935 ], [ 36.285122, 10.205641 ], [ 36.2842905, 10.2055354 ], [ 36.2836468, 10.2052873 ], [ 36.2829977, 10.2049441 ], [ 36.2825364, 10.2045587 ], [ 36.2822413, 10.2039252 ], [ 36.2820965, 10.2033075 ], [ 36.2817907, 10.2029379 ], [ 36.2812704, 10.2025842 ], [ 36.2807608, 10.2020509 ], [ 36.280337, 10.2012326 ], [ 36.2801385, 10.2007257 ], [ 36.2797737, 10.2003298 ], [ 36.2792748, 10.2000447 ], [ 36.2786525, 10.1997279 ], [ 36.2777781, 10.1990785 ], [ 36.277113, 10.1983288 ], [ 36.2766516, 10.1975579 ], [ 36.2761581, 10.1966287 ], [ 36.275804, 10.1957681 ], [ 36.2754875, 10.1947808 ], [ 36.2753481, 10.1936404 ], [ 36.2750745, 10.1921304 ], [ 36.2746936, 10.1912117 ], [ 36.2742484, 10.1902877 ], [ 36.2733632, 10.1893057 ], [ 36.2724781, 10.1882392 ], [ 36.2709707, 10.1864229 ], [ 36.2696135, 10.1845961 ], [ 36.2684923, 10.1831494 ], [ 36.2680042, 10.1823943 ], [ 36.2676662, 10.1817555 ], [ 36.2673819, 10.1806044 ], [ 36.2670386, 10.1792105 ], [ 36.2664592, 10.1770985 ], [ 36.2658369, 10.17477 ], [ 36.265279, 10.1732283 ], [ 36.2644958, 10.17147 ], [ 36.2638467, 10.1702608 ], [ 36.2633103, 10.1696536 ], [ 36.2626237, 10.1691626 ], [ 36.2620658, 10.168624 ], [ 36.2614328, 10.1679323 ], [ 36.26073, 10.1669449 ], [ 36.2597859, 10.1659417 ], [ 36.259169, 10.1649331 ], [ 36.2586808, 10.1639563 ], [ 36.2583482, 10.1630006 ], [ 36.2580424, 10.162029 ], [ 36.2577635, 10.1604872 ], [ 36.2576133, 10.1593466 ], [ 36.257624, 10.1584437 ], [ 36.2577179, 10.1576252 ], [ 36.257683, 10.1568596 ], [ 36.2576187, 10.1562682 ], [ 36.2573236, 10.1553388 ], [ 36.2567711, 10.1543145 ], [ 36.2563044, 10.1532425 ], [ 36.2558752, 10.1522868 ], [ 36.2555319, 10.1517535 ], [ 36.2551081, 10.1512624 ], [ 36.2544268, 10.1507185 ], [ 36.2537831, 10.1498261 ], [ 36.25337, 10.148807 ], [ 36.2532842, 10.1476664 ], [ 36.2530589, 10.1467053 ], [ 36.252619, 10.1457284 ], [ 36.2519431, 10.1443608 ], [ 36.2510204, 10.1430934 ], [ 36.2504196, 10.1418789 ], [ 36.2499368, 10.140432 ], [ 36.2496364, 10.1393125 ], [ 36.2494969, 10.1381191 ], [ 36.2491858, 10.1371897 ], [ 36.2486493, 10.1362075 ], [ 36.2477696, 10.1352464 ], [ 36.2466109, 10.1344965 ], [ 36.2456024, 10.1340318 ], [ 36.2451732, 10.1338628 ], [ 36.2447762, 10.1336146 ], [ 36.2443525, 10.1332503 ], [ 36.2439823, 10.1328753 ], [ 36.2433976, 10.1324476 ], [ 36.2426841, 10.1320568 ], [ 36.2420458, 10.1317453 ], [ 36.2413216, 10.1311116 ], [ 36.2407798, 10.1305782 ], [ 36.2400824, 10.1301241 ], [ 36.2393153, 10.1297808 ], [ 36.2384623, 10.1294481 ], [ 36.2378883, 10.1292739 ], [ 36.2369603, 10.1289042 ], [ 36.235941, 10.1282652 ], [ 36.235249, 10.1280065 ], [ 36.2344283, 10.1277477 ], [ 36.2335968, 10.1273833 ], [ 36.2330818, 10.1270559 ], [ 36.2322342, 10.1266651 ], [ 36.2311506, 10.1262955 ], [ 36.2299704, 10.1257515 ], [ 36.2284738, 10.1250861 ], [ 36.2271059, 10.1245 ], [ 36.2257862, 10.1237976 ], [ 36.223678, 10.122715 ], [ 36.2220418, 10.1218384 ], [ 36.2207705, 10.1212522 ], [ 36.2194025, 10.1208192 ], [ 36.2184423, 10.1205604 ], [ 36.2177342, 10.1203333 ], [ 36.217069, 10.1199478 ], [ 36.2165755, 10.1194356 ], [ 36.2158459, 10.1187173 ], [ 36.2154061, 10.1183899 ], [ 36.2146872, 10.1179094 ], [ 36.2140435, 10.1176083 ], [ 36.2131852, 10.1172017 ], [ 36.2122571, 10.1167475 ], [ 36.2114525, 10.1165099 ], [ 36.2107819, 10.1163145 ], [ 36.2101382, 10.116267 ], [ 36.2096071, 10.1163092 ], [ 36.208899, 10.116362 ], [ 36.2078208, 10.1164993 ], [ 36.2067264, 10.1167 ], [ 36.2059164, 10.1169905 ], [ 36.20538, 10.1172228 ], [ 36.2046719, 10.1174341 ], [ 36.2035909, 10.1176691 ], [ 36.2023812, 10.1178565 ], [ 36.2016705, 10.1179014 ], [ 36.2010777, 10.1179014 ], [ 36.2005681, 10.1177932 ], [ 36.1999029, 10.1175555 ], [ 36.1990446, 10.1173232 ], [ 36.1979932, 10.1171119 ], [ 36.1967057, 10.1169429 ], [ 36.1954021, 10.116869 ], [ 36.1938357, 10.1167792 ], [ 36.1928916, 10.1168373 ], [ 36.1923176, 10.1168796 ], [ 36.1908048, 10.1171436 ], [ 36.1887932, 10.1174605 ], [ 36.1869451, 10.117743 ], [ 36.1856738, 10.1179542 ], [ 36.1844265, 10.1182157 ], [ 36.1835629, 10.1185325 ], [ 36.182887, 10.1188177 ], [ 36.1819965, 10.119219 ], [ 36.1812562, 10.1194567 ], [ 36.1803979, 10.119594 ], [ 36.1795583, 10.1196283 ], [ 36.1787537, 10.1196257 ], [ 36.1779731, 10.119528 ], [ 36.1764684, 10.1192613 ], [ 36.1751783, 10.1192085 ], [ 36.1740088, 10.119161 ], [ 36.1733276, 10.1190976 ], [ 36.1724263, 10.1189603 ], [ 36.1715949, 10.1187226 ], [ 36.1707473, 10.1184269 ], [ 36.1700338, 10.1181153 ], [ 36.1693633, 10.1177456 ], [ 36.1689556, 10.1174763 ], [ 36.1685318, 10.1171859 ], [ 36.1681321, 10.1169244 ], [ 36.1677003, 10.116737 ], [ 36.1670512, 10.1165574 ], [ 36.1665201, 10.116399 ], [ 36.1658817, 10.1160768 ], [ 36.1652058, 10.1156174 ], [ 36.163972, 10.1148411 ], [ 36.1633873, 10.1144714 ], [ 36.1626202, 10.1141281 ], [ 36.1617351, 10.1138086 ], [ 36.161094, 10.1135895 ], [ 36.1605656, 10.113468 ], [ 36.1600104, 10.1133571 ], [ 36.1593318, 10.1133201 ], [ 36.158554, 10.1133941 ], [ 36.1578137, 10.1135155 ], [ 36.1566496, 10.1136502 ], [ 36.1556867, 10.113769 ], [ 36.1550188, 10.1139275 ], [ 36.1545092, 10.1140674 ], [ 36.1540693, 10.1141493 ], [ 36.1536965, 10.1142047 ], [ 36.1519235, 10.1143605 ], [ 36.1507004, 10.1145189 ], [ 36.1496383, 10.1147355 ], [ 36.1479539, 10.1151791 ], [ 36.1470365, 10.1154537 ], [ 36.1459529, 10.1157072 ], [ 36.1446708, 10.1159395 ], [ 36.1411893, 10.1166578 ], [ 36.1379063, 10.1173126 ], [ 36.1370694, 10.117483 ], [ 36.1359912, 10.1177192 ], [ 36.1349076, 10.1178037 ], [ 36.1340117, 10.1178222 ], [ 36.1336014, 10.1178935 ], [ 36.1331964, 10.1180625 ], [ 36.1329201, 10.1182447 ], [ 36.1327296, 10.1183899 ], [ 36.1324453, 10.1186962 ], [ 36.1321798, 10.1190738 ], [ 36.1318324, 10.1196283 ], [ 36.1315227, 10.120101 ], [ 36.1305892, 10.1216747 ], [ 36.1295432, 10.1231111 ], [ 36.1286902, 10.1240194 ], [ 36.128025, 10.1247534 ], [ 36.1271292, 10.1255878 ], [ 36.1257291, 10.1270137 ], [ 36.1248439, 10.1278005 ], [ 36.1244953, 10.1281226 ], [ 36.1242324, 10.1284448 ], [ 36.1237711, 10.1290151 ], [ 36.1231059, 10.1297755 ], [ 36.1226177, 10.130161 ], [ 36.1219042, 10.1304567 ], [ 36.1213785, 10.1305782 ], [ 36.1208957, 10.1306205 ], [ 36.1203432, 10.1305993 ], [ 36.1195654, 10.1305993 ], [ 36.1186212, 10.1306891 ], [ 36.1177334, 10.1307419 ], [ 36.1170655, 10.130771 ], [ 36.1167115, 10.1307762 ], [ 36.1163226, 10.1307234 ], [ 36.1160517, 10.1306337 ], [ 36.1156949, 10.130499 ], [ 36.1151049, 10.1302772 ], [ 36.1146247, 10.1301293 ], [ 36.1140186, 10.1299551 ], [ 36.1130959, 10.1297729 ], [ 36.1123314, 10.1297359 ], [ 36.1114919, 10.1297069 ], [ 36.1106631, 10.1298178 ], [ 36.1096975, 10.1299419 ], [ 36.1088271, 10.1299049 ], [ 36.1073613, 10.1298231 ], [ 36.1053389, 10.1298231 ], [ 36.1041051, 10.1298706 ], [ 36.1029518, 10.1300132 ], [ 36.1016214, 10.1302719 ], [ 36.1005485, 10.1306627 ], [ 36.0995507, 10.131006 ], [ 36.0987018, 10.1314535 ], [ 36.0970965, 10.1322614 ], [ 36.0961443, 10.1327856 ], [ 36.095565, 10.1331341 ], [ 36.0950768, 10.1334298 ], [ 36.0944277, 10.1337097 ], [ 36.0937598, 10.1338866 ], [ 36.0930464, 10.1341057 ], [ 36.0923249, 10.1343566 ], [ 36.0917804, 10.1345784 ], [ 36.0912895, 10.1347764 ], [ 36.0907665, 10.1350616 ], [ 36.0899806, 10.1354682 ], [ 36.0892779, 10.1357243 ], [ 36.0885081, 10.1359487 ], [ 36.0877168, 10.1362022 ], [ 36.0870704, 10.136453 ], [ 36.0864696, 10.1367514 ], [ 36.08585, 10.1371052 ], [ 36.0851338, 10.1374141 ], [ 36.0844043, 10.1376702 ], [ 36.0836345, 10.1379078 ], [ 36.0828432, 10.1382828 ], [ 36.0825402, 10.1384306 ], [ 36.0822183, 10.1385838 ], [ 36.0817918, 10.1386498 ], [ 36.0813627, 10.1386471 ], [ 36.0807887, 10.1386735 ], [ 36.0801315, 10.1387501 ], [ 36.0792598, 10.1389666 ], [ 36.0775834, 10.1393072 ], [ 36.0763067, 10.1395818 ], [ 36.0756308, 10.139698 ], [ 36.0748529, 10.1397402 ], [ 36.0743111, 10.1397376 ], [ 36.0736835, 10.1396399 ], [ 36.072557, 10.1394234 ], [ 36.0712963, 10.1390696 ], [ 36.0703522, 10.1388478 ], [ 36.0687402, 10.1384491 ], [ 36.0669351, 10.1380135 ], [ 36.0653821, 10.1377072 ], [ 36.0646525, 10.1376069 ], [ 36.063931, 10.1375382 ], [ 36.0627508, 10.137496 ], [ 36.0619783, 10.137591 ], [ 36.0612059, 10.1377917 ], [ 36.0605997, 10.1380399 ], [ 36.060082, 10.1382828 ], [ 36.0597011, 10.1385442 ], [ 36.0593927, 10.1388029 ], [ 36.058867, 10.1393178 ], [ 36.0582957, 10.139793 ], [ 36.0576895, 10.1402261 ], [ 36.0570216, 10.1406907 ], [ 36.0562169, 10.1412822 ], [ 36.0555732, 10.1416096 ], [ 36.0548061, 10.1419211 ], [ 36.0540068, 10.142106 ], [ 36.0531592, 10.1422696 ], [ 36.0525691, 10.1423805 ], [ 36.051963, 10.1424809 ], [ 36.0512173, 10.1425654 ], [ 36.0505736, 10.1425654 ], [ 36.049844, 10.1424386 ], [ 36.0483661, 10.1420822 ], [ 36.0469258, 10.141805 ], [ 36.045869, 10.1415092 ], [ 36.0451019, 10.1412294 ], [ 36.0442865, 10.1408914 ], [ 36.0437071, 10.1406749 ], [ 36.04294, 10.140469 ], [ 36.0420978, 10.1403053 ], [ 36.0405797, 10.1399831 ], [ 36.0395551, 10.139698 ], [ 36.0384983, 10.1393231 ], [ 36.0375166, 10.1388795 ], [ 36.0364383, 10.1382986 ], [ 36.0346091, 10.1374062 ], [ 36.0338098, 10.1370577 ], [ 36.0330641, 10.1367197 ], [ 36.0322487, 10.1362128 ], [ 36.0311598, 10.1353098 ], [ 36.0301888, 10.1342431 ], [ 36.0296094, 10.1335671 ], [ 36.0290515, 10.1327486 ], [ 36.0286438, 10.1319723 ], [ 36.0283381, 10.1309901 ], [ 36.0281289, 10.1301821 ], [ 36.0279626, 10.1296858 ], [ 36.0278901, 10.1294376 ], [ 36.0278298, 10.1292474 ], [ 36.0277547, 10.1289742 ], [ 36.027638, 10.1284817 ], [ 36.0273215, 10.127452 ], [ 36.0272062, 10.1271246 ], [ 36.0270935, 10.1268843 ], [ 36.0270426, 10.1266519 ], [ 36.0270023, 10.1263615 ], [ 36.0270265, 10.1260948 ], [ 36.0270587, 10.1259522 ], [ 36.0269916, 10.1257119 ], [ 36.0268843, 10.1255773 ], [ 36.0266858, 10.1255086 ], [ 36.026431, 10.1254558 ], [ 36.0260555, 10.1253819 ], [ 36.0256559, 10.1252287 ], [ 36.025157, 10.1250122 ], [ 36.0245776, 10.1246188 ], [ 36.0241586, 10.1242829 ], [ 36.0236603, 10.1235652 ], [ 36.0233062, 10.1230319 ], [ 36.0229576, 10.1225883 ], [ 36.0225928, 10.1222397 ], [ 36.0220778, 10.1218278 ], [ 36.0216111, 10.1215902 ], [ 36.0211229, 10.1214265 ], [ 36.0204792, 10.1213473 ], [ 36.0194278, 10.1215163 ], [ 36.0184836, 10.1218437 ], [ 36.0174322, 10.1221605 ], [ 36.0165417, 10.1222873 ], [ 36.0156834, 10.1221922 ], [ 36.0151255, 10.1220232 ], [ 36.0145247, 10.1219334 ], [ 36.0136878, 10.1219282 ], [ 36.0125291, 10.122113 ], [ 36.0115528, 10.1222978 ], [ 36.0104048, 10.1226992 ], [ 36.0094178, 10.1233329 ], [ 36.0087279, 10.1240458 ], [ 36.0081303, 10.1246531 ], [ 36.0073364, 10.1254347 ], [ 36.0063279, 10.1260684 ], [ 36.0051584, 10.1266176 ], [ 36.0042572, 10.127114 ], [ 36.0034633, 10.1277477 ], [ 36.0029161, 10.1284025 ], [ 36.0023904, 10.1290996 ], [ 36.0018003, 10.1299551 ], [ 36.0010815, 10.1308528 ], [ 35.9998906, 10.1321413 ], [ 35.998528, 10.1339051 ], [ 35.9969509, 10.1363342 ], [ 35.9952021, 10.1389851 ], [ 35.9941506, 10.14077 ], [ 35.993523, 10.1425337 ], [ 35.9930885, 10.1438433 ], [ 35.99208, 10.1454802 ], [ 35.9912109, 10.1463991 ], [ 35.9903633, 10.1469905 ], [ 35.9896445, 10.1473495 ], [ 35.9887648, 10.1474552 ], [ 35.9877455, 10.1473918 ], [ 35.9865975, 10.1469377 ], [ 35.9850311, 10.1463674 ], [ 35.9828049, 10.1457126 ], [ 35.9821236, 10.1454591 ], [ 35.9808147, 10.1449416 ], [ 35.9797203, 10.1446142 ], [ 35.9784865, 10.1442868 ], [ 35.9769416, 10.1438855 ], [ 35.9753215, 10.1430829 ], [ 35.9740448, 10.142238 ], [ 35.972811, 10.1413403 ], [ 35.9709871, 10.139999 ], [ 35.9695923, 10.1390274 ], [ 35.9678972, 10.1380557 ], [ 35.9645337, 10.1363395 ], [ 35.963552, 10.1357217 ], [ 35.9626937, 10.1348028 ], [ 35.9618676, 10.1335988 ], [ 35.9609395, 10.1325374 ], [ 35.9600222, 10.1312647 ], [ 35.9592014, 10.1299656 ], [ 35.958842, 10.1293319 ], [ 35.9584987, 10.1283392 ], [ 35.9584343, 10.1269345 ], [ 35.9585953, 10.1252551 ], [ 35.9588313, 10.1235758 ], [ 35.9589547, 10.1214265 ], [ 35.9588957, 10.1202171 ], [ 35.9584558, 10.1187596 ], [ 35.957973, 10.1176242 ], [ 35.9572542, 10.1163937 ], [ 35.9562349, 10.1150629 ], [ 35.9547865, 10.1132356 ], [ 35.9531879, 10.1117569 ], [ 35.949626, 10.1092748 ], [ 35.9476733, 10.1076588 ], [ 35.9463322, 10.1068032 ], [ 35.9450769, 10.106254 ], [ 35.943768, 10.1056942 ], [ 35.9426254, 10.1049812 ], [ 35.9419012, 10.1043528 ], [ 35.9412628, 10.1035817 ], [ 35.9408712, 10.1030377 ], [ 35.9404743, 10.1026152 ], [ 35.9399539, 10.1022561 ], [ 35.939278, 10.1020026 ], [ 35.9384948, 10.1015484 ], [ 35.9376794, 10.10092 ], [ 35.936231, 10.1000908 ], [ 35.9349167, 10.0996524 ], [ 35.9339189, 10.0995046 ], [ 35.9315157, 10.0990504 ], [ 35.9304321, 10.0987018 ], [ 35.9297025, 10.098311 ], [ 35.9288549, 10.0974343 ], [ 35.9277391, 10.0963358 ], [ 35.9265804, 10.0954538 ], [ 35.9255451, 10.09482 ], [ 35.9245849, 10.0942127 ], [ 35.9235924, 10.0936793 ], [ 35.9229004, 10.0932251 ], [ 35.922305, 10.0927709 ], [ 35.9214199, 10.0919839 ], [ 35.9210712, 10.0915773 ], [ 35.9207547, 10.0907269 ], [ 35.9204328, 10.0903572 ], [ 35.919553, 10.0897023 ], [ 35.9185123, 10.0890263 ], [ 35.917536, 10.0883503 ], [ 35.9170425, 10.0878327 ], [ 35.916726, 10.0872808 ], [ 35.9164846, 10.086919 ], [ 35.9162325, 10.0865651 ], [ 35.9157926, 10.0862166 ], [ 35.9152991, 10.0859789 ], [ 35.9148753, 10.0856673 ], [ 35.9145051, 10.0852712 ], [ 35.9140599, 10.0848856 ], [ 35.9134161, 10.0844208 ], [ 35.9114367, 10.08328 ], [ 35.9094357, 10.0822131 ], [ 35.9073865, 10.0812519 ], [ 35.9061098, 10.0805759 ], [ 35.9046936, 10.0797202 ], [ 35.9036314, 10.0787907 ], [ 35.9029126, 10.07784 ], [ 35.9024405, 10.0767097 ], [ 35.9019685, 10.0751146 ], [ 35.9014642, 10.0737942 ], [ 35.9007776, 10.0717238 ], [ 35.9003162, 10.069685 ], [ 35.8997691, 10.0675406 ], [ 35.8993936, 10.06603 ], [ 35.8992112, 10.0642658 ], [ 35.899061, 10.062882 ], [ 35.8991039, 10.0612921 ], [ 35.8993185, 10.0601301 ], [ 35.8998817, 10.0588043 ], [ 35.9004879, 10.0581758 ], [ 35.9011853, 10.0576053 ], [ 35.9017217, 10.0570454 ], [ 35.9023011, 10.0561052 ], [ 35.9025639, 10.055445 ], [ 35.9027249, 10.0545946 ], [ 35.902698, 10.0537917 ], [ 35.9026444, 10.0529413 ], [ 35.9025156, 10.0523444 ], [ 35.9023547, 10.0518479 ], [ 35.9018558, 10.051119 ], [ 35.9010512, 10.0503584 ], [ 35.9001875, 10.0492914 ], [ 35.8995223, 10.0485255 ], [ 35.8986103, 10.0477543 ], [ 35.8977306, 10.0469092 ], [ 35.8968508, 10.0460217 ], [ 35.8963466, 10.0453668 ], [ 35.8957994, 10.0446695 ], [ 35.89522, 10.044173 ], [ 35.8946621, 10.0438455 ], [ 35.8940077, 10.0434335 ], [ 35.8932674, 10.0428524 ], [ 35.8926237, 10.0420178 ], [ 35.8922696, 10.0410882 ], [ 35.8918083, 10.0397148 ], [ 35.8913576, 10.0386055 ], [ 35.8905959, 10.03738 ], [ 35.8895981, 10.0360383 ], [ 35.8884287, 10.0343585 ], [ 35.8876884, 10.0330907 ], [ 35.8869803, 10.03158 ], [ 35.8865136, 10.0304099 ], [ 35.8861193, 10.0293561 ], [ 35.8858645, 10.0286905 ], [ 35.8856955, 10.02812 ], [ 35.8853924, 10.0268152 ], [ 35.8851564, 10.0258168 ], [ 35.8849311, 10.0250825 ], [ 35.8846521, 10.0244169 ], [ 35.8843195, 10.0238834 ], [ 35.8839333, 10.0231861 ], [ 35.8833754, 10.0221719 ], [ 35.882788, 10.021044 ], [ 35.8822328, 10.020146 ], [ 35.881927, 10.0196415 ], [ 35.881691, 10.0192453 ], [ 35.8814925, 10.0187963 ], [ 35.8812886, 10.0182575 ], [ 35.8810633, 10.0176605 ], [ 35.8808488, 10.0168681 ], [ 35.8807093, 10.0164244 ], [ 35.8805054, 10.0157905 ], [ 35.8802748, 10.015183 ], [ 35.8800709, 10.0146124 ], [ 35.879792, 10.0135717 ], [ 35.8796579, 10.0132469 ], [ 35.8794795, 10.0129286 ], [ 35.87934, 10.0127661 ], [ 35.879167, 10.0126116 ], [ 35.878986, 10.0124848 ], [ 35.878412, 10.0121982 ], [ 35.8780244, 10.0119196 ], [ 35.877673, 10.0116066 ], [ 35.87726, 10.0112368 ], [ 35.8766109, 10.0106345 ], [ 35.8760905, 10.0102383 ], [ 35.875302, 10.0097101 ], [ 35.874154, 10.0091659 ], [ 35.8731723, 10.0087486 ], [ 35.8718365, 10.0081886 ], [ 35.8706456, 10.0077554 ], [ 35.869723, 10.0074755 ], [ 35.8681673, 10.0071532 ], [ 35.8664024, 10.0068785 ], [ 35.8640206, 10.00672 ], [ 35.8616388, 10.0067306 ], [ 35.8595896, 10.0066989 ], [ 35.8576047, 10.0067094 ], [ 35.856446, 10.0068785 ], [ 35.8555555, 10.0071215 ], [ 35.8546436, 10.0074807 ], [ 35.8532488, 10.008289 ], [ 35.8522081, 10.0088226 ], [ 35.8510923, 10.0094776 ], [ 35.8501696, 10.0098791 ], [ 35.8491075, 10.0101116 ], [ 35.8471441, 10.0104074 ], [ 35.844773, 10.0104814 ], [ 35.8424127, 10.0104919 ], [ 35.8404279, 10.0105976 ], [ 35.8393764, 10.0108406 ], [ 35.8383679, 10.0112315 ], [ 35.8373594, 10.0117809 ], [ 35.8359647, 10.0122035 ], [ 35.8344412, 10.012436 ], [ 35.8327675, 10.0125311 ], [ 35.8306003, 10.012362 ], [ 35.8285081, 10.0121613 ], [ 35.8271992, 10.0119922 ], [ 35.8257937, 10.0116964 ], [ 35.8238304, 10.0114851 ], [ 35.8219942, 10.0114649 ], [ 35.8204615, 10.0117386 ], [ 35.8192491, 10.012082 ], [ 35.8182567, 10.0125469 ], [ 35.8174574, 10.0130118 ], [ 35.8168673, 10.0135506 ], [ 35.8162451, 10.0141053 ], [ 35.8156121, 10.0148237 ], [ 35.8149362, 10.0157482 ], [ 35.8136916, 10.0175496 ], [ 35.8127636, 10.0187012 ], [ 35.8121788, 10.0194777 ], [ 35.8118141, 10.0201169 ], [ 35.8114815, 10.0208037 ], [ 35.8111113, 10.0217387 ], [ 35.810827, 10.0225839 ], [ 35.8102745, 10.0242268 ], [ 35.8098131, 10.0251459 ], [ 35.809325, 10.0260281 ], [ 35.8089602, 10.0265775 ], [ 35.8084506, 10.0272272 ], [ 35.8076513, 10.0283207 ], [ 35.805999, 10.030888 ], [ 35.8047491, 10.0329428 ], [ 35.8026248, 10.0367303 ], [ 35.8002591, 10.0406497 ], [ 35.7995242, 10.0417537 ], [ 35.7987088, 10.0427943 ], [ 35.7974696, 10.0441783 ], [ 35.7963324, 10.0452294 ], [ 35.7954955, 10.0459531 ], [ 35.7948303, 10.0463704 ], [ 35.7938325, 10.0467718 ], [ 35.7931942, 10.0469884 ], [ 35.792352, 10.0471204 ], [ 35.7914025, 10.0471257 ], [ 35.790689, 10.0471152 ], [ 35.7899809, 10.0470201 ], [ 35.7893693, 10.046851 ], [ 35.7887042, 10.0466081 ], [ 35.7871968, 10.0460534 ], [ 35.7857752, 10.0457154 ], [ 35.7842731, 10.0454249 ], [ 35.7829374, 10.0453034 ], [ 35.7819986, 10.0453245 ], [ 35.7811511, 10.0454196 ], [ 35.7801425, 10.0456361 ], [ 35.7794237, 10.0458844 ], [ 35.7786995, 10.0463915 ], [ 35.7779109, 10.0470993 ], [ 35.7773852, 10.0476803 ], [ 35.7771009, 10.0481452 ], [ 35.7769078, 10.0486047 ], [ 35.7766879, 10.0493125 ], [ 35.7762104, 10.0504218 ], [ 35.7757008, 10.0514623 ], [ 35.7753146, 10.0521543 ], [ 35.7747835, 10.0527353 ], [ 35.7740647, 10.0532477 ], [ 35.7732761, 10.0537178 ], [ 35.7724392, 10.0540717 ], [ 35.7713824, 10.0544044 ], [ 35.7703578, 10.0546474 ], [ 35.7693708, 10.0547847 ], [ 35.7672948, 10.0549009 ], [ 35.7664311, 10.0549855 ], [ 35.7658142, 10.0550066 ], [ 35.7650578, 10.0549591 ], [ 35.7643282, 10.0548957 ], [ 35.7636309, 10.0548851 ], [ 35.7629067, 10.0549907 ], [ 35.7623917, 10.0550964 ], [ 35.7618231, 10.0552971 ], [ 35.7609969, 10.0556035 ], [ 35.7600152, 10.055857 ], [ 35.7594681, 10.0558517 ], [ 35.7591462, 10.0557408 ], [ 35.7587492, 10.0554556 ], [ 35.7585508, 10.0553077 ], [ 35.7583147, 10.0553129 ], [ 35.7581001, 10.0553922 ], [ 35.7579995, 10.0554328 ], [ 35.7578909, 10.0554767 ], [ 35.7576281, 10.0554503 ], [ 35.7572955, 10.0553552 ], [ 35.7569468, 10.0552284 ], [ 35.7560295, 10.054996 ], [ 35.7551765, 10.0547214 ], [ 35.7546562, 10.0544995 ], [ 35.7539213, 10.0541879 ], [ 35.7533419, 10.0540241 ], [ 35.7528323, 10.0539766 ], [ 35.7516843, 10.0539132 ], [ 35.7499301, 10.0539238 ], [ 35.7481331, 10.0539766 ], [ 35.7471514, 10.0540453 ], [ 35.7464164, 10.0540981 ], [ 35.7459283, 10.0540453 ], [ 35.7449144, 10.0538076 ], [ 35.7437611, 10.053459 ], [ 35.7429564, 10.0531156 ], [ 35.7423341, 10.0527512 ], [ 35.7404298, 10.0514835 ], [ 35.739153, 10.0508866 ], [ 35.7382411, 10.0504218 ], [ 35.7375759, 10.0501101 ], [ 35.7368785, 10.0497034 ], [ 35.7358627, 10.0489646 ], [ 35.7357144, 10.048779 ], [ 35.7345021, 10.0472895 ], [ 35.7332146, 10.0455464 ], [ 35.7319164, 10.0435286 ], [ 35.7311547, 10.041965 ], [ 35.7303178, 10.0393556 ], [ 35.7297385, 10.0374856 ], [ 35.7295775, 10.036313 ], [ 35.7297385, 10.035172 ], [ 35.7305539, 10.0332175 ], [ 35.7312083, 10.0316962 ], [ 35.7316482, 10.0304495 ], [ 35.732013, 10.0292134 ], [ 35.7325387, 10.0278083 ], [ 35.7330429, 10.0269842 ], [ 35.733794, 10.026213 ], [ 35.7344055, 10.0253467 ], [ 35.7350385, 10.0243641 ], [ 35.7355642, 10.0229907 ], [ 35.7361114, 10.0219236 ], [ 35.7368088, 10.0211629 ], [ 35.7379031, 10.0203916 ], [ 35.7383484, 10.0200007 ], [ 35.7388365, 10.0194091 ], [ 35.7391959, 10.018865 ], [ 35.7396734, 10.0176764 ], [ 35.7401883, 10.0162818 ], [ 35.7407462, 10.0148132 ], [ 35.7411405, 10.0139468 ], [ 35.7413739, 10.0133868 ], [ 35.7415268, 10.0129325 ], [ 35.741854, 10.0120028 ], [ 35.7419103, 10.0112579 ], [ 35.7418567, 10.0107296 ], [ 35.7416797, 10.0097418 ], [ 35.7417279, 10.008738 ], [ 35.7417387, 10.0081464 ], [ 35.7419372, 10.0074543 ], [ 35.7421195, 10.0069683 ], [ 35.7422054, 10.0065827 ], [ 35.7421893, 10.0061759 ], [ 35.7420552, 10.00588 ], [ 35.7417977, 10.0054785 ], [ 35.7417376, 10.0053096 ], [ 35.741685, 10.0051616 ], [ 35.7416475, 10.0047442 ], [ 35.741744, 10.0041103 ], [ 35.7418191, 10.0035714 ], [ 35.7418299, 10.0031594 ], [ 35.7417279, 10.0026892 ], [ 35.7413202, 10.0018862 ], [ 35.7405639, 10.0006447 ], [ 35.7399952, 9.9994508 ], [ 35.7398558, 9.9988538 ], [ 35.7398665, 9.9982463 ], [ 35.7399577, 9.9972795 ], [ 35.7398987, 9.9954991 ], [ 35.7396948, 9.9935444 ], [ 35.7396197, 9.9925195 ], [ 35.7397592, 9.9918327 ], [ 35.7400811, 9.9911987 ], [ 35.7401776, 9.9907233 ], [ 35.7400596, 9.9892968 ], [ 35.739845, 9.9880289 ], [ 35.7396305, 9.9861058 ], [ 35.7395714, 9.9837786 ], [ 35.7393596, 9.9831446 ], [ 35.7391396, 9.9826691 ], [ 35.7389653, 9.9823046 ], [ 35.7387722, 9.9819136 ], [ 35.7385871, 9.9816468 ], [ 35.7383698, 9.9814117 ], [ 35.7381847, 9.9811687 ], [ 35.7379085, 9.9806641 ], [ 35.7375812, 9.9798769 ], [ 35.7373613, 9.9789524 ], [ 35.7373023, 9.9785614 ], [ 35.7373452, 9.9777214 ], [ 35.7372594, 9.9769183 ], [ 35.7370126, 9.9763953 ], [ 35.7364279, 9.9756292 ], [ 35.735296, 9.9743136 ], [ 35.734899, 9.9737536 ], [ 35.7345021, 9.9730773 ], [ 35.7339013, 9.9718622 ], [ 35.7332361, 9.9705624 ], [ 35.7328123, 9.969865 ], [ 35.7322973, 9.9692363 ], [ 35.7314497, 9.9684596 ], [ 35.7309616, 9.9681374 ], [ 35.7299691, 9.96772 ], [ 35.7293361, 9.9673977 ], [ 35.7289553, 9.9670701 ], [ 35.7286173, 9.9667003 ], [ 35.7281882, 9.9660927 ], [ 35.7278556, 9.9657651 ], [ 35.7274961, 9.9655537 ], [ 35.7268363, 9.9653265 ], [ 35.7260156, 9.9651099 ], [ 35.7253021, 9.9648141 ], [ 35.7249641, 9.9645604 ], [ 35.7243419, 9.9639898 ], [ 35.7234728, 9.9633822 ], [ 35.7228613, 9.9630811 ], [ 35.7221639, 9.9629173 ], [ 35.7205117, 9.962595 ], [ 35.7197982, 9.9624787 ], [ 35.7190579, 9.9625369 ], [ 35.7182318, 9.9627059 ], [ 35.7174271, 9.9628856 ], [ 35.7164615, 9.9629437 ], [ 35.7156086, 9.9629067 ], [ 35.7145947, 9.9627323 ], [ 35.7132751, 9.9624946 ], [ 35.7118481, 9.9621934 ], [ 35.7100403, 9.9620666 ], [ 35.7084793, 9.9620825 ], [ 35.7072562, 9.9622357 ], [ 35.7063442, 9.9624418 ], [ 35.7046866, 9.9626954 ], [ 35.7026857, 9.9630494 ], [ 35.701586, 9.9632184 ], [ 35.7007277, 9.963303 ], [ 35.6996655, 9.9633505 ], [ 35.6986678, 9.9634298 ], [ 35.6975734, 9.9635037 ], [ 35.6966507, 9.9636041 ], [ 35.6957442, 9.9637626 ], [ 35.6947035, 9.9639 ], [ 35.6934589, 9.9639581 ], [ 35.6923431, 9.9638894 ], [ 35.6914955, 9.9636675 ], [ 35.6909323, 9.9632713 ], [ 35.6904495, 9.9626901 ], [ 35.6900525, 9.9621459 ], [ 35.6898594, 9.961607 ], [ 35.6897145, 9.9606559 ], [ 35.6895482, 9.9600166 ], [ 35.6893229, 9.9592822 ], [ 35.6889367, 9.9585742 ], [ 35.688706, 9.95803 ], [ 35.6885558, 9.957491 ], [ 35.6884646, 9.9568359 ], [ 35.6883949, 9.9559165 ], [ 35.6881642, 9.9539404 ], [ 35.6877887, 9.9523342 ], [ 35.6872952, 9.9509921 ], [ 35.6861794, 9.9481812 ], [ 35.6846559, 9.9450532 ], [ 35.6836903, 9.9435315 ], [ 35.6824672, 9.9428234 ], [ 35.6810462, 9.9421016 ], [ 35.6800747, 9.9417878 ], [ 35.6783795, 9.9415025 ], [ 35.6768131, 9.9413756 ], [ 35.6751501, 9.9416187 ], [ 35.6735515, 9.9420308 ], [ 35.6714272, 9.9428868 ], [ 35.6696463, 9.9437639 ], [ 35.667007, 9.9455182 ], [ 35.6651509, 9.9468286 ], [ 35.6637132, 9.9482446 ], [ 35.6601834, 9.9520383 ], [ 35.6585526, 9.9538665 ], [ 35.6575656, 9.9555784 ], [ 35.6560314, 9.9584632 ], [ 35.6548083, 9.9605555 ], [ 35.6538856, 9.9614643 ], [ 35.653097, 9.9619662 ], [ 35.6521958, 9.9621881 ], [ 35.6514448, 9.9622674 ], [ 35.6506455, 9.9622463 ], [ 35.6495726, 9.9621881 ], [ 35.6485909, 9.9620719 ], [ 35.6474858, 9.9619557 ], [ 35.6463379, 9.96185 ], [ 35.6451523, 9.9618606 ], [ 35.6435859, 9.961887 ], [ 35.6420463, 9.9616809 ], [ 35.6410325, 9.9614643 ], [ 35.6403297, 9.9612635 ], [ 35.6394499, 9.960899 ], [ 35.6384253, 9.9606982 ], [ 35.6377816, 9.9607352 ], [ 35.636977, 9.9609201 ], [ 35.6362474, 9.9612794 ], [ 35.6352925, 9.9618764 ], [ 35.6344074, 9.9625474 ], [ 35.6337047, 9.9632449 ], [ 35.6327927, 9.9645182 ], [ 35.6320149, 9.9658972 ], [ 35.6313229, 9.967535 ], [ 35.6309849, 9.9685389 ], [ 35.6300569, 9.971207 ], [ 35.6296331, 9.9724328 ], [ 35.629279, 9.9735581 ], [ 35.6290001, 9.9747891 ], [ 35.6287748, 9.9758986 ], [ 35.6286031, 9.977061 ], [ 35.6284368, 9.9783395 ], [ 35.6280827, 9.980997 ], [ 35.6279594, 9.9820959 ], [ 35.6279433, 9.9831103 ], [ 35.6279111, 9.9843729 ], [ 35.6278413, 9.9860107 ], [ 35.6275248, 9.9880183 ], [ 35.6272298, 9.9893232 ], [ 35.6269079, 9.9903429 ], [ 35.6261837, 9.9923557 ], [ 35.6256258, 9.9934599 ], [ 35.6249016, 9.9946803 ], [ 35.6238127, 9.9964606 ], [ 35.6219083, 9.9990017 ], [ 35.6211573, 9.9998523 ], [ 35.6201059, 10.0009881 ], [ 35.619446, 10.0017964 ], [ 35.6184053, 10.0032016 ], [ 35.6183582, 10.003257 ], [ 35.6173593, 10.0044325 ], [ 35.6164581, 10.0053518 ], [ 35.6158841, 10.0058378 ], [ 35.6135237, 10.0076603 ], [ 35.6098437, 10.0107772 ], [ 35.6090498, 10.0114956 ], [ 35.6087172, 10.0119869 ], [ 35.6085348, 10.0124095 ], [ 35.6082451, 10.0132495 ], [ 35.6080413, 10.0136721 ], [ 35.6077516, 10.0141634 ], [ 35.6072795, 10.0148237 ], [ 35.6062013, 10.0161286 ], [ 35.6046778, 10.0181571 ], [ 35.6040341, 10.0188861 ], [ 35.6036854, 10.0193932 ], [ 35.6034225, 10.0198898 ], [ 35.603224, 10.0204445 ], [ 35.602929, 10.0214429 ], [ 35.6025807, 10.0225157 ], [ 35.6024677, 10.0228639 ], [ 35.6019473, 10.0241475 ], [ 35.6015825, 10.0250773 ], [ 35.601266, 10.0259859 ], [ 35.6010944, 10.026662 ], [ 35.6010354, 10.0273118 ], [ 35.6009924, 10.0283471 ], [ 35.6010461, 10.0295938 ], [ 35.6010997, 10.0308616 ], [ 35.6010729, 10.03261 ], [ 35.6008261, 10.0364345 ], [ 35.6007296, 10.0377075 ], [ 35.6005257, 10.0390439 ], [ 35.6003004, 10.0400951 ], [ 35.5998123, 10.0420601 ], [ 35.5992651, 10.0438666 ], [ 35.5985409, 10.0457576 ], [ 35.5981976, 10.0464021 ], [ 35.5978462, 10.0470782 ], [ 35.5974922, 10.0476064 ], [ 35.596835, 10.0483063 ], [ 35.5961779, 10.0489032 ], [ 35.595628, 10.0492729 ], [ 35.59551, 10.0493284 ], [ 35.5951077, 10.0494683 ], [ 35.5945766, 10.0496189 ], [ 35.5939141, 10.0498566 ], [ 35.5930933, 10.0502184 ], [ 35.5924308, 10.0506066 ], [ 35.5906176, 10.0517476 ], [ 35.5893195, 10.0525716 ], [ 35.5879033, 10.0534801 ], [ 35.5863476, 10.0542407 ], [ 35.5850494, 10.0548323 ], [ 35.5830002, 10.0556246 ], [ 35.5810583, 10.0565331 ], [ 35.579642, 10.0574522 ], [ 35.5788159, 10.058086 ], [ 35.5764449, 10.0603255 ], [ 35.5737412, 10.062713 ], [ 35.5718315, 10.0642236 ], [ 35.5702114, 10.0657025 ], [ 35.568881, 10.066537 ], [ 35.5674755, 10.0672765 ], [ 35.5651796, 10.0684279 ], [ 35.5630016, 10.0693153 ], [ 35.5606413, 10.0700653 ], [ 35.5557382, 10.0715019 ], [ 35.5541825, 10.0717449 ], [ 35.5529487, 10.0718611 ], [ 35.5496228, 10.0719667 ], [ 35.5460822, 10.0721569 ], [ 35.5434859, 10.0724104 ], [ 35.5419624, 10.0726534 ], [ 35.5408573, 10.0728329 ], [ 35.5388725, 10.073097 ], [ 35.5369949, 10.0735301 ], [ 35.5355251, 10.0739949 ], [ 35.5338085, 10.0747132 ], [ 35.5322957, 10.0753893 ], [ 35.5308902, 10.0761604 ], [ 35.5292165, 10.0773435 ], [ 35.5274355, 10.0787167 ], [ 35.5244529, 10.0812413 ], [ 35.5200648, 10.0851497 ], [ 35.5187237, 10.0861637 ], [ 35.517844, 10.0866391 ], [ 35.5170071, 10.0868926 ], [ 35.5152154, 10.0871989 ], [ 35.5142069, 10.0876003 ], [ 35.5137348, 10.0880334 ], [ 35.5133378, 10.0888151 ], [ 35.5129516, 10.089977 ], [ 35.5124044, 10.0910121 ], [ 35.5113959, 10.0922374 ], [ 35.510484, 10.0929768 ], [ 35.5097759, 10.0933254 ], [ 35.508821, 10.0935472 ], [ 35.5078661, 10.0935472 ], [ 35.5073296, 10.0935304 ], [ 35.5051732, 10.0934627 ], [ 35.5036001, 10.0936595 ], [ 35.5022289, 10.0941485 ], [ 35.5010533, 10.0945929 ], [ 35.5001521, 10.0952373 ], [ 35.4992831, 10.0960928 ], [ 35.4979098, 10.0974132 ], [ 35.496794, 10.0982793 ], [ 35.4956031, 10.0992088 ], [ 35.4942834, 10.100508 ], [ 35.4928136, 10.1019023 ], [ 35.4912364, 10.1036556 ], [ 35.489949, 10.1051238 ], [ 35.4873526, 10.1081024 ], [ 35.4863119, 10.1092009 ], [ 35.4849867, 10.1103159 ], [ 35.4830933, 10.1113239 ], [ 35.4814123, 10.1118271 ], [ 35.4794529, 10.1120405 ], [ 35.4768724, 10.1119021 ], [ 35.4725039, 10.1115246 ], [ 35.4701972, 10.111419 ], [ 35.4677939, 10.1115246 ], [ 35.4658735, 10.1117464 ], [ 35.4645699, 10.1119048 ] ], [ [ 36.3711405, 10.3227672 ], [ 36.3716179, 10.3234691 ], [ 36.3725567, 10.3245563 ], [ 36.3736725, 10.3258809 ], [ 36.3746166, 10.3268309 ], [ 36.3754642, 10.3275222 ], [ 36.3762581, 10.3285039 ], [ 36.3765693, 10.329401 ], [ 36.3768911, 10.3306043 ] ], [ [ 36.3768911, 10.3306043 ], [ 36.3758987, 10.330219 ], [ 36.3747668, 10.3299736 ], [ 36.3743699, 10.3298786 ], [ 36.3739058, 10.3296332 ], [ 36.373525, 10.3292744 ], [ 36.3729858, 10.3283825 ], [ 36.372546, 10.3275645 ], [ 36.372031, 10.3262345 ], [ 36.3715374, 10.3251632 ], [ 36.3713014, 10.3245404 ], [ 36.3711619, 10.3237488 ], [ 36.3711405, 10.3227672 ] ], [ [ 36.3824004, 10.3437871 ], [ 36.3824487, 10.343291 ], [ 36.3822019, 10.3404202 ], [ 36.38188, 10.3385098 ], [ 36.3813543, 10.3364306 ], [ 36.3804531, 10.3342563 ], [ 36.3792086, 10.332768 ], [ 36.377567, 10.3314276 ], [ 36.3768911, 10.3306043 ] ], [ [ 36.3824004, 10.3437871 ], [ 36.3830119, 10.3448003 ], [ 36.3833901, 10.3454257 ], [ 36.3836315, 10.3458083 ], [ 36.3838917, 10.3461249 ], [ 36.3844603, 10.3467107 ], [ 36.3849217, 10.3471962 ], [ 36.3854688, 10.3478664 ], [ 36.3859141, 10.3485577 ], [ 36.3863271, 10.3491487 ], [ 36.3867187, 10.3495445 ], [ 36.3880384, 10.3506263 ] ], [ [ 36.3880384, 10.3506263 ], [ 36.3844442, 10.3503097 ], [ 36.383028, 10.3500142 ], [ 36.3816225, 10.3490854 ], [ 36.381011, 10.3482516 ], [ 36.3807428, 10.3475867 ], [ 36.3807213, 10.3466474 ], [ 36.381129, 10.3457291 ], [ 36.3820732, 10.3446499 ], [ 36.3823307, 10.3441222 ], [ 36.3824004, 10.3437871 ] ], [ [ 36.3880384, 10.3506263 ], [ 36.389519, 10.350658 ], [ 36.3920295, 10.3505524 ], [ 36.393965, 10.350841 ], [ 36.3941538, 10.3508691 ], [ 36.3956022, 10.3511646 ], [ 36.3976836, 10.3525155 ], [ 36.4000735, 10.3546199 ], [ 36.4003444, 10.3548585 ], [ 36.4038098, 10.3582992 ], [ 36.4060306, 10.3612965 ], [ 36.4071406, 10.3630859 ], [ 36.4079618, 10.3644099 ], [ 36.409421, 10.3659402 ], [ 36.4111698, 10.3671116 ], [ 36.4127684, 10.3678293 ], [ 36.4149034, 10.3687263 ], [ 36.4166093, 10.3697817 ], [ 36.4174569, 10.3704677 ], [ 36.4190501, 10.3718396 ], [ 36.4196992, 10.3724676 ], [ 36.4203322, 10.3733593 ], [ 36.4217913, 10.3757022 ], [ 36.4228105, 10.3780767 ], [ 36.4235186, 10.3806306 ], [ 36.4239049, 10.3833006 ], [ 36.4240444, 10.3856433 ], [ 36.4239693, 10.3887776 ], [ 36.4234435, 10.3917219 ], [ 36.4226925, 10.3958374 ], [ 36.4219522, 10.4001851 ], [ 36.4215982, 10.402876 ], [ 36.4213836, 10.4045011 ], [ 36.4211476, 10.4059046 ], [ 36.4209652, 10.4077512 ], [ 36.4210725, 10.4096928 ], [ 36.4213407, 10.4112018 ], [ 36.4218986, 10.4127846 ], [ 36.422714, 10.4147895 ], [ 36.424334, 10.4183561 ], [ 36.4247203, 10.4200655 ], [ 36.4249992, 10.4222392 ], [ 36.4247739, 10.4244023 ], [ 36.4245486, 10.4264599 ], [ 36.4246023, 10.4289818 ], [ 36.4248919, 10.4313137 ], [ 36.4255571, 10.4337299 ], [ 36.4263618, 10.4357453 ], [ 36.4278531, 10.4384147 ], [ 36.4289582, 10.4402612 ], [ 36.4298487, 10.4413269 ], [ 36.4309108, 10.4423715 ], [ 36.4315224, 10.4431839 ], [ 36.4320159, 10.4443023 ], [ 36.4326382, 10.446096 ], [ 36.4333248, 10.4480374 ], [ 36.4341402, 10.4498521 ], [ 36.435256, 10.4515192 ], [ 36.4369833, 10.4529013 ], [ 36.4381737, 10.4537002 ] ], [ [ 36.4359266, 10.4566099 ], [ 36.4357844, 10.4570477 ], [ 36.4353599, 10.4580144 ], [ 36.4350843, 10.458327 ], [ 36.4346445, 10.4585934 ], [ 36.4339501, 10.4586283 ], [ 36.4334475, 10.4587195 ], [ 36.4329078, 10.4587729 ], [ 36.433357, 10.4583877 ], [ 36.4337057, 10.4578443 ], [ 36.4340651, 10.4573326 ], [ 36.4343762, 10.4569211 ], [ 36.4345908, 10.4567523 ], [ 36.4349288, 10.4567101 ], [ 36.4353043, 10.4567681 ], [ 36.4359266, 10.4566099 ] ], [ [ 36.4381737, 10.4537002 ], [ 36.4381403, 10.4542855 ], [ 36.4374983, 10.4549323 ], [ 36.4362323, 10.4563408 ], [ 36.4359266, 10.4566099 ] ], [ [ 36.4764709, 10.4840318 ], [ 36.4745021, 10.4839718 ], [ 36.4699852, 10.4836131 ], [ 36.4673138, 10.4830329 ], [ 36.4654577, 10.4822628 ], [ 36.4634621, 10.4806803 ], [ 36.4619815, 10.4790029 ], [ 36.4606941, 10.4771355 ], [ 36.4594817, 10.4751732 ], [ 36.4590901, 10.4742448 ], [ 36.4588165, 10.473348 ], [ 36.458433, 10.4721506 ], [ 36.4574057, 10.4688379 ], [ 36.4563167, 10.4646915 ], [ 36.4560377, 10.4638212 ], [ 36.4556515, 10.4631987 ], [ 36.45504, 10.4625024 ], [ 36.4544713, 10.4619538 ], [ 36.4536988, 10.4613418 ], [ 36.4525509, 10.4605716 ], [ 36.4455986, 10.4571849 ], [ 36.4415753, 10.4553807 ], [ 36.4381737, 10.4537002 ] ], [ [ 36.4776831, 10.4840688 ], [ 36.4764709, 10.4840318 ] ], [ [ 36.4764709, 10.4840318 ], [ 36.4768329, 10.4843964 ], [ 36.4770395, 10.4846048 ], [ 36.4772326, 10.484858 ], [ 36.4775974, 10.4854066 ], [ 36.4777207, 10.4855754 ], [ 36.4778334, 10.4858022 ], [ 36.4778802, 10.4859719 ] ], [ [ 36.478754, 10.4843462 ], [ 36.478402, 10.4842303 ], [ 36.4780428, 10.4841389 ], [ 36.4776831, 10.4840688 ] ], [ [ 36.4779246, 10.4858338 ], [ 36.4779353, 10.4856123 ], [ 36.4779192, 10.485396 ], [ 36.4778763, 10.4851798 ], [ 36.4778441, 10.485011 ], [ 36.4778012, 10.4848316 ], [ 36.4777529, 10.4845679 ], [ 36.4777154, 10.4843621 ], [ 36.4776831, 10.4840688 ] ], [ [ 36.4777054, 10.4865164 ], [ 36.4776671, 10.4866356 ], [ 36.4775759, 10.4868308 ], [ 36.4774793, 10.4869732 ], [ 36.4773613, 10.4871314 ], [ 36.477195, 10.487295 ], [ 36.4770609, 10.487469 ], [ 36.4769858, 10.4876167 ], [ 36.4769536, 10.4878119 ], [ 36.4769697, 10.4880598 ], [ 36.4770341, 10.4882233 ], [ 36.477136, 10.4884238 ], [ 36.4772916, 10.48864 ], [ 36.4775693, 10.4891006 ], [ 36.4775008, 10.4887824 ], [ 36.4774847, 10.4884712 ], [ 36.4775062, 10.4881758 ], [ 36.4775437, 10.4879279 ], [ 36.4776188, 10.4875323 ], [ 36.4776671, 10.4872475 ], [ 36.4776939, 10.4870048 ], [ 36.4776993, 10.4868308 ], [ 36.4777054, 10.4865164 ] ], [ [ 36.4777054, 10.4865164 ], [ 36.4778802, 10.4859719 ] ], [ [ 36.4778802, 10.4859719 ], [ 36.4779246, 10.4858338 ] ], [ [ 36.4779246, 10.4858338 ], [ 36.4780533, 10.4855859 ], [ 36.4782411, 10.4852747 ], [ 36.4783162, 10.4851006 ], [ 36.4786141, 10.4845803 ], [ 36.478754, 10.4843462 ] ], [ [ 37.2030169, 10.2341678 ], [ 37.2026789, 10.2345056 ], [ 37.2021612, 10.2352315 ], [ 37.2018501, 10.2355773 ], [ 37.2014934, 10.2359125 ], [ 37.2012359, 10.2360972 ], [ 37.2010213, 10.2363691 ], [ 37.2009013, 10.236672 ], [ 37.200802, 10.2368422 ], [ 37.2005707, 10.2370105 ], [ 37.2002998, 10.2372111 ], [ 37.1998921, 10.2374724 ], [ 37.1994281, 10.2378024 ], [ 37.1989775, 10.2382115 ], [ 37.1986932, 10.2385203 ], [ 37.1982264, 10.2389162 ], [ 37.1974659, 10.2395724 ], [ 37.1968263, 10.2402043 ], [ 37.1965367, 10.2404999 ], [ 37.1961665, 10.2409275 ], [ 37.1958661, 10.2415557 ], [ 37.1954584, 10.2423264 ], [ 37.1948737, 10.2432291 ], [ 37.1942487, 10.2437465 ], [ 37.1935192, 10.2442823 ], [ 37.1927896, 10.2447547 ], [ 37.192111, 10.2450741 ], [ 37.1915102, 10.2453486 ], [ 37.1911186, 10.245573 ], [ 37.1906546, 10.245924 ], [ 37.1903166, 10.2461352 ], [ 37.1897534, 10.2463674 ], [ 37.1890184, 10.2464941 ], [ 37.1878383, 10.2466367 ], [ 37.1870872, 10.2467158 ], [ 37.1863711, 10.246803 ], [ 37.1857327, 10.2469164 ], [ 37.1851131, 10.2470352 ], [ 37.1844962, 10.2472041 ], [ 37.1833, 10.2475341 ], [ 37.1821251, 10.2478482 ], [ 37.1814412, 10.2480118 ], [ 37.1806151, 10.2482626 ], [ 37.1799821, 10.2484077 ], [ 37.178877, 10.2486321 ], [ 37.178016, 10.2488432 ], [ 37.1766561, 10.2491098 ], [ 37.1758783, 10.2492101 ], [ 37.1753767, 10.2493051 ], [ 37.1749476, 10.2494635 ], [ 37.1743441, 10.249643 ], [ 37.1738854, 10.2496641 ], [ 37.1735394, 10.2496192 ], [ 37.1730942, 10.2494529 ], [ 37.1727495, 10.2494199 ], [ 37.172378, 10.2494437 ], [ 37.1719207, 10.2495625 ], [ 37.1713132, 10.2497749 ], [ 37.1703824, 10.2500046 ], [ 37.1693712, 10.2500996 ], [ 37.1685585, 10.2500705 ], [ 37.1672535, 10.2500618 ], [ 37.1660587, 10.2500521 ], [ 37.1639156, 10.2500653 ], [ 37.1599406, 10.2501075 ], [ 37.1587604, 10.2501339 ], [ 37.1578538, 10.2501392 ], [ 37.1567273, 10.2501761 ], [ 37.1555847, 10.2503503 ], [ 37.154839, 10.2505456 ], [ 37.1542919, 10.2507568 ], [ 37.1538144, 10.2508307 ], [ 37.1533075, 10.2508835 ], [ 37.1531012, 10.250876 ], [ 37.1527281, 10.2508624 ], [ 37.1521622, 10.2508413 ], [ 37.1515989, 10.2508624 ], [ 37.1505475, 10.2510498 ], [ 37.1498823, 10.2511527 ], [ 37.1493861, 10.2512213 ], [ 37.1486914, 10.2511923 ], [ 37.1482354, 10.2511474 ], [ 37.1478385, 10.2510973 ], [ 37.147581, 10.2511105 ], [ 37.1473181, 10.2511712 ], [ 37.1470955, 10.2513216 ], [ 37.1469037, 10.251447 ], [ 37.1466382, 10.2514787 ], [ 37.1464129, 10.2514166 ], [ 37.1461152, 10.251352 ], [ 37.1458483, 10.2513427 ], [ 37.1454902, 10.2513361 ], [ 37.1449481, 10.2513049 ], [ 37.1443524, 10.251352 ], [ 37.1437824, 10.2513239 ], [ 37.1435045, 10.2512959 ], [ 37.1432551, 10.2512258 ], [ 37.1428764, 10.2511316 ], [ 37.142525, 10.2511712 ], [ 37.1422756, 10.2512266 ], [ 37.1420878, 10.2513137 ], [ 37.1418276, 10.2513929 ], [ 37.1414575, 10.251443 ], [ 37.141023, 10.2514325 ], [ 37.1405455, 10.2514615 ], [ 37.1401861, 10.2515301 ], [ 37.139757, 10.251604 ], [ 37.1387404, 10.2517492 ], [ 37.137756, 10.2518891 ], [ 37.1355915, 10.2522771 ], [ 37.1328074, 10.2526888 ], [ 37.129755, 10.2531217 ], [ 37.1273839, 10.2533434 ], [ 37.126075, 10.2535018 ], [ 37.1246481, 10.2538132 ], [ 37.1240206, 10.2540303 ], [ 37.1236718, 10.254151 ], [ 37.1235477, 10.2542129 ], [ 37.1228993, 10.2545364 ], [ 37.1219015, 10.254964 ], [ 37.1208179, 10.2553335 ], [ 37.1192944, 10.2556819 ], [ 37.1183717, 10.2557663 ], [ 37.1175617, 10.2559089 ], [ 37.1167731, 10.2561464 ], [ 37.1156412, 10.256442 ], [ 37.1142143, 10.2568643 ], [ 37.113077, 10.2575505 ], [ 37.1124923, 10.2579095 ], [ 37.1120202, 10.2583107 ], [ 37.1116126, 10.2586749 ], [ 37.1113656, 10.2587757 ], [ 37.1110439, 10.2589071 ], [ 37.1104941, 10.2590629 ], [ 37.109971, 10.2593453 ], [ 37.10922, 10.2597676 ], [ 37.1087603, 10.2600802 ], [ 37.1076751, 10.260818 ], [ 37.1065485, 10.2613617 ], [ 37.1053094, 10.2617418 ], [ 37.1040595, 10.2620902 ], [ 37.1024394, 10.2626444 ], [ 37.1018976, 10.2627975 ], [ 37.1017893, 10.2628095 ], [ 37.1010393, 10.2628925 ], [ 37.1000791, 10.2630298 ], [ 37.0991456, 10.2632884 ], [ 37.0982873, 10.2635734 ], [ 37.0974451, 10.2637635 ], [ 37.0959485, 10.2639588 ], [ 37.0949954, 10.2640072 ], [ 37.0949078, 10.2640116 ], [ 37.0933038, 10.2640116 ], [ 37.0920914, 10.2640802 ], [ 37.0909756, 10.2642122 ], [ 37.0906683, 10.2642734 ], [ 37.0896774, 10.2644708 ], [ 37.0881486, 10.2647295 ], [ 37.0869255, 10.264967 ], [ 37.0861262, 10.2652943 ], [ 37.0855898, 10.2655899 ], [ 37.0850319, 10.2659224 ], [ 37.084592, 10.2663579 ], [ 37.084423, 10.2666614 ], [ 37.0843881, 10.2669253 ], [ 37.0843613, 10.2673476 ], [ 37.0841628, 10.2678068 ], [ 37.083841, 10.2682766 ], [ 37.082532, 10.2694643 ], [ 37.0804292, 10.2713117 ], [ 37.0795172, 10.2721193 ], [ 37.0787448, 10.2728847 ], [ 37.0779937, 10.2738084 ], [ 37.0770657, 10.2750489 ], [ 37.0767814, 10.2755239 ], [ 37.0765666, 10.2757504 ], [ 37.076481, 10.2758406 ], [ 37.0760786, 10.2761996 ], [ 37.0754671, 10.276986 ], [ 37.0747644, 10.2780259 ], [ 37.074303, 10.2786118 ], [ 37.0736057, 10.2793085 ], [ 37.0730692, 10.2796106 ], [ 37.0727152, 10.2798099 ], [ 37.0720446, 10.28057 ], [ 37.0713633, 10.2815623 ], [ 37.070387, 10.2827658 ], [ 37.069805, 10.2833094 ], [ 37.069062, 10.2839112 ], [ 37.0682466, 10.2847346 ], [ 37.0676875, 10.2853181 ], [ 37.067589, 10.2854209 ], [ 37.0670342, 10.2857005 ], [ 37.0662457, 10.2860383 ], [ 37.065559, 10.2862494 ], [ 37.0641428, 10.28645 ], [ 37.0623404, 10.2865503 ], [ 37.0607203, 10.286413 ], [ 37.0605414, 10.2863969 ], [ 37.0592505, 10.2862811 ], [ 37.0583439, 10.2862705 ], [ 37.0578949, 10.2863257 ], [ 37.0572281, 10.2864078 ], [ 37.0569801, 10.2864543 ], [ 37.0563269, 10.2865767 ], [ 37.0547604, 10.2870411 ], [ 37.0530063, 10.288044 ], [ 37.0528671, 10.2881439 ], [ 37.0518959, 10.288841 ], [ 37.050882, 10.2894691 ], [ 37.0497072, 10.2897805 ], [ 37.0485303, 10.2898953 ], [ 37.0454881, 10.289894 ], [ 37.0443803, 10.2898729 ], [ 37.0430124, 10.2898386 ], [ 37.0413172, 10.2899019 ], [ 37.0395416, 10.290113 ], [ 37.0386028, 10.2904455 ], [ 37.0380315, 10.2907068 ], [ 37.0375769, 10.2909443 ], [ 37.0370042, 10.2912109 ], [ 37.0364571, 10.2912584 ], [ 37.0359743, 10.2912214 ], [ 37.0358951, 10.2912086 ], [ 37.0345741, 10.2909945 ], [ 37.0325571, 10.290662 ], [ 37.02833, 10.2903611 ], [ 37.0261574, 10.2901922 ], [ 37.0251542, 10.2900444 ], [ 37.0244515, 10.2899072 ], [ 37.02362, 10.2897014 ], [ 37.0224881, 10.2894585 ], [ 37.0219999, 10.2893583 ], [ 37.0215386, 10.2893055 ], [ 37.0209485, 10.2892685 ], [ 37.0203835, 10.2892511 ], [ 37.0198274, 10.2892474 ], [ 37.0191836, 10.2893107 ], [ 37.018438, 10.2894321 ], [ 37.0177782, 10.2895588 ], [ 37.0171183, 10.2897541 ], [ 37.0165175, 10.2899864 ], [ 37.0157719, 10.2903769 ], [ 37.0138192, 10.2912479 ], [ 37.0127115, 10.2918443 ], [ 37.0116681, 10.2924776 ], [ 37.0109653, 10.2931163 ], [ 37.0105845, 10.2936599 ], [ 37.0103109, 10.2941561 ], [ 37.0100695, 10.2947155 ], [ 37.0097423, 10.2951774 ], [ 37.0092916, 10.2957263 ], [ 37.008884, 10.2961934 ], [ 37.0082939, 10.2968056 ], [ 37.0077252, 10.2974496 ], [ 37.0071459, 10.2982729 ], [ 37.0065558, 10.2992124 ], [ 37.0062661, 10.3000357 ], [ 37.0059979, 10.3005847 ], [ 37.0055741, 10.3012392 ], [ 37.0051342, 10.3018883 ], [ 37.0042893, 10.3030178 ], [ 37.0037502, 10.3038042 ], [ 37.0034498, 10.3044798 ], [ 37.0032781, 10.3048123 ], [ 37.0030421, 10.3050551 ], [ 37.0028688, 10.3051688 ], [ 37.0027068, 10.30529 ], [ 37.0025593, 10.3054483 ], [ 37.0024359, 10.3056515 ], [ 37.0022106, 10.3062215 ], [ 37.0018673, 10.3068759 ], [ 37.0014757, 10.3074618 ], [ 37.0009875, 10.3083221 ], [ 37.0005637, 10.308681 ], [ 36.9998717, 10.3089765 ], [ 36.9990563, 10.3091296 ], [ 36.9982624, 10.3091982 ], [ 36.9979191, 10.3092721 ], [ 36.9976723, 10.309404 ], [ 36.9971359, 10.3099793 ], [ 36.9962883, 10.3108765 ], [ 36.9955587, 10.3115046 ], [ 36.9942659, 10.3124229 ], [ 36.992104, 10.3145604 ], [ 36.9903767, 10.3160698 ], [ 36.988306, 10.317442 ], [ 36.9866109, 10.3181809 ], [ 36.9848728, 10.3185609 ], [ 36.9828129, 10.3189409 ], [ 36.9814396, 10.3191098 ], [ 36.9800448, 10.3194264 ], [ 36.9794762, 10.3196481 ], [ 36.9786394, 10.319817 ], [ 36.9779205, 10.3198381 ], [ 36.9773197, 10.3197853 ], [ 36.9766009, 10.3194687 ], [ 36.9755601, 10.3189913 ], [ 36.9749268, 10.3188239 ], [ 36.9734239, 10.3185077 ], [ 36.972363, 10.3181756 ], [ 36.9714779, 10.3178537 ], [ 36.9698471, 10.317289 ], [ 36.9690263, 10.3170093 ], [ 36.9681787, 10.3166662 ], [ 36.9673687, 10.3163654 ], [ 36.9667464, 10.3162334 ], [ 36.9661242, 10.3162176 ], [ 36.9655019, 10.3162229 ], [ 36.9649279, 10.316244 ], [ 36.9639301, 10.3160804 ], [ 36.963104, 10.3158165 ], [ 36.9619346, 10.3156001 ], [ 36.9611514, 10.3156159 ], [ 36.9601858, 10.3157373 ], [ 36.9576967, 10.3162915 ], [ 36.9557118, 10.3167137 ], [ 36.9545638, 10.3170093 ], [ 36.9532335, 10.3171359 ], [ 36.9513023, 10.317062 ], [ 36.9495857, 10.3167243 ], [ 36.948384, 10.3164076 ], [ 36.9471824, 10.3156582 ], [ 36.9456053, 10.3149299 ], [ 36.9438457, 10.3144654 ], [ 36.9425046, 10.314286 ], [ 36.9411421, 10.3142332 ], [ 36.9398653, 10.3142121 ], [ 36.9392266, 10.3141496 ], [ 36.9382453, 10.3140537 ], [ 36.9368827, 10.3137582 ], [ 36.9353485, 10.3138638 ], [ 36.9344795, 10.3142015 ], [ 36.933825, 10.3148665 ], [ 36.9328487, 10.3158904 ], [ 36.9314968, 10.3166715 ], [ 36.9287503, 10.3175898 ], [ 36.9270337, 10.3179698 ], [ 36.9256604, 10.3180965 ], [ 36.9237399, 10.318107 ], [ 36.9212079, 10.3181387 ], [ 36.9189227, 10.3180542 ], [ 36.9166481, 10.3179065 ], [ 36.9136494, 10.3176531 ], [ 36.9106454, 10.3173312 ], [ 36.9086927, 10.3171412 ], [ 36.9079149, 10.3170515 ], [ 36.9073033, 10.3171359 ], [ 36.9067132, 10.3174315 ], [ 36.9062626, 10.3176743 ], [ 36.9055545, 10.3178115 ], [ 36.9035053, 10.3174104 ], [ 36.9016814, 10.3166979 ], [ 36.8996751, 10.3161648 ], [ 36.8987095, 10.3160276 ], [ 36.8978083, 10.3162176 ], [ 36.8966389, 10.3167348 ], [ 36.895287, 10.3175793 ], [ 36.8946648, 10.3179487 ], [ 36.8938601, 10.3183392 ], [ 36.8937161, 10.3183965 ], [ 36.8915534, 10.3192576 ], [ 36.8905234, 10.3199331 ], [ 36.889075, 10.3210836 ], [ 36.8878305, 10.3223397 ], [ 36.8869078, 10.323543 ], [ 36.8860817, 10.3252529 ], [ 36.8850517, 10.3283455 ], [ 36.8843007, 10.3303932 ], [ 36.8836462, 10.3317653 ], [ 36.8829274, 10.332863 ], [ 36.8818438, 10.3347946 ], [ 36.8803525, 10.3371694 ], [ 36.8786359, 10.3390059 ], [ 36.8773055, 10.3401986 ], [ 36.8755782, 10.3416551 ], [ 36.8748057, 10.342101 ], [ 36.8741512, 10.3423965 ], [ 36.8736362, 10.3425997 ], [ 36.8731213, 10.3428161 ], [ 36.8727511, 10.3429929 ], [ 36.8721852, 10.3432277 ], [ 36.8714368, 10.3435813 ], [ 36.8708766, 10.3437915 ], [ 36.8694198, 10.3443676 ], [ 36.8684542, 10.3447581 ], [ 36.8670326, 10.3452911 ], [ 36.8655467, 10.3456025 ], [ 36.8641519, 10.3458083 ], [ 36.8622154, 10.3458083 ], [ 36.8593883, 10.3458558 ], [ 36.8581331, 10.345898 ], [ 36.8568241, 10.3457924 ], [ 36.8555152, 10.3455497 ], [ 36.8540668, 10.3453069 ], [ 36.8527043, 10.3452014 ], [ 36.8501508, 10.3450325 ], [ 36.8487883, 10.3450114 ], [ 36.8475866, 10.344927 ], [ 36.8464494, 10.344832 ], [ 36.8455535, 10.3448003 ], [ 36.8446496, 10.3448953 ], [ 36.8437886, 10.3451592 ], [ 36.8416107, 10.345898 ], [ 36.8401301, 10.3462674 ], [ 36.8388963, 10.3465101 ], [ 36.8375766, 10.346679 ], [ 36.8366754, 10.3465735 ], [ 36.8360424, 10.3462568 ], [ 36.8355274, 10.3459824 ], [ 36.8348086, 10.3458136 ], [ 36.8337142, 10.3457291 ], [ 36.8317616, 10.3458769 ], [ 36.8293261, 10.3462357 ], [ 36.8275773, 10.3463518 ], [ 36.8262791, 10.3462463 ], [ 36.8243265, 10.3460458 ], [ 36.8231571, 10.3459085 ], [ 36.8219125, 10.3456658 ], [ 36.8207216, 10.3450642 ], [ 36.8192839, 10.344051 ], [ 36.8172669, 10.3424678 ], [ 36.8150085, 10.3403305 ], [ 36.812734, 10.3391009 ], [ 36.8110925, 10.3383726 ], [ 36.8101001, 10.3379715 ], [ 36.8088233, 10.337581 ], [ 36.807965, 10.3375546 ], [ 36.8075305, 10.3376496 ], [ 36.8070263, 10.3379029 ], [ 36.8062162, 10.3382565 ], [ 36.8044138, 10.3390323 ], [ 36.8032283, 10.33975 ], [ 36.8025684, 10.3401933 ], [ 36.8018389, 10.3408635 ], [ 36.8012381, 10.3417131 ], [ 36.8007606, 10.34232 ], [ 36.7998594, 10.3432963 ], [ 36.799221, 10.3439876 ], [ 36.7986524, 10.3445734 ], [ 36.7980194, 10.3451011 ], [ 36.7969787, 10.3457397 ], [ 36.7959863, 10.3464468 ], [ 36.7951065, 10.3473809 ], [ 36.7941356, 10.3481936 ], [ 36.7931753, 10.3485313 ], [ 36.7921239, 10.3487002 ], [ 36.7910618, 10.3486632 ], [ 36.7900103, 10.3485524 ], [ 36.7883259, 10.348336 ], [ 36.7863035, 10.3483624 ], [ 36.7847371, 10.3484205 ], [ 36.7834979, 10.3488057 ], [ 36.7824197, 10.349307 ], [ 36.781556, 10.3496817 ], [ 36.7806977, 10.3503466 ], [ 36.7802203, 10.3508057 ], [ 36.7797804, 10.3511963 ], [ 36.7789918, 10.3517451 ], [ 36.778155, 10.3524311 ], [ 36.7775756, 10.353286 ], [ 36.7773128, 10.3542359 ], [ 36.7769909, 10.3550696 ], [ 36.7762399, 10.3562095 ], [ 36.7752582, 10.3572332 ], [ 36.7745501, 10.3581197 ], [ 36.7739814, 10.3592965 ], [ 36.7730212, 10.3608005 ], [ 36.7718196, 10.3627107 ], [ 36.770221, 10.3651697 ], [ 36.7689872, 10.3668161 ], [ 36.7682683, 10.3678768 ], [ 36.7671364, 10.3692012 ], [ 36.7660421, 10.3699717 ], [ 36.76498, 10.3706154 ], [ 36.7641377, 10.3710851 ], [ 36.7631078, 10.3715652 ], [ 36.7626572, 10.3717183 ], [ 36.7620832, 10.3718396 ], [ 36.7616379, 10.3717974 ], [ 36.7610526, 10.3715551 ], [ 36.7604415, 10.3712377 ], [ 36.7595833, 10.3709953 ], [ 36.7586338, 10.3706946 ], [ 36.7580438, 10.3704202 ], [ 36.7575771, 10.3700297 ], [ 36.7557317, 10.3680298 ], [ 36.7546374, 10.3672277 ], [ 36.7537361, 10.3664995 ], [ 36.7528135, 10.3658346 ], [ 36.7520463, 10.365423 ], [ 36.7511612, 10.3650484 ], [ 36.7503726, 10.3648742 ], [ 36.7495143, 10.3646895 ], [ 36.7477709, 10.364241 ], [ 36.7471754, 10.3641513 ], [ 36.7466819, 10.3642304 ], [ 36.7461991, 10.3644468 ], [ 36.7458343, 10.3647317 ], [ 36.7454535, 10.3649692 ], [ 36.744858, 10.3650959 ], [ 36.7435169, 10.3649692 ], [ 36.7419612, 10.3646632 ], [ 36.740309, 10.3642199 ], [ 36.7389142, 10.3641144 ], [ 36.7377019, 10.364241 ], [ 36.7353523, 10.3644521 ], [ 36.731919, 10.3644943 ], [ 36.7278421, 10.3643149 ], [ 36.7261255, 10.3641882 ], [ 36.7246985, 10.3638294 ], [ 36.7231858, 10.3631645 ], [ 36.7218876, 10.3627213 ], [ 36.7204392, 10.3623624 ], [ 36.7184329, 10.3620775 ], [ 36.7172956, 10.3622147 ], [ 36.7166841, 10.3623835 ], [ 36.7159438, 10.3625629 ], [ 36.7148146, 10.3626896 ], [ 36.7092383, 10.3629956 ], [ 36.7026203, 10.3633078 ], [ 36.7007751, 10.3631812 ], [ 36.6994557, 10.3629174 ], [ 36.6987026, 10.3625629 ], [ 36.6979194, 10.3619719 ], [ 36.6969859, 10.3608743 ], [ 36.6964438, 10.3602056 ], [ 36.69631, 10.3600406 ], [ 36.6955268, 10.3587741 ], [ 36.6949397, 10.3574265 ], [ 36.6948187, 10.3571488 ], [ 36.6943574, 10.3549219 ], [ 36.6936707, 10.3524205 ], [ 36.6931021, 10.3499614 ], [ 36.6923404, 10.3477661 ], [ 36.6915786, 10.3465101 ], [ 36.6909993, 10.3455708 ], [ 36.6899693, 10.3445892 ], [ 36.6884887, 10.3430483 ], [ 36.6874266, 10.341539 ], [ 36.6865146, 10.3401352 ], [ 36.6861391, 10.3387737 ], [ 36.6862062, 10.3376127 ], [ 36.6864502, 10.3364622 ], [ 36.687448, 10.3334858 ], [ 36.6886121, 10.3304988 ], [ 36.6895079, 10.3287256 ], [ 36.6903086, 10.3275645 ], [ 36.6906077, 10.32717 ], [ 36.690833, 10.326662 ], [ 36.6909429, 10.3262108 ], [ 36.69112, 10.3254086 ], [ 36.6912568, 10.324514 ], [ 36.6911816, 10.3238807 ], [ 36.6909295, 10.3233688 ], [ 36.6904628, 10.3227724 ], [ 36.6899049, 10.3223713 ], [ 36.6894168, 10.3219755 ], [ 36.6889501, 10.3213369 ], [ 36.6886282, 10.3207564 ], [ 36.6882419, 10.3203342 ], [ 36.6877806, 10.3201653 ], [ 36.6872173, 10.3201811 ], [ 36.6868365, 10.3203078 ], [ 36.6866488, 10.3204503 ], [ 36.6862249, 10.3207775 ], [ 36.6856348, 10.3211047 ], [ 36.6852915, 10.3211628 ], [ 36.6848731, 10.3211786 ], [ 36.6833496, 10.3210203 ], [ 36.6825932, 10.3209042 ], [ 36.6819978, 10.3207353 ], [ 36.6808927, 10.3203025 ], [ 36.6802636, 10.3200499 ], [ 36.6798413, 10.3198803 ], [ 36.6778672, 10.3192259 ], [ 36.6763651, 10.3187826 ], [ 36.6749811, 10.3184131 ], [ 36.6732216, 10.3181281 ], [ 36.6714835, 10.3180701 ], [ 36.6696274, 10.3182231 ], [ 36.6677016, 10.318677 ], [ 36.6665053, 10.3191942 ], [ 36.6655719, 10.319817 ], [ 36.6640913, 10.3209675 ], [ 36.6614091, 10.3229941 ], [ 36.6582012, 10.3253901 ], [ 36.6565812, 10.3270157 ], [ 36.6560447, 10.3276383 ], [ 36.655755, 10.3281767 ], [ 36.6553902, 10.3292322 ], [ 36.6551596, 10.3302401 ], [ 36.6549665, 10.3311109 ], [ 36.6545373, 10.332272 ], [ 36.6541028, 10.3332694 ], [ 36.6538614, 10.3340821 ], [ 36.6536683, 10.3345835 ], [ 36.6533732, 10.3350637 ], [ 36.6524827, 10.3357854 ], [ 36.6515708, 10.3362195 ], [ 36.6505355, 10.3365889 ], [ 36.6496718, 10.3370586 ], [ 36.6488403, 10.3376602 ], [ 36.6481805, 10.3382829 ], [ 36.647644, 10.3390217 ], [ 36.6472042, 10.3398503 ], [ 36.6468421, 10.3405812 ], [ 36.6463082, 10.3414176 ], [ 36.6454124, 10.3427211 ], [ 36.6442966, 10.3443148 ], [ 36.6427946, 10.3466685 ], [ 36.6409278, 10.3491804 ], [ 36.6398227, 10.3502991 ], [ 36.6384172, 10.351154 ], [ 36.6366255, 10.3519773 ], [ 36.6345119, 10.3527583 ], [ 36.6318834, 10.3535709 ], [ 36.6295016, 10.3543203 ], [ 36.6266584, 10.3551224 ], [ 36.6243303, 10.3561356 ], [ 36.6228497, 10.3569483 ], [ 36.6211223, 10.3583414 ], [ 36.6195345, 10.3600722 ], [ 36.6178071, 10.3620458 ], [ 36.616863, 10.36346 ], [ 36.6164821, 10.3642674 ], [ 36.6160154, 10.3647423 ], [ 36.6154736, 10.3650378 ], [ 36.6150525, 10.365109 ], [ 36.6144758, 10.3651196 ], [ 36.6140306, 10.3651645 ], [ 36.6133279, 10.3653386 ], [ 36.6127539, 10.3657607 ], [ 36.6125884, 10.3658936 ], [ 36.6110587, 10.3671222 ], [ 36.609782, 10.3680298 ], [ 36.6087305, 10.3687369 ], [ 36.6078722, 10.3691485 ], [ 36.6069174, 10.3693595 ], [ 36.6059303, 10.3691274 ], [ 36.6045999, 10.3688213 ], [ 36.6030013, 10.3687897 ], [ 36.6015315, 10.368948 ], [ 36.6001475, 10.3692329 ], [ 36.5986669, 10.3699294 ], [ 36.5977549, 10.3704888 ], [ 36.596564, 10.3711959 ], [ 36.5953302, 10.3716813 ], [ 36.5928197, 10.372494 ], [ 36.5915322, 10.3725995 ], [ 36.5904593, 10.3723673 ], [ 36.5894508, 10.371903 ], [ 36.5881419, 10.3712064 ], [ 36.5862429, 10.3700983 ], [ 36.5819943, 10.3684203 ], [ 36.5778422, 10.3668372 ], [ 36.5760274, 10.3661715 ], [ 36.5740643, 10.3658338 ], [ 36.5719402, 10.3657705 ], [ 36.5672524, 10.3660132 ], [ 36.5647867, 10.3661806 ], [ 36.5631652, 10.3662981 ], [ 36.5607623, 10.3662559 ], [ 36.5593527, 10.3661451 ], [ 36.5581119, 10.3658979 ], [ 36.5563148, 10.3652858 ], [ 36.5542115, 10.3645195 ], [ 36.5520929, 10.3639919 ], [ 36.5503631, 10.3637808 ], [ 36.5488612, 10.3639259 ], [ 36.5474935, 10.3645063 ], [ 36.5460527, 10.365518 ], [ 36.5448511, 10.3665206 ], [ 36.5444795, 10.366894 ], [ 36.5428448, 10.3685364 ], [ 36.5414607, 10.370341 ], [ 36.5403825, 10.3719874 ], [ 36.5392882, 10.3739398 ], [ 36.5380812, 10.3760557 ], [ 36.5361553, 10.3786571 ], [ 36.5351736, 10.38081 ], [ 36.5345943, 10.3829945 ], [ 36.5340793, 10.3857489 ], [ 36.5335858, 10.3878489 ], [ 36.532309, 10.3910148 ], [ 36.5312683, 10.3929038 ], [ 36.5300989, 10.3951199 ], [ 36.5286505, 10.3978424 ], [ 36.5268856, 10.4012245 ], [ 36.5258986, 10.4033878 ], [ 36.5252066, 10.4050498 ], [ 36.5248418, 10.4064322 ], [ 36.5247667, 10.4076035 ], [ 36.5250242, 10.4088803 ], [ 36.5258074, 10.4115395 ], [ 36.5270519, 10.4142092 ], [ 36.5281033, 10.4169527 ], [ 36.5291011, 10.4201711 ], [ 36.5307319, 10.4242019 ], [ 36.5320516, 10.4276312 ], [ 36.5336609, 10.4308599 ], [ 36.5342456, 10.432105 ], [ 36.5348196, 10.4331074 ], [ 36.5354848, 10.4339515 ], [ 36.5360856, 10.4345108 ], [ 36.537137, 10.4354815 ], [ 36.5379417, 10.4361568 ], [ 36.5385854, 10.436927 ], [ 36.5389073, 10.4376445 ], [ 36.5391433, 10.4389845 ], [ 36.5393418, 10.4401821 ], [ 36.5395671, 10.4409629 ], [ 36.540164, 10.4422813 ], [ 36.5407811, 10.4435074 ], [ 36.5411281, 10.4441968 ], [ 36.5420186, 10.445695 ], [ 36.5441537, 10.448681 ], [ 36.5453875, 10.4504852 ], [ 36.5462029, 10.4517935 ], [ 36.5464818, 10.4527325 ], [ 36.5464979, 10.4536873 ], [ 36.5464726, 10.4541475 ], [ 36.546455, 10.4544681 ], [ 36.5465248, 10.4552858 ], [ 36.5467554, 10.4559768 ], [ 36.5473187, 10.4565202 ], [ 36.5477961, 10.4569686 ], [ 36.5482306, 10.4579445 ], [ 36.5485525, 10.4591948 ], [ 36.5487671, 10.4600125 ], [ 36.5488965, 10.4605137 ], [ 36.5491104, 10.4613418 ], [ 36.5491748, 10.4621067 ], [ 36.5490782, 10.4627978 ], [ 36.5488261, 10.4633781 ], [ 36.5479517, 10.4641746 ], [ 36.5472972, 10.4648024 ], [ 36.5466642, 10.4657097 ], [ 36.5460205, 10.4664904 ], [ 36.5455699, 10.4671551 ], [ 36.5445507, 10.4686743 ], [ 36.5435743, 10.4705734 ], [ 36.5428448, 10.4723458 ], [ 36.5419865, 10.4743714 ], [ 36.5411603, 10.475859 ], [ 36.5398407, 10.4778846 ], [ 36.5383494, 10.4804798 ], [ 36.5366945, 10.4831964 ], [ 36.5359676, 10.4841775 ], [ 36.5349591, 10.4853327 ], [ 36.5336931, 10.48624 ], [ 36.5323841, 10.4866514 ], [ 36.5310216, 10.4865354 ], [ 36.5305066, 10.4864299 ], [ 36.5296161, 10.4860396 ], [ 36.5287954, 10.4854118 ], [ 36.5282535, 10.4848791 ], [ 36.5274811, 10.4843516 ], [ 36.5263331, 10.4839507 ], [ 36.5247559, 10.4835393 ], [ 36.5219343, 10.4830856 ], [ 36.5172028, 10.4826425 ], [ 36.5126323, 10.4828958 ], [ 36.5025473, 10.484225 ], [ 36.4980519, 10.4847103 ], [ 36.4926982, 10.4851428 ], [ 36.4848983, 10.4858497 ], [ 36.4829779, 10.4858391 ], [ 36.4814436, 10.4854488 ], [ 36.478754, 10.4843462 ] ], [ [ 37.2030169, 10.2341678 ], [ 37.2033835, 10.2344167 ], [ 37.203537, 10.2345209 ], [ 37.2040287, 10.2349556 ], [ 37.2044491, 10.235173 ], [ 37.2046201, 10.2352782 ], [ 37.2047555, 10.2355096 ], [ 37.204955, 10.2355587 ], [ 37.2050262, 10.2356919 ], [ 37.2049336, 10.235776 ], [ 37.2048837, 10.2358742 ], [ 37.2049122, 10.2360215 ], [ 37.2050547, 10.2361687 ] ], [ [ 37.2112992, 10.1003496 ], [ 37.2108489, 10.1011682 ], [ 37.2104305, 10.101728 ], [ 37.2096097, 10.1024938 ], [ 37.2083276, 10.1035183 ], [ 37.207405, 10.1043528 ], [ 37.2064233, 10.1054777 ], [ 37.2055328, 10.1061748 ], [ 37.2044116, 10.1072469 ], [ 37.2035801, 10.1078912 ], [ 37.2026145, 10.1083823 ], [ 37.2013003, 10.1090477 ], [ 37.200045, 10.1098241 ], [ 37.1994656, 10.1102835 ], [ 37.1989882, 10.1107271 ], [ 37.1984518, 10.1115193 ], [ 37.1976471, 10.1127815 ], [ 37.197175, 10.1136898 ], [ 37.1969604, 10.1148517 ], [ 37.1967029, 10.1159607 ], [ 37.1962577, 10.1175344 ], [ 37.1960914, 10.1183582 ], [ 37.1959412, 10.1189814 ], [ 37.1956783, 10.1195993 ], [ 37.1952707, 10.1205868 ], [ 37.1949542, 10.121379 ], [ 37.1945304, 10.1221975 ], [ 37.1935594, 10.1237184 ], [ 37.1926528, 10.1250756 ], [ 37.1917301, 10.1264961 ], [ 37.1909791, 10.1276051 ], [ 37.1903247, 10.1287511 ], [ 37.1898955, 10.1295801 ], [ 37.1897399, 10.1300713 ], [ 37.189579, 10.1304779 ], [ 37.1893483, 10.1309267 ], [ 37.1889782, 10.1315235 ], [ 37.18871, 10.1322733 ], [ 37.1886188, 10.1331394 ], [ 37.1885812, 10.13428 ], [ 37.1884793, 10.1359857 ], [ 37.1882701, 10.1378022 ], [ 37.1880662, 10.1391541 ], [ 37.1879965, 10.1399356 ], [ 37.1878409, 10.1415356 ], [ 37.1875513, 10.1425601 ], [ 37.1872857, 10.1436743 ], [ 37.1869397, 10.1448624 ], [ 37.1866447, 10.1457311 ], [ 37.186178, 10.1468743 ], [ 37.1852446, 10.1486697 ], [ 37.1845418, 10.150106 ], [ 37.1842843, 10.1509719 ], [ 37.1840483, 10.1516056 ], [ 37.1836835, 10.1522551 ], [ 37.1833509, 10.1530788 ], [ 37.1829003, 10.1543514 ], [ 37.1824658, 10.155059 ], [ 37.1816665, 10.1560464 ], [ 37.1808886, 10.157055 ], [ 37.1803898, 10.1578048 ], [ 37.1794563, 10.1588872 ], [ 37.1782708, 10.1600119 ], [ 37.1778578, 10.1603552 ], [ 37.1774608, 10.1606825 ], [ 37.1769082, 10.1612264 ], [ 37.1763396, 10.1619868 ], [ 37.1758193, 10.1629161 ], [ 37.1754759, 10.1637715 ], [ 37.1749771, 10.16478 ], [ 37.1744299, 10.1658097 ], [ 37.1740383, 10.166966 ], [ 37.1737218, 10.1680696 ], [ 37.1735984, 10.1688933 ], [ 37.1736199, 10.1697909 ], [ 37.1736896, 10.1707519 ], [ 37.1736681, 10.1718554 ], [ 37.1737432, 10.1725049 ], [ 37.1739846, 10.1736243 ], [ 37.1741992, 10.1742684 ], [ 37.1745747, 10.1752083 ], [ 37.1750897, 10.1761217 ], [ 37.1755618, 10.1769771 ], [ 37.1759748, 10.1781704 ], [ 37.176227, 10.1788621 ], [ 37.1767366, 10.1798388 ], [ 37.1773589, 10.1807998 ], [ 37.1780348, 10.1818611 ], [ 37.1786731, 10.1827428 ], [ 37.1792525, 10.1835242 ], [ 37.1799606, 10.1842846 ], [ 37.1805453, 10.1848389 ], [ 37.181232, 10.1853247 ], [ 37.1819025, 10.1858316 ], [ 37.1824658, 10.1863226 ], [ 37.1828467, 10.1867819 ], [ 37.1832651, 10.1872994 ], [ 37.183603, 10.1877112 ], [ 37.1841717, 10.1882603 ], [ 37.1845365, 10.1886246 ], [ 37.1851158, 10.189406 ], [ 37.1854055, 10.1899234 ], [ 37.1859795, 10.1908949 ], [ 37.1863979, 10.1914757 ], [ 37.1872884, 10.1925211 ], [ 37.1879911, 10.193218 ], [ 37.1884739, 10.1936774 ], [ 37.1890372, 10.1943954 ], [ 37.189461, 10.1950448 ], [ 37.1898848, 10.1957945 ], [ 37.1903944, 10.1965759 ], [ 37.1909845, 10.1973995 ], [ 37.1917945, 10.1983499 ], [ 37.1925348, 10.1994005 ], [ 37.1930444, 10.2002189 ], [ 37.1934521, 10.2008155 ], [ 37.1941441, 10.2018714 ], [ 37.1949434, 10.2033708 ], [ 37.1953672, 10.2040836 ], [ 37.1962041, 10.2057677 ], [ 37.1970087, 10.2071404 ], [ 37.197808, 10.2084867 ], [ 37.1982962, 10.2094053 ], [ 37.1989077, 10.2103926 ], [ 37.1993315, 10.2111 ], [ 37.1997875, 10.2116016 ], [ 37.2001576, 10.2120186 ], [ 37.2003508, 10.2122932 ], [ 37.2005439, 10.2126205 ], [ 37.200796, 10.2133015 ], [ 37.2010267, 10.2138717 ], [ 37.20137, 10.2144894 ], [ 37.2020781, 10.2156667 ], [ 37.2023839, 10.2161577 ], [ 37.2026843, 10.2167754 ], [ 37.2028774, 10.2173719 ], [ 37.2030115, 10.2180952 ], [ 37.203092, 10.2185704 ], [ 37.2032475, 10.2191616 ], [ 37.203446, 10.2197213 ], [ 37.2037625, 10.2203178 ], [ 37.2040361, 10.221247 ], [ 37.2042775, 10.2220705 ], [ 37.2044384, 10.2226671 ], [ 37.204653, 10.2236543 ], [ 37.2048622, 10.2245993 ], [ 37.2049802, 10.2252592 ], [ 37.2051948, 10.2261461 ], [ 37.2053075, 10.2268641 ], [ 37.2053879, 10.2278618 ], [ 37.2054952, 10.2289863 ], [ 37.2055489, 10.2297148 ], [ 37.205463, 10.2302955 ], [ 37.2052377, 10.2308498 ], [ 37.2049212, 10.2314675 ], [ 37.2047067, 10.2318476 ], [ 37.2045189, 10.2323069 ], [ 37.2042775, 10.2328401 ], [ 37.2037947, 10.2334208 ], [ 37.2030169, 10.2341678 ] ], [ [ 37.2113344, 10.1002492 ], [ 37.2109252, 10.1000293 ], [ 37.2104332, 10.0997 ], [ 37.2101301, 10.0995415 ], [ 37.2097975, 10.0994993 ], [ 37.209422, 10.0994729 ], [ 37.2092342, 10.0993092 ], [ 37.2091216, 10.0989817 ], [ 37.2091913, 10.0986701 ], [ 37.2093147, 10.0983374 ], [ 37.2095561, 10.0978938 ], [ 37.2099048, 10.0974871 ], [ 37.2099799, 10.0971755 ], [ 37.2099638, 10.0969695 ], [ 37.209878, 10.0966949 ], [ 37.2097009, 10.0964678 ], [ 37.2093254, 10.0962302 ] ], [ [ 37.2143596, 10.102242 ], [ 37.2142599, 10.1020035 ], [ 37.2140817, 10.101786 ], [ 37.2138038, 10.1016317 ], [ 37.2134618, 10.1015686 ], [ 37.2131768, 10.1014493 ], [ 37.2128704, 10.1012599 ], [ 37.2126353, 10.1010845 ], [ 37.2125141, 10.1009372 ], [ 37.2118346, 10.1005899 ], [ 37.2112992, 10.1003496 ] ], [ [ 37.2113344, 10.1002492 ], [ 37.2112992, 10.1003496 ] ], [ [ 37.3061532, 10.0408029 ], [ 37.3056006, 10.0418065 ], [ 37.3050213, 10.0424985 ], [ 37.3042971, 10.0433806 ], [ 37.3038143, 10.04421 ], [ 37.3034924, 10.0452189 ], [ 37.303192, 10.046476 ], [ 37.303074, 10.0474479 ], [ 37.3029506, 10.0487843 ], [ 37.3029345, 10.0501788 ], [ 37.3029345, 10.0513092 ], [ 37.3029721, 10.0524818 ], [ 37.3028621, 10.0536095 ], [ 37.3026609, 10.0548534 ], [ 37.3023391, 10.0561501 ], [ 37.3021916, 10.0568342 ], [ 37.3020789, 10.0575129 ], [ 37.3016927, 10.0584214 ], [ 37.3013628, 10.0589734 ], [ 37.3010811, 10.0593854 ], [ 37.3007807, 10.0597076 ], [ 37.3004267, 10.0598475 ], [ 37.3001397, 10.0599215 ], [ 37.2998849, 10.0599928 ], [ 37.2997078, 10.0600509 ], [ 37.2994101, 10.0601143 ], [ 37.2991955, 10.0602225 ], [ 37.29904, 10.0603308 ], [ 37.298584, 10.060624 ], [ 37.2982353, 10.0610386 ], [ 37.2978088, 10.0615615 ], [ 37.2973475, 10.0622138 ], [ 37.2968593, 10.0628477 ], [ 37.2962773, 10.063735 ], [ 37.2954994, 10.064868 ], [ 37.2948369, 10.0657923 ], [ 37.2942495, 10.0668672 ], [ 37.293756, 10.0677968 ], [ 37.2932357, 10.0684491 ], [ 37.2925705, 10.0691357 ], [ 37.2920662, 10.0694896 ], [ 37.2914305, 10.0697695 ], [ 37.2908699, 10.0700072 ], [ 37.2900197, 10.0702343 ], [ 37.2895503, 10.0703241 ], [ 37.2890031, 10.0703426 ], [ 37.2884747, 10.0703188 ], [ 37.2877103, 10.0704033 ], [ 37.2867769, 10.0706384 ], [ 37.286168, 10.0708417 ], [ 37.2855484, 10.0710292 ], [ 37.2847894, 10.071325 ], [ 37.284143, 10.0716736 ], [ 37.2837165, 10.0719086 ], [ 37.2832632, 10.0721674 ], [ 37.2828528, 10.0724579 ], [ 37.2823647, 10.0729201 ], [ 37.2819382, 10.0734298 ], [ 37.2815895, 10.0738206 ], [ 37.2812328, 10.0743144 ], [ 37.2806963, 10.0751859 ], [ 37.2803208, 10.0757062 ], [ 37.2798863, 10.0760627 ], [ 37.2792989, 10.0764615 ], [ 37.2790548, 10.0767229 ], [ 37.2785988, 10.0771164 ], [ 37.2781375, 10.0775231 ], [ 37.2774938, 10.0779245 ], [ 37.276665, 10.0783549 ], [ 37.2760561, 10.0787299 ], [ 37.2748464, 10.0794113 ], [ 37.2738272, 10.0799975 ], [ 37.2729501, 10.0804781 ], [ 37.2721696, 10.0808769 ], [ 37.2713891, 10.0812228 ], [ 37.2703859, 10.0816454 ], [ 37.2697932, 10.081817 ], [ 37.2690019, 10.0820045 ], [ 37.2684252, 10.0821735 ], [ 37.267811, 10.0823029 ], [ 37.2672692, 10.0824244 ], [ 37.2665182, 10.0824984 ], [ 37.2655874, 10.0824799 ], [ 37.2648069, 10.0825644 ], [ 37.264013, 10.0826436 ], [ 37.2630528, 10.0826542 ], [ 37.2624493, 10.0826726 ], [ 37.2617841, 10.0826383 ], [ 37.2611001, 10.0826806 ], [ 37.260282, 10.0827651 ], [ 37.2596464, 10.0827043 ], [ 37.2592226, 10.0826779 ], [ 37.258721, 10.0825776 ], [ 37.2581282, 10.0824746 ], [ 37.2574416, 10.0823742 ], [ 37.2559771, 10.082163 ], [ 37.2547352, 10.0819227 ], [ 37.2540942, 10.0817801 ], [ 37.2531822, 10.0816691 ], [ 37.2523481, 10.0816348 ], [ 37.2516561, 10.081611 ], [ 37.2508353, 10.0816084 ], [ 37.2497678, 10.0816058 ], [ 37.2490784, 10.0815107 ], [ 37.2483623, 10.08145 ], [ 37.2475898, 10.0814394 ], [ 37.246702, 10.0814552 ], [ 37.2459617, 10.0814394 ], [ 37.245318, 10.0814473 ], [ 37.244752, 10.0815794 ], [ 37.2441539, 10.0817061 ], [ 37.2435799, 10.0817378 ], [ 37.2432259, 10.0817985 ], [ 37.2428423, 10.081891 ], [ 37.242271, 10.0820389 ], [ 37.2415656, 10.0821735 ], [ 37.2409487, 10.0823927 ], [ 37.2400367, 10.0827439 ], [ 37.2393045, 10.0829922 ], [ 37.2386956, 10.0832747 ], [ 37.2381002, 10.0835388 ], [ 37.2372445, 10.0838874 ], [ 37.2358069, 10.084537 ], [ 37.2353402, 10.0847747 ], [ 37.2347823, 10.0849041 ], [ 37.2342056, 10.0850414 ], [ 37.2335994, 10.0852236 ], [ 37.2331515, 10.0853979 ], [ 37.2321644, 10.0858376 ], [ 37.2315448, 10.0861268 ], [ 37.2306758, 10.0865651 ], [ 37.2298604, 10.0869507 ], [ 37.2289967, 10.0872412 ], [ 37.2277522, 10.0875475 ], [ 37.2264326, 10.0879647 ], [ 37.225365, 10.0883767 ], [ 37.224614, 10.0887781 ], [ 37.2238013, 10.0894726 ], [ 37.2227526, 10.0901988 ], [ 37.221905, 10.0907164 ], [ 37.2202206, 10.0916459 ], [ 37.2180533, 10.0931141 ], [ 37.2161597, 10.0946141 ], [ 37.2147971, 10.0958129 ], [ 37.2130054, 10.0973815 ], [ 37.2122276, 10.0983057 ], [ 37.2116643, 10.0993303 ], [ 37.2113344, 10.1002492 ] ], [ [ 37.3061532, 10.0408029 ], [ 37.3058397, 10.0406019 ], [ 37.3056516, 10.04042 ], [ 37.3055282, 10.0402219 ], [ 37.3054129, 10.0400027 ], [ 37.305319, 10.0398019 ], [ 37.3051581, 10.0395484 ], [ 37.3049489, 10.0393371 ], [ 37.3047933, 10.0390545 ], [ 37.3047182, 10.0389303 ], [ 37.304619, 10.0387455 ], [ 37.3045117, 10.0386081 ], [ 37.3044258, 10.0385342 ], [ 37.3043555, 10.0384238 ], [ 37.3042595, 10.0382648 ], [ 37.3041522, 10.0381222 ], [ 37.3040262, 10.0380508 ], [ 37.3038626, 10.0379294 ], [ 37.3036453, 10.0377656 ], [ 37.3032886, 10.03766 ], [ 37.3029023, 10.0375596 ], [ 37.3024705, 10.0373906 ], [ 37.3017704, 10.037211 ], [ 37.3013735, 10.0368412 ] ], [ [ 37.344718, 10.0096572 ], [ 37.344203, 10.0098104 ], [ 37.3439643, 10.0098369 ], [ 37.3436344, 10.0098316 ], [ 37.3433098, 10.0097444 ], [ 37.343055, 10.0096863 ], [ 37.3426473, 10.0097021 ], [ 37.3421511, 10.0097999 ], [ 37.3417327, 10.0098369 ], [ 37.3412767, 10.0098791 ], [ 37.3407027, 10.0099531 ], [ 37.3396942, 10.0100534 ], [ 37.3386052, 10.0102172 ], [ 37.3380285, 10.0103995 ], [ 37.3374358, 10.010513 ], [ 37.3369825, 10.0105949 ], [ 37.3365989, 10.0106425 ], [ 37.3361322, 10.0106504 ], [ 37.3357272, 10.01069 ], [ 37.3353142, 10.0107059 ], [ 37.3348528, 10.0106715 ], [ 37.3343968, 10.0106768 ], [ 37.3338899, 10.0108617 ], [ 37.3331416, 10.0110809 ], [ 37.3325166, 10.0112817 ], [ 37.3318085, 10.0114428 ], [ 37.3307276, 10.0116726 ], [ 37.3297968, 10.0119156 ], [ 37.3289278, 10.0122537 ], [ 37.3283753, 10.0124228 ], [ 37.3279193, 10.0126473 ], [ 37.3276323, 10.0128823 ], [ 37.3273587, 10.013054 ], [ 37.3269188, 10.0133235 ], [ 37.3267472, 10.0134714 ], [ 37.3265004, 10.0136774 ], [ 37.3262966, 10.0138464 ], [ 37.3260552, 10.0140578 ], [ 37.325905, 10.0142162 ], [ 37.3256153, 10.0145385 ], [ 37.325449, 10.0147234 ], [ 37.3251432, 10.0150879 ], [ 37.3249447, 10.0154365 ], [ 37.3246443, 10.0157535 ], [ 37.3245102, 10.015912 ], [ 37.324124, 10.0165565 ], [ 37.3239952, 10.0168893 ], [ 37.3238236, 10.0171059 ], [ 37.3234695, 10.017893 ], [ 37.323035, 10.0190182 ], [ 37.3227078, 10.0198792 ], [ 37.3224771, 10.0208882 ], [ 37.3221606, 10.021707 ], [ 37.3216349, 10.0232918 ], [ 37.3210502, 10.024343 ], [ 37.3203474, 10.0255897 ], [ 37.3199129, 10.0261232 ], [ 37.3191941, 10.0265352 ], [ 37.3184913, 10.0269156 ], [ 37.3175043, 10.0273329 ], [ 37.3166835, 10.0275389 ], [ 37.3150742, 10.0275917 ], [ 37.3137706, 10.0277291 ], [ 37.3128051, 10.0280513 ], [ 37.3117751, 10.0285162 ], [ 37.3112762, 10.0289652 ], [ 37.3107719, 10.0295779 ], [ 37.3103911, 10.0302858 ], [ 37.3101282, 10.0309091 ], [ 37.3098707, 10.0316803 ], [ 37.3096991, 10.0323935 ], [ 37.3095113, 10.0331171 ], [ 37.3093986, 10.0336771 ], [ 37.3092055, 10.03448 ], [ 37.3088354, 10.0354731 ], [ 37.308256, 10.0368993 ], [ 37.307505, 10.0381988 ], [ 37.3071939, 10.0387798 ], [ 37.3068076, 10.0395246 ], [ 37.3064268, 10.0401162 ], [ 37.3061532, 10.0408029 ] ], [ [ 37.344718, 10.0096572 ], [ 37.3450908, 10.0097259 ], [ 37.3455441, 10.0098527 ], [ 37.3460028, 10.0100667 ], [ 37.3465177, 10.0103783 ], [ 37.3470595, 10.010727 ], [ 37.3479634, 10.0115115 ], [ 37.3499912, 10.0135136 ], [ 37.3518795, 10.0152305 ], [ 37.3533976, 10.0167625 ], [ 37.3542452, 10.0177979 ], [ 37.354567, 10.0183684 ], [ 37.3548299, 10.0189548 ], [ 37.3551035, 10.020698 ], [ 37.3553824, 10.0233235 ], [ 37.3553127, 10.0252463 ], [ 37.3553824, 10.0266039 ], [ 37.3554522, 10.0285584 ], [ 37.3555434, 10.0294934 ], [ 37.3556668, 10.030328 ], [ 37.3558277, 10.0311996 ], [ 37.3562193, 10.0322772 ], [ 37.3564929, 10.0329058 ], [ 37.3568201, 10.0334711 ], [ 37.3571366, 10.0340997 ], [ 37.3573351, 10.0345117 ], [ 37.3574102, 10.0349026 ], [ 37.3574531, 10.0353833 ], [ 37.357614, 10.0357847 ], [ 37.3578179, 10.0360489 ], [ 37.3582363, 10.0365295 ], [ 37.3584455, 10.0369257 ], [ 37.3585582, 10.0374645 ], [ 37.3585367, 10.0377815 ], [ 37.3582739, 10.0391443 ], [ 37.3582846, 10.0399894 ], [ 37.3585421, 10.0408716 ], [ 37.3590946, 10.042245 ], [ 37.3596632, 10.0434282 ], [ 37.3605967, 10.0446589 ] ], [ [ 37.3477998, 10.0051827 ], [ 37.3476335, 10.005365 ], [ 37.347419, 10.0057348 ], [ 37.3472419, 10.006168 ], [ 37.3470703, 10.0064374 ], [ 37.3468959, 10.0065879 ], [ 37.3465714, 10.0066302 ], [ 37.346338, 10.0067359 ], [ 37.3461825, 10.0068917 ], [ 37.3459947, 10.0069868 ], [ 37.3458043, 10.0070898 ], [ 37.345587, 10.0071902 ], [ 37.3454019, 10.0073777 ], [ 37.3452276, 10.0076683 ], [ 37.3451391, 10.0079879 ], [ 37.3450479, 10.0082599 ], [ 37.344946, 10.008606 ], [ 37.3448789, 10.0087961 ], [ 37.344777, 10.0091342 ], [ 37.3447716, 10.0093462 ], [ 37.344718, 10.0096572 ] ], [ [ 37.3605967, 10.0446589 ], [ 37.3604357, 10.0447541 ], [ 37.3603605, 10.0448766 ], [ 37.3602391, 10.0449807 ], [ 37.3601882, 10.0451119 ], [ 37.3601137, 10.0452623 ], [ 37.3599805, 10.045351 ], [ 37.3598395, 10.0453588 ], [ 37.3596475, 10.0453626 ], [ 37.3594947, 10.0454513 ], [ 37.3593654, 10.0455478 ], [ 37.3592871, 10.0456519 ], [ 37.3592127, 10.0457985 ], [ 37.3591578, 10.0459837 ], [ 37.3591813, 10.0461226 ], [ 37.3593145, 10.0462306 ], [ 37.3594399, 10.046408 ], [ 37.3595417, 10.0465701 ], [ 37.3595652, 10.0467321 ], [ 37.3594791, 10.0468864 ], [ 37.3593615, 10.0470793 ], [ 37.3592048, 10.0472104 ], [ 37.3590873, 10.0473107 ], [ 37.3589306, 10.0474342 ], [ 37.358813, 10.0475036 ], [ 37.3586798, 10.0475576 ], [ 37.358531, 10.0476193 ], [ 37.3584369, 10.0477196 ], [ 37.3583429, 10.0478662 ], [ 37.3582097, 10.0479434 ], [ 37.3581, 10.0479125 ], [ 37.3580295, 10.0478277 ], [ 37.3579355, 10.0477582 ] ], [ [ 37.3915869, 10.0503795 ], [ 37.390219, 10.0500626 ], [ 37.389425, 10.0498936 ], [ 37.3888564, 10.049714 ], [ 37.3885238, 10.0495608 ], [ 37.3880356, 10.0492122 ], [ 37.3874778, 10.0488054 ], [ 37.3869145, 10.0483248 ], [ 37.3860723, 10.047617 ], [ 37.3856056, 10.0469778 ], [ 37.3852676, 10.0466081 ], [ 37.38464, 10.0462489 ], [ 37.3839533, 10.0459267 ], [ 37.3831272, 10.0455622 ], [ 37.381947, 10.0451607 ], [ 37.3807293, 10.044923 ], [ 37.3796242, 10.044923 ], [ 37.3788893, 10.0450551 ], [ 37.3776609, 10.0453086 ], [ 37.3767114, 10.0455147 ], [ 37.3756653, 10.0457999 ], [ 37.3741579, 10.0462066 ], [ 37.3728275, 10.0465817 ], [ 37.3710841, 10.0470835 ], [ 37.3698771, 10.0474215 ], [ 37.3687398, 10.0476434 ], [ 37.367683, 10.04758 ], [ 37.3667818, 10.0474743 ], [ 37.3659879, 10.0473423 ], [ 37.3650545, 10.0471204 ], [ 37.3638958, 10.0468035 ], [ 37.3627424, 10.0464073 ], [ 37.3620611, 10.0459953 ], [ 37.3611385, 10.0451924 ], [ 37.3605967, 10.0446589 ] ], [ [ 37.671285, 9.8641031 ], [ 37.6706144, 9.863971 ], [ 37.6700217, 9.8638917 ], [ 37.669335, 9.863897 ], [ 37.668694, 9.8640239 ], [ 37.6679885, 9.8643198 ], [ 37.6671383, 9.8647558 ], [ 37.6664945, 9.8650597 ], [ 37.6660117, 9.8653002 ], [ 37.6654297, 9.8655803 ], [ 37.6647001, 9.866167 ], [ 37.6643032, 9.8667959 ], [ 37.663756, 9.8675939 ], [ 37.6633912, 9.8681806 ], [ 37.6628655, 9.8687355 ], [ 37.6621574, 9.8693274 ], [ 37.6614493, 9.8698506 ], [ 37.6606687, 9.8702549 ], [ 37.6603121, 9.8704901 ], [ 37.6598239, 9.8708389 ], [ 37.6591158, 9.8714203 ], [ 37.657882, 9.8726041 ], [ 37.6570988, 9.8732912 ], [ 37.6561224, 9.8739677 ], [ 37.6554573, 9.8743746 ], [ 37.6545668, 9.8749348 ], [ 37.653687, 9.875606 ], [ 37.6530755, 9.8763142 ], [ 37.6525927, 9.8769166 ], [ 37.6516566, 9.8779736 ], [ 37.6511282, 9.8784863 ], [ 37.65075, 9.8791495 ], [ 37.6503664, 9.8799872 ], [ 37.6499426, 9.8812661 ], [ 37.6497468, 9.8819901 ], [ 37.6494786, 9.8826983 ], [ 37.6492587, 9.8832453 ], [ 37.6487544, 9.8840855 ], [ 37.6481831, 9.8849126 ], [ 37.6473114, 9.8861545 ], [ 37.6464343, 9.8873119 ], [ 37.6454365, 9.8884058 ], [ 37.6447123, 9.8890876 ], [ 37.6441598, 9.8895421 ], [ 37.6437575, 9.8897059 ], [ 37.6432157, 9.8898063 ], [ 37.6417834, 9.8899992 ], [ 37.6410967, 9.890163 ], [ 37.6403618, 9.8904457 ], [ 37.6396698, 9.8907153 ], [ 37.6386076, 9.8911433 ], [ 37.6376367, 9.8915608 ], [ 37.636258, 9.8920153 ], [ 37.6343097, 9.8926562 ], [ 37.6331598, 9.8930435 ], [ 37.6323581, 9.8932572 ], [ 37.6311618, 9.8934686 ], [ 37.6296705, 9.8937011 ], [ 37.6282918, 9.8940816 ], [ 37.627396, 9.8944568 ], [ 37.6259744, 9.8950804 ], [ 37.6253521, 9.8955137 ], [ 37.6247996, 9.8961611 ], [ 37.6244134, 9.896716 ], [ 37.6237535, 9.8975404 ], [ 37.6232225, 9.8984784 ], [ 37.6228657, 9.8991521 ], [ 37.6224849, 9.9001536 ], [ 37.6222998, 9.9011682 ], [ 37.6223373, 9.9019027 ], [ 37.6221737, 9.9026346 ], [ 37.6221201, 9.9034379 ], [ 37.6220289, 9.9041117 ], [ 37.621986, 9.9046454 ], [ 37.6219457, 9.9051738 ], [ 37.6218519, 9.9057763 ], [ 37.6217151, 9.9064632 ], [ 37.6216266, 9.9071899 ], [ 37.6215085, 9.9079402 ], [ 37.6214308, 9.9087065 ], [ 37.6212645, 9.9093855 ], [ 37.6209185, 9.910379 ], [ 37.6204357, 9.9114306 ], [ 37.6199985, 9.9121625 ], [ 37.6195881, 9.9125852 ], [ 37.6188827, 9.9132484 ], [ 37.6182604, 9.9136738 ], [ 37.6174906, 9.9140595 ], [ 37.6165974, 9.9142894 ], [ 37.6159108, 9.9143634 ], [ 37.6149613, 9.9144057 ], [ 37.6139957, 9.9145483 ], [ 37.6130623, 9.9148284 ], [ 37.6119518, 9.9152828 ], [ 37.6111579, 9.9156792 ], [ 37.6096451, 9.9168206 ], [ 37.608245, 9.9179937 ], [ 37.6069629, 9.9191298 ], [ 37.6058471, 9.920361 ], [ 37.6050264, 9.9212488 ], [ 37.6044041, 9.9217455 ], [ 37.6036155, 9.922221 ], [ 37.602843, 9.9224615 ], [ 37.6020598, 9.9225936 ], [ 37.6009339, 9.9227277 ], [ 37.6002949, 9.9227706 ], [ 37.5989485, 9.9228604 ], [ 37.5975001, 9.9229133 ], [ 37.59588, 9.922945 ], [ 37.594732, 9.923299 ], [ 37.5940233, 9.9238041 ], [ 37.5938979, 9.9238935 ], [ 37.5934795, 9.9246491 ], [ 37.5932622, 9.9257244 ], [ 37.5931871, 9.9268235 ], [ 37.5928599, 9.9288685 ], [ 37.5928276, 9.9292652 ], [ 37.5927257, 9.9305171 ], [ 37.5927311, 9.9323242 ], [ 37.5926399, 9.9332701 ], [ 37.5927472, 9.9342212 ], [ 37.592876, 9.9349715 ], [ 37.5930637, 9.9358539 ], [ 37.5932568, 9.9367839 ], [ 37.5933963, 9.9379622 ], [ 37.5933695, 9.9393889 ], [ 37.5931817, 9.940451 ], [ 37.5929511, 9.9411643 ], [ 37.592479, 9.9420784 ], [ 37.5915992, 9.9428234 ], [ 37.5904244, 9.9435315 ], [ 37.5894052, 9.9441338 ], [ 37.5877047, 9.9448841 ], [ 37.5860149, 9.9453332 ], [ 37.5843948, 9.9457137 ], [ 37.5830698, 9.9458352 ], [ 37.5811708, 9.9460254 ], [ 37.5801837, 9.946353 ], [ 37.5790036, 9.9469131 ], [ 37.5777483, 9.9478113 ], [ 37.5761068, 9.9491323 ], [ 37.5739181, 9.9510978 ], [ 37.5723088, 9.9525297 ], [ 37.5711876, 9.9532906 ], [ 37.569876, 9.9539035 ], [ 37.5671589, 9.9554304 ], [ 37.5649488, 9.9565083 ], [ 37.5625777, 9.9578398 ], [ 37.5610328, 9.9585689 ], [ 37.5597829, 9.9591025 ], [ 37.5585276, 9.9597313 ], [ 37.5577712, 9.960191 ], [ 37.5573635, 9.9606612 ], [ 37.5571349, 9.9611038 ], [ 37.5570524, 9.9612635 ], [ 37.5567841, 9.9618342 ], [ 37.5565374, 9.9626373 ], [ 37.5564194, 9.9633981 ], [ 37.5560117, 9.9649726 ], [ 37.5556254, 9.9665893 ], [ 37.5552177, 9.9682694 ], [ 37.5547457, 9.9699284 ], [ 37.5546276, 9.9720524 ], [ 37.5547725, 9.9733415 ], [ 37.5550085, 9.9741551 ], [ 37.5551373, 9.9750163 ], [ 37.5550997, 9.9757084 ], [ 37.5549602, 9.9763371 ], [ 37.5547028, 9.9769711 ], [ 37.5545043, 9.9774149 ], [ 37.5539839, 9.9781916 ], [ 37.5532222, 9.9788467 ], [ 37.5523853, 9.9793856 ], [ 37.5516611, 9.9800513 ], [ 37.5505131, 9.9811608 ], [ 37.549907, 9.9816363 ], [ 37.5489521, 9.9822544 ], [ 37.5475466, 9.9830205 ], [ 37.5466132, 9.9837178 ], [ 37.5459856, 9.9842409 ], [ 37.5452077, 9.9848115 ], [ 37.5444943, 9.9855511 ], [ 37.5440276, 9.9862643 ], [ 37.5436413, 9.9870991 ], [ 37.5434858, 9.9876062 ], [ 37.5433892, 9.9882402 ], [ 37.5430834, 9.9891383 ], [ 37.5425041, 9.9899308 ], [ 37.5417477, 9.9907919 ], [ 37.5407338, 9.9918169 ], [ 37.5400901, 9.9924508 ], [ 37.5394678, 9.9931693 ], [ 37.5389528, 9.9938614 ], [ 37.5385237, 9.9945931 ], [ 37.5382528, 9.9951399 ], [ 37.5378263, 9.9961753 ], [ 37.5374669, 9.997047 ], [ 37.5370565, 9.9979795 ], [ 37.5366515, 9.9986187 ], [ 37.5360963, 9.9994296 ], [ 37.5354311, 10.0001481 ], [ 37.5347337, 10.0007425 ], [ 37.533111, 10.0017383 ], [ 37.5314856, 10.0025677 ], [ 37.5302839, 10.0031013 ], [ 37.5287122, 10.0036824 ], [ 37.5273201, 10.0040759 ], [ 37.5262499, 10.0043375 ], [ 37.524265, 10.0047178 ], [ 37.5221139, 10.0048869 ], [ 37.5201023, 10.0047865 ], [ 37.5166798, 10.0044907 ], [ 37.5153065, 10.0042688 ], [ 37.5138903, 10.0035503 ], [ 37.5125277, 10.0026311 ], [ 37.511723, 10.0022719 ], [ 37.5104892, 10.0018598 ], [ 37.5093627, 10.0017753 ], [ 37.5075817, 10.0021662 ], [ 37.5060367, 10.0025677 ], [ 37.5031078, 10.003022 ], [ 37.5001037, 10.0039201 ], [ 37.498194, 10.0047654 ], [ 37.4962413, 10.0058219 ], [ 37.4949968, 10.0067411 ], [ 37.4932694, 10.0082098 ], [ 37.4926901, 10.0087275 ], [ 37.4920383, 10.0090392 ], [ 37.4911559, 10.0091791 ], [ 37.4904526, 10.0090419 ], [ 37.4903029, 10.0090127 ], [ 37.4891818, 10.0087222 ], [ 37.4879533, 10.0085584 ], [ 37.4869287, 10.0084158 ], [ 37.4861777, 10.0083841 ], [ 37.4855661, 10.0085003 ], [ 37.4850619, 10.0087697 ], [ 37.4846756, 10.0091924 ], [ 37.4840158, 10.0102753 ], [ 37.4835384, 10.0115537 ], [ 37.4832112, 10.0127476 ], [ 37.4827874, 10.0139098 ], [ 37.482031, 10.0150826 ], [ 37.4814624, 10.0159965 ], [ 37.4806577, 10.0169421 ], [ 37.4801105, 10.017502 ], [ 37.479322, 10.0182522 ], [ 37.4787855, 10.0190974 ], [ 37.4781632, 10.0196098 ], [ 37.4777073, 10.019837 ], [ 37.4769401, 10.020006 ], [ 37.4763876, 10.0199532 ], [ 37.4755937, 10.0196996 ], [ 37.4741936, 10.0193932 ], [ 37.4730348, 10.0190604 ], [ 37.4716508, 10.018511 ], [ 37.4698055, 10.017856 ], [ 37.468636, 10.0173383 ], [ 37.4665868, 10.0169368 ], [ 37.4651599, 10.0166938 ], [ 37.463336, 10.0165882 ], [ 37.4618232, 10.016641 ], [ 37.4597847, 10.0167361 ], [ 37.4580789, 10.0167361 ], [ 37.4558151, 10.0170108 ], [ 37.4533903, 10.0174862 ], [ 37.4521083, 10.0177134 ], [ 37.450912, 10.0178084 ], [ 37.4495012, 10.0179035 ], [ 37.4477792, 10.0182786 ], [ 37.4465668, 10.0187435 ], [ 37.4453652, 10.0196098 ], [ 37.4449334, 10.0199875 ], [ 37.444118, 10.0206452 ], [ 37.4434823, 10.021221 ], [ 37.44286, 10.0219077 ], [ 37.4418622, 10.0231597 ], [ 37.4406445, 10.024755 ], [ 37.4396682, 10.0263926 ], [ 37.4384773, 10.0284211 ], [ 37.4376243, 10.029504 ], [ 37.4364012, 10.0307665 ], [ 37.4350172, 10.0319392 ], [ 37.4333435, 10.0333918 ], [ 37.431938, 10.0345223 ], [ 37.4303877, 10.0355101 ], [ 37.4285155, 10.0366722 ], [ 37.4270832, 10.0376652 ], [ 37.4259245, 10.038727 ], [ 37.4245673, 10.0397095 ], [ 37.4232745, 10.0407712 ], [ 37.4217939, 10.041759 ], [ 37.420308, 10.042583 ], [ 37.4189562, 10.0431694 ], [ 37.4179637, 10.0434704 ], [ 37.416923, 10.0436236 ], [ 37.4151689, 10.0439406 ], [ 37.4144393, 10.0441466 ], [ 37.4136937, 10.0444899 ], [ 37.4127012, 10.0445374 ], [ 37.4116069, 10.0449917 ], [ 37.4110061, 10.0453298 ], [ 37.4099278, 10.0459795 ], [ 37.4080825, 10.0471152 ], [ 37.4051535, 10.0493759 ], [ 37.4042576, 10.0500309 ], [ 37.4035227, 10.0504587 ], [ 37.4030936, 10.0506225 ], [ 37.4026269, 10.050707 ], [ 37.4009693, 10.0506542 ], [ 37.3987699, 10.0505961 ], [ 37.3945427, 10.0503795 ], [ 37.3915869, 10.0503795 ] ], [ [ 37.3930625, 10.0553827 ], [ 37.3928646, 10.0553755 ], [ 37.3924745, 10.0553062 ], [ 37.3922012, 10.0551553 ], [ 37.3920033, 10.0549785 ], [ 37.39193, 10.0547619 ], [ 37.3919222, 10.0544335 ], [ 37.3918954, 10.0541351 ], [ 37.3917612, 10.0539449 ], [ 37.3916164, 10.0537019 ], [ 37.3915735, 10.053488 ], [ 37.3916191, 10.0533216 ], [ 37.3916861, 10.053179 ], [ 37.3919892, 10.0530126 ], [ 37.3920616, 10.0528542 ], [ 37.3920724, 10.0527115 ], [ 37.3920026, 10.0525821 ], [ 37.3917907, 10.0522626 ], [ 37.3915949, 10.0519932 ], [ 37.391544, 10.051671 ], [ 37.391544, 10.051391 ], [ 37.3916111, 10.0509617 ], [ 37.391604, 10.0507912 ], [ 37.3915869, 10.0503795 ] ], [ [ 37.4119518, 11.636493 ], [ 37.4129419, 11.6363833 ], [ 37.4132968, 11.636182 ], [ 37.4135583, 11.6358344 ], [ 37.4137451, 11.6353953 ], [ 37.4137638, 11.6344988 ], [ 37.4135957, 11.6333461 ], [ 37.4132221, 11.6315531 ], [ 37.4128485, 11.6303638 ], [ 37.4116903, 11.6284061 ], [ 37.4105135, 11.625936 ], [ 37.4092806, 11.6222217 ], [ 37.4092377, 11.6215176 ], [ 37.409345, 11.6208871 ], [ 37.4094809, 11.6204591 ], [ 37.4096883, 11.6201305 ], [ 37.4101119, 11.6195941 ], [ 37.4102417, 11.6193715 ], [ 37.4103705, 11.6190875 ], [ 37.4104053, 11.6187935 ], [ 37.4104074, 11.6184723 ], [ 37.4103336, 11.6172058 ], [ 37.4102597, 11.6161926 ], [ 37.4101086, 11.6152058 ], [ 37.4099662, 11.6146854 ], [ 37.4095208, 11.6136053 ], [ 37.4093819, 11.6131576 ], [ 37.40926, 11.6124907 ], [ 37.40915, 11.611847 ], [ 37.4090964, 11.6111324 ], [ 37.4090749, 11.6103389 ], [ 37.4089462, 11.6098608 ], [ 37.4085975, 11.6091987 ], [ 37.408238, 11.6083894 ], [ 37.4080234, 11.6075093 ], [ 37.4079484, 11.6070889 ], [ 37.4079162, 11.6066764 ], [ 37.4080342, 11.6061404 ], [ 37.4081469, 11.6058146 ], [ 37.40834, 11.6054048 ], [ 37.4084283, 11.6053144 ], [ 37.4084899, 11.6052512 ], [ 37.408576, 11.605163 ], [ 37.4088201, 11.6049818 ], [ 37.4089998, 11.6046481 ], [ 37.4091769, 11.6041541 ], [ 37.4092787, 11.6037994 ], [ 37.4093015, 11.6033974 ], [ 37.4092466, 11.6022414 ], [ 37.4093216, 11.6011694 ], [ 37.4095325, 11.5996497 ], [ 37.4096196, 11.5990224 ], [ 37.4101866, 11.597573 ], [ 37.4102041, 11.5972979 ], [ 37.4101303, 11.5970259 ], [ 37.4097452, 11.5960691 ], [ 37.4093619, 11.5954495 ], [ 37.4091661, 11.5949778 ], [ 37.4090803, 11.5944247 ], [ 37.4090749, 11.5938966 ], [ 37.4091715, 11.5930979 ], [ 37.4092305, 11.5924515 ], [ 37.4092036, 11.5920364 ], [ 37.4090534, 11.5914794 ], [ 37.4087959, 11.590628 ], [ 37.4085063, 11.589824 ], [ 37.4081093, 11.5889411 ], [ 37.4078947, 11.5881739 ], [ 37.4078411, 11.5878271 ], [ 37.4078464, 11.5873541 ], [ 37.4080288, 11.5863241 ], [ 37.4081308, 11.5855411 ], [ 37.4081308, 11.5844848 ], [ 37.408061, 11.5833865 ], [ 37.4079913, 11.5823197 ], [ 37.4080503, 11.5811373 ], [ 37.4081361, 11.5807379 ], [ 37.4083561, 11.5802807 ], [ 37.4088496, 11.5796343 ], [ 37.4094029, 11.578853 ], [ 37.4095362, 11.5786647 ], [ 37.4098474, 11.5781155 ], [ 37.4100083, 11.5775585 ], [ 37.4100244, 11.5768569 ], [ 37.4099493, 11.5765705 ], [ 37.4097267, 11.5762 ], [ 37.409268, 11.5756035 ], [ 37.4085921, 11.5750149 ], [ 37.4077016, 11.5742529 ], [ 37.4068353, 11.5734567 ], [ 37.4063042, 11.5726106 ], [ 37.4060869, 11.5718144 ], [ 37.4060923, 11.5710418 ], [ 37.4060333, 11.5701011 ], [ 37.4058589, 11.5692419 ], [ 37.4056524, 11.5688477 ], [ 37.4051463, 11.5682389 ], [ 37.4049792, 11.5680699 ], [ 37.404601, 11.5676889 ], [ 37.404373, 11.5673394 ], [ 37.4041557, 11.5668638 ], [ 37.4040592, 11.5664171 ], [ 37.4040592, 11.5658022 ], [ 37.4041396, 11.5653134 ], [ 37.4044615, 11.5645514 ], [ 37.4051911, 11.5630378 ], [ 37.4060601, 11.5612982 ], [ 37.4063605, 11.5604573 ], [ 37.4064504, 11.5598959 ], [ 37.4064823, 11.5592442 ], [ 37.4064024, 11.5586952 ], [ 37.4062377, 11.5582294 ], [ 37.4059784, 11.5578619 ], [ 37.4055561, 11.5575295 ], [ 37.4050963, 11.5572581 ], [ 37.4046195, 11.5570885 ], [ 37.4039932, 11.5569463 ], [ 37.4033196, 11.5569821 ], [ 37.4019968, 11.5573892 ], [ 37.4014668, 11.5574819 ], [ 37.40102, 11.5574735 ], [ 37.400311, 11.5573116 ], [ 37.4000788, 11.5571094 ], [ 37.3999152, 11.5568519 ], [ 37.3996711, 11.5566706 ], [ 37.3992956, 11.5565418 ], [ 37.3986089, 11.5564341 ], [ 37.3977479, 11.5564341 ], [ 37.3967448, 11.5561844 ], [ 37.3961225, 11.5556694 ], [ 37.3956746, 11.5551675 ], [ 37.3951328, 11.5539797 ], [ 37.3945937, 11.552579 ], [ 37.394017, 11.5518038 ], [ 37.3936522, 11.5511731 ], [ 37.3934457, 11.5501798 ], [ 37.3934618, 11.5495885 ], [ 37.3934323, 11.5487949 ], [ 37.3932284, 11.5478698 ], [ 37.3932874, 11.5474231 ], [ 37.3935074, 11.5470184 ], [ 37.3941082, 11.5462563 ], [ 37.3947734, 11.5457018 ], [ 37.395401, 11.5454338 ], [ 37.3958784, 11.5454022 ], [ 37.3961279, 11.54546 ], [ 37.3963612, 11.5455599 ], [ 37.396836, 11.5459488 ], [ 37.3972195, 11.5464823 ], [ 37.3976111, 11.547523 ], [ 37.3979062, 11.5479434 ], [ 37.398161, 11.5482456 ], [ 37.398963, 11.5489814 ], [ 37.4000037, 11.549599 ], [ 37.4008271, 11.5500747 ], [ 37.401216, 11.5501877 ], [ 37.401495, 11.5502507 ], [ 37.4018115, 11.5502691 ], [ 37.4021226, 11.5502402 ], [ 37.4022514, 11.5501719 ], [ 37.4023855, 11.5499722 ], [ 37.402533, 11.5494545 ], [ 37.4025893, 11.5488185 ], [ 37.4026751, 11.5484743 ], [ 37.402769, 11.5483429 ], [ 37.40293, 11.548222 ], [ 37.4045705, 11.5475285 ], [ 37.4057274, 11.54678 ], [ 37.4060681, 11.5465296 ], [ 37.4063475, 11.5462344 ], [ 37.4064463, 11.5459646 ], [ 37.4065079, 11.5455415 ], [ 37.4066207, 11.5451946 ], [ 37.406854, 11.544853 ], [ 37.4070096, 11.5447268 ], [ 37.407428, 11.5444851 ], [ 37.4075085, 11.5443852 ], [ 37.4076694, 11.5440751 ], [ 37.4078392, 11.5431497 ], [ 37.408002, 11.5428137 ], [ 37.4084902, 11.5421514 ], [ 37.4086726, 11.5417888 ], [ 37.4089032, 11.5410109 ], [ 37.4090266, 11.5400964 ], [ 37.4091406, 11.5397782 ], [ 37.4093109, 11.5395576 ], [ 37.4096673, 11.5393482 ], [ 37.4103494, 11.5391985 ], [ 37.4106976, 11.5391082 ], [ 37.4110168, 11.5390846 ], [ 37.4112341, 11.5391371 ], [ 37.4116445, 11.5393842 ], [ 37.412087, 11.5397941 ], [ 37.412494, 11.5400273 ], [ 37.4130443, 11.5401831 ], [ 37.4141191, 11.540289 ], [ 37.4143985, 11.5403801 ], [ 37.4145267, 11.5406603 ], [ 37.4145895, 11.5413051 ], [ 37.4146834, 11.541568 ], [ 37.4148023, 11.5417649 ], [ 37.4150053, 11.5419754 ], [ 37.4152473, 11.5421978 ], [ 37.4156946, 11.5424983 ], [ 37.4158743, 11.5426718 ], [ 37.4159843, 11.542861 ], [ 37.4162632, 11.5434391 ], [ 37.4166387, 11.5442013 ], [ 37.4170893, 11.5449476 ], [ 37.4177358, 11.5459751 ], [ 37.4180147, 11.5466978 ], [ 37.4182588, 11.5473968 ], [ 37.4189186, 11.5487029 ], [ 37.4192861, 11.5491418 ], [ 37.4194872, 11.5493099 ], [ 37.4196482, 11.5494151 ], [ 37.4201202, 11.5495701 ], [ 37.4207103, 11.5496411 ], [ 37.4215203, 11.5496831 ], [ 37.4219468, 11.5496384 ], [ 37.4222285, 11.5495543 ], [ 37.4224752, 11.5494256 ], [ 37.4228373, 11.5490445 ], [ 37.423194, 11.5485373 ], [ 37.4238378, 11.5475177 ], [ 37.4245459, 11.5467293 ], [ 37.4257421, 11.5457938 ], [ 37.4270886, 11.5448004 ], [ 37.427609, 11.5442643 ], [ 37.4278074, 11.5438281 ], [ 37.4279737, 11.5432131 ], [ 37.4281132, 11.5423879 ], [ 37.4284404, 11.5411055 ], [ 37.4286926, 11.5407849 ], [ 37.4291164, 11.5404696 ], [ 37.4296904, 11.5402488 ], [ 37.4304038, 11.5400543 ], [ 37.4313694, 11.539965 ], [ 37.4320292, 11.539986 ], [ 37.432968, 11.5401963 ], [ 37.4341267, 11.5405116 ], [ 37.4346226, 11.5405987 ], [ 37.4347973, 11.5405773 ], [ 37.4350152, 11.5405248 ], [ 37.4353492, 11.5404065 ], [ 37.4357656, 11.5402541 ], [ 37.4359922, 11.540124 ], [ 37.4361478, 11.5399715 ], [ 37.4362779, 11.5397863 ], [ 37.4363637, 11.5396154 ], [ 37.4364393, 11.5393713 ], [ 37.436471, 11.5390163 ], [ 37.4364388, 11.5385774 ], [ 37.4363101, 11.5382988 ], [ 37.4361277, 11.5380623 ], [ 37.4357387, 11.5376418 ], [ 37.4354678, 11.5372686 ], [ 37.4354169, 11.5371635 ], [ 37.4354303, 11.5370058 ], [ 37.4355644, 11.536722 ], [ 37.4367803, 11.5350747 ], [ 37.4374044, 11.5341938 ], [ 37.4384344, 11.5327064 ], [ 37.438826, 11.5322911 ], [ 37.4394354, 11.531967 ], [ 37.4399471, 11.5318338 ], [ 37.4406874, 11.5318128 ], [ 37.441079, 11.5318706 ], [ 37.4415672, 11.5320441 ], [ 37.442679, 11.5325395 ], [ 37.4432369, 11.5326236 ], [ 37.4440804, 11.5326039 ], [ 37.44481, 11.5324961 ], [ 37.4449575, 11.5324409 ], [ 37.445105, 11.5323227 ], [ 37.4452847, 11.5320336 ], [ 37.4455449, 11.5317182 ], [ 37.4456817, 11.5316289 ], [ 37.4458399, 11.531571 ], [ 37.446025, 11.5315658 ], [ 37.4463227, 11.5315947 ], [ 37.4469075, 11.5316867 ], [ 37.4472937, 11.5317366 ], [ 37.4475029, 11.5317392 ], [ 37.4477523, 11.5316867 ], [ 37.448667, 11.5312741 ], [ 37.4497345, 11.5307511 ], [ 37.4500483, 11.5306197 ], [ 37.4503729, 11.5305303 ], [ 37.4508128, 11.5304778 ], [ 37.451309, 11.5304751 ], [ 37.4517301, 11.5304988 ], [ 37.4521726, 11.5305671 ], [ 37.4529666, 11.5307485 ], [ 37.4534681, 11.5308483 ], [ 37.4539375, 11.530872 ], [ 37.4544954, 11.530822 ], [ 37.4550373, 11.5306775 ], [ 37.4555576, 11.5305303 ], [ 37.455968, 11.5303989 ], [ 37.456212, 11.5303043 ], [ 37.4563448, 11.53019 ], [ 37.4564105, 11.5300389 ], [ 37.4564669, 11.5296788 ], [ 37.4566144, 11.5294068 ], [ 37.4567485, 11.5292544 ], [ 37.457006, 11.5290428 ], [ 37.4574405, 11.5287879 ], [ 37.4576457, 11.5286788 ], [ 37.4578696, 11.5285462 ], [ 37.4579293, 11.5284876 ], [ 37.4580051, 11.5284055 ], [ 37.4580829, 11.5282859 ], [ 37.4581392, 11.5282025 ], [ 37.4582183, 11.5281059 ], [ 37.4582599, 11.5280711 ], [ 37.4583136, 11.528052 ], [ 37.4589425, 11.528056 ], [ 37.4590954, 11.5280376 ], [ 37.4592268, 11.5280021 ], [ 37.4594683, 11.5279232 ], [ 37.459648, 11.5278142 ], [ 37.4597928, 11.5276683 ], [ 37.4598773, 11.5275277 ], [ 37.4599484, 11.5273398 ], [ 37.4600235, 11.5270113 ], [ 37.4600516, 11.5268339 ], [ 37.4600812, 11.5266814 ], [ 37.4601401, 11.5265146 ], [ 37.4602273, 11.5263753 ], [ 37.4603507, 11.5262965 ], [ 37.4604861, 11.5262439 ], [ 37.4606468, 11.5262139 ], [ 37.460741, 11.5262308 ], [ 37.4608147, 11.5262531 ], [ 37.460977, 11.5263372 ], [ 37.4611915, 11.5265317 ], [ 37.4614544, 11.5268497 ], [ 37.461563, 11.5269837 ], [ 37.4616918, 11.5271401 ], [ 37.4618996, 11.527416 ], [ 37.4620163, 11.5276053 ], [ 37.4620686, 11.5277209 ], [ 37.4621076, 11.5278628 ], [ 37.462129, 11.5279903 ], [ 37.4621357, 11.5280954 ], [ 37.4621129, 11.5283135 ], [ 37.4620807, 11.5287564 ], [ 37.4620821, 11.5289863 ], [ 37.4621102, 11.5291256 ], [ 37.4621853, 11.529303 ], [ 37.4622872, 11.529416 ], [ 37.4625327, 11.5296276 ], [ 37.4627566, 11.5297629 ], [ 37.4631992, 11.5299364 ], [ 37.4635988, 11.5300678 ], [ 37.464441, 11.5303043 ], [ 37.4652135, 11.5305303 ], [ 37.4657741, 11.5307011 ], [ 37.4664527, 11.5310454 ], [ 37.4672493, 11.5315448 ], [ 37.4675283, 11.5317287 ], [ 37.4677696, 11.5319232 ], [ 37.468176, 11.5323319 ], [ 37.4684094, 11.5325342 ], [ 37.468616, 11.5327274 ], [ 37.4687688, 11.5328259 ], [ 37.4688828, 11.5328732 ], [ 37.4692355, 11.5330401 ], [ 37.4695748, 11.5331991 ], [ 37.470122, 11.5335027 ], [ 37.4702977, 11.5336196 ], [ 37.4705377, 11.5337838 ], [ 37.4706732, 11.5338798 ], [ 37.4707979, 11.5339363 ], [ 37.4708764, 11.5339514 ], [ 37.4710098, 11.5339613 ], [ 37.4711627, 11.5339521 ], [ 37.4712257, 11.5339534 ], [ 37.4712901, 11.5339665 ], [ 37.4714349, 11.5340309 ], [ 37.4716803, 11.5341741 ], [ 37.4719553, 11.534341 ], [ 37.4721578, 11.5345 ], [ 37.4723429, 11.5347077 ], [ 37.4725212, 11.534952 ], [ 37.4726499, 11.5350664 ], [ 37.4727707, 11.5351097 ], [ 37.47289, 11.5351202 ], [ 37.4730013, 11.5350992 ], [ 37.4731649, 11.5350296 ], [ 37.4733124, 11.5349284 ], [ 37.4735781, 11.5347628 ], [ 37.473688, 11.5346892 ], [ 37.4737671, 11.5346012 ], [ 37.4738516, 11.5344369 ], [ 37.4739307, 11.5341912 ], [ 37.4739897, 11.5340821 ], [ 37.4740702, 11.5340191 ], [ 37.4741413, 11.5339941 ], [ 37.4742392, 11.5339862 ], [ 37.4744537, 11.5339889 ], [ 37.4746656, 11.5340335 ], [ 37.4749124, 11.53414 ], [ 37.4751578, 11.5342767 ], [ 37.4755186, 11.5346091 ], [ 37.4757037, 11.5348141 ], [ 37.4759343, 11.5350112 ], [ 37.4763219, 11.5352122 ], [ 37.4765097, 11.535295 ], [ 37.4766733, 11.5353581 ], [ 37.476912, 11.5354395 ], [ 37.4769817, 11.5354711 ], [ 37.4770381, 11.5355157 ], [ 37.4771494, 11.5356366 ], [ 37.4773921, 11.5359599 ], [ 37.4775517, 11.5362266 ], [ 37.477659, 11.5363659 ], [ 37.4777408, 11.5364408 ], [ 37.4778602, 11.5364789 ], [ 37.4779581, 11.5364934 ], [ 37.4780882, 11.5364763 ], [ 37.4786031, 11.5362279 ], [ 37.4792066, 11.5359152 ], [ 37.479955, 11.5353869 ], [ 37.4804458, 11.5349954 ], [ 37.4807167, 11.5348325 ], [ 37.4809474, 11.5346827 ], [ 37.4810506, 11.5345894 ], [ 37.4811398, 11.5344947 ], [ 37.4812759, 11.5343541 ], [ 37.4813282, 11.5342924 ], [ 37.4813819, 11.5342254 ], [ 37.4814033, 11.5341347 ], [ 37.4814074, 11.534044 ], [ 37.4814101, 11.5339586 ], [ 37.4814261, 11.5339008 ], [ 37.4814664, 11.5338443 ], [ 37.4815348, 11.5337812 ], [ 37.4817172, 11.5336787 ], [ 37.4818647, 11.5336157 ], [ 37.4819411, 11.533567 ], [ 37.4820109, 11.5335145 ], [ 37.4825205, 11.5328706 ], [ 37.4826372, 11.5327129 ], [ 37.4828571, 11.5324738 ], [ 37.482896, 11.5323949 ], [ 37.4829309, 11.5322175 ], [ 37.4829268, 11.5319679 ], [ 37.4829416, 11.5317695 ], [ 37.4829657, 11.5316105 ], [ 37.4829926, 11.5314567 ], [ 37.4830583, 11.5313424 ], [ 37.4831521, 11.5312806 ], [ 37.483297, 11.5312084 ], [ 37.483694, 11.5310297 ], [ 37.4840265, 11.5308825 ], [ 37.4844047, 11.5307274 ], [ 37.484791, 11.5305199 ], [ 37.4849439, 11.530416 ] ], [ [ 37.4849439, 11.530416 ], [ 37.4849439, 11.5308194 ], [ 37.4850243, 11.531077 ], [ 37.485137, 11.5311821 ], [ 37.4852711, 11.5311821 ], [ 37.4854106, 11.5311506 ], [ 37.4855018, 11.5311453 ], [ 37.4855302, 11.5312776 ], [ 37.4856734, 11.5314291 ], [ 37.4857485, 11.5315921 ], [ 37.4858558, 11.5318233 ], [ 37.4860436, 11.5320914 ], [ 37.4861455, 11.5323752 ], [ 37.4863386, 11.5325119 ], [ 37.4865371, 11.5325802 ], [ 37.4867248, 11.5325855 ], [ 37.4870145, 11.5326328 ], [ 37.4873364, 11.532617 ], [ 37.4875456, 11.5326643 ], [ 37.4878031, 11.5327537 ], [ 37.4880606, 11.5328062 ], [ 37.4877816, 11.532638 ], [ 37.48761, 11.5325171 ], [ 37.4874812, 11.5323805 ], [ 37.4873686, 11.5322123 ], [ 37.4872667, 11.5319968 ], [ 37.4871808, 11.5317603 ], [ 37.4870521, 11.5315185 ] ], [ [ 37.4858129, 11.5295159 ], [ 37.4857271, 11.5296946 ], [ 37.4855447, 11.5299337 ], [ 37.4852979, 11.5301755 ], [ 37.4849439, 11.530416 ] ], [ [ 37.4868197, 11.5311748 ], [ 37.4867624, 11.5310822 ], [ 37.4864834, 11.5306933 ], [ 37.4862742, 11.5303937 ], [ 37.4860758, 11.5300993 ], [ 37.4859255, 11.5298733 ], [ 37.485829, 11.5296525 ], [ 37.4858129, 11.5295159 ] ], [ [ 37.4858129, 11.5295159 ], [ 37.4858719, 11.5291296 ], [ 37.4858478, 11.5287537 ], [ 37.4858424, 11.528533 ], [ 37.4858478, 11.5282071 ], [ 37.4858344, 11.5279995 ], [ 37.4858203, 11.5279095 ], [ 37.4857928, 11.5278036 ], [ 37.4857512, 11.5277531 ], [ 37.4856989, 11.527713 ], [ 37.4856399, 11.5276769 ], [ 37.4855661, 11.5276552 ], [ 37.4852644, 11.5276605 ], [ 37.4849251, 11.5276565 ], [ 37.484744, 11.5276381 ], [ 37.484555, 11.5275737 ], [ 37.484453, 11.5275238 ], [ 37.4842921, 11.527441 ], [ 37.4841513, 11.5273319 ], [ 37.4840011, 11.5271822 ], [ 37.4837919, 11.5268195 ], [ 37.4836242, 11.5264003 ], [ 37.4835384, 11.5261467 ], [ 37.4834633, 11.525784 ], [ 37.4834955, 11.5255369 ], [ 37.4836135, 11.5252005 ], [ 37.4838227, 11.5249009 ], [ 37.4840608, 11.524559 ], [ 37.4844985, 11.5240621 ], [ 37.4849143, 11.5237848 ], [ 37.485432, 11.5235842 ], [ 37.4859174, 11.5234626 ], [ 37.4862045, 11.5234765 ], [ 37.4864352, 11.5235106 ], [ 37.4867046, 11.5236444 ], [ 37.486804, 11.5237327 ], [ 37.4868804, 11.5238313 ], [ 37.4869207, 11.5240021 ], [ 37.4869555, 11.5241966 ], [ 37.4870387, 11.5244436 ], [ 37.4871111, 11.5245553 ], [ 37.4872144, 11.5246736 ], [ 37.4875145, 11.5248324 ], [ 37.4879372, 11.5250139 ], [ 37.4882169, 11.5250973 ], [ 37.4889112, 11.525379 ], [ 37.4892488, 11.5255054 ], [ 37.4894728, 11.5255448 ], [ 37.4896619, 11.5255527 ], [ 37.490205, 11.5254752 ], [ 37.4906073, 11.5253543 ], [ 37.4908715, 11.5252991 ], [ 37.4911867, 11.5252123 ], [ 37.4916494, 11.5251007 ], [ 37.4923307, 11.5249903 ], [ 37.4930763, 11.5248168 ], [ 37.4939614, 11.5245593 ], [ 37.4950719, 11.5240021 ], [ 37.4952543, 11.5238628 ], [ 37.4953938, 11.5236552 ], [ 37.4954635, 11.5234239 ], [ 37.4955171, 11.5231611 ], [ 37.4955305, 11.5229535 ], [ 37.4956003, 11.522625 ], [ 37.4956781, 11.5224909 ], [ 37.4958819, 11.5223122 ], [ 37.496193, 11.5220914 ], [ 37.496472, 11.5218917 ], [ 37.4968073, 11.5215789 ], [ 37.4970058, 11.5212399 ], [ 37.4970889, 11.5210704 ], [ 37.4971506, 11.520897 ], [ 37.4971506, 11.5207787 ], [ 37.4971157, 11.5206144 ], [ 37.4970648, 11.5204896 ], [ 37.4970312, 11.5204252 ], [ 37.4970058, 11.5203174 ], [ 37.4970071, 11.5202386 ], [ 37.4970232, 11.5201151 ], [ 37.4970795, 11.5200296 ], [ 37.4971573, 11.5199377 ], [ 37.4973277, 11.519868 ], [ 37.4976817, 11.5198286 ], [ 37.4981531, 11.5199856 ], [ 37.4988455, 11.5197357 ], [ 37.4991099, 11.5196453 ], [ 37.4993647, 11.5193833 ], [ 37.4995318, 11.519161 ], [ 37.5000924, 11.5188078 ], [ 37.5020993, 11.5183463 ], [ 37.5024158, 11.5182911 ], [ 37.5027618, 11.5182609 ], [ 37.5031078, 11.5183069 ], [ 37.5034967, 11.5184173 ], [ 37.5039446, 11.5186354 ], [ 37.5042933, 11.518659 ], [ 37.5046903, 11.518617 ], [ 37.5049746, 11.5184987 ], [ 37.5053152, 11.5183042 ], [ 37.5054038, 11.5181807 ], [ 37.5054896, 11.5179442 ], [ 37.5056183, 11.5174238 ], [ 37.5057819, 11.5171373 ], [ 37.5059804, 11.5168929 ], [ 37.506187, 11.5167378 ], [ 37.5066698, 11.516546 ], [ 37.5072706, 11.5163278 ], [ 37.508094, 11.5159257 ], [ 37.5089684, 11.5154737 ], [ 37.5092366, 11.5154237 ], [ 37.5095129, 11.5154737 ], [ 37.5097463, 11.5155893 ], [ 37.5100225, 11.5157312 ], [ 37.510449, 11.5162174 ], [ 37.5108004, 11.516864 ], [ 37.5118196, 11.5182727 ], [ 37.5126404, 11.5195342 ], [ 37.5129729, 11.5199495 ], [ 37.5133055, 11.5202044 ], [ 37.5135738, 11.5202938 ], [ 37.5138017, 11.5203069 ], [ 37.5140378, 11.5202833 ], [ 37.5142416, 11.5202307 ], [ 37.5144589, 11.5200835 ], [ 37.5145383, 11.5199991 ], [ 37.5147727, 11.5197498 ], [ 37.5153923, 11.5192031 ], [ 37.5159395, 11.5187694 ], [ 37.5163928, 11.5184777 ], [ 37.5165671, 11.5183016 ], [ 37.5167576, 11.5180151 ], [ 37.5169319, 11.5175789 ], [ 37.5171035, 11.5171005 ], [ 37.5172484, 11.5163699 ], [ 37.5175112, 11.515245 ], [ 37.5179082, 11.5142515 ], [ 37.5181013, 11.5135997 ], [ 37.5181416, 11.5131424 ], [ 37.518104, 11.5126115 ], [ 37.5180504, 11.5122751 ], [ 37.5179726, 11.511873 ], [ 37.5177526, 11.5113342 ], [ 37.5175622, 11.5108926 ], [ 37.5170687, 11.5095601 ], [ 37.5170539, 11.509179 ], [ 37.5171196, 11.5090345 ], [ 37.5172202, 11.5089083 ], [ 37.5174133, 11.5087388 ], [ 37.5179833, 11.5086034 ], [ 37.5184956, 11.5084983 ], [ 37.5195605, 11.5085062 ], [ 37.5203732, 11.5083905 ], [ 37.5213817, 11.507899 ], [ 37.5244111, 11.5052177 ], [ 37.5251998, 11.504736 ], [ 37.5264807, 11.5041076 ], [ 37.5274456, 11.5037378 ], [ 37.5289241, 11.5033835 ], [ 37.5310993, 11.5029342 ], [ 37.532073, 11.5028868 ], [ 37.5324672, 11.5029788 ], [ 37.5331552, 11.5032318 ], [ 37.5335321, 11.503289 ], [ 37.5338526, 11.5032141 ], [ 37.5340953, 11.5030294 ], [ 37.5344869, 11.5026188 ], [ 37.5349456, 11.5021141 ], [ 37.5355692, 11.5018184 ], [ 37.5359233, 11.5017028 ], [ 37.5367977, 11.5016134 ], [ 37.5375245, 11.5016581 ], [ 37.5380423, 11.5017225 ], [ 37.5386846, 11.5018092 ], [ 37.5392532, 11.5019065 ], [ 37.5396287, 11.5018329 ], [ 37.5400016, 11.5016095 ], [ 37.5405595, 11.5012967 ], [ 37.5423994, 11.5006507 ], [ 37.5429061, 11.5006468 ], [ 37.5433355, 11.5007582 ], [ 37.5436923, 11.5009261 ], [ 37.5440703, 11.5011794 ], [ 37.5446496, 11.5018503 ], [ 37.5454483, 11.5030546 ], [ 37.5468152, 11.5057136 ], [ 37.5473165, 11.5063327 ], [ 37.5478022, 11.5066321 ], [ 37.5484898, 11.5068033 ], [ 37.5491753, 11.5067049 ], [ 37.5505344, 11.5062139 ], [ 37.5518349, 11.5055787 ], [ 37.5526482, 11.5047917 ], [ 37.5530968, 11.504128 ], [ 37.5533355, 11.5034612 ], [ 37.5536029, 11.5030655 ], [ 37.5540777, 11.5026805 ], [ 37.557781, 11.5010479 ], [ 37.5586426, 11.5004875 ], [ 37.5590265, 11.5002848 ], [ 37.5593939, 11.5001665 ], [ 37.5598526, 11.5001061 ], [ 37.5601907, 11.5000632 ], [ 37.5605795, 11.4999457 ], [ 37.56139, 11.4994827 ], [ 37.5625187, 11.4989443 ], [ 37.5633019, 11.4985658 ], [ 37.5636855, 11.4982898 ], [ 37.5639108, 11.4980402 ], [ 37.5642246, 11.4976853 ], [ 37.5644043, 11.4975986 ], [ 37.5646484, 11.4975513 ], [ 37.564804, 11.4975381 ], [ 37.5650775, 11.4975776 ], [ 37.5653753, 11.4976748 ], [ 37.5656569, 11.4976564 ], [ 37.5657828, 11.4975791 ], [ 37.5658983, 11.4973568 ], [ 37.5659546, 11.4971728 ], [ 37.5660682, 11.4969331 ], [ 37.5661799, 11.4967917 ], [ 37.5664026, 11.4966182 ], [ 37.5674157, 11.4956742 ], [ 37.5678852, 11.4952367 ], [ 37.568146, 11.495028 ], [ 37.5684616, 11.4948185 ], [ 37.5690988, 11.4945629 ], [ 37.5695273, 11.4943919 ], [ 37.5698385, 11.4942763 ], [ 37.5699779, 11.4942132 ], [ 37.570155, 11.4941633 ], [ 37.570269, 11.4941554 ], [ 37.5704164, 11.4941553 ], [ 37.5704862, 11.4941738 ], [ 37.5705506, 11.494206 ], [ 37.570678, 11.4942908 ], [ 37.5708523, 11.4943893 ], [ 37.5710213, 11.4943972 ], [ 37.5712319, 11.4943144 ], [ 37.571649, 11.4941343 ], [ 37.5717878, 11.4941076 ], [ 37.5719373, 11.4941238 ], [ 37.5725555, 11.4942947 ], [ 37.5736311, 11.4945155 ], [ 37.5737612, 11.494501 ], [ 37.5739074, 11.4944655 ], [ 37.5740093, 11.4943998 ], [ 37.5741058, 11.4942842 ], [ 37.5742212, 11.4939451 ], [ 37.5742722, 11.4934299 ], [ 37.5744358, 11.4927465 ], [ 37.5747227, 11.4918213 ], [ 37.5747885, 11.4916912 ], [ 37.5748341, 11.4916124 ], [ 37.5749454, 11.4915033 ], [ 37.5750741, 11.491435 ], [ 37.5752136, 11.4913732 ], [ 37.5754993, 11.4912786 ], [ 37.5758466, 11.4911274 ], [ 37.5761202, 11.4910249 ], [ 37.5765413, 11.490925 ], [ 37.5767934, 11.4908462 ], [ 37.5771314, 11.4906359 ], [ 37.5776598, 11.4903257 ], [ 37.5781211, 11.4901286 ], [ 37.5786951, 11.4900024 ], [ 37.5800174, 11.4900392 ], [ 37.5824046, 11.4900749 ] ], [ [ 37.4870521, 11.5315185 ], [ 37.4869609, 11.5314028 ], [ 37.4868197, 11.5311748 ] ], [ [ 37.4870521, 11.5315185 ], [ 37.4871004, 11.5314239 ], [ 37.4871433, 11.5313135 ], [ 37.4871272, 11.5312084 ], [ 37.4870306, 11.5311558 ], [ 37.4868197, 11.5311748 ] ], [ [ 37.5860069, 11.4907461 ], [ 37.5849237, 11.4906137 ], [ 37.5839286, 11.4902527 ], [ 37.5835687, 11.4901759 ], [ 37.5832254, 11.4901523 ], [ 37.5824046, 11.4900749 ] ], [ [ 37.5824046, 11.4900749 ], [ 37.583613, 11.4896187 ], [ 37.58483, 11.4888327 ], [ 37.585414, 11.4884832 ], [ 37.5861304, 11.4881294 ], [ 37.5868644, 11.4879549 ], [ 37.5868908, 11.4879475 ], [ 37.5869501, 11.4879387 ], [ 37.5871568, 11.487876 ], [ 37.5873034, 11.4878496 ], [ 37.5875677, 11.4878798 ], [ 37.5877576, 11.4879306 ], [ 37.5878884, 11.4878905 ], [ 37.5880782, 11.4877406 ], [ 37.5882451, 11.4876835 ], [ 37.588508, 11.4877728 ], [ 37.5887494, 11.4878142 ], [ 37.5888888, 11.4878313 ] ], [ [ 37.5860069, 11.4907461 ], [ 37.5869027, 11.4908593 ], [ 37.5876932, 11.4908293 ], [ 37.5882301, 11.4906769 ], [ 37.5884084, 11.4905876 ], [ 37.58852, 11.4902705 ], [ 37.5885496, 11.4900794 ], [ 37.5885917, 11.4899657 ] ], [ [ 37.5885917, 11.4899657 ], [ 37.5885019, 11.4899343 ], [ 37.5884539, 11.4899075 ], [ 37.5884021, 11.4898678 ], [ 37.5883292, 11.4898162 ], [ 37.5882345, 11.4897631 ], [ 37.5881164, 11.4897389 ], [ 37.588048, 11.4897304 ], [ 37.5879704, 11.4897336 ], [ 37.5879011, 11.4897501 ], [ 37.5878489, 11.489781 ], [ 37.5877824, 11.4898605 ], [ 37.5877139, 11.4899573 ], [ 37.5876684, 11.4900367 ], [ 37.5876255, 11.4901231 ], [ 37.5873325, 11.4903186 ], [ 37.5871813, 11.4903963 ], [ 37.5870025, 11.49047 ], [ 37.5867418, 11.4905159 ], [ 37.5865163, 11.4905684 ], [ 37.5860069, 11.4907461 ] ], [ [ 37.5885917, 11.4899657 ], [ 37.5886917, 11.4898815 ], [ 37.5887226, 11.4898329 ], [ 37.5887531, 11.4897713 ], [ 37.5887601, 11.4897159 ], [ 37.5887614, 11.489645 ], [ 37.5887577, 11.4895064 ], [ 37.5887856, 11.489294 ], [ 37.5887762, 11.4891968 ], [ 37.5887601, 11.4890654 ], [ 37.5887427, 11.4888118 ], [ 37.5887722, 11.4886291 ], [ 37.5888352, 11.488382 ], [ 37.5888674, 11.4880718 ], [ 37.5888888, 11.4878313 ] ], [ [ 37.5888888, 11.4878313 ], [ 37.5889666, 11.487558 ], [ 37.5890377, 11.4871755 ], [ 37.5892241, 11.4868023 ], [ 37.5894481, 11.4865289 ], [ 37.5898089, 11.4861228 ], [ 37.5901481, 11.4858232 ], [ 37.5905237, 11.4856944 ], [ 37.5909018, 11.4857154 ], [ 37.5912371, 11.4857575 ], [ 37.5920371, 11.4860479 ], [ 37.5923751, 11.48618 ], [ 37.5926976, 11.4863252 ], [ 37.5928491, 11.4863791 ], [ 37.5929631, 11.4863936 ], [ 37.5930811, 11.4863712 ], [ 37.5932045, 11.4863988 ], [ 37.5934567, 11.4865197 ], [ 37.5937584, 11.4866945 ], [ 37.5940226, 11.4870034 ], [ 37.5941902, 11.4873411 ], [ 37.5943418, 11.487625 ], [ 37.5945215, 11.4879312 ], [ 37.5946341, 11.4880429 ], [ 37.5947803, 11.4881533 ], [ 37.5950861, 11.4883163 ], [ 37.5952953, 11.4885292 ], [ 37.5955287, 11.4887552 ], [ 37.5957647, 11.4890247 ], [ 37.5958948, 11.4891758 ], [ 37.5960188, 11.4892428 ], [ 37.5961912, 11.4892704 ], [ 37.5963595, 11.489252 ], [ 37.5964916, 11.4892362 ], [ 37.5965868, 11.4892704 ], [ 37.5966552, 11.4893979 ], [ 37.5966766, 11.4895254 ], [ 37.5966766, 11.4896003 ], [ 37.5966887, 11.4896502 ], [ 37.596735, 11.4896798 ], [ 37.5968617, 11.4897251 ], [ 37.5969583, 11.4898277 ], [ 37.5970736, 11.4899341 ], [ 37.5973244, 11.4900616 ], [ 37.5975028, 11.4901194 ], [ 37.5978219, 11.4901365 ], [ 37.5980271, 11.4901523 ], [ 37.5982578, 11.4901404 ], [ 37.5986373, 11.490055 ], [ 37.5989257, 11.4899078 ], [ 37.5992087, 11.4896989 ], [ 37.599387, 11.4894018 ], [ 37.5995037, 11.4892665 ], [ 37.5996794, 11.4892231 ], [ 37.6000831, 11.4890851 ], [ 37.6006047, 11.4889787 ], [ 37.6010755, 11.4889024 ], [ 37.6017407, 11.4888459 ], [ 37.6020786, 11.4888591 ], [ 37.602894, 11.489001 ], [ 37.6038033, 11.4893322 ], [ 37.604439, 11.4895267 ], [ 37.6048627, 11.4896765 ], [ 37.6052302, 11.4897501 ], [ 37.6056969, 11.4897869 ], [ 37.606169, 11.4896686 ], [ 37.6065391, 11.4895267 ], [ 37.607089, 11.4891745 ], [ 37.6085266, 11.4885305 ], [ 37.609334, 11.4882677 ], [ 37.6097202, 11.4881494 ], [ 37.6101172, 11.487805 ], [ 37.6108682, 11.4869166 ], [ 37.6111901, 11.4865066 ], [ 37.6115575, 11.4859257 ], [ 37.612094, 11.4854131 ], [ 37.6124909, 11.4852633 ], [ 37.612676, 11.4852554 ], [ 37.6134458, 11.4853763 ], [ 37.6139984, 11.4854526 ], [ 37.6145107, 11.4855209 ], [ 37.6150498, 11.4855853 ], [ 37.615436, 11.485651 ], [ 37.6158397, 11.4857732 ], [ 37.6160462, 11.485814 ], [ 37.6162688, 11.4858153 ], [ 37.6165357, 11.4857732 ], [ 37.6169287, 11.4856602 ], [ 37.6171955, 11.4856339 ], [ 37.6174812, 11.4856089 ], [ 37.6177709, 11.4855735 ], [ 37.6180632, 11.4854802 ], [ 37.6182953, 11.4852988 ], [ 37.6184763, 11.4851884 ], [ 37.6187593, 11.4850386 ], [ 37.6189135, 11.4849361 ], [ 37.6191415, 11.4848283 ], [ 37.6193708, 11.4847205 ], [ 37.6196189, 11.4846706 ], [ 37.6198241, 11.4846916 ], [ 37.6199555, 11.4847849 ], [ 37.6200548, 11.4848454 ], [ 37.6202023, 11.4848638 ], [ 37.6204343, 11.4848454 ], [ 37.6205336, 11.4848033 ], [ 37.6206368, 11.4847074 ], [ 37.6207361, 11.4846495 ], [ 37.6208943, 11.4846443 ], [ 37.6210713, 11.4846877 ], [ 37.6212162, 11.4847678 ], [ 37.6213932, 11.4848467 ], [ 37.6217231, 11.484919 ], [ 37.622045, 11.4849689 ], [ 37.622501, 11.4850162 ], [ 37.6229221, 11.4849505 ], [ 37.6233458, 11.4847691 ], [ 37.6237267, 11.4846035 ], [ 37.6240472, 11.4844287 ], [ 37.6242249, 11.4842556 ], [ 37.6242954, 11.4841869 ], [ 37.6245864, 11.484024 ], [ 37.6251215, 11.4837808 ], [ 37.6256096, 11.4835232 ], [ 37.6260401, 11.4832012 ], [ 37.6262721, 11.4829936 ], [ 37.626366, 11.4827189 ], [ 37.6263942, 11.4823614 ], [ 37.626535, 11.4821157 ], [ 37.6267201, 11.4819185 ], [ 37.6272102, 11.4815847 ], [ 37.6274295, 11.4814592 ], [ 37.6276132, 11.4813192 ], [ 37.6277111, 11.481147 ], [ 37.6278144, 11.4809236 ], [ 37.6278855, 11.480666 ], [ 37.6279418, 11.4803453 ], [ 37.6280236, 11.4801561 ], [ 37.6283026, 11.479817 ], [ 37.6290858, 11.4789364 ], [ 37.6298314, 11.478345 ], [ 37.6302794, 11.4779244 ], [ 37.6307461, 11.4773803 ], [ 37.6314032, 11.4765733 ], [ 37.6317036, 11.4762001 ], [ 37.6319557, 11.4758347 ], [ 37.6321824, 11.475585 ], [ 37.6323661, 11.4754286 ], [ 37.6325901, 11.475376 ], [ 37.6327604, 11.4753616 ], [ 37.632865, 11.4753077 ], [ 37.6329777, 11.4751486 ], [ 37.6330139, 11.4750146 ], [ 37.6330313, 11.4749121 ], [ 37.6330622, 11.4747596 ], [ 37.6331118, 11.4745336 ], [ 37.6331587, 11.4743969 ], [ 37.6332271, 11.4742944 ], [ 37.6332861, 11.4742418 ], [ 37.6333639, 11.4741761 ], [ 37.6334631, 11.474063 ], [ 37.6335517, 11.473883 ], [ 37.6336201, 11.473607 ], [ 37.6337287, 11.4731378 ], [ 37.6337622, 11.4729538 ], [ 37.6337649, 11.4727527 ], [ 37.6337019, 11.4725174 ], [ 37.6336925, 11.472382 ], [ 37.63373, 11.4722585 ], [ 37.6338547, 11.4721363 ], [ 37.6339567, 11.4719891 ], [ 37.6340277, 11.4718524 ], [ 37.6340378, 11.4716855 ], [ 37.6340103, 11.471508 ], [ 37.6339392, 11.4712912 ], [ 37.6338185, 11.4711058 ], [ 37.6337662, 11.4709048 ], [ 37.6337692, 11.470646 ], [ 37.633785, 11.4705157 ], [ 37.6338266, 11.4704093 ], [ 37.633907, 11.470216 ], [ 37.6339339, 11.4700728 ], [ 37.6339218, 11.4699571 ], [ 37.6337421, 11.4693631 ], [ 37.633431, 11.4685298 ], [ 37.6334095, 11.467962 ], [ 37.6334926, 11.4674021 ], [ 37.6335222, 11.4670157 ], [ 37.6334819, 11.4667344 ], [ 37.6334216, 11.4664222 ], [ 37.6332861, 11.4661692 ], [ 37.6330554, 11.4659379 ], [ 37.6329079, 11.4656461 ], [ 37.6327577, 11.4651283 ], [ 37.6327524, 11.4646367 ], [ 37.6327738, 11.4641189 ], [ 37.6327631, 11.4638126 ], [ 37.6328918, 11.4634301 ], [ 37.6330259, 11.463275 ], [ 37.6333103, 11.4630937 ], [ 37.6338816, 11.4627283 ], [ 37.6343402, 11.462284 ], [ 37.6346782, 11.461845 ], [ 37.6348338, 11.4615375 ], [ 37.63533, 11.4602836 ], [ 37.6356035, 11.4595896 ], [ 37.6358101, 11.4591585 ], [ 37.6359227, 11.4588982 ], [ 37.6359737, 11.4586485 ], [ 37.6359013, 11.457986 ], [ 37.6359281, 11.457363 ], [ 37.6359147, 11.4568478 ], [ 37.635904, 11.456598 ], [ 37.6359683, 11.4562668 ], [ 37.6362419, 11.4557779 ], [ 37.6369527, 11.4549051 ], [ 37.6372799, 11.4545292 ], [ 37.6374811, 11.4543872 ], [ 37.6376809, 11.4543347 ], [ 37.637866, 11.4542939 ], [ 37.6382965, 11.4541756 ], [ 37.638908, 11.4541612 ], [ 37.6390877, 11.4540797 ], [ 37.6393184, 11.4538983 ], [ 37.6398978, 11.4533857 ], [ 37.6405388, 11.4526496 ], [ 37.6409331, 11.4521002 ], [ 37.6413113, 11.4516244 ], [ 37.6416331, 11.4510355 ], [ 37.6416305, 11.4507043 ], [ 37.6413971, 11.4502889 ], [ 37.6411879, 11.4498526 ], [ 37.6410001, 11.4493978 ], [ 37.6408821, 11.448709 ], [ 37.6409224, 11.4481333 ], [ 37.641086, 11.4478546 ], [ 37.6413891, 11.4475234 ], [ 37.6417887, 11.4471054 ], [ 37.6419979, 11.4468714 ], [ 37.6422447, 11.4463667 ], [ 37.6425746, 11.4458094 ], [ 37.6429045, 11.4451863 ], [ 37.64328, 11.4445633 ], [ 37.6437494, 11.4440638 ], [ 37.6442912, 11.443283 ], [ 37.6447204, 11.4428203 ], [ 37.6451388, 11.4421473 ], [ 37.6454177, 11.4416426 ], [ 37.6457369, 11.4412588 ], [ 37.646091, 11.4408776 ], [ 37.6464665, 11.44057 ], [ 37.6467133, 11.4402309 ], [ 37.6469225, 11.4394448 ], [ 37.6470378, 11.4389217 ], [ 37.6471478, 11.438572 ], [ 37.6475045, 11.4381461 ], [ 37.6479417, 11.4376703 ], [ 37.6483574, 11.4371787 ], [ 37.6487759, 11.4367239 ], [ 37.6497978, 11.4355776 ], [ 37.6503503, 11.4349677 ], [ 37.650573, 11.4345182 ], [ 37.6510826, 11.4337453 ], [ 37.6514661, 11.4332142 ], [ 37.6520616, 11.4328199 ], [ 37.6525846, 11.4323256 ], [ 37.6529843, 11.4318839 ], [ 37.6532525, 11.43165 ], [ 37.653628, 11.4314028 ], [ 37.6540866, 11.4307009 ], [ 37.6542422, 11.4302842 ], [ 37.6543227, 11.4301278 ], [ 37.6544662, 11.430041 ], [ 37.6545909, 11.4299963 ], [ 37.6547492, 11.4299648 ], [ 37.6548645, 11.4299201 ], [ 37.6550174, 11.4298517 ], [ 37.6550898, 11.4297492 ], [ 37.6551381, 11.4296493 ], [ 37.6552306, 11.4294534 ], [ 37.6552199, 11.4290972 ], [ 37.6551823, 11.4284938 ], [ 37.6552561, 11.4280456 ], [ 37.6553741, 11.4275934 ], [ 37.6556826, 11.4267994 ], [ 37.6559159, 11.4261789 ], [ 37.6561707, 11.4255927 ], [ 37.6562002, 11.4253639 ], [ 37.656219, 11.4249512 ], [ 37.6564014, 11.4240652 ], [ 37.6565891, 11.4235183 ], [ 37.6568171, 11.4232712 ], [ 37.6571256, 11.4230504 ], [ 37.6576674, 11.4228348 ], [ 37.6582038, 11.4227217 ], [ 37.6586357, 11.4226297 ], [ 37.659038, 11.422514 ], [ 37.659435, 11.4222248 ], [ 37.6602262, 11.4217279 ], [ 37.6605427, 11.4213467 ], [ 37.6606339, 11.4210181 ], [ 37.6606125, 11.4205422 ], [ 37.6605776, 11.420069 ], [ 37.6607224, 11.4196904 ], [ 37.6610497, 11.419275 ], [ 37.6614225, 11.4188201 ], [ 37.6618677, 11.4180104 ], [ 37.6622647, 11.4168956 ], [ 37.662549, 11.4158229 ], [ 37.6628065, 11.4149711 ], [ 37.6632115, 11.414022 ], [ 37.6633644, 11.4136328 ], [ 37.6639089, 11.4132806 ], [ 37.6646572, 11.4128047 ], [ 37.6650059, 11.4126049 ], [ 37.665309, 11.4123735 ], [ 37.6654203, 11.4121999 ], [ 37.665478, 11.4119922 ], [ 37.6656926, 11.4111351 ], [ 37.6659447, 11.410654 ], [ 37.6663926, 11.410165 ], [ 37.6668996, 11.4097286 ], [ 37.6673851, 11.4093472 ], [ 37.6676667, 11.4090791 ], [ 37.6679402, 11.40869 ], [ 37.668018, 11.4085322 ], [ 37.6680744, 11.4083192 ], [ 37.6681012, 11.4077251 ], [ 37.6681038, 11.4072281 ], [ 37.6681495, 11.4069915 ], [ 37.6682541, 11.4067154 ], [ 37.6684686, 11.4064604 ], [ 37.6687074, 11.4061948 ], [ 37.66893, 11.4059109 ], [ 37.6689944, 11.4056585 ], [ 37.6690856, 11.4050064 ], [ 37.6690749, 11.4041703 ], [ 37.6690587, 11.4038075 ], [ 37.6691044, 11.4032764 ], [ 37.6691633, 11.4030266 ], [ 37.6692706, 11.4026795 ], [ 37.6694182, 11.4024929 ], [ 37.66963, 11.4023272 ], [ 37.6700512, 11.4020091 ], [ 37.6709711, 11.4010836 ], [ 37.6718295, 11.4002264 ], [ 37.6724973, 11.3994692 ], [ 37.6731142, 11.3985305 ], [ 37.6734897, 11.3980362 ], [ 37.6737767, 11.3976181 ], [ 37.6739779, 11.3973079 ], [ 37.674281, 11.3969792 ], [ 37.6746565, 11.3965664 ], [ 37.6749408, 11.3961641 ], [ 37.6751983, 11.395633 ], [ 37.6753888, 11.3949047 ], [ 37.6753753, 11.3939213 ], [ 37.6751393, 11.3927381 ], [ 37.6749569, 11.3920282 ], [ 37.6749328, 11.3910145 ], [ 37.6750964, 11.3904032 ], [ 37.6753861, 11.3895776 ], [ 37.6761049, 11.3881367 ], [ 37.6765019, 11.3874425 ], [ 37.6767781, 11.3867642 ], [ 37.6771456, 11.3861199 ], [ 37.6773655, 11.3858491 ], [ 37.6774836, 11.3857281 ], [ 37.6776418, 11.3856282 ], [ 37.6790044, 11.3852102 ], [ 37.6791707, 11.3851523 ], [ 37.6792692, 11.3850629 ], [ 37.6793477, 11.3849393 ], [ 37.6794335, 11.3847 ], [ 37.6794872, 11.3845738 ], [ 37.6795784, 11.3843871 ], [ 37.6796669, 11.384232 ], [ 37.6797634, 11.3841242 ], [ 37.6798319, 11.3840546 ], [ 37.6799351, 11.383994 ], [ 37.6800558, 11.3839506 ], [ 37.6804447, 11.3839349 ], [ 37.6824563, 11.3840296 ], [ 37.6836526, 11.3841768 ], [ 37.6842105, 11.3842294 ], [ 37.6844828, 11.3842307 ], [ 37.6847952, 11.3841659 ], [ 37.6850796, 11.3840466 ], [ 37.6853559, 11.3838928 ], [ 37.6857434, 11.3835773 ], [ 37.6861981, 11.3830645 ], [ 37.6863804, 11.3826648 ], [ 37.6864207, 11.382486 ], [ 37.6864255, 11.3822998 ], [ 37.6864287, 11.3819733 ], [ 37.6863939, 11.3815447 ], [ 37.6863053, 11.3812397 ], [ 37.6861498, 11.3809005 ], [ 37.6858923, 11.3804061 ], [ 37.6856601, 11.3800927 ] ], [ [ 37.6696569, 9.8572403 ], [ 37.6696032, 9.8582974 ], [ 37.6696622, 9.8586938 ], [ 37.6696944, 9.859032 ], [ 37.6695871, 9.8593016 ], [ 37.6694852, 9.859735 ], [ 37.6695013, 9.8601102 ], [ 37.6697105, 9.8604273 ], [ 37.6701182, 9.8605964 ], [ 37.6706654, 9.8607814 ], [ 37.6712125, 9.861088 ], [ 37.6715693, 9.8615586 ], [ 37.6716119, 9.8620059 ], [ 37.6715911, 9.8623848 ], [ 37.6715717, 9.862876 ], [ 37.6713762, 9.863794 ], [ 37.671285, 9.8641031 ] ], [ [ 37.8787434, 9.9166288 ], [ 37.8787565, 9.9164348 ], [ 37.8786546, 9.9158588 ], [ 37.87844, 9.9154784 ], [ 37.8780699, 9.9152406 ], [ 37.8776407, 9.9151296 ], [ 37.8765893, 9.9150239 ], [ 37.874009, 9.9144849 ], [ 37.8721368, 9.9139565 ], [ 37.8715843, 9.9138667 ], [ 37.8711015, 9.9139089 ], [ 37.8706616, 9.9140727 ], [ 37.8702486, 9.9144004 ], [ 37.8698569, 9.915082 ], [ 37.8693098, 9.916308 ], [ 37.8681457, 9.9189396 ], [ 37.8673732, 9.9198379 ], [ 37.8667724, 9.9201549 ], [ 37.8660858, 9.9202078 ], [ 37.8653347, 9.9200915 ], [ 37.8647232, 9.9196054 ], [ 37.8637254, 9.9185697 ], [ 37.8627706, 9.9177374 ], [ 37.8621348, 9.9173331 ], [ 37.8617674, 9.9171614 ], [ 37.861231, 9.9169368 ], [ 37.8609145, 9.9167625 ], [ 37.8607213, 9.9165564 ], [ 37.8606087, 9.916234 ], [ 37.860539, 9.915769 ], [ 37.8602654, 9.9136447 ], [ 37.8600669, 9.9117476 ], [ 37.860024, 9.9105851 ], [ 37.8599703, 9.9093063 ], [ 37.8600883, 9.907351 ], [ 37.8607053, 9.9038633 ], [ 37.8610808, 9.9019873 ], [ 37.8610969, 9.9014536 ], [ 37.861003, 9.9008538 ], [ 37.8607589, 9.9005552 ], [ 37.860488, 9.9004019 ], [ 37.8602546, 9.9003914 ], [ 37.8598201, 9.9003914 ], [ 37.8593373, 9.9004918 ], [ 37.8566015, 9.9012052 ], [ 37.8547025, 9.9016914 ], [ 37.8532326, 9.9019952 ], [ 37.850883, 9.9023361 ], [ 37.8496599, 9.9028434 ], [ 37.8488231, 9.9034353 ], [ 37.8481042, 9.9035727 ], [ 37.847321, 9.9034035 ], [ 37.84657, 9.9030759 ], [ 37.8449982, 9.9022092 ], [ 37.8432065, 9.9009832 ], [ 37.8421658, 9.8996674 ], [ 37.8414363, 9.8984229 ], [ 37.8411573, 9.8974347 ], [ 37.841101, 9.8964412 ], [ 37.8410447, 9.8955877 ], [ 37.8407925, 9.8948637 ], [ 37.8401327, 9.89396 ], [ 37.8379172, 9.892047 ], [ 37.8366619, 9.8913547 ], [ 37.8350633, 9.8909583 ], [ 37.8338188, 9.8904986 ], [ 37.8321665, 9.8894628 ], [ 37.8313351, 9.888464 ], [ 37.8308791, 9.8873542 ], [ 37.8304124, 9.8865033 ], [ 37.8298652, 9.8855785 ], [ 37.8295058, 9.8845374 ], [ 37.8292644, 9.8836601 ], [ 37.8289318, 9.8827776 ], [ 37.8282827, 9.8819901 ], [ 37.8277302, 9.8815673 ], [ 37.8268826, 9.8810441 ], [ 37.8262013, 9.8806742 ], [ 37.8256112, 9.8802567 ], [ 37.8250265, 9.8796119 ], [ 37.8244042, 9.878954 ], [ 37.823959, 9.8784519 ], [ 37.8237578, 9.8779763 ], [ 37.8235701, 9.8771518 ], [ 37.8235245, 9.8761186 ], [ 37.823444, 9.8753365 ], [ 37.8233448, 9.8747234 ], [ 37.8228539, 9.8740258 ], [ 37.8218293, 9.873455 ], [ 37.8201127, 9.8730481 ], [ 37.8181171, 9.8728314 ], [ 37.8146759, 9.8724879 ], [ 37.8114116, 9.8722342 ], [ 37.8096333, 9.8720386 ], [ 37.808032, 9.8715577 ], [ 37.8055108, 9.8702365 ], [ 37.8027749, 9.8684924 ], [ 37.8011227, 9.8671183 ], [ 37.7998245, 9.8664524 ], [ 37.7983224, 9.8662515 ], [ 37.7955973, 9.8667166 ], [ 37.7935588, 9.8666321 ], [ 37.7913507, 9.8662192 ], [ 37.7886557, 9.8655539 ], [ 37.7862954, 9.8646449 ], [ 37.7846968, 9.8638098 ], [ 37.7826583, 9.8633659 ], [ 37.7810705, 9.8632813 ], [ 37.7798635, 9.8634293 ], [ 37.7786672, 9.8638627 ], [ 37.7778731, 9.8640319 ], [ 37.7770686, 9.8639155 ], [ 37.7763981, 9.8636195 ], [ 37.7758348, 9.8632232 ], [ 37.7751374, 9.8624885 ], [ 37.7741074, 9.8613152 ], [ 37.7731419, 9.8600785 ], [ 37.7725732, 9.8588629 ], [ 37.7721012, 9.8579644 ], [ 37.7717364, 9.8574465 ], [ 37.7708781, 9.8570448 ], [ 37.7699017, 9.8567911 ], [ 37.7690112, 9.8567065 ], [ 37.7678847, 9.8569919 ], [ 37.7667153, 9.8573302 ], [ 37.7653205, 9.8578111 ], [ 37.7637058, 9.8585616 ], [ 37.7616888, 9.8597772 ], [ 37.7584862, 9.8625308 ], [ 37.7565765, 9.8640952 ], [ 37.7555358, 9.8646237 ], [ 37.7546561, 9.864962 ], [ 37.7534437, 9.8650254 ], [ 37.7524781, 9.8646871 ], [ 37.7515447, 9.8640635 ], [ 37.7505898, 9.8630488 ], [ 37.7495491, 9.8615689 ], [ 37.7489483, 9.8603216 ], [ 37.7484333, 9.8587255 ], [ 37.7482563, 9.8577953 ], [ 37.7483475, 9.8569232 ], [ 37.7485889, 9.8556706 ], [ 37.7487928, 9.8546136 ], [ 37.7491093, 9.8534614 ], [ 37.7493238, 9.8523832 ], [ 37.7494311, 9.8514688 ], [ 37.749474, 9.8502426 ], [ 37.7495331, 9.8496665 ], [ 37.7496082, 9.8490429 ], [ 37.7496511, 9.8484879 ], [ 37.7496242, 9.8482818 ], [ 37.7494794, 9.8480228 ], [ 37.7490234, 9.8476317 ], [ 37.7480632, 9.8471243 ], [ 37.7471459, 9.8466222 ], [ 37.745896, 9.8462945 ], [ 37.7443349, 9.8461465 ], [ 37.7420282, 9.846305 ], [ 37.7403438, 9.8468336 ], [ 37.7390993, 9.8474678 ], [ 37.7374685, 9.8485249 ], [ 37.7361059, 9.8497194 ], [ 37.7347755, 9.8510301 ], [ 37.7334237, 9.8518335 ], [ 37.7318251, 9.8524678 ], [ 37.7303231, 9.8526157 ], [ 37.7290356, 9.852436 ], [ 37.7281237, 9.8520766 ], [ 37.7270508, 9.851305 ], [ 37.7257419, 9.8505228 ], [ 37.7242505, 9.8493917 ], [ 37.7228129, 9.8488526 ], [ 37.7216113, 9.8487363 ], [ 37.7202111, 9.8485725 ], [ 37.7187896, 9.8485355 ], [ 37.7179635, 9.848768 ], [ 37.7170622, 9.8490904 ], [ 37.7159572, 9.849212 ], [ 37.7148735, 9.849138 ], [ 37.7140528, 9.8489001 ], [ 37.7132857, 9.8484509 ], [ 37.7125722, 9.8477691 ], [ 37.7111292, 9.8463473 ], [ 37.7105847, 9.8457976 ], [ 37.7100858, 9.8453325 ], [ 37.7090478, 9.8446692 ], [ 37.7086455, 9.8441909 ], [ 37.7083585, 9.8437257 ], [ 37.7079186, 9.8431549 ], [ 37.7075297, 9.8426607 ], [ 37.7071246, 9.842222 ], [ 37.7066311, 9.8418679 ], [ 37.705923, 9.8416829 ], [ 37.7050889, 9.8416644 ], [ 37.7034581, 9.8416116 ], [ 37.7020973, 9.8419759 ], [ 37.7011728, 9.8423304 ], [ 37.7002072, 9.8430175 ], [ 37.6995635, 9.8437363 ], [ 37.6988768, 9.8447617 ], [ 37.6985228, 9.8458399 ], [ 37.6983082, 9.8467701 ], [ 37.6981795, 9.8475418 ], [ 37.6979381, 9.8487204 ], [ 37.697466, 9.8498462 ], [ 37.69701, 9.8508927 ], [ 37.6965594, 9.8516538 ], [ 37.6962107, 9.8523356 ], [ 37.6956904, 9.8532975 ], [ 37.6951754, 9.8541749 ], [ 37.6947409, 9.854714 ], [ 37.6940918, 9.8551315 ], [ 37.6936519, 9.8555702 ], [ 37.6931852, 9.8561146 ], [ 37.6927292, 9.8564687 ], [ 37.6917926, 9.8569676 ], [ 37.6913401, 9.8572892 ], [ 37.6908624, 9.8576579 ], [ 37.6903045, 9.8581494 ], [ 37.6897788, 9.8587995 ], [ 37.6894033, 9.8593439 ], [ 37.6892102, 9.8600098 ], [ 37.6891458, 9.8606916 ], [ 37.6891673, 9.8614209 ], [ 37.6890385, 9.8622613 ], [ 37.6888722, 9.8630329 ], [ 37.6887006, 9.8635403 ], [ 37.6883841, 9.8641322 ], [ 37.68803, 9.86474 ], [ 37.6877081, 9.8651839 ], [ 37.687279, 9.8654323 ], [ 37.6865226, 9.8656543 ], [ 37.6858199, 9.8659661 ], [ 37.684806, 9.8662198 ], [ 37.6838511, 9.8663942 ], [ 37.6828265, 9.8666109 ], [ 37.6816195, 9.86678 ], [ 37.6804393, 9.8669227 ], [ 37.6795113, 9.8667959 ], [ 37.6786476, 9.8665845 ], [ 37.6776123, 9.8661722 ], [ 37.6768559, 9.8658763 ], [ 37.6756918, 9.8654958 ], [ 37.6744205, 9.8650412 ], [ 37.6732215, 9.8646554 ], [ 37.6716846, 9.8642009 ], [ 37.671285, 9.8641031 ] ], [ [ 37.6856601, 11.3800927 ], [ 37.6853746, 11.37985 ], [ 37.6850085, 11.3794859 ], [ 37.684763, 11.3792492 ], [ 37.6846772, 11.3791098 ], [ 37.6846155, 11.3789494 ], [ 37.6846182, 11.3787404 ], [ 37.6846799, 11.3784524 ], [ 37.6851279, 11.3777398 ], [ 37.6855302, 11.3772902 ], [ 37.6860639, 11.3768221 ], [ 37.6865333, 11.3766013 ], [ 37.6871073, 11.3764093 ], [ 37.6875257, 11.3761621 ], [ 37.6877511, 11.3757914 ], [ 37.68792, 11.3752497 ], [ 37.6879545, 11.3750567 ] ], [ [ 37.6856601, 11.3800927 ], [ 37.6856589, 11.3796068 ], [ 37.6858038, 11.3791177 ], [ 37.6860505, 11.3787285 ], [ 37.6865011, 11.3782131 ], [ 37.686941, 11.3776925 ], [ 37.6873594, 11.3770982 ], [ 37.6876974, 11.376646 ], [ 37.6879603, 11.3762568 ], [ 37.688089, 11.3759044 ], [ 37.6881105, 11.3755311 ], [ 37.6880139, 11.3752944 ], [ 37.6879545, 11.3750567 ] ], [ [ 37.6882805, 11.3735567 ], [ 37.6884726, 11.3729988 ], [ 37.6885343, 11.3721968 ], [ 37.6884645, 11.3715157 ], [ 37.6881909, 11.3708952 ], [ 37.6878598, 11.3702606 ] ], [ [ 37.6878598, 11.3702606 ], [ 37.6878637, 11.3705191 ], [ 37.6878208, 11.370719 ], [ 37.6877457, 11.371024 ], [ 37.687751, 11.3714237 ], [ 37.6877993, 11.371734 ], [ 37.6878771, 11.3721337 ], [ 37.6880139, 11.3725413 ], [ 37.6881024, 11.3729291 ], [ 37.6882805, 11.3735567 ] ], [ [ 37.6878598, 11.3702606 ], [ 37.6877752, 11.3700984 ], [ 37.6875928, 11.3694042 ], [ 37.6875472, 11.3686364 ], [ 37.6876464, 11.3680237 ], [ 37.687912, 11.367056 ], [ 37.6880407, 11.3667904 ], [ 37.6881616, 11.3665994 ], [ 37.6886871, 11.365778 ], [ 37.6892585, 11.3650838 ], [ 37.6897506, 11.3644763 ], [ 37.6898519, 11.3643692 ], [ 37.6899866, 11.3642574 ], [ 37.6900604, 11.3642002 ], [ 37.6901355, 11.3641522 ], [ 37.6902918, 11.3640786 ], [ 37.6903474, 11.3640517 ], [ 37.6903997, 11.3640155 ], [ 37.6904313, 11.3639807 ], [ 37.6904453, 11.3639399 ], [ 37.6904621, 11.3638689 ], [ 37.6904802, 11.3637769 ], [ 37.6905137, 11.363698 ], [ 37.6906492, 11.3635152 ], [ 37.6908383, 11.3633351 ], [ 37.6914203, 11.3628302 ], [ 37.6916805, 11.3624541 ], [ 37.6919782, 11.3620203 ], [ 37.6922652, 11.3616469 ], [ 37.6927453, 11.3612104 ], [ 37.6932791, 11.360808 ], [ 37.6936332, 11.3605055 ], [ 37.6943412, 11.3598508 ], [ 37.6950279, 11.3592223 ], [ 37.6954463, 11.3588384 ], [ 37.6957038, 11.3586254 ], [ 37.696023, 11.3584308 ], [ 37.6966292, 11.3581126 ], [ 37.6973534, 11.3578549 ], [ 37.6976994, 11.3576997 ], [ 37.6980025, 11.3574709 ], [ 37.6982868, 11.3571869 ], [ 37.6984933, 11.356966 ], [ 37.6989198, 11.3564743 ], [ 37.6992148, 11.3561403 ], [ 37.6995608, 11.3558536 ], [ 37.7000812, 11.3555118 ], [ 37.7007222, 11.354999 ], [ 37.7012104, 11.3544783 ], [ 37.7016127, 11.3539524 ], [ 37.7018917, 11.3535921 ], [ 37.7022538, 11.3530872 ], [ 37.7025166, 11.3525665 ], [ 37.7026105, 11.3522944 ], [ 37.7026615, 11.3522023 ], [ 37.7027353, 11.3521352 ], [ 37.7028184, 11.3521076 ], [ 37.7029444, 11.352105 ], [ 37.7031925, 11.3521694 ], [ 37.7034219, 11.3521905 ], [ 37.7036377, 11.3521642 ], [ 37.7038738, 11.3520485 ], [ 37.7041608, 11.3518592 ], [ 37.7043781, 11.3516382 ], [ 37.7046087, 11.3513122 ], [ 37.7049494, 11.3506574 ], [ 37.7054831, 11.3499368 ], [ 37.7057702, 11.3495581 ], [ 37.7060222, 11.349211 ], [ 37.7064192, 11.3485904 ], [ 37.7071676, 11.3474438 ], [ 37.7074814, 11.3470598 ], [ 37.7077174, 11.3468389 ], [ 37.7080929, 11.3464944 ], [ 37.7085569, 11.3459895 ], [ 37.7090022, 11.3456213 ], [ 37.7096459, 11.3452952 ], [ 37.7099061, 11.3450612 ], [ 37.7101716, 11.3447719 ], [ 37.7103031, 11.3445405 ], [ 37.7103567, 11.3443959 ], [ 37.7103969, 11.3441723 ], [ 37.7103969, 11.3437332 ], [ 37.7104077, 11.3433544 ], [ 37.7104533, 11.3430231 ], [ 37.7104989, 11.3429139 ], [ 37.7105847, 11.3427943 ], [ 37.7108046, 11.3426312 ], [ 37.7110782, 11.3424603 ], [ 37.711266, 11.3422788 ], [ 37.7115074, 11.3419554 ], [ 37.7118802, 11.3414768 ], [ 37.7120545, 11.3410481 ], [ 37.7120948, 11.3403985 ], [ 37.7120277, 11.3398594 ], [ 37.712076, 11.3392335 ], [ 37.712194, 11.3385313 ], [ 37.7124783, 11.33739 ], [ 37.7126285, 11.3364353 ], [ 37.7128297, 11.3358646 ], [ 37.7129316, 11.3357095 ], [ 37.7130899, 11.3355806 ], [ 37.7132615, 11.335549 ], [ 37.7134868, 11.3355543 ], [ 37.7140313, 11.3355938 ], [ 37.7145866, 11.3356201 ], [ 37.7149808, 11.3356332 ], [ 37.7154033, 11.3355438 ], [ 37.7155897, 11.3354675 ], [ 37.7157989, 11.335319 ], [ 37.7162763, 11.3348626 ], [ 37.7169871, 11.3341079 ], [ 37.717663, 11.3336003 ], [ 37.7181579, 11.3333768 ], [ 37.7185629, 11.3332624 ], [ 37.7190672, 11.3330362 ], [ 37.7195299, 11.3326772 ], [ 37.7197418, 11.33243 ], [ 37.7200019, 11.332025 ], [ 37.7202165, 11.3315174 ], [ 37.7204311, 11.3312202 ], [ 37.7207208, 11.330973 ], [ 37.720997, 11.3307837 ], [ 37.7212384, 11.3306679 ], [ 37.7218285, 11.3305088 ], [ 37.722204, 11.3303471 ], [ 37.7229068, 11.3297948 ], [ 37.7233225, 11.3294555 ], [ 37.7237517, 11.3290084 ], [ 37.7239099, 11.3288007 ], [ 37.7240628, 11.3284903 ], [ 37.7242559, 11.3280485 ], [ 37.7243525, 11.3277645 ], [ 37.7244383, 11.3273726 ], [ 37.7244919, 11.3268703 ], [ 37.724508, 11.3261549 ], [ 37.724492, 11.325245 ], [ 37.7245831, 11.3242666 ], [ 37.724787, 11.3235881 ], [ 37.7252993, 11.3227333 ], [ 37.7258384, 11.3218654 ], [ 37.7259618, 11.3214893 ], [ 37.7260557, 11.3209765 ], [ 37.7259645, 11.3199823 ], [ 37.7258331, 11.3192485 ], [ 37.7257982, 11.3186647 ], [ 37.7259564, 11.31771 ], [ 37.7261093, 11.3171708 ], [ 37.7263936, 11.3166974 ], [ 37.7267718, 11.3163765 ], [ 37.7271111, 11.3161937 ], [ 37.727492, 11.3160991 ], [ 37.7278554, 11.3160609 ], [ 37.7284147, 11.3159163 ], [ 37.7288023, 11.3156953 ], [ 37.7289585, 11.3156077 ], [ 37.7297115, 11.3151851 ], [ 37.7307683, 11.3148038 ], [ 37.7316803, 11.3145776 ], [ 37.7326512, 11.314304 ], [ 37.7330804, 11.3141304 ], [ 37.7335364, 11.3137991 ], [ 37.7338636, 11.3133046 ], [ 37.7342176, 11.3127523 ], [ 37.7347273, 11.3117423 ], [ 37.7352154, 11.3107587 ], [ 37.7355239, 11.3097329 ], [ 37.7356285, 11.3089018 ], [ 37.735776, 11.3081417 ], [ 37.7359772, 11.3078418 ], [ 37.7361032, 11.3075736 ], [ 37.7361676, 11.3071896 ], [ 37.7363044, 11.3067898 ], [ 37.7364492, 11.3065478 ], [ 37.7366209, 11.306369 ], [ 37.7370313, 11.3060047 ], [ 37.7374604, 11.3055589 ], [ 37.7379674, 11.305096 ], [ 37.7383134, 11.3045384 ], [ 37.7386755, 11.3039098 ], [ 37.738941, 11.3035889 ], [ 37.7392629, 11.3034495 ], [ 37.7395767, 11.3033022 ], [ 37.7399147, 11.3031838 ], [ 37.7402164, 11.3030444 ], [ 37.7405182, 11.3028708 ], [ 37.740887, 11.3026039 ], [ 37.7411927, 11.3024013 ], [ 37.7415186, 11.3022922 ], [ 37.7418552, 11.3021436 ], [ 37.7422053, 11.3019674 ], [ 37.7425969, 11.3017333 ], [ 37.7428704, 11.3015058 ], [ 37.7431467, 11.3013374 ], [ 37.7434565, 11.3012677 ], [ 37.7437985, 11.3011744 ], [ 37.744119, 11.3009745 ], [ 37.7444395, 11.3005878 ], [ 37.7447426, 11.3001565 ], [ 37.7449599, 11.2998303 ], [ 37.745098, 11.2996541 ], [ 37.7453756, 11.2992543 ], [ 37.7456304, 11.2988532 ], [ 37.7458209, 11.2985678 ], [ 37.7460918, 11.2980668 ], [ 37.7463627, 11.2975789 ], [ 37.7467945, 11.2966925 ], [ 37.7471754, 11.2960375 ], [ 37.7475831, 11.295643 ], [ 37.7479318, 11.2953852 ], [ 37.7483609, 11.2950959 ], [ 37.7488705, 11.2948487 ], [ 37.7493131, 11.2946488 ], [ 37.7495357, 11.2945409 ], [ 37.7500118, 11.2943068 ], [ 37.7503699, 11.2941779 ], [ 37.750736, 11.2940372 ], [ 37.7512376, 11.2938768 ], [ 37.7516131, 11.2937439 ], [ 37.7519377, 11.2935888 ], [ 37.7525425, 11.293189 ], [ 37.7528188, 11.2929785 ], [ 37.7531916, 11.292826 ], [ 37.7535188, 11.2927155 ], [ 37.7539399, 11.2925577 ], [ 37.7541518, 11.2924051 ], [ 37.7543262, 11.2922184 ], [ 37.7546346, 11.2920132 ], [ 37.7549645, 11.2918686 ], [ 37.7554015, 11.2917281 ], [ 37.7556684, 11.2916422 ], [ 37.7558201, 11.291615 ], [ 37.7563166, 11.2913677 ], [ 37.7564263, 11.2914832 ], [ 37.7568005, 11.2914872 ], [ 37.7571867, 11.2915095 ], [ 37.7575113, 11.2914517 ], [ 37.7580357, 11.2913517 ], [ 37.7583911, 11.2912478 ], [ 37.7588296, 11.2909743 ], [ 37.759138, 11.2907323 ], [ 37.7594465, 11.2903509 ], [ 37.7597536, 11.2901286 ], [ 37.7600326, 11.2899668 ], [ 37.7601533, 11.2898156 ], [ 37.7605073, 11.2894526 ], [ 37.7606897, 11.2891238 ], [ 37.7608037, 11.2888569 ], [ 37.760911, 11.2887043 ], [ 37.7610773, 11.2885386 ], [ 37.7613348, 11.2883571 ], [ 37.7614702, 11.288198 ], [ 37.7617049, 11.2879362 ], [ 37.7620482, 11.2876443 ], [ 37.7623835, 11.2873628 ], [ 37.7630192, 11.286796 ], [ 37.763443, 11.2863949 ], [ 37.7638748, 11.2859845 ], [ 37.7643388, 11.2856058 ], [ 37.7645427, 11.2854059 ], [ 37.7648994, 11.2851218 ], [ 37.7654064, 11.284864 ], [ 37.7657658, 11.284743 ], [ 37.7661145, 11.2846799 ], [ 37.7663881, 11.2845878 ], [ 37.7668306, 11.2845089 ], [ 37.767182, 11.2843379 ], [ 37.7676058, 11.2840223 ], [ 37.7680403, 11.2835357 ], [ 37.7682736, 11.2832595 ], [ 37.7684748, 11.2828649 ], [ 37.7686653, 11.2824967 ], [ 37.7689844, 11.2821337 ], [ 37.7692285, 11.2818996 ], [ 37.7694645, 11.2817181 ], [ 37.7698106, 11.2815997 ], [ 37.7701391, 11.2816379 ], [ 37.7709398, 11.2819114 ], [ 37.771271, 11.2819824 ], [ 37.77155, 11.2819588 ], [ 37.7718678, 11.2818259 ], [ 37.7720368, 11.2816629 ], [ 37.7724928, 11.2812183 ], [ 37.7729997, 11.2805581 ], [ 37.7732572, 11.2799321 ], [ 37.7733994, 11.279306 ], [ 37.7735978, 11.2786826 ], [ 37.7737078, 11.2783643 ], [ 37.7738473, 11.2779829 ], [ 37.7740645, 11.277612 ], [ 37.7742389, 11.2773595 ], [ 37.7744615, 11.2771307 ], [ 37.774711, 11.276986 ], [ 37.7752259, 11.2767019 ], [ 37.7763337, 11.2764507 ], [ 37.7766113, 11.2763376 ], [ 37.7767977, 11.2762376 ], [ 37.7769157, 11.2761627 ], [ 37.7773207, 11.2758865 ], [ 37.7779108, 11.2755182 ], [ 37.7785358, 11.2749461 ], [ 37.779099, 11.2744016 ], [ 37.779382, 11.2741846 ], [ 37.7797119, 11.2738374 ], [ 37.779893, 11.2735164 ], [ 37.7799949, 11.2732113 ], [ 37.7800311, 11.2728772 ], [ 37.7800231, 11.272534 ], [ 37.7801143, 11.272363 ], [ 37.7802336, 11.2722131 ], [ 37.7804804, 11.2720828 ], [ 37.780754, 11.2719605 ], [ 37.7810423, 11.2718211 ], [ 37.7813253, 11.2716146 ], [ 37.781674, 11.2713792 ], [ 37.7820414, 11.271099 ], [ 37.7822775, 11.2709162 ], [ 37.7824679, 11.2707032 ], [ 37.7827187, 11.2703651 ], [ 37.7830553, 11.26996 ], [ 37.7833141, 11.2696628 ], [ 37.7836173, 11.2693656 ], [ 37.7839713, 11.2690644 ], [ 37.7842435, 11.268779 ], [ 37.7845185, 11.2684922 ], [ 37.7848497, 11.2682292 ], [ 37.7851045, 11.2680016 ], [ 37.7853687, 11.2677688 ], [ 37.7856436, 11.2675347 ], [ 37.7858448, 11.2673953 ], [ 37.7859615, 11.267348 ], [ 37.7861854, 11.2672954 ], [ 37.7867568, 11.2669718 ], [ 37.7872691, 11.2667298 ], [ 37.7876124, 11.2665825 ], [ 37.7877653, 11.2664562 ], [ 37.7879691, 11.2662247 ], [ 37.7881609, 11.2659564 ], [ 37.7882628, 11.2657381 ], [ 37.7884131, 11.2654079 ], [ 37.7885297, 11.2651778 ], [ 37.7886463, 11.2650055 ], [ 37.7888784, 11.2647714 ], [ 37.7891855, 11.2645912 ], [ 37.7894899, 11.2645254 ], [ 37.7897112, 11.2644715 ], [ 37.7899432, 11.2643807 ], [ 37.7901149, 11.2643031 ], [ 37.7904636, 11.2642176 ], [ 37.7908015, 11.2642189 ], [ 37.791122, 11.2642676 ], [ 37.7915485, 11.2643636 ], [ 37.7920541, 11.2645254 ], [ 37.7928038, 11.2646872 ], [ 37.7932812, 11.2647174 ], [ 37.7939545, 11.2647332 ], [ 37.7943434, 11.2646556 ], [ 37.7947175, 11.2645201 ], [ 37.794975, 11.2643978 ], [ 37.7953385, 11.26414 ], [ 37.795541, 11.2639427 ], [ 37.795722, 11.2637441 ], [ 37.7960332, 11.2634482 ], [ 37.7963886, 11.2631904 ], [ 37.7966487, 11.2629786 ], [ 37.7968553, 11.2627629 ], [ 37.797047, 11.2625051 ], [ 37.7972388, 11.2622526 ], [ 37.7974963, 11.262029 ], [ 37.7978155, 11.261837 ], [ 37.7981146, 11.2616962 ], [ 37.798482, 11.26162 ], [ 37.7987663, 11.2616528 ], [ 37.7993068, 11.2617673 ], [ 37.7996086, 11.2618146 ], [ 37.800027, 11.2618344 ], [ 37.8010315, 11.2617318 ], [ 37.8016376, 11.2616502 ], [ 37.8020292, 11.2615476 ], [ 37.8023404, 11.2614713 ], [ 37.8026354, 11.2614398 ], [ 37.8028956, 11.2614792 ], [ 37.8030378, 11.2615976 ], [ 37.8031692, 11.2618106 ], [ 37.8033113, 11.2619686 ], [ 37.8035286, 11.2621106 ], [ 37.8037646, 11.2621448 ], [ 37.8039229, 11.2621263 ], [ 37.8040489, 11.2620869 ], [ 37.8041857, 11.2619908 ], [ 37.8044969, 11.2617936 ], [ 37.8048966, 11.2615003 ], [ 37.805213, 11.2612504 ], [ 37.8056221, 11.2609294 ], [ 37.8059694, 11.2607479 ], [ 37.8062591, 11.2606493 ], [ 37.8065018, 11.2605769 ], [ 37.8070678, 11.2604842 ], [ 37.8076538, 11.2603823 ], [ 37.8080749, 11.2602613 ], [ 37.8085417, 11.260064 ], [ 37.8089172, 11.259868 ], [ 37.8092658, 11.2596089 ], [ 37.8094375, 11.2593905 ], [ 37.8096253, 11.2591058 ], [ 37.8098291, 11.2584435 ], [ 37.80999, 11.2579463 ], [ 37.8101161, 11.2577044 ], [ 37.810336, 11.2574255 ], [ 37.8105318, 11.2571835 ], [ 37.8107383, 11.2569678 ], [ 37.810894, 11.2568283 ], [ 37.8110951, 11.2567126 ], [ 37.8114009, 11.2565679 ], [ 37.8117657, 11.2564101 ], [ 37.8120849, 11.2563022 ], [ 37.8124925, 11.2562391 ], [ 37.8131886, 11.2562194 ], [ 37.8137559, 11.2561825 ], [ 37.8144827, 11.2561786 ], [ 37.8152311, 11.2562693 ], [ 37.8158547, 11.2563601 ], [ 37.8165631, 11.256446 ], [ 37.8179938, 11.2564469 ], [ 37.8184296, 11.2563969 ], [ 37.8186413, 11.2563726 ], [ 37.8191176, 11.256318 ], [ 37.8196259, 11.256297 ], [ 37.820098, 11.2563022 ], [ 37.820684, 11.2563496 ], [ 37.8217368, 11.2565206 ], [ 37.8221954, 11.2566468 ], [ 37.8225334, 11.2567705 ], [ 37.8231476, 11.2569796 ], [ 37.8240207, 11.2572256 ], [ 37.8247046, 11.2573913 ], [ 37.8253832, 11.2575399 ], [ 37.8255737, 11.2576254 ], [ 37.8257601, 11.2577214 ], [ 37.8259666, 11.2578293 ], [ 37.8261705, 11.2579253 ], [ 37.8263488, 11.2580187 ], [ 37.8266345, 11.2580713 ], [ 37.8270248, 11.2580871 ], [ 37.8273466, 11.2580042 ], [ 37.8278509, 11.2578411 ], [ 37.8279111, 11.2578248 ], [ 37.8281808, 11.2577517 ], [ 37.8285509, 11.2576175 ], [ 37.8290471, 11.257415 ], [ 37.8295782, 11.2571545 ], [ 37.8301442, 11.256831 ], [ 37.830635, 11.2565942 ], [ 37.8311259, 11.2563075 ], [ 37.8316811, 11.2558603 ], [ 37.8321156, 11.2554894 ], [ 37.832644, 11.2551579 ], [ 37.8333279, 11.2547791 ], [ 37.8342667, 11.2543911 ], [ 37.8347361, 11.2541675 ], [ 37.8350633, 11.2539268 ], [ 37.8353959, 11.2536137 ], [ 37.835632, 11.2532191 ], [ 37.8357661, 11.2528403 ], [ 37.8358573, 11.2522589 ], [ 37.8360638, 11.2516197 ], [ 37.8363508, 11.2511751 ], [ 37.8367612, 11.2503596 ], [ 37.837303, 11.2496783 ], [ 37.8377375, 11.2491495 ], [ 37.8381881, 11.2486839 ], [ 37.8385368, 11.2483287 ], [ 37.8389016, 11.2479183 ], [ 37.8393656, 11.2475316 ], [ 37.8398994, 11.2472028 ], [ 37.8405002, 11.2469424 ], [ 37.8408247, 11.2467871 ], [ 37.8411828, 11.2466911 ], [ 37.8415006, 11.2466872 ], [ 37.8418842, 11.2467372 ], [ 37.8422758, 11.2468345 ], [ 37.8427291, 11.2468818 ], [ 37.8429987, 11.2468726 ], [ 37.8433111, 11.2467898 ], [ 37.8435981, 11.2466227 ], [ 37.8441024, 11.2461189 ], [ 37.8445423, 11.2457454 ], [ 37.8451243, 11.2453403 ], [ 37.8461516, 11.2447615 ], [ 37.8468436, 11.2444353 ], [ 37.8477287, 11.2440617 ], [ 37.8482893, 11.2438697 ], [ 37.8494561, 11.243383 ], [ 37.8502232, 11.2430884 ], [ 37.8510359, 11.242799 ], [ 37.8516045, 11.2425938 ], [ 37.8520042, 11.2424807 ], [ 37.8523475, 11.2423412 ], [ 37.8526559, 11.2421176 ], [ 37.8530288, 11.2417125 ], [ 37.8533292, 11.2413073 ], [ 37.8536725, 11.2408259 ], [ 37.8540842, 11.2403103 ], [ 37.8544611, 11.2398788 ], [ 37.8549546, 11.2394027 ], [ 37.855306, 11.2391093 ], [ 37.8557566, 11.2387594 ], [ 37.8562474, 11.2385661 ], [ 37.8569958, 11.2383977 ], [ 37.8574946, 11.2381899 ], [ 37.8579801, 11.2379137 ], [ 37.8584602, 11.2376216 ], [ 37.8589055, 11.2372507 ], [ 37.8592005, 11.2368798 ], [ 37.8592917, 11.2364562 ], [ 37.8593346, 11.2359695 ], [ 37.8594312, 11.2355591 ], [ 37.8596149, 11.2351987 ], [ 37.859792, 11.234979 ], [ 37.8600065, 11.2347212 ], [ 37.8605282, 11.2345673 ], [ 37.8611612, 11.2342832 ], [ 37.8615475, 11.2341174 ], [ 37.8620249, 11.2339885 ], [ 37.8628349, 11.233778 ], [ 37.8633767, 11.2336596 ], [ 37.8639615, 11.2334965 ], [ 37.8645623, 11.2333703 ], [ 37.8651524, 11.2332834 ], [ 37.8657022, 11.2332019 ], [ 37.8660911, 11.2330388 ], [ 37.8663754, 11.2327047 ], [ 37.8665525, 11.2324205 ], [ 37.8666329, 11.2319996 ], [ 37.8665981, 11.2314971 ], [ 37.8664371, 11.2308789 ], [ 37.8664264, 11.2304027 ], [ 37.8664747, 11.2296713 ], [ 37.8665256, 11.2287663 ], [ 37.8666759, 11.2282296 ], [ 37.8671211, 11.2275903 ], [ 37.8676522, 11.2272641 ], [ 37.8681377, 11.2269457 ], [ 37.8683603, 11.2266326 ], [ 37.8688136, 11.225946 ], [ 37.8690952, 11.2254803 ], [ 37.8693724, 11.2247174 ], [ 37.8693849, 11.2246831 ], [ 37.869433, 11.2243175 ], [ 37.8694493, 11.2241938 ] ], [ [ 37.6879545, 11.3750567 ], [ 37.6881239, 11.3741085 ], [ 37.6882553, 11.3736299 ], [ 37.6882805, 11.3735567 ] ], [ [ 37.8696236, 11.2235229 ], [ 37.8698811, 11.2226863 ], [ 37.8702512, 11.2217931 ], [ 37.8704765, 11.221505 ], [ 37.8709097, 11.2213064 ], [ 37.8720349, 11.220942 ], [ 37.8727323, 11.2204579 ], [ 37.873258, 11.2200054 ], [ 37.8737086, 11.2197318 ], [ 37.8744113, 11.2194608 ], [ 37.8749558, 11.2191556 ], [ 37.8753984, 11.2187899 ], [ 37.8756639, 11.2183847 ], [ 37.8759, 11.2181427 ], [ 37.8762406, 11.2178348 ], [ 37.8767315, 11.2175823 ], [ 37.8772196, 11.2173876 ], [ 37.8781959, 11.2171508 ], [ 37.8790677, 11.2169666 ], [ 37.8795612, 11.216814 ], [ 37.8801191, 11.216643 ], [ 37.8808245, 11.2165325 ], [ 37.8815809, 11.2164851 ], [ 37.8826672, 11.216522 ], [ 37.8844267, 11.2165956 ], [ 37.8851804, 11.2166404 ], [ 37.8863069, 11.2166772 ], [ 37.887361, 11.2166088 ], [ 37.8883132, 11.2165483 ], [ 37.8902042, 11.2164641 ], [ 37.8912932, 11.2162799 ], [ 37.892527, 11.2160326 ], [ 37.8934872, 11.2157748 ], [ 37.8942275, 11.2156011 ], [ 37.8953889, 11.2154117 ], [ 37.8967649, 11.2151118 ], [ 37.8984091, 11.2145856 ], [ 37.8998306, 11.214041 ], [ 37.9005522, 11.213912 ], [ 37.9013756, 11.2137568 ], [ 37.9021588, 11.2136595 ], [ 37.9032639, 11.2133806 ], [ 37.9039451, 11.2131543 ], [ 37.9049778, 11.2128886 ], [ 37.9057503, 11.2126807 ], [ 37.9068151, 11.2123308 ], [ 37.9068425, 11.212317 ], [ 37.9082608, 11.2116046 ], [ 37.9090172, 11.2112968 ], [ 37.9096743, 11.2111521 ], [ 37.910479, 11.2111626 ], [ 37.9112461, 11.2112784 ], [ 37.9124343, 11.2116994 ], [ 37.9132014, 11.2121545 ], [ 37.9144433, 11.212928 ], [ 37.9150066, 11.213299 ], [ 37.915661, 11.2135647 ], [ 37.9162645, 11.21367 ], [ 37.917037, 11.2136226 ], [ 37.9179409, 11.2134753 ], [ 37.9190567, 11.213199 ], [ 37.9197648, 11.2130438 ], [ 37.9205936, 11.2129307 ], [ 37.9214412, 11.2126912 ], [ 37.922608, 11.2122071 ], [ 37.9237264, 11.2116362 ], [ 37.9246035, 11.2113415 ], [ 37.9252338, 11.2111074 ], [ 37.9259902, 11.2108522 ], [ 37.9268593, 11.2105233 ], [ 37.9276746, 11.2101549 ], [ 37.9288763, 11.2096261 ], [ 37.9300511, 11.2090105 ], [ 37.9308665, 11.20845 ], [ 37.9313412, 11.2078502 ], [ 37.9315638, 11.2071187 ], [ 37.932052, 11.2054348 ], [ 37.9323631, 11.2049454 ], [ 37.9327172, 11.2044929 ], [ 37.9331946, 11.2043982 ], [ 37.9337794, 11.2045245 ], [ 37.9346189, 11.2045639 ], [ 37.9350829, 11.2044324 ], [ 37.9352626, 11.2040482 ], [ 37.9354799, 11.2026538 ], [ 37.9358742, 11.2019407 ], [ 37.9363918, 11.2013303 ], [ 37.9369068, 11.2010777 ], [ 37.9374325, 11.2010725 ], [ 37.9392967, 11.2012145 ], [ 37.9408845, 11.2013514 ], [ 37.941421, 11.2012724 ], [ 37.9419172, 11.2011251 ], [ 37.9424992, 11.200812 ], [ 37.9430544, 11.2004042 ], [ 37.9439503, 11.1998411 ], [ 37.9444183, 11.1995083 ], [ 37.9446745, 11.1991649 ], [ 37.9450607, 11.1985597 ], [ 37.9456562, 11.1977336 ], [ 37.9458225, 11.1973152 ], [ 37.9457313, 11.1967969 ], [ 37.945455, 11.1959707 ], [ 37.9454765, 11.1955918 ], [ 37.9455999, 11.194863 ], [ 37.945801, 11.1941473 ], [ 37.9461497, 11.1936211 ], [ 37.946772, 11.1930896 ], [ 37.9479575, 11.1928317 ], [ 37.9490519, 11.1927107 ], [ 37.9500443, 11.1927712 ], [ 37.9510072, 11.1926528 ], [ 37.9515436, 11.1925002 ], [ 37.9519674, 11.1923528 ], [ 37.952477, 11.1923633 ], [ 37.9532093, 11.1926528 ], [ 37.9539898, 11.1931027 ], [ 37.9548401, 11.1936816 ], [ 37.9555455, 11.1942104 ], [ 37.9561812, 11.1947393 ], [ 37.9571736, 11.1955418 ], [ 37.9586381, 11.1963496 ], [ 37.9602796, 11.1969153 ], [ 37.9615429, 11.1974994 ], [ 37.9625729, 11.1980861 ], [ 37.9636967, 11.1986808 ], [ 37.9649144, 11.199157 ], [ 37.9657915, 11.1992938 ], [ 37.9666552, 11.1991281 ], [ 37.9673016, 11.1988755 ], [ 37.9685301, 11.1988702 ], [ 37.9699865, 11.1992386 ], [ 37.9713115, 11.1999727 ], [ 37.9722664, 11.2003857 ], [ 37.9734358, 11.2007304 ], [ 37.9745221, 11.2009199 ], [ 37.976582, 11.2013408 ], [ 37.9793018, 11.2017434 ], [ 37.9802781, 11.2018829 ], [ 37.983757, 11.2023459 ], [ 37.9865974, 11.2023933 ], [ 37.9883087, 11.2023196 ], [ 37.9902935, 11.2020355 ], [ 37.9912591, 11.2017723 ], [ 37.9920262, 11.2015408 ], [ 37.9924554, 11.2014908 ], [ 37.9929569, 11.2014697 ], [ 37.9939091, 11.201404 ], [ 37.9945824, 11.2013619 ], [ 37.9951, 11.2012856 ], [ 37.9953629, 11.2011685 ], [ 37.9956499, 11.2009488 ], [ 37.9958993, 11.2006475 ], [ 37.9960641, 11.2005061 ], [ 37.996189, 11.2004305 ], [ 37.9966584, 11.200241 ], [ 37.9971814, 11.2001463 ], [ 37.9977205, 11.2000779 ], [ 37.9983991, 11.1999595 ], [ 37.9990026, 11.19987 ], [ 37.9996061, 11.1996911 ], [ 38.0000165, 11.1995727 ], [ 38.0003196, 11.1994543 ], [ 38.0005516, 11.1992096 ], [ 38.0006656, 11.1990386 ], [ 38.0007997, 11.1988321 ], [ 38.0013442, 11.1982308 ], [ 38.0017251, 11.1977204 ], [ 38.0020899, 11.19701 ], [ 38.0024654, 11.196389 ], [ 38.0029401, 11.1957128 ], [ 38.0032754, 11.1953155 ], [ 38.0035382, 11.1949235 ], [ 38.0036965, 11.1944762 ], [ 38.0039661, 11.1937789 ], [ 38.0041337, 11.1931369 ], [ 38.0045897, 11.1917134 ], [ 38.0049223, 11.1908478 ], [ 38.0051127, 11.1903084 ], [ 38.0053568, 11.1895322 ], [ 38.0055445, 11.1886165 ], [ 38.0056894, 11.1874009 ], [ 38.005912, 11.1867062 ], [ 38.0060434, 11.1862142 ], [ 38.0060944, 11.1859721 ], [ 38.006148, 11.1856669 ], [ 38.0061829, 11.1851327 ], [ 38.0062661, 11.1845512 ], [ 38.0063519, 11.1841434 ], [ 38.0066335, 11.1835882 ], [ 38.0067703, 11.1833619 ], [ 38.0070305, 11.1830382 ], [ 38.0072504, 11.1826699 ], [ 38.0073899, 11.1822304 ], [ 38.007575, 11.1817568 ], [ 38.0077372, 11.1813108 ], [ 38.0078915, 11.1810845 ], [ 38.0081865, 11.1809621 ], [ 38.0085433, 11.1809858 ], [ 38.0088088, 11.1809464 ], [ 38.0091011, 11.1807885 ], [ 38.0094713, 11.1803675 ], [ 38.0100158, 11.1797149 ], [ 38.0106997, 11.1789913 ], [ 38.0115259, 11.1782493 ], [ 38.0119926, 11.1778809 ], [ 38.0124459, 11.1776256 ], [ 38.0130333, 11.1774572 ], [ 38.0139989, 11.1771204 ], [ 38.0145326, 11.1769967 ], [ 38.0152729, 11.1766047 ], [ 38.0157852, 11.1762468 ], [ 38.0161983, 11.1758732 ], [ 38.0166757, 11.1755153 ], [ 38.017416, 11.1750338 ], [ 38.0179229, 11.1747654 ], [ 38.0189127, 11.1741338 ], [ 38.0195054, 11.1737181 ], [ 38.0199963, 11.1735102 ], [ 38.0206507, 11.1733181 ], [ 38.0213883, 11.1730787 ], [ 38.0221555, 11.1727392 ], [ 38.0227375, 11.1725813 ], [ 38.0230728, 11.1724577 ], [ 38.023278, 11.1724432 ], [ 38.0236092, 11.1725142 ], [ 38.0240545, 11.1726668 ], [ 38.0244045, 11.1727234 ], [ 38.0247813, 11.1727603 ], [ 38.0254492, 11.172605 ], [ 38.0261841, 11.1723787 ], [ 38.0270076, 11.1721314 ], [ 38.0277854, 11.1719709 ], [ 38.0285016, 11.1718156 ], [ 38.029148, 11.1716288 ], [ 38.0295503, 11.1714525 ], [ 38.0299902, 11.171263 ], [ 38.0304971, 11.1711867 ], [ 38.0308485, 11.1713525 ], [ 38.0311677, 11.1716367 ], [ 38.0314171, 11.1718814 ], [ 38.0316344, 11.171984 ], [ 38.0318382, 11.1720472 ], [ 38.0322647, 11.1720366 ], [ 38.0330586, 11.1720419 ], [ 38.0339545, 11.1721498 ], [ 38.0346546, 11.1723708 ], [ 38.0350757, 11.1725366 ], [ 38.035537, 11.1726471 ], [ 38.0362183, 11.1727287 ], [ 38.0373931, 11.1730655 ], [ 38.0379242, 11.1732708 ], [ 38.0386376, 11.1733181 ], [ 38.0391633, 11.1732287 ], [ 38.039673, 11.173076 ], [ 38.0404508, 11.172976 ], [ 38.0411857, 11.1729603 ], [ 38.0419636, 11.1730076 ], [ 38.0425537, 11.1730655 ], [ 38.0429935, 11.1730655 ], [ 38.0434334, 11.1729866 ], [ 38.0439538, 11.1727603 ], [ 38.0446511, 11.1724656 ], [ 38.0454907, 11.1721208 ], [ 38.0459923, 11.171913 ], [ 38.0465502, 11.1717446 ], [ 38.0470678, 11.1717472 ], [ 38.047556, 11.1718551 ], [ 38.0478913, 11.1719314 ], [ 38.0482373, 11.1719077 ], [ 38.0485323, 11.1718367 ], [ 38.0488583, 11.171572 ], [ 38.0492082, 11.1712972 ], [ 38.0497286, 11.1708696 ], [ 38.0498359, 11.170842 ], [ 38.0499941, 11.1708209 ], [ 38.0502851, 11.1708683 ], [ 38.0506231, 11.1709762 ], [ 38.0513124, 11.1710025 ], [ 38.0524188, 11.1709446 ], [ 38.0530947, 11.1708051 ], [ 38.0534005, 11.1706552 ], [ 38.0536285, 11.1705788 ], [ 38.0539799, 11.1706499 ], [ 38.0543245, 11.1707604 ], [ 38.05457, 11.1709236 ], [ 38.0548516, 11.1709999 ], [ 38.0552512, 11.170963 ], [ 38.0554283, 11.1709209 ], [ 38.0558735, 11.170842 ], [ 38.0564368, 11.1707788 ], [ 38.0568793, 11.1706473 ], [ 38.0573729, 11.1704157 ], [ 38.0581373, 11.1699947 ], [ 38.0584592, 11.1697263 ], [ 38.0587274, 11.1695105 ], [ 38.0589285, 11.1693763 ], [ 38.059237, 11.1692658 ], [ 38.0597091, 11.1691789 ], [ 38.0605325, 11.1690842 ], [ 38.0612165, 11.1689211 ], [ 38.0617905, 11.1687132 ], [ 38.0619729, 11.168629 ], [ 38.0621526, 11.1684948 ], [ 38.0624101, 11.1682132 ], [ 38.0626756, 11.1678396 ], [ 38.0631316, 11.1673817 ], [ 38.0635554, 11.1669396 ], [ 38.0638772, 11.1662765 ], [ 38.0640542, 11.1660212 ], [ 38.064234, 11.1659186 ], [ 38.0644485, 11.1658449 ], [ 38.0648804, 11.1656976 ], [ 38.0652317, 11.1654081 ], [ 38.0654758, 11.1650766 ], [ 38.0659452, 11.1642713 ], [ 38.0660257, 11.1637398 ], [ 38.0661088, 11.1631924 ], [ 38.0661893, 11.1629056 ], [ 38.0663609, 11.1626319 ], [ 38.0665889, 11.1622556 ], [ 38.066884, 11.1619399 ], [ 38.0673319, 11.1613109 ], [ 38.0677396, 11.1609294 ], [ 38.0683176, 11.1604412 ], [ 38.0688688, 11.1600189 ], [ 38.0692336, 11.1598478 ], [ 38.0695394, 11.159782 ], [ 38.070336, 11.1598084 ], [ 38.0706713, 11.1598531 ], [ 38.0709542, 11.1598965 ], [ 38.0711447, 11.1599097 ], [ 38.0718206, 11.1597597 ], [ 38.0727071, 11.1595373 ], [ 38.073729, 11.1592031 ], [ 38.0743888, 11.1589979 ], [ 38.0753088, 11.1586505 ], [ 38.0765426, 11.1582031 ], [ 38.0771139, 11.1579847 ], [ 38.0778301, 11.1578189 ], [ 38.0784497, 11.1577137 ], [ 38.0788976, 11.1576637 ], [ 38.079367, 11.1576742 ], [ 38.0804023, 11.1577663 ], [ 38.0811775, 11.1578347 ], [ 38.0822799, 11.1577979 ], [ 38.0832669, 11.15774 ], [ 38.0840501, 11.1577742 ], [ 38.0846724, 11.1577663 ], [ 38.0848159, 11.1577479 ], [ 38.0849594, 11.1576979 ], [ 38.0850989, 11.1576137 ], [ 38.085292, 11.1574005 ], [ 38.0855226, 11.1572295 ], [ 38.0857775, 11.1571347 ], [ 38.0859464, 11.1571216 ], [ 38.0861717, 11.1571374 ], [ 38.0864587, 11.1572032 ], [ 38.086853, 11.1573558 ], [ 38.0873734, 11.1576689 ], [ 38.0879474, 11.1578874 ], [ 38.088516, 11.158111 ], [ 38.0889478, 11.1582058 ], [ 38.0891061, 11.158211 ], [ 38.0892536, 11.1581768 ], [ 38.089444, 11.1580952 ], [ 38.0897444, 11.1579637 ], [ 38.0900636, 11.1579005 ], [ 38.0905572, 11.1578531 ], [ 38.0913994, 11.1577874 ], [ 38.092137, 11.1578189 ], [ 38.09255, 11.1578742 ], [ 38.0928451, 11.157861 ], [ 38.0931737, 11.1577953 ], [ 38.093297, 11.1576926 ], [ 38.0933386, 11.1576084 ], [ 38.0933601, 11.1574821 ], [ 38.0933734, 11.1572071 ], [ 38.0933882, 11.1571308 ], [ 38.0934257, 11.1570637 ], [ 38.0934955, 11.1569992 ], [ 38.093576, 11.1569453 ], [ 38.0944813, 11.1567532 ], [ 38.0956963, 11.1566663 ], [ 38.0966002, 11.1564743 ], [ 38.0971071, 11.1563217 ], [ 38.0980432, 11.1560348 ], [ 38.0987808, 11.15589 ], [ 38.0996954, 11.1557848 ], [ 38.1005752, 11.155769 ], [ 38.1020075, 11.1557874 ], [ 38.1032252, 11.1558506 ], [ 38.1042713, 11.1559006 ], [ 38.1048828, 11.1559742 ], [ 38.1056285, 11.1562637 ], [ 38.1061757, 11.1566111 ], [ 38.1070796, 11.1572584 ], [ 38.1074551, 11.1575584 ], [ 38.1077126, 11.1576742 ], [ 38.1081283, 11.1576795 ], [ 38.1090671, 11.1575505 ], [ 38.1101051, 11.1572716 ], [ 38.1107166, 11.1569058 ], [ 38.1111297, 11.1564558 ], [ 38.1117412, 11.1560295 ], [ 38.1129053, 11.1556453 ], [ 38.1144449, 11.1553716 ], [ 38.1159469, 11.1555321 ], [ 38.1173605, 11.1559242 ], [ 38.1179613, 11.1561479 ], [ 38.1186774, 11.1565084 ], [ 38.1193385, 11.1565809 ], [ 38.1198969, 11.1568276 ], [ 38.120496, 11.1572242 ], [ 38.121247, 11.1576347 ], [ 38.1215957, 11.1578084 ], [ 38.1220946, 11.1579321 ], [ 38.1227168, 11.1580663 ], [ 38.123323, 11.1580321 ], [ 38.1242323, 11.1579216 ], [ 38.1251174, 11.1576453 ], [ 38.1257585, 11.1574558 ], [ 38.1265739, 11.1574058 ], [ 38.1280357, 11.1575453 ], [ 38.129366, 11.1579558 ], [ 38.1299293, 11.1581637 ], [ 38.1303075, 11.158361 ], [ 38.1305543, 11.1584373 ], [ 38.1308949, 11.1584768 ], [ 38.1315601, 11.1585426 ], [ 38.132523, 11.1585873 ], [ 38.1332847, 11.1586978 ], [ 38.1338051, 11.1587241 ], [ 38.1340947, 11.158761 ], [ 38.1343281, 11.1587742 ], [ 38.1346419, 11.158861 ], [ 38.1348484, 11.1589715 ], [ 38.1352804, 11.1593084 ], [ 38.1354412, 11.1595689 ], [ 38.135731, 11.1599321 ], [ 38.1360662, 11.160261 ], [ 38.1365087, 11.1607425 ], [ 38.1368279, 11.1610873 ], [ 38.1370828, 11.1613662 ], [ 38.1376004, 11.1616688 ], [ 38.1383622, 11.1620425 ], [ 38.1391132, 11.1623188 ], [ 38.139883, 11.1625188 ], [ 38.1407708, 11.1626135 ], [ 38.1417873, 11.1624635 ], [ 38.142997, 11.1620293 ], [ 38.1439894, 11.1614583 ], [ 38.1444749, 11.161282 ], [ 38.1449389, 11.1612188 ], [ 38.1451857, 11.1612162 ], [ 38.1455317, 11.1610899 ], [ 38.1457704, 11.1608557 ], [ 38.1460762, 11.1607215 ], [ 38.1463444, 11.1606373 ], [ 38.1477901, 11.1605689 ], [ 38.1492493, 11.1606215 ], [ 38.1502148, 11.160582 ], [ 38.1507325, 11.1605873 ], [ 38.1511509, 11.160682 ], [ 38.1514809, 11.1608504 ], [ 38.1519476, 11.1612109 ], [ 38.1523445, 11.1614425 ], [ 38.1526315, 11.1615583 ], [ 38.1531036, 11.1616293 ], [ 38.1537259, 11.1616109 ], [ 38.1545359, 11.1616004 ], [ 38.1554049, 11.1615636 ], [ 38.1561828, 11.1614583 ], [ 38.1568158, 11.161303 ], [ 38.1573307, 11.1609057 ], [ 38.1576392, 11.1604452 ], [ 38.1577304, 11.1600899 ], [ 38.1579021, 11.159782 ], [ 38.1581971, 11.1595978 ], [ 38.1588435, 11.1590847 ], [ 38.1595623, 11.1583347 ], [ 38.1600746, 11.15784 ], [ 38.1606835, 11.1572242 ], [ 38.1609893, 11.1568953 ], [ 38.1612843, 11.156319 ], [ 38.1617376, 11.1554979 ], [ 38.1622285, 11.1544348 ], [ 38.1624672, 11.1539059 ], [ 38.1625771, 11.1535638 ], [ 38.1626335, 11.153298 ], [ 38.1627542, 11.1530953 ], [ 38.1629312, 11.1528717 ], [ 38.1632021, 11.152469 ], [ 38.1636366, 11.1520638 ], [ 38.1641087, 11.1516296 ], [ 38.1646371, 11.1513269 ], [ 38.1651199, 11.1510927 ], [ 38.1657529, 11.150848 ], [ 38.1663644, 11.150669 ], [ 38.1672066, 11.1504401 ], [ 38.168022, 11.1501769 ], [ 38.1684539, 11.149969 ], [ 38.1690386, 11.1496243 ], [ 38.1697145, 11.1492796 ], [ 38.1702456, 11.1489769 ], [ 38.1707472, 11.1485559 ], [ 38.1710342, 11.148169 ], [ 38.17123, 11.1477901 ], [ 38.1714499, 11.1473506 ], [ 38.1716323, 11.1471664 ], [ 38.1719702, 11.1470243 ], [ 38.1724262, 11.1468295 ], [ 38.1728259, 11.1464216 ], [ 38.1731826, 11.1462269 ], [ 38.1735152, 11.1460795 ], [ 38.1739832, 11.1458848 ], [ 38.1745049, 11.1455585 ], [ 38.1750226, 11.1452085 ], [ 38.1757736, 11.1448164 ], [ 38.1760405, 11.1446795 ], [ 38.1762363, 11.1445979 ], [ 38.1764951, 11.1444413 ], [ 38.1769766, 11.1440769 ], [ 38.1773937, 11.1437348 ], [ 38.1777732, 11.1433597 ], [ 38.178197, 11.14294 ], [ 38.1788984, 11.1421874 ], [ 38.1791773, 11.1419137 ], [ 38.1794375, 11.1417005 ], [ 38.1798144, 11.1414702 ], [ 38.1800196, 11.1413505 ], [ 38.1803012, 11.1413176 ], [ 38.1808725, 11.1413742 ], [ 38.1816289, 11.1414242 ], [ 38.1821251, 11.1414531 ], [ 38.1827433, 11.1414992 ], [ 38.1832181, 11.1415808 ], [ 38.1835547, 11.1417492 ], [ 38.1838511, 11.1418597 ], [ 38.184244, 11.141915 ], [ 38.1848516, 11.1419689 ], [ 38.1854108, 11.1420795 ], [ 38.1859606, 11.1422821 ], [ 38.1863952, 11.142461 ], [ 38.1868726, 11.1425953 ], [ 38.1876209, 11.1427479 ], [ 38.1884122, 11.1428137 ], [ 38.189359, 11.1427216 ], [ 38.1900161, 11.1425531 ], [ 38.1905311, 11.1422979 ], [ 38.1910917, 11.1418005 ], [ 38.1913197, 11.14159 ], [ 38.1918588, 11.1413373 ], [ 38.1926554, 11.1411636 ], [ 38.1936639, 11.1409557 ], [ 38.1946617, 11.1407242 ], [ 38.1958017, 11.1405136 ], [ 38.1966466, 11.1404899 ], [ 38.1973681, 11.1404241 ], [ 38.1978402, 11.1403531 ], [ 38.1988326, 11.1401662 ], [ 38.1994253, 11.1400136 ], [ 38.1997365, 11.1398004 ], [ 38.1999215, 11.1395557 ], [ 38.2002139, 11.1394452 ], [ 38.2011366, 11.1394399 ], [ 38.2018769, 11.1394873 ], [ 38.202821, 11.1396346 ], [ 38.2046127, 11.1399557 ], [ 38.2063991, 11.140182 ], [ 38.2077938, 11.1404978 ], [ 38.2088989, 11.1409453 ], [ 38.2094461, 11.1412189 ], [ 38.2099611, 11.1416294 ], [ 38.2108623, 11.1420558 ], [ 38.2117367, 11.1423295 ], [ 38.2125521, 11.1425032 ], [ 38.2129812, 11.1425084 ], [ 38.2135713, 11.1424347 ], [ 38.2141212, 11.1423571 ], [ 38.2145503, 11.1424387 ], [ 38.2150546, 11.1425676 ], [ 38.215414, 11.1427663 ], [ 38.2161087, 11.143169 ], [ 38.2167739, 11.1434821 ], [ 38.2176858, 11.1439558 ], [ 38.2188955, 11.1448216 ], [ 38.2197082, 11.1454927 ], [ 38.2204431, 11.1462243 ], [ 38.2213819, 11.146948 ], [ 38.2222724, 11.1474664 ], [ 38.2228035, 11.1476848 ], [ 38.2235143, 11.148048 ], [ 38.2245254, 11.1485085 ], [ 38.2249358, 11.148648 ], [ 38.225424, 11.1487664 ], [ 38.2258183, 11.148877 ], [ 38.2261563, 11.1489638 ], [ 38.2266176, 11.1491559 ], [ 38.2269421, 11.1493611 ], [ 38.2272667, 11.1495717 ], [ 38.2282403, 11.1502006 ], [ 38.2292327, 11.1508506 ], [ 38.2298711, 11.1513269 ], [ 38.2302144, 11.1517059 ], [ 38.2304585, 11.152019 ], [ 38.2307643, 11.1522638 ], [ 38.2312444, 11.1524822 ], [ 38.2321268, 11.1528638 ], [ 38.2331246, 11.1530848 ], [ 38.2342753, 11.1533164 ], [ 38.2354823, 11.15349 ], [ 38.2360885, 11.1535848 ], [ 38.2367041, 11.1537295 ], [ 38.2373893, 11.1540006 ], [ 38.2377863, 11.1541453 ], [ 38.2381886, 11.1542769 ], [ 38.2384716, 11.1544308 ], [ 38.2385842, 11.1545137 ], [ 38.2386801, 11.1545262 ], [ 38.2388391, 11.1544808 ], [ 38.2389638, 11.1543637 ], [ 38.239106, 11.1541703 ], [ 38.2392736, 11.1540295 ], [ 38.2394224, 11.1539809 ], [ 38.239574, 11.1539887 ], [ 38.2399857, 11.154094 ], [ 38.2406898, 11.1543492 ], [ 38.2409285, 11.1544493 ], [ 38.2410962, 11.1545559 ], [ 38.2412839, 11.1546492 ], [ 38.2414569, 11.154694 ], [ 38.2416031, 11.154698 ], [ 38.2422226, 11.1546848 ], [ 38.242794, 11.1546005 ], [ 38.2434511, 11.1545216 ], [ 38.2440627, 11.154498 ], [ 38.244972, 11.1543927 ], [ 38.2464632, 11.1540059 ], [ 38.2475093, 11.1535243 ], [ 38.2481879, 11.1532611 ], [ 38.2488289, 11.1530796 ], [ 38.2495907, 11.1529427 ], [ 38.2502317, 11.1528638 ], [ 38.2509854, 11.1525874 ], [ 38.2522944, 11.1518743 ], [ 38.2542551, 11.1506559 ], [ 38.2549417, 11.1501796 ], [ 38.2559851, 11.1494401 ], [ 38.2567897, 11.1489822 ], [ 38.257239, 11.1486756 ], [ 38.2577553, 11.1482098 ], [ 38.2578894, 11.1481269 ], [ 38.25867, 11.1478348 ], [ 38.2599547, 11.1473796 ], [ 38.2611617, 11.1470269 ], [ 38.2620469, 11.146648 ], [ 38.2632887, 11.1461138 ], [ 38.2641309, 11.1456769 ], [ 38.2647103, 11.1455506 ], [ 38.2653862, 11.1454716 ], [ 38.2661802, 11.1453085 ], [ 38.2669848, 11.14504 ], [ 38.2680041, 11.1447506 ], [ 38.2686853, 11.1446453 ], [ 38.2693988, 11.1447243 ], [ 38.2698709, 11.144719 ], [ 38.2703429, 11.1446032 ], [ 38.2711852, 11.1443716 ], [ 38.271668, 11.1442137 ], [ 38.2724458, 11.1439927 ], [ 38.2728696, 11.1438506 ], [ 38.273465, 11.1437453 ], [ 38.2740793, 11.1437584 ], [ 38.2748303, 11.1438084 ], [ 38.2752514, 11.1438795 ], [ 38.2756859, 11.1440032 ], [ 38.2761124, 11.1442085 ], [ 38.2765362, 11.1442558 ], [ 38.2771155, 11.1442374 ], [ 38.2775474, 11.1442374 ], [ 38.2781401, 11.1442979 ], [ 38.2785934, 11.1443111 ], [ 38.2792559, 11.1443611 ], [ 38.2798246, 11.1445848 ], [ 38.2802993, 11.1448716 ], [ 38.2810664, 11.1453927 ], [ 38.2818443, 11.1461506 ], [ 38.2825845, 11.1468559 ], [ 38.2836521, 11.1478085 ], [ 38.2844245, 11.1484296 ], [ 38.2850951, 11.1491348 ], [ 38.2859641, 11.1501296 ], [ 38.2865918, 11.1506769 ], [ 38.2872328, 11.1512454 ], [ 38.2881689, 11.1516664 ], [ 38.2890138, 11.151869 ], [ 38.289561, 11.1519638 ], [ 38.2910335, 11.1522032 ], [ 38.29238, 11.1522664 ], [ 38.2937103, 11.1523085 ], [ 38.2946813, 11.152298 ], [ 38.2953572, 11.1520927 ], [ 38.2957971, 11.1517717 ], [ 38.2965052, 11.1512348 ], [ 38.2974547, 11.1507769 ], [ 38.2982647, 11.1503822 ], [ 38.2991981, 11.1498769 ], [ 38.2998794, 11.1493296 ], [ 38.300212, 11.1490769 ], [ 38.3006304, 11.1486085 ], [ 38.3013117, 11.1477296 ], [ 38.3019501, 11.1470506 ], [ 38.3028299, 11.1463506 ], [ 38.3035406, 11.1457374 ], [ 38.3045143, 11.1450506 ], [ 38.3051419, 11.1446295 ], [ 38.3055872, 11.1444242 ], [ 38.3058715, 11.1442664 ], [ 38.3062255, 11.1439111 ], [ 38.3068639, 11.1432663 ], [ 38.3076927, 11.1423953 ], [ 38.3085671, 11.1414031 ], [ 38.3090204, 11.1409215 ], [ 38.3101791, 11.1395873 ], [ 38.3107746, 11.1390399 ], [ 38.311826, 11.1383872 ], [ 38.3127111, 11.1379293 ], [ 38.3138484, 11.137403 ], [ 38.3146262, 11.1369924 ], [ 38.3155918, 11.1363713 ], [ 38.31608, 11.1359082 ], [ 38.3170724, 11.1353766 ], [ 38.3180004, 11.1348502 ], [ 38.3193576, 11.1342344 ], [ 38.320393, 11.1337344 ], [ 38.3216375, 11.1331291 ], [ 38.3227962, 11.1324343 ], [ 38.3236653, 11.1316816 ], [ 38.3244216, 11.1312079 ], [ 38.3256179, 11.1305763 ], [ 38.3263823, 11.1302473 ], [ 38.3271401, 11.1297012 ], [ 38.3277717, 11.129267 ], [ 38.3284248, 11.1290999 ], [ 38.3289184, 11.1289709 ], [ 38.3293529, 11.1287406 ], [ 38.3297861, 11.1282156 ], [ 38.330006, 11.1277655 ], [ 38.3305719, 11.1272023 ], [ 38.3310816, 11.1267365 ], [ 38.3313498, 11.1264957 ], [ 38.3316676, 11.1263378 ], [ 38.3319922, 11.1262588 ], [ 38.3322041, 11.1262036 ], [ 38.3323784, 11.1261036 ], [ 38.3328438, 11.1256759 ], [ 38.3335599, 11.1249153 ], [ 38.334091, 11.1242942 ], [ 38.334665, 11.1236599 ], [ 38.3350566, 11.1230809 ], [ 38.3353275, 11.1226046 ], [ 38.3356306, 11.1222019 ], [ 38.3360651, 11.1217019 ], [ 38.3364031, 11.1212255 ], [ 38.3367088, 11.1207386 ], [ 38.3369395, 11.1202754 ], [ 38.3371085, 11.1197385 ], [ 38.3372158, 11.1192885 ], [ 38.3374491, 11.1189279 ], [ 38.3376637, 11.1188095 ], [ 38.3378407, 11.1187305 ], [ 38.3379963, 11.1185831 ], [ 38.3381599, 11.1183805 ], [ 38.3384228, 11.1179304 ], [ 38.338518, 11.1177449 ], [ 38.3388184, 11.1171474 ], [ 38.3391899, 11.1164802 ], [ 38.3392328, 11.1162092 ], [ 38.3392167, 11.1160249 ], [ 38.3390692, 11.1159223 ], [ 38.3389431, 11.1158354 ], [ 38.3388036, 11.1157196 ], [ 38.3387205, 11.1155591 ], [ 38.3387446, 11.1153038 ], [ 38.3390799, 11.1148695 ], [ 38.3395091, 11.11428 ], [ 38.3400482, 11.1134746 ], [ 38.3406544, 11.1126745 ], [ 38.3411747, 11.1121587 ], [ 38.3418775, 11.1114375 ], [ 38.3429235, 11.1104163 ], [ 38.3435726, 11.1098952 ], [ 38.3444792, 11.1092425 ], [ 38.3449352, 11.1089793 ], [ 38.3451819, 11.1089214 ], [ 38.3455735, 11.1089582 ], [ 38.3467993, 11.1091214 ], [ 38.3472097, 11.1091635 ], [ 38.3476469, 11.1091293 ], [ 38.3485481, 11.1090293 ], [ 38.3491543, 11.1089477 ], [ 38.3496585, 11.1088266 ], [ 38.3505222, 11.108574 ], [ 38.3513698, 11.1084187 ], [ 38.3519304, 11.1083581 ], [ 38.352271, 11.108316 ], [ 38.3525124, 11.1082766 ], [ 38.3528678, 11.1080818 ], [ 38.3530086, 11.1079897 ], [ 38.3532755, 11.1079291 ], [ 38.3535732, 11.1080028 ], [ 38.3541888, 11.1082213 ], [ 38.3546394, 11.1085845 ], [ 38.355031, 11.1087529 ], [ 38.3555192, 11.1089003 ], [ 38.3562434, 11.1088424 ], [ 38.3571714, 11.1088687 ], [ 38.3576167, 11.1088161 ], [ 38.3582067, 11.1086792 ], [ 38.3587217, 11.1084266 ], [ 38.3592796, 11.108166 ], [ 38.3596981, 11.1078923 ], [ 38.3600897, 11.1076765 ], [ 38.3603176, 11.1073869 ], [ 38.3606181, 11.1071395 ], [ 38.3610365, 11.107029 ], [ 38.3618733, 11.1068869 ], [ 38.3630213, 11.1066553 ], [ 38.3639252, 11.1065737 ], [ 38.3649766, 11.1065842 ], [ 38.3661246, 11.1065868 ], [ 38.3669427, 11.1067 ], [ 38.3674845, 11.1067053 ], [ 38.368037, 11.1066763 ], [ 38.3689356, 11.1063789 ], [ 38.369818, 11.1060552 ], [ 38.370966, 11.1056551 ], [ 38.3720711, 11.1051024 ], [ 38.3727201, 11.1045128 ], [ 38.3735624, 11.1039285 ], [ 38.3742625, 11.1033258 ], [ 38.3750886, 11.1026414 ], [ 38.3757376, 11.1021308 ], [ 38.3763626, 11.1017439 ], [ 38.3769125, 11.1014018 ], [ 38.3774328, 11.1010228 ], [ 38.3779049, 11.1008096 ], [ 38.3784601, 11.1005727 ], [ 38.3789054, 11.1003832 ], [ 38.3792487, 11.1002437 ], [ 38.3795276, 11.1000542 ], [ 38.3799997, 11.0996041 ], [ 38.3802947, 11.0991646 ], [ 38.3804503, 11.0985197 ], [ 38.380689, 11.0980907 ], [ 38.3810645, 11.0978959 ], [ 38.3815902, 11.0978196 ], [ 38.3819416, 11.0977327 ], [ 38.3822903, 11.0975222 ], [ 38.3827034, 11.0970853 ], [ 38.3832666, 11.0963588 ], [ 38.383669, 11.0957482 ], [ 38.3841866, 11.0952244 ], [ 38.3852112, 11.0939399 ], [ 38.3857262, 11.0932924 ], [ 38.3862144, 11.0926397 ], [ 38.3868045, 11.0918658 ], [ 38.3869117, 11.0915447 ], [ 38.3869225, 11.0911946 ], [ 38.3869037, 11.0907919 ], [ 38.3868232, 11.090405 ], [ 38.3869144, 11.0901076 ], [ 38.3872712, 11.0895785 ], [ 38.3878049, 11.0888442 ], [ 38.388226, 11.0882046 ], [ 38.3890602, 11.0870754 ], [ 38.3895564, 11.0865121 ], [ 38.3900982, 11.0858593 ], [ 38.3908063, 11.0853066 ], [ 38.3914393, 11.0849486 ], [ 38.3920938, 11.0847591 ], [ 38.3924854, 11.0847591 ], [ 38.3931398, 11.0848907 ], [ 38.3939981, 11.0849907 ], [ 38.394497, 11.084996 ], [ 38.3949852, 11.0848538 ], [ 38.3965033, 11.0839326 ], [ 38.3967018, 11.0836957 ], [ 38.3967876, 11.0834009 ], [ 38.396911, 11.082906 ], [ 38.3970666, 11.0827112 ], [ 38.3973187, 11.082548 ], [ 38.4008914, 11.0816689 ], [ 38.4020877, 11.0813109 ], [ 38.4029245, 11.0810108 ], [ 38.4037507, 11.0807266 ], [ 38.4046572, 11.0803738 ], [ 38.4063014, 11.0797079 ], [ 38.4078062, 11.0793894 ], [ 38.4093082, 11.0790209 ], [ 38.4102738, 11.0788314 ], [ 38.4110141, 11.0786418 ], [ 38.4118777, 11.0784839 ], [ 38.4134495, 11.0783681 ], [ 38.414104, 11.0784023 ], [ 38.4148818, 11.0784681 ], [ 38.4159467, 11.0785234 ], [ 38.4167004, 11.0785813 ], [ 38.4175855, 11.0786366 ], [ 38.4183124, 11.078684 ], [ 38.4195194, 11.0788787 ], [ 38.4199807, 11.0789366 ], [ 38.420839, 11.0788919 ], [ 38.4210911, 11.078913 ], [ 38.4213245, 11.0789735 ], [ 38.4216276, 11.0791235 ], [ 38.4239477, 11.0810924 ], [ 38.4245485, 11.0816268 ], [ 38.425211, 11.0824743 ], [ 38.4253505, 11.0827744 ], [ 38.4254068, 11.0830718 ], [ 38.425439, 11.0837957 ], [ 38.4254792, 11.0839457 ], [ 38.4255865, 11.0840589 ], [ 38.425793, 11.0841668 ], [ 38.4269786, 11.0847749 ], [ 38.4275418, 11.0849907 ], [ 38.4290492, 11.0854171 ], [ 38.434698, 11.0860712 ], [ 38.4350333, 11.086166 ], [ 38.4354141, 11.0863463 ], [ 38.4357145, 11.0864252 ], [ 38.4362563, 11.0864858 ], [ 38.4365568, 11.0864805 ], [ 38.437399, 11.086191 ], [ 38.437686, 11.0859909 ], [ 38.4378737, 11.0856487 ], [ 38.4379327, 11.0848012 ], [ 38.4380239, 11.0841958 ], [ 38.4381902, 11.0838799 ], [ 38.4385309, 11.083493 ], [ 38.4390646, 11.0830797 ], [ 38.4395689, 11.0828152 ], [ 38.4397714, 11.0827797 ], [ 38.4400356, 11.0828178 ], [ 38.4402783, 11.0829784 ], [ 38.4405345, 11.0831113 ], [ 38.4407598, 11.0831324 ], [ 38.4411353, 11.0830534 ], [ 38.4416664, 11.0825533 ], [ 38.442058, 11.0822743 ], [ 38.4428197, 11.0818268 ], [ 38.4431845, 11.0814899 ], [ 38.4435385, 11.0810793 ], [ 38.4441984, 11.0803896 ], [ 38.4451425, 11.0795 ], [ 38.4460974, 11.07751 ], [ 38.4462583, 11.076615 ], [ 38.4460866, 11.07552 ], [ 38.4461215, 11.0751331 ], [ 38.4462234, 11.0749067 ], [ 38.4464219, 11.0747014 ], [ 38.4482887, 11.0735484 ], [ 38.4499007, 11.0723981 ], [ 38.4513491, 11.070724 ], [ 38.4524703, 11.0687024 ], [ 38.4527868, 11.0677205 ], [ 38.4528887, 11.0674652 ], [ 38.4530175, 11.0673178 ], [ 38.4535995, 11.0670967 ], [ 38.4541172, 11.0668177 ], [ 38.4557292, 11.0647881 ], [ 38.4566197, 11.0637273 ], [ 38.4574136, 11.0625059 ], [ 38.4583229, 11.0606948 ], [ 38.4585857, 11.059805 ], [ 38.4589291, 11.0590416 ], [ 38.4598517, 11.0579729 ], [ 38.4609085, 11.056762 ], [ 38.4617883, 11.0561302 ], [ 38.4629631, 11.0553931 ], [ 38.4637678, 11.0543981 ], [ 38.4647387, 11.0529028 ], [ 38.4659779, 11.0509021 ], [ 38.4668255, 11.0497228 ], [ 38.4673512, 11.0490699 ], [ 38.4677106, 11.0487909 ], [ 38.4682471, 11.0486803 ], [ 38.4687191, 11.0481907 ], [ 38.4696794, 11.047543 ], [ 38.4700924, 11.0471746 ], [ 38.4703124, 11.046827 ], [ 38.4705538, 11.0460899 ], [ 38.471058, 11.0440734 ], [ 38.4717393, 11.0431152 ], [ 38.4717822, 11.0424044 ], [ 38.4720504, 11.0415093 ], [ 38.4724688, 11.040867 ], [ 38.4729356, 11.0402194 ], [ 38.4738073, 11.0389583 ], [ 38.4742766, 11.0377606 ], [ 38.4748131, 11.036697 ], [ 38.4752745, 11.0357861 ], [ 38.4760631, 11.0348068 ], [ 38.477211, 11.0337801 ], [ 38.4787452, 11.0326532 ], [ 38.4799093, 11.0318108 ], [ 38.4804994, 11.0314528 ], [ 38.4813953, 11.0307788 ], [ 38.4817707, 11.0303681 ], [ 38.4820765, 11.0298048 ], [ 38.4827042, 11.0285148 ], [ 38.4831816, 11.0270352 ], [ 38.4835464, 11.0255608 ], [ 38.4836749, 11.0247271 ], [ 38.4837127, 11.0244815 ], [ 38.4837985, 11.0232862 ], [ 38.4840078, 11.0219225 ], [ 38.4842169, 11.0212695 ], [ 38.4845871, 11.0207957 ], [ 38.4852201, 11.0203217 ], [ 38.4867274, 11.0196952 ], [ 38.4870627, 11.0194082 ], [ 38.4872451, 11.019058 ], [ 38.487347, 11.0186789 ], [ 38.4877547, 11.0155275 ], [ 38.487913, 11.0121075 ], [ 38.4880901, 11.0106699 ], [ 38.4884173, 11.0094272 ], [ 38.4886962, 11.0087637 ], [ 38.4892487, 11.0075842 ], [ 38.4896887, 11.0064152 ], [ 38.4902144, 11.0052884 ], [ 38.4909225, 11.0033137 ], [ 38.4916734, 11.0009125 ], [ 38.4920275, 10.9999752 ], [ 38.4924835, 10.9990379 ], [ 38.4931219, 10.9980479 ], [ 38.4937066, 10.997337 ], [ 38.4944737, 10.9965681 ], [ 38.4952515, 10.9959836 ], [ 38.4962654, 10.9947514 ], [ 38.4971774, 10.993377 ], [ 38.4978532, 10.9920131 ], [ 38.498277, 10.9903543 ], [ 38.4985292, 10.9887481 ], [ 38.498733, 10.9874211 ], [ 38.4989423, 10.9867259 ], [ 38.4994143, 10.9853094 ], [ 38.4998435, 10.9836242 ], [ 38.5003209, 10.982392 ], [ 38.5006053, 10.9812755 ], [ 38.5007608, 10.97998 ], [ 38.5006803, 10.978674 ], [ 38.5004711, 10.9775734 ], [ 38.500219, 10.9765254 ], [ 38.4994787, 10.9749508 ], [ 38.4986204, 10.9734551 ], [ 38.4978587, 10.9724703 ], [ 38.496893, 10.9716962 ], [ 38.4957558, 10.9706534 ], [ 38.4945327, 10.969974 ], [ 38.4937924, 10.9690419 ], [ 38.49361, 10.9679728 ], [ 38.4939158, 10.9666193 ], [ 38.4944737, 10.9650868 ], [ 38.4954071, 10.9636701 ], [ 38.4965551, 10.9625536 ], [ 38.4981376, 10.9611316 ], [ 38.4990013, 10.9601468 ], [ 38.4996021, 10.9591198 ], [ 38.4998971, 10.9578558 ], [ 38.4999733, 10.9573958 ], [ 38.5001171, 10.9565286 ], [ 38.5007608, 10.9550803 ], [ 38.5019141, 10.9532686 ], [ 38.5023326, 10.952526 ], [ 38.5035288, 10.9497715 ], [ 38.5038185, 10.9489077 ], [ 38.5042691, 10.9463007 ], [ 38.5045212, 10.9448049 ], [ 38.5046393, 10.9439674 ], [ 38.5049343, 10.9429931 ], [ 38.5053259, 10.942419 ], [ 38.5060179, 10.9419134 ], [ 38.5072195, 10.941176 ], [ 38.5082334, 10.9407178 ], [ 38.5101539, 10.9400963 ], [ 38.5109103, 10.9398277 ], [ 38.5117283, 10.93948 ], [ 38.5123372, 10.9389797 ], [ 38.5139143, 10.9367254 ], [ 38.5141665, 10.9361355 ], [ 38.51444, 10.9349347 ], [ 38.5145259, 10.9327541 ], [ 38.5145259, 10.9311108 ], [ 38.5147405, 10.9296992 ], [ 38.5150838, 10.9283719 ], [ 38.5156739, 10.9268549 ], [ 38.5163176, 10.9251378 ], [ 38.5167038, 10.9245268 ], [ 38.5175192, 10.9238237 ], [ 38.5178894, 10.9235471 ], [ 38.5181174, 10.9232285 ], [ 38.5184097, 10.9222567 ], [ 38.5187262, 10.9217668 ], [ 38.5193217, 10.9209767 ], [ 38.5200298, 10.9199075 ], [ 38.5204321, 10.9186275 ], [ 38.5206091, 10.9173897 ], [ 38.5205072, 10.9160202 ], [ 38.5200298, 10.9142135 ], [ 38.5197616, 10.9133496 ], [ 38.5194719, 10.9121855 ], [ 38.5194719, 10.9113322 ], [ 38.5198527, 10.9101365 ], [ 38.5204482, 10.9086827 ], [ 38.5209739, 10.9077977 ], [ 38.521505, 10.9071762 ], [ 38.5219824, 10.9067653 ], [ 38.522535, 10.9063386 ], [ 38.5229909, 10.9057013 ], [ 38.5238546, 10.9042527 ], [ 38.5247076, 10.9030306 ], [ 38.5251635, 10.9020403 ], [ 38.5254049, 10.900539 ], [ 38.5255605, 10.8992379 ], [ 38.525818, 10.8976471 ], [ 38.5261184, 10.89613 ], [ 38.5260379, 10.8950975 ], [ 38.5257, 10.893691 ], [ 38.525641, 10.8930694 ], [ 38.5257268, 10.8918789 ], [ 38.5262901, 10.8899298 ], [ 38.5269123, 10.8877279 ], [ 38.5281596, 10.8852572 ], [ 38.528637, 10.8839877 ], [ 38.5289669, 10.8829683 ], [ 38.5288596, 10.8813537 ], [ 38.5283822, 10.8791306 ], [ 38.5278698, 10.8780322 ], [ 38.5275158, 10.877458 ], [ 38.5271698, 10.8770261 ], [ 38.5268748, 10.876681 ], [ 38.5265986, 10.8761647 ], [ 38.5262579, 10.8747239 ], [ 38.5262954, 10.8740996 ] ], [ [ 37.8787434, 9.9166288 ], [ 37.8790033, 9.9169051 ], [ 37.8793553, 9.917141 ], [ 37.8795505, 9.9171693 ], [ 37.8796524, 9.9173226 ], [ 37.8798562, 9.9174811 ], [ 37.8800225, 9.9175445 ], [ 37.8801727, 9.9173649 ], [ 37.8801781, 9.9171323 ], [ 37.8801888, 9.9168946 ], [ 37.8800601, 9.9167783 ], [ 37.8798884, 9.9166303 ], [ 37.8799421, 9.9163978 ], [ 37.8799903, 9.9162076 ], [ 37.8799903, 9.9160068 ], [ 37.8800923, 9.9157531 ], [ 37.8801835, 9.9154202 ], [ 37.8802478, 9.9151032 ], [ 37.8802264, 9.9148125 ], [ 37.8802639, 9.9144057 ], [ 37.8803283, 9.9140252 ], [ 37.8803873, 9.9137398 ], [ 37.8803712, 9.9135443 ], [ 37.8802586, 9.9133488 ], [ 37.8800976, 9.9132801 ], [ 37.8798616, 9.9133277 ], [ 37.879588, 9.9133118 ], [ 37.8795129, 9.9130687 ], [ 37.8795505, 9.9126882 ], [ 37.8797382, 9.9123923 ], [ 37.8799689, 9.911996 ], [ 37.880221, 9.9116472 ], [ 37.8801781, 9.9112456 ], [ 37.879875, 9.9106591 ], [ 37.8795907, 9.9100883 ], [ 37.8794217, 9.9095731 ], [ 37.8792903, 9.9093142 ], [ 37.8792125, 9.9091715 ], [ 37.8790918, 9.9089601 ], [ 37.879073, 9.9087435 ], [ 37.8791803, 9.9085162 ], [ 37.8792849, 9.9083392 ], [ 37.8795263, 9.9082573 ], [ 37.8796899, 9.9082309 ], [ 37.8797972, 9.9081833 ], [ 37.8801191, 9.9080723 ], [ 37.8804678, 9.9079376 ], [ 37.8807038, 9.9078372 ], [ 37.8809157, 9.9077896 ], [ 37.8810444, 9.9077949 ], [ 37.8812027, 9.9077764 ], [ 37.8813878, 9.9076945 ] ], [ [ 38.1599861, 10.0467401 ], [ 38.159439, 10.0463492 ], [ 38.1589454, 10.0458844 ], [ 38.1586665, 10.045446 ], [ 38.1584519, 10.0449019 ], [ 38.1583071, 10.0442522 ], [ 38.1582481, 10.0434757 ], [ 38.1583393, 10.0427996 ], [ 38.1583017, 10.0424563 ], [ 38.1581944, 10.0419597 ], [ 38.1579155, 10.0414526 ], [ 38.1575882, 10.0410617 ], [ 38.157084, 10.0406128 ], [ 38.1556463, 10.0399683 ], [ 38.1540155, 10.0394295 ], [ 38.1526422, 10.0392182 ], [ 38.1514728, 10.0392077 ], [ 38.1508827, 10.0392605 ], [ 38.1503463, 10.0394295 ], [ 38.1491768, 10.0403803 ], [ 38.1486082, 10.0410353 ], [ 38.1481898, 10.0417326 ], [ 38.1478679, 10.0426517 ], [ 38.1473207, 10.0443103 ], [ 38.1467199, 10.0456097 ], [ 38.1459689, 10.0470148 ], [ 38.1443918, 10.049508 ], [ 38.1431472, 10.0508707 ], [ 38.1418276, 10.0516314 ], [ 38.1396067, 10.0522441 ], [ 38.1376648, 10.0524342 ], [ 38.1357658, 10.052392 ], [ 38.1335127, 10.0518849 ], [ 38.1314957, 10.0511982 ], [ 38.1302297, 10.0505221 ], [ 38.1293285, 10.0495925 ], [ 38.128556, 10.0482931 ], [ 38.1281483, 10.0473212 ], [ 38.1279981, 10.0466239 ], [ 38.1279874, 10.0460323 ], [ 38.1281805, 10.0451977 ], [ 38.1283843, 10.044585 ], [ 38.128556, 10.0437715 ], [ 38.1285989, 10.0424299 ], [ 38.1285238, 10.0414262 ], [ 38.1280732, 10.0405494 ], [ 38.1274831, 10.0399155 ], [ 38.1261849, 10.0390175 ], [ 38.1251013, 10.0380033 ], [ 38.1243181, 10.0368306 ], [ 38.1234705, 10.0351192 ], [ 38.1223869, 10.032066 ], [ 38.1216037, 10.029541 ], [ 38.1213033, 10.0277661 ], [ 38.1212711, 10.0260017 ], [ 38.1215393, 10.0241634 ], [ 38.121947, 10.0227582 ], [ 38.1222099, 10.0220081 ], [ 38.1221831, 10.0215221 ], [ 38.1221187, 10.0209199 ], [ 38.1219739, 10.0205184 ], [ 38.1215608, 10.0202437 ], [ 38.1208688, 10.0199321 ], [ 38.1196779, 10.0194513 ], [ 38.1190234, 10.0193351 ], [ 38.1183851, 10.0193615 ], [ 38.1179237, 10.01952 ], [ 38.1176555, 10.0197789 ], [ 38.1174463, 10.020249 ], [ 38.1172156, 10.0208512 ], [ 38.1169903, 10.0212316 ], [ 38.1166792, 10.0215697 ], [ 38.1158638, 10.0220081 ], [ 38.1148714, 10.0227265 ], [ 38.1141365, 10.0234502 ], [ 38.1133157, 10.0241845 ], [ 38.1124413, 10.0246599 ], [ 38.1114542, 10.0249241 ], [ 38.1104779, 10.0249663 ], [ 38.1094372, 10.0248079 ], [ 38.1087291, 10.0245437 ], [ 38.1076777, 10.0243641 ], [ 38.1068623, 10.0243536 ], [ 38.106122, 10.0245226 ], [ 38.1050277, 10.0246916 ], [ 38.1038904, 10.0247233 ], [ 38.1033967, 10.024709 ], [ 38.1027961, 10.0246916 ], [ 38.101632, 10.0246045 ], [ 38.1006503, 10.0245966 ], [ 38.0996311, 10.0246599 ], [ 38.0986977, 10.0248818 ], [ 38.0977857, 10.0251671 ], [ 38.0965841, 10.0254101 ], [ 38.0952108, 10.0255897 ], [ 38.0934942, 10.0256848 ], [ 38.0918527, 10.0256002 ], [ 38.089782, 10.0252833 ], [ 38.0877972, 10.0249558 ], [ 38.0870032, 10.0248237 ], [ 38.0864453, 10.0246599 ], [ 38.0856085, 10.0242215 ], [ 38.0847555, 10.0235453 ], [ 38.083688, 10.0222881 ], [ 38.0830604, 10.0213531 ], [ 38.0826312, 10.0205501 ], [ 38.0824649, 10.0197472 ], [ 38.0824757, 10.0186061 ], [ 38.0826205, 10.0175654 ], [ 38.0828243, 10.0168523 ], [ 38.0830282, 10.0164508 ], [ 38.083275, 10.016155 ], [ 38.0834789, 10.0159698 ], [ 38.083688, 10.0157799 ], [ 38.0841708, 10.0154312 ], [ 38.0844659, 10.015109 ], [ 38.0846912, 10.0147022 ], [ 38.084836, 10.0142849 ], [ 38.0850506, 10.0127476 ], [ 38.085115, 10.0117175 ], [ 38.0850452, 10.0110308 ], [ 38.0848896, 10.0101697 ], [ 38.0847421, 10.0094803 ], [ 38.0845517, 10.0087354 ], [ 38.084262, 10.0081596 ], [ 38.0840182, 10.0078737 ], [ 38.0838543, 10.0076815 ], [ 38.0834895, 10.0073487 ], [ 38.0828297, 10.0070053 ], [ 38.0821162, 10.0068151 ], [ 38.0810755, 10.00672 ], [ 38.0796272, 10.0067887 ], [ 38.0788654, 10.0068732 ], [ 38.0784845, 10.007 ], [ 38.0780795, 10.0073381 ], [ 38.0777764, 10.0075494 ], [ 38.0774546, 10.0077158 ], [ 38.0770522, 10.00784 ], [ 38.0765855, 10.0078769 ], [ 38.0744773, 10.0078188 ], [ 38.0732757, 10.0077449 ], [ 38.0725354, 10.0076498 ], [ 38.0720633, 10.0075124 ], [ 38.0715269, 10.0073117 ], [ 38.0709851, 10.0071004 ], [ 38.0700731, 10.0068415 ], [ 38.0691075, 10.006551 ], [ 38.0680186, 10.0060649 ], [ 38.067053, 10.0055208 ], [ 38.0659961, 10.0045435 ], [ 38.0650091, 10.0031911 ], [ 38.0640972, 10.0013843 ], [ 38.0636036, 9.9998417 ], [ 38.0634427, 9.9980667 ], [ 38.0634856, 9.9961542 ], [ 38.0641937, 9.9905542 ], [ 38.0643225, 9.9892123 ], [ 38.0641401, 9.9883036 ], [ 38.0637216, 9.9876696 ], [ 38.0629063, 9.9869194 ], [ 38.0619085, 9.9863383 ], [ 38.0608356, 9.986127 ], [ 38.0594516, 9.9860636 ], [ 38.0578422, 9.9861481 ], [ 38.0553853, 9.9866236 ], [ 38.0521238, 9.9874477 ], [ 38.0509114, 9.9874372 ], [ 38.050375, 9.9871836 ], [ 38.0499565, 9.9868138 ], [ 38.0490339, 9.9848801 ], [ 38.0473709, 9.9814144 ], [ 38.0468559, 9.9797766 ], [ 38.0465019, 9.9780437 ], [ 38.0462444, 9.9761628 ], [ 38.0458152, 9.974768 ], [ 38.0450857, 9.9737959 ], [ 38.0439377, 9.9729611 ], [ 38.0419207, 9.9721686 ], [ 38.0403864, 9.9717354 ], [ 38.0389702, 9.9715452 ], [ 38.0375647, 9.9717142 ], [ 38.0353439, 9.9724116 ], [ 38.0322432, 9.9730351 ], [ 38.028692, 9.9735 ], [ 38.0238211, 9.9738593 ], [ 38.0210853, 9.973817 ], [ 38.018918, 9.9733838 ], [ 38.0175447, 9.9728449 ], [ 38.0162358, 9.9719361 ], [ 38.0156994, 9.9712282 ], [ 38.0150449, 9.9703194 ], [ 38.0143046, 9.9696326 ], [ 38.0138218, 9.9693367 ], [ 38.0130815, 9.9691359 ], [ 38.0112791, 9.9686498 ], [ 38.0079532, 9.967255 ], [ 38.0065155, 9.9662512 ], [ 38.0048633, 9.9643702 ], [ 38.0024814, 9.9611367 ], [ 38.0012476, 9.9591395 ], [ 38.000164, 9.9565823 ], [ 37.999295, 9.9551029 ], [ 37.9983938, 9.9542997 ], [ 37.9969883, 9.9538559 ], [ 37.9953146, 9.953634 ], [ 37.9935336, 9.9536974 ], [ 37.9922676, 9.9539722 ], [ 37.9910016, 9.9545534 ], [ 37.9892957, 9.9556946 ], [ 37.9884696, 9.9561279 ], [ 37.987504, 9.9563709 ], [ 37.9860663, 9.9563815 ], [ 37.9840386, 9.956149 ], [ 37.9821825, 9.9557263 ], [ 37.9807985, 9.9552297 ], [ 37.9793286, 9.954659 ], [ 37.9779553, 9.9539616 ], [ 37.976743, 9.9530951 ], [ 37.9756379, 9.9523236 ], [ 37.9741144, 9.9517213 ], [ 37.9722154, 9.9509816 ], [ 37.9702306, 9.949946 ], [ 37.9686856, 9.9491428 ], [ 37.967087, 9.9484031 ], [ 37.9651236, 9.9475789 ], [ 37.9632246, 9.9465115 ], [ 37.960242, 9.9445248 ], [ 37.959137, 9.9439119 ], [ 37.9577851, 9.9433201 ], [ 37.9566157, 9.9430031 ], [ 37.9551995, 9.943077 ], [ 37.9525924, 9.9439436 ], [ 37.9472709, 9.9458458 ], [ 37.9454255, 9.9468074 ], [ 37.9438591, 9.947917 ], [ 37.9428828, 9.9489526 ], [ 37.9415417, 9.950337 ], [ 37.9409087, 9.950728 ], [ 37.9404688, 9.9508125 ], [ 37.9398894, 9.9506963 ], [ 37.9392135, 9.9502736 ], [ 37.9364347, 9.9484771 ], [ 37.9346859, 9.9470082 ], [ 37.9336452, 9.9459092 ], [ 37.9328513, 9.9444191 ], [ 37.9322076, 9.9425592 ], [ 37.9319823, 9.9410692 ], [ 37.9320574, 9.9401287 ], [ 37.9322934, 9.9392198 ], [ 37.9326367, 9.9383638 ], [ 37.9332483, 9.9372859 ], [ 37.9339671, 9.9360495 ], [ 37.9343855, 9.9352674 ], [ 37.9346484, 9.9346598 ], [ 37.9350454, 9.9335449 ], [ 37.935276, 9.9326202 ], [ 37.9353833, 9.9316902 ], [ 37.935335, 9.930887 ], [ 37.9352116, 9.9300257 ], [ 37.9351473, 9.9294022 ], [ 37.9351151, 9.9287258 ], [ 37.935276, 9.9262846 ], [ 37.935555, 9.9242872 ], [ 37.9357803, 9.9228921 ], [ 37.9359412, 9.9221524 ], [ 37.936011, 9.921978 ], [ 37.9359788, 9.9217191 ], [ 37.9358286, 9.9214971 ], [ 37.9341066, 9.9205777 ], [ 37.9330659, 9.920044 ], [ 37.9318213, 9.9194574 ], [ 37.9311883, 9.9192355 ], [ 37.9307592, 9.9191562 ], [ 37.9300511, 9.9192091 ], [ 37.9297024, 9.9193253 ], [ 37.9291713, 9.9196424 ], [ 37.928533, 9.920007 ], [ 37.9274118, 9.9205988 ], [ 37.9264569, 9.9211272 ], [ 37.9255074, 9.92183 ], [ 37.924869, 9.9224271 ], [ 37.9241073, 9.9232198 ], [ 37.9234314, 9.9238539 ], [ 37.9228735, 9.9245619 ], [ 37.9224014, 9.9250481 ], [ 37.9218328, 9.9254391 ], [ 37.9206204, 9.9265805 ], [ 37.9187214, 9.9281868 ], [ 37.9175091, 9.9294973 ], [ 37.9163933, 9.9311776 ], [ 37.9153848, 9.9332912 ], [ 37.9151595, 9.934031 ], [ 37.9151165, 9.9347285 ], [ 37.9153123, 9.9356743 ], [ 37.9152802, 9.93592 ], [ 37.9152265, 9.9361155 ], [ 37.9150441, 9.9362846 ], [ 37.9142797, 9.9368473 ], [ 37.9136682, 9.9372014 ], [ 37.9126221, 9.9374286 ], [ 37.9113829, 9.9376558 ], [ 37.9090869, 9.9378354 ], [ 37.9076546, 9.9377615 ], [ 37.9066515, 9.9376082 ], [ 37.9057181, 9.9372119 ], [ 37.904951, 9.9365884 ], [ 37.903465, 9.9352304 ], [ 37.9023921, 9.9343586 ], [ 37.9012549, 9.9333916 ], [ 37.9010349, 9.9331116 ], [ 37.9009438, 9.9328526 ], [ 37.9008633, 9.9324511 ], [ 37.9007077, 9.93206 ], [ 37.9003268, 9.9317272 ], [ 37.8973281, 9.9300997 ], [ 37.8947854, 9.9291063 ], [ 37.8923607, 9.9284299 ], [ 37.8905475, 9.9281129 ], [ 37.888788, 9.92806 ], [ 37.8871465, 9.9281657 ], [ 37.8858054, 9.9281446 ], [ 37.8826833, 9.9273942 ], [ 37.8799152, 9.9260943 ], [ 37.8790194, 9.9254391 ], [ 37.8783917, 9.9246148 ], [ 37.8781987, 9.9239649 ], [ 37.8780001, 9.9229027 ], [ 37.8779786, 9.9218881 ], [ 37.8780216, 9.9207996 ], [ 37.8781181, 9.9196265 ], [ 37.8787243, 9.9169104 ], [ 37.8787434, 9.9166288 ] ], [ [ 38.4617346, 10.2880968 ], [ 38.4617293, 10.2874053 ], [ 38.4616703, 10.2864236 ], [ 38.4615791, 10.2861122 ], [ 38.461445, 10.2859116 ], [ 38.4610587, 10.2857269 ], [ 38.460694, 10.2856002 ], [ 38.4602916, 10.2855052 ], [ 38.4600395, 10.2853838 ], [ 38.4599322, 10.2852254 ], [ 38.4599107, 10.2849404 ], [ 38.4599322, 10.2847293 ], [ 38.4600717, 10.2838425 ], [ 38.4603292, 10.2829769 ], [ 38.4606779, 10.2821271 ], [ 38.461048, 10.2814779 ], [ 38.4615844, 10.2810134 ], [ 38.4632581, 10.279641 ], [ 38.4655809, 10.2778464 ], [ 38.4673512, 10.2766852 ], [ 38.4680861, 10.2761837 ], [ 38.4683812, 10.2759198 ], [ 38.4685689, 10.2755978 ], [ 38.4686494, 10.2752389 ], [ 38.4685475, 10.2743521 ], [ 38.46829, 10.2735445 ], [ 38.4677643, 10.2726841 ], [ 38.4672332, 10.2721246 ], [ 38.466627, 10.2716918 ], [ 38.4656829, 10.2712484 ], [ 38.4638965, 10.2706783 ], [ 38.462255, 10.2702877 ], [ 38.4615576, 10.2700396 ], [ 38.4607959, 10.269591 ], [ 38.4601039, 10.2691423 ], [ 38.4590203, 10.2683452 ], [ 38.4583551, 10.2678438 ], [ 38.4579045, 10.2673582 ], [ 38.4576684, 10.266957 ], [ 38.4575021, 10.266445 ], [ 38.4574592, 10.2657588 ], [ 38.4575075, 10.2652415 ], [ 38.457604, 10.2648139 ], [ 38.4578186, 10.2643336 ], [ 38.4582478, 10.2636078 ], [ 38.4584302, 10.2633781 ], [ 38.4585535, 10.2631248 ], [ 38.4586018, 10.2628186 ], [ 38.4587145, 10.2616943 ], [ 38.4589398, 10.260401 ], [ 38.4592563, 10.2585588 ], [ 38.4597015, 10.2567693 ], [ 38.4598571, 10.2559352 ], [ 38.459959, 10.2551804 ], [ 38.4599698, 10.2543675 ], [ 38.4598947, 10.2536654 ], [ 38.4596586, 10.252995 ], [ 38.4590363, 10.2518759 ], [ 38.4567618, 10.2484975 ], [ 38.455925, 10.2473678 ], [ 38.4551847, 10.2467554 ], [ 38.4542245, 10.2463015 ], [ 38.4529316, 10.2459214 ], [ 38.4522933, 10.2457947 ], [ 38.4516603, 10.2457366 ], [ 38.4511667, 10.2457789 ], [ 38.45081, 10.2458079 ], [ 38.4505311, 10.2458 ], [ 38.4499705, 10.2457208 ], [ 38.4492999, 10.2454146 ], [ 38.4486079, 10.2450081 ], [ 38.4472454, 10.2440051 ], [ 38.445518, 10.242432 ], [ 38.4440052, 10.2410701 ], [ 38.4431148, 10.2405738 ], [ 38.4421813, 10.2402254 ], [ 38.4410548, 10.2399298 ], [ 38.4392095, 10.2395286 ], [ 38.4379113, 10.2392594 ], [ 38.4367847, 10.2389479 ], [ 38.4361303, 10.2386628 ], [ 38.4355509, 10.2382352 ], [ 38.4352398, 10.2378657 ], [ 38.4350198, 10.2373378 ], [ 38.434875, 10.2363612 ], [ 38.4347838, 10.2357541 ], [ 38.4345531, 10.2350837 ], [ 38.4340972, 10.2345294 ], [ 38.4333998, 10.2338009 ], [ 38.4325254, 10.2330776 ], [ 38.4319031, 10.2327345 ], [ 38.4313506, 10.2325814 ], [ 38.4309, 10.2325286 ], [ 38.4305781, 10.2325075 ], [ 38.4302401, 10.2324072 ], [ 38.4300524, 10.2323069 ], [ 38.4297681, 10.2320271 ], [ 38.4296286, 10.2317631 ], [ 38.4295696, 10.2315414 ], [ 38.4295911, 10.2313619 ], [ 38.4296983, 10.2310346 ], [ 38.4298485, 10.230702 ], [ 38.4299478, 10.23038 ], [ 38.429988, 10.2301952 ], [ 38.4300202, 10.229918 ], [ 38.4299853, 10.2296699 ], [ 38.4299451, 10.2294799 ], [ 38.4298646, 10.2292344 ], [ 38.4297305, 10.228849 ], [ 38.4294516, 10.2283686 ], [ 38.4289849, 10.2279569 ], [ 38.4280086, 10.2272283 ], [ 38.427, 10.2266371 ], [ 38.4259325, 10.2260828 ], [ 38.4249562, 10.2256921 ], [ 38.4239531, 10.2254756 ], [ 38.4234166, 10.2254123 ], [ 38.4231055, 10.2252856 ], [ 38.4228748, 10.2250691 ], [ 38.4225368, 10.2246415 ], [ 38.422333, 10.2242192 ], [ 38.4220433, 10.2232373 ], [ 38.4218985, 10.2226301 ], [ 38.4217912, 10.2218541 ], [ 38.4218287, 10.2211625 ], [ 38.4219843, 10.220265 ], [ 38.4222311, 10.2197582 ], [ 38.4225422, 10.2193464 ], [ 38.4227943, 10.219093 ], [ 38.423025, 10.2189663 ], [ 38.4233844, 10.2188185 ], [ 38.4239691, 10.2185492 ], [ 38.4242669, 10.2183486 ], [ 38.4244895, 10.2180873 ], [ 38.4248516, 10.2173719 ], [ 38.4260988, 10.2150174 ], [ 38.4270483, 10.2133755 ], [ 38.4274936, 10.2124357 ], [ 38.4277832, 10.211591 ], [ 38.4281641, 10.2103187 ], [ 38.4282178, 10.2099121 ], [ 38.4281427, 10.2094423 ], [ 38.4279871, 10.2091677 ], [ 38.4278154, 10.209041 ], [ 38.427633, 10.2088615 ], [ 38.4276009, 10.2087507 ], [ 38.4276116, 10.2085606 ], [ 38.4276974, 10.2082861 ], [ 38.4280997, 10.2074149 ], [ 38.4285343, 10.2067392 ], [ 38.4287596, 10.2063379 ], [ 38.4292638, 10.2051764 ], [ 38.4296554, 10.2042314 ], [ 38.4303152, 10.202695 ], [ 38.430959, 10.2015441 ], [ 38.4325576, 10.1991788 ], [ 38.4332979, 10.1981229 ], [ 38.4338397, 10.1972781 ], [ 38.4340006, 10.1967554 ], [ 38.4340864, 10.1962908 ], [ 38.4341133, 10.1955358 ], [ 38.4340274, 10.1945538 ], [ 38.4338665, 10.1937935 ], [ 38.4337056, 10.1933289 ], [ 38.4333569, 10.1929276 ], [ 38.4329063, 10.192595 ], [ 38.4322894, 10.1920512 ], [ 38.4319031, 10.1916394 ], [ 38.4315491, 10.1911483 ], [ 38.4312701, 10.190821 ], [ 38.4305566, 10.190462 ], [ 38.4295642, 10.1900026 ], [ 38.4283251, 10.1895855 ], [ 38.4270322, 10.1892001 ], [ 38.4265333, 10.1890575 ], [ 38.4262544, 10.1890364 ], [ 38.4258574, 10.1891262 ], [ 38.4255677, 10.1891948 ], [ 38.4253263, 10.189179 ], [ 38.4251332, 10.1891367 ], [ 38.424865, 10.1889836 ], [ 38.4245968, 10.1887566 ], [ 38.4245002, 10.1885137 ], [ 38.4244037, 10.1879805 ], [ 38.4243393, 10.1875528 ], [ 38.4242749, 10.1871621 ], [ 38.4242481, 10.1867661 ], [ 38.4242803, 10.1864757 ], [ 38.424409, 10.1862117 ], [ 38.4245807, 10.1860111 ], [ 38.4247041, 10.1857788 ], [ 38.4247577, 10.1855517 ], [ 38.4247309, 10.1851346 ], [ 38.4247202, 10.1848231 ], [ 38.4247684, 10.1846066 ], [ 38.4249347, 10.1843374 ], [ 38.4254444, 10.183878 ], [ 38.4261149, 10.1834081 ], [ 38.4272253, 10.182822 ], [ 38.4281319, 10.1824735 ], [ 38.4289473, 10.1821937 ], [ 38.4293228, 10.1821356 ], [ 38.4296662, 10.1821567 ], [ 38.4301221, 10.1822571 ], [ 38.4309697, 10.1824366 ], [ 38.4313238, 10.1824419 ], [ 38.4316188, 10.1823679 ], [ 38.4318495, 10.1821937 ], [ 38.4323323, 10.1815284 ], [ 38.4324664, 10.1812064 ], [ 38.4325254, 10.1808684 ], [ 38.4324878, 10.1804777 ], [ 38.4323913, 10.179955 ], [ 38.432166, 10.1793689 ], [ 38.4317797, 10.1786561 ], [ 38.4313828, 10.177975 ], [ 38.4309912, 10.1775104 ], [ 38.4304172, 10.1770933 ], [ 38.4294516, 10.1765283 ], [ 38.4286362, 10.1761481 ], [ 38.4274346, 10.175694 ], [ 38.426528, 10.175335 ], [ 38.4255624, 10.1748123 ], [ 38.424629, 10.1741312 ], [ 38.4235346, 10.1731385 ], [ 38.4218629, 10.1714 ], [ 38.420611, 10.1704509 ], [ 38.420037, 10.1700708 ], [ 38.4194416, 10.1697539 ], [ 38.4177089, 10.169152 ], [ 38.4171295, 10.1689619 ], [ 38.4164375, 10.1687824 ], [ 38.4156972, 10.1686979 ], [ 38.4151286, 10.1685554 ], [ 38.4144312, 10.1681857 ], [ 38.4132189, 10.16723 ], [ 38.4125966, 10.1666334 ], [ 38.4120494, 10.1660367 ], [ 38.4118241, 10.1655668 ], [ 38.4115988, 10.1651285 ], [ 38.4112555, 10.1647589 ], [ 38.4102094, 10.1639457 ], [ 38.4080261, 10.162029 ], [ 38.4074306, 10.1615327 ], [ 38.4071034, 10.1613003 ], [ 38.4067601, 10.1610944 ], [ 38.4065187, 10.1609624 ], [ 38.4063309, 10.160767 ], [ 38.4061432, 10.1605294 ], [ 38.4057462, 10.1596634 ], [ 38.4050059, 10.1574668 ], [ 38.4044266, 10.155323 ], [ 38.4039009, 10.1527039 ], [ 38.4035736, 10.15103 ], [ 38.4033644, 10.1503541 ], [ 38.4029192, 10.1497363 ], [ 38.4021789, 10.1491343 ], [ 38.4014547, 10.1486802 ], [ 38.4006286, 10.1483581 ], [ 38.3996576, 10.1481363 ], [ 38.3989602, 10.1481099 ], [ 38.3958864, 10.1481311 ], [ 38.3948189, 10.1481099 ], [ 38.3938426, 10.1480043 ], [ 38.3890092, 10.1471278 ], [ 38.3852434, 10.1467476 ], [ 38.3839774, 10.1465575 ], [ 38.3831406, 10.1463462 ], [ 38.3807051, 10.1454591 ], [ 38.3779156, 10.1442129 ], [ 38.3769178, 10.1439806 ], [ 38.3755767, 10.1439172 ], [ 38.3705127, 10.1448149 ], [ 38.3667362, 10.1455753 ], [ 38.3642954, 10.1462882 ], [ 38.3633512, 10.1466208 ], [ 38.3625734, 10.1470221 ], [ 38.3620208, 10.1474287 ], [ 38.3615649, 10.1480677 ], [ 38.3608139, 10.1497258 ], [ 38.3603901, 10.1513046 ], [ 38.3601969, 10.1529415 ], [ 38.3601165, 10.1550009 ], [ 38.3600897, 10.1565639 ], [ 38.3598053, 10.1578417 ], [ 38.3593279, 10.1588872 ], [ 38.3586037, 10.1599908 ], [ 38.3570749, 10.1617439 ], [ 38.3560932, 10.1627049 ], [ 38.354103, 10.1643418 ], [ 38.3528316, 10.165081 ], [ 38.3520216, 10.1653344 ], [ 38.3512706, 10.1653925 ], [ 38.3507395, 10.1653503 ], [ 38.3503103, 10.1652447 ], [ 38.348701, 10.1641147 ], [ 38.3475959, 10.1636606 ], [ 38.3468932, 10.1634916 ], [ 38.3464372, 10.1634547 ], [ 38.3461475, 10.1635392 ], [ 38.3460188, 10.16365 ], [ 38.3458579, 10.1637451 ], [ 38.3457184, 10.1637926 ], [ 38.3455789, 10.1637715 ], [ 38.345418, 10.1636976 ], [ 38.3446079, 10.1631009 ], [ 38.3430791, 10.1620449 ], [ 38.3421081, 10.1614165 ], [ 38.3409762, 10.160503 ], [ 38.3391899, 10.1593308 ], [ 38.3380365, 10.1583962 ], [ 38.337425, 10.1579104 ], [ 38.3366418, 10.1571553 ], [ 38.3360517, 10.1563474 ], [ 38.3356225, 10.1553705 ], [ 38.3352739, 10.1542141 ], [ 38.3351183, 10.153327 ], [ 38.3350164, 10.1520808 ], [ 38.3351022, 10.1508769 ], [ 38.3352953, 10.1494776 ], [ 38.3353329, 10.1489073 ], [ 38.3352041, 10.1481733 ], [ 38.334775, 10.1468849 ], [ 38.3335411, 10.1442023 ], [ 38.3321249, 10.1417099 ], [ 38.3296358, 10.1379501 ], [ 38.3287561, 10.1363131 ], [ 38.3281875, 10.1348662 ], [ 38.3279621, 10.1338945 ], [ 38.3278978, 10.1331447 ], [ 38.3280158, 10.1304198 ], [ 38.3283806, 10.1273464 ], [ 38.3289492, 10.1256882 ], [ 38.3295607, 10.1242623 ], [ 38.3306229, 10.1227203 ], [ 38.331846, 10.1209987 ], [ 38.3325434, 10.1191715 ], [ 38.3327365, 10.1170908 ], [ 38.332597, 10.1159712 ], [ 38.3322, 10.1147988 ], [ 38.3315563, 10.1140172 ], [ 38.3305371, 10.1133201 ], [ 38.3286381, 10.1124857 ], [ 38.3274364, 10.1121583 ], [ 38.3263528, 10.1120844 ], [ 38.324604, 10.1122217 ], [ 38.3209777, 10.1123801 ], [ 38.3180058, 10.1124118 ], [ 38.3154201, 10.1127075 ], [ 38.3132422, 10.1129716 ], [ 38.3118045, 10.1130138 ], [ 38.3106458, 10.1128132 ], [ 38.3095729, 10.1123273 ], [ 38.3084679, 10.1115563 ], [ 38.3071053, 10.1100776 ], [ 38.3060217, 10.1083559 ], [ 38.3051741, 10.1060111 ], [ 38.3046806, 10.1027473 ], [ 38.3044445, 10.0995574 ], [ 38.3042836, 10.0981737 ], [ 38.3039617, 10.0969695 ], [ 38.3035648, 10.0962196 ], [ 38.3028996, 10.0954485 ], [ 38.3022237, 10.0950471 ], [ 38.3013976, 10.0946986 ], [ 38.3006036, 10.0945507 ], [ 38.3000779, 10.0946035 ], [ 38.2990587, 10.0948148 ], [ 38.2980609, 10.0948042 ], [ 38.2964194, 10.0944767 ], [ 38.2952177, 10.0940648 ], [ 38.2940483, 10.093505 ], [ 38.2933831, 10.0932937 ], [ 38.2925248, 10.0932198 ], [ 38.290422, 10.093262 ], [ 38.2892847, 10.0933677 ], [ 38.2882333, 10.0934522 ], [ 38.2879972, 10.0935895 ], [ 38.2877505, 10.0938007 ], [ 38.2874286, 10.0942021 ], [ 38.2871067, 10.0945507 ], [ 38.2865703, 10.0949521 ], [ 38.28421, 10.0962513 ], [ 38.2822466, 10.0971914 ], [ 38.280133, 10.0979202 ], [ 38.2789314, 10.0980364 ], [ 38.2777727, 10.0979096 ], [ 38.2760775, 10.097466 ], [ 38.2744574, 10.0967794 ], [ 38.2708847, 10.0947936 ], [ 38.2687175, 10.0936423 ], [ 38.2672262, 10.0930402 ], [ 38.2638037, 10.092079 ], [ 38.2608211, 10.0910755 ], [ 38.2600808, 10.0909593 ], [ 38.2592976, 10.0910544 ], [ 38.2585144, 10.0913185 ], [ 38.2578599, 10.091667 ], [ 38.2574415, 10.0922269 ], [ 38.2570875, 10.0930402 ], [ 38.2567978, 10.0939592 ], [ 38.2563901, 10.0955964 ], [ 38.2560897, 10.0981843 ], [ 38.2558858, 10.0997792 ], [ 38.255564, 10.1012896 ], [ 38.2550597, 10.102705 ], [ 38.2548344, 10.103212 ], [ 38.2546064, 10.1035553 ], [ 38.2539815, 10.1041468 ], [ 38.2527852, 10.1052453 ], [ 38.2518411, 10.1059371 ], [ 38.2510042, 10.1065392 ], [ 38.2501566, 10.1072205 ], [ 38.2497436, 10.1075004 ], [ 38.2493359, 10.1076535 ], [ 38.2487887, 10.1077538 ], [ 38.2472545, 10.10787 ], [ 38.2450604, 10.1078436 ], [ 38.2441378, 10.1077327 ], [ 38.2434136, 10.107532 ], [ 38.2431722, 10.1073049 ], [ 38.2429737, 10.1069722 ], [ 38.2428932, 10.1066342 ], [ 38.2427698, 10.1063015 ], [ 38.2425713, 10.1059952 ], [ 38.2422066, 10.1057681 ], [ 38.2414126, 10.1054196 ], [ 38.2408494, 10.1052559 ], [ 38.2396638, 10.10477 ], [ 38.2388377, 10.1043158 ], [ 38.2381296, 10.1038352 ], [ 38.2377917, 10.1035236 ], [ 38.2369924, 10.1025307 ], [ 38.2363245, 10.1017834 ], [ 38.2342029, 10.1004763 ], [ 38.233763, 10.1002809 ], [ 38.2333285, 10.1001753 ], [ 38.2329825, 10.1001542 ], [ 38.2327598, 10.1001647 ], [ 38.2324594, 10.1002175 ], [ 38.2320826, 10.1002664 ], [ 38.2317969, 10.1002756 ], [ 38.2313275, 10.1001727 ], [ 38.2305926, 10.0998743 ], [ 38.2297343, 10.0994359 ], [ 38.2284737, 10.0987441 ], [ 38.227433, 10.0981103 ], [ 38.2259095, 10.09679 ], [ 38.2243001, 10.0952373 ], [ 38.223356, 10.0941704 ], [ 38.2225943, 10.093093 ], [ 38.221913, 10.0921107 ], [ 38.2212853, 10.0914716 ], [ 38.2203573, 10.0909171 ], [ 38.2193756, 10.0905104 ], [ 38.2182223, 10.0901196 ], [ 38.2167041, 10.0897657 ], [ 38.2154971, 10.0895386 ], [ 38.2139683, 10.0893009 ], [ 38.2128042, 10.0889788 ], [ 38.211683, 10.088477 ], [ 38.2104599, 10.0878063 ], [ 38.2090652, 10.086956 ], [ 38.2073057, 10.0855722 ], [ 38.2054818, 10.0841356 ], [ 38.2020271, 10.081104 ], [ 38.2009113, 10.0802061 ], [ 38.1999028, 10.0796146 ], [ 38.1984866, 10.0790759 ], [ 38.1950802, 10.0779139 ], [ 38.1942272, 10.07756 ], [ 38.1934333, 10.0771058 ], [ 38.1928325, 10.0766463 ], [ 38.1917489, 10.0758593 ], [ 38.1908369, 10.0752097 ], [ 38.1897908, 10.0743488 ], [ 38.1888789, 10.0733188 ], [ 38.1883264, 10.0725266 ], [ 38.1878382, 10.0717396 ], [ 38.1874198, 10.071016 ], [ 38.1870764, 10.070398 ], [ 38.1866312, 10.0697748 ], [ 38.186084, 10.0692413 ], [ 38.1854081, 10.068861 ], [ 38.1848288, 10.0686128 ], [ 38.1839919, 10.0683381 ], [ 38.1827044, 10.0681163 ], [ 38.1814116, 10.0679209 ], [ 38.1799579, 10.0677466 ], [ 38.1790352, 10.0675987 ], [ 38.178032, 10.067324 ], [ 38.1771362, 10.0669068 ], [ 38.1761867, 10.0662624 ], [ 38.1754625, 10.0655229 ], [ 38.1746525, 10.0644296 ], [ 38.1741428, 10.0634207 ], [ 38.1738102, 10.0625915 ], [ 38.173542, 10.0615721 ], [ 38.1732523, 10.0601565 ], [ 38.1730807, 10.0588941 ], [ 38.1731451, 10.0583818 ], [ 38.1734455, 10.057674 ], [ 38.1735849, 10.0571828 ], [ 38.1736654, 10.0566704 ], [ 38.1735313, 10.0552443 ], [ 38.1733489, 10.0541509 ], [ 38.1730699, 10.053348 ], [ 38.172614, 10.052524 ], [ 38.1720722, 10.0518479 ], [ 38.1713211, 10.0511137 ], [ 38.1701678, 10.0504059 ], [ 38.1688642, 10.0499041 ], [ 38.1675446, 10.0496083 ], [ 38.16652, 10.0494657 ], [ 38.1654471, 10.0491699 ], [ 38.1640685, 10.0486258 ], [ 38.1613004, 10.0474057 ], [ 38.1599861, 10.0467401 ] ], [ [ 38.1675905, 10.0407323 ], [ 38.1646723, 10.0430987 ], [ 38.162269, 10.044958 ], [ 38.1615244, 10.0453747 ], [ 38.1613769, 10.0453562 ], [ 38.1612293, 10.0453245 ], [ 38.1611073, 10.0453126 ], [ 38.1610081, 10.0453324 ], [ 38.16089, 10.0454301 ], [ 38.1608015, 10.0455648 ], [ 38.1607211, 10.0456969 ], [ 38.1606165, 10.0458197 ], [ 38.1604837, 10.0459319 ], [ 38.1603616, 10.0460033 ], [ 38.1602839, 10.0460442 ], [ 38.1602222, 10.0461102 ], [ 38.1601779, 10.0462159 ], [ 38.1601283, 10.0463057 ], [ 38.1600881, 10.0463704 ], [ 38.1600814, 10.0464364 ], [ 38.1600854, 10.0465143 ], [ 38.160084, 10.0465698 ], [ 38.160072, 10.0466133 ], [ 38.1599861, 10.0467401 ] ], [ [ 38.5262954, 10.8740996 ], [ 38.5266817, 10.8734306 ], [ 38.5267004, 10.8728511 ], [ 38.5263652, 10.8719792 ], [ 38.5259896, 10.8714919 ], [ 38.5254103, 10.8710125 ], [ 38.5240531, 10.8704436 ], [ 38.5230446, 10.8701064 ], [ 38.5223365, 10.8695796 ], [ 38.5214674, 10.8685575 ], [ 38.5206413, 10.8670983 ], [ 38.5199708, 10.8657443 ], [ 38.5195416, 10.8638952 ], [ 38.5197455, 10.8622778 ], [ 38.5201853, 10.8603549 ], [ 38.5208344, 10.8585952 ], [ 38.5209954, 10.8577892 ], [ 38.5210651, 10.8568514 ], [ 38.5208881, 10.8561033 ], [ 38.5203409, 10.8553868 ], [ 38.5189354, 10.854233 ], [ 38.5176909, 10.8531266 ], [ 38.5167468, 10.8522204 ], [ 38.5150945, 10.8495915 ], [ 38.513909, 10.8476474 ], [ 38.5133082, 10.8464409 ], [ 38.5126591, 10.845698 ], [ 38.5121521, 10.84515 ], [ 38.5112509, 10.8439435 ], [ 38.510465, 10.8426685 ], [ 38.5100251, 10.8415621 ], [ 38.5100144, 10.8407876 ], [ 38.5102826, 10.8398076 ], [ 38.5108727, 10.8383745 ], [ 38.5113877, 10.8376264 ], [ 38.5117954, 10.8371785 ], [ 38.512364, 10.8362829 ], [ 38.5130131, 10.8347286 ], [ 38.5132438, 10.8334957 ], [ 38.51363, 10.8322364 ], [ 38.5144561, 10.8308086 ], [ 38.5153252, 10.8296652 ], [ 38.5160977, 10.8286272 ], [ 38.5167843, 10.8276999 ], [ 38.5177499, 10.826467 ], [ 38.5181791, 10.8256134 ], [ 38.5185331, 10.8246176 ], [ 38.5191071, 10.8229157 ], [ 38.5196221, 10.8214298 ], [ 38.519783, 10.8204103 ], [ 38.5197937, 10.8188586 ], [ 38.5199332, 10.8178258 ], [ 38.5202283, 10.8160554 ], [ 38.5207593, 10.8146591 ], [ 38.5214567, 10.8131574 ], [ 38.5221702, 10.8119349 ], [ 38.5225028, 10.811466 ], [ 38.5231572, 10.8105386 ], [ 38.5238922, 10.8091317 ], [ 38.5247397, 10.8069871 ], [ 38.5249758, 10.8057436 ], [ 38.5252493, 10.8043999 ], [ 38.5253781, 10.8024924 ], [ 38.5254317, 10.800627 ], [ 38.5253674, 10.7996416 ], [ 38.5251421, 10.7983875 ], [ 38.524788, 10.796675 ], [ 38.5245788, 10.7953681 ], [ 38.5246539, 10.7947516 ], [ 38.5250026, 10.7942088 ], [ 38.5255927, 10.7938136 ], [ 38.5264671, 10.7932919 ], [ 38.5275078, 10.7929547 ], [ 38.5289776, 10.7927492 ], [ 38.5299379, 10.7927808 ], [ 38.5306808, 10.7928783 ], [ 38.5313326, 10.7930074 ], [ 38.53192, 10.7929995 ], [ 38.532435, 10.792815 ], [ 38.5327703, 10.7924146 ], [ 38.5328668, 10.791964 ], [ 38.5330278, 10.7915108 ], [ 38.5332987, 10.7910418 ], [ 38.5336205, 10.7905755 ], [ 38.5337895, 10.7895453 ], [ 38.5336125, 10.7884229 ], [ 38.5329795, 10.7873505 ], [ 38.5322392, 10.7866207 ], [ 38.5312414, 10.7860305 ], [ 38.5298628, 10.7856194 ], [ 38.5284144, 10.7849449 ], [ 38.5271269, 10.7838646 ], [ 38.5253298, 10.7819201 ], [ 38.5224009, 10.7779256 ], [ 38.5210812, 10.7754014 ], [ 38.5184204, 10.7701895 ], [ 38.5152769, 10.7638128 ], [ 38.5131526, 10.75888 ], [ 38.5123479, 10.7572358 ], [ 38.51179, 10.7557285 ], [ 38.5113341, 10.7537047 ], [ 38.5106742, 10.750922 ], [ 38.5102558, 10.7498153 ], [ 38.5099769, 10.7478442 ], [ 38.5098803, 10.7460628 ], [ 38.509773, 10.7440285 ], [ 38.5097515, 10.741699 ], [ 38.5101432, 10.7399966 ], [ 38.5105884, 10.739127 ], [ 38.5111088, 10.7382942 ], [ 38.5114038, 10.7374536 ], [ 38.5117042, 10.7362282 ], [ 38.5120851, 10.7343835 ], [ 38.512069, 10.7333979 ], [ 38.5118544, 10.7323649 ], [ 38.5118276, 10.7315427 ], [ 38.511849, 10.7312238 ], [ 38.5122997, 10.7295662 ], [ 38.5124445, 10.7286438 ], [ 38.5126349, 10.7281036 ], [ 38.5129541, 10.7276635 ], [ 38.513111, 10.7273143 ], [ 38.5131767, 10.7269137 ], [ 38.5131338, 10.7264539 ], [ 38.5129648, 10.7256817 ], [ 38.5126081, 10.7236288 ], [ 38.5122728, 10.7229357 ], [ 38.5118383, 10.7222241 ], [ 38.5111195, 10.7217102 ], [ 38.5107279, 10.7210646 ], [ 38.5105133, 10.7202529 ], [ 38.5101807, 10.7185978 ], [ 38.5100359, 10.7172116 ], [ 38.5102612, 10.715994 ], [ 38.5106474, 10.714982 ], [ 38.5111678, 10.7138277 ], [ 38.5113877, 10.7128473 ], [ 38.5115272, 10.7114347 ], [ 38.5118383, 10.709574 ], [ 38.5119027, 10.7077186 ], [ 38.5121173, 10.706559 ], [ 38.5123962, 10.7056682 ], [ 38.5126322, 10.7051148 ], [ 38.5130882, 10.7045139 ], [ 38.5141128, 10.703934 ], [ 38.5146278, 10.703291 ], [ 38.515014, 10.7025425 ], [ 38.5153413, 10.7009559 ], [ 38.5159367, 10.6993851 ], [ 38.5167789, 10.6977273 ], [ 38.5172752, 10.6967758 ], [ 38.5177311, 10.696254 ], [ 38.517994, 10.6960089 ], [ 38.5181335, 10.6956478 ], [ 38.5182729, 10.6948676 ], [ 38.5184044, 10.6938029 ], [ 38.518222, 10.6924745 ], [ 38.5178357, 10.6912726 ], [ 38.5174173, 10.6906454 ], [ 38.516897, 10.6903396 ], [ 38.5163122, 10.6900708 ], [ 38.5146439, 10.6897387 ], [ 38.5135388, 10.6892168 ], [ 38.5120958, 10.6882838 ], [ 38.5108459, 10.686966 ], [ 38.5096013, 10.6854214 ], [ 38.5091454, 10.6837662 ], [ 38.5091883, 10.6816787 ], [ 38.5094887, 10.680324 ], [ 38.5100573, 10.679412 ], [ 38.5107064, 10.6784737 ], [ 38.511157, 10.6775564 ], [ 38.5113823, 10.6761542 ], [ 38.5113716, 10.6747309 ], [ 38.5112992, 10.6736027 ], [ 38.5109076, 10.6722532 ], [ 38.510052, 10.6706585 ], [ 38.5088369, 10.6689426 ], [ 38.5064793, 10.6663489 ], [ 38.5039419, 10.6641612 ], [ 38.5012811, 10.6623582 ], [ 38.4992534, 10.6606607 ], [ 38.4981912, 10.659348 ], [ 38.4972203, 10.6574976 ], [ 38.4966409, 10.6557842 ], [ 38.4957719, 10.6525314 ], [ 38.4953588, 10.6504753 ], [ 38.4952837, 10.6501168 ], [ 38.4951013, 10.649558 ], [ 38.494876, 10.6491046 ], [ 38.4943718, 10.648298 ], [ 38.4935939, 10.6471118 ], [ 38.4930897, 10.6464106 ], [ 38.4921938, 10.6452296 ], [ 38.4904075, 10.6438589 ], [ 38.4864056, 10.6419557 ], [ 38.4831011, 10.6408485 ], [ 38.48176, 10.6402633 ], [ 38.4806898, 10.6397519 ], [ 38.4804431, 10.6394962 ], [ 38.480258, 10.6392036 ], [ 38.4801668, 10.6388556 ], [ 38.4801775, 10.6383601 ], [ 38.4802231, 10.638078 ], [ 38.4803465, 10.6378117 ], [ 38.4809581, 10.6369893 ], [ 38.4810707, 10.6369049 ], [ 38.4812182, 10.6367757 ], [ 38.4813979, 10.6365964 ], [ 38.4817761, 10.6360824 ], [ 38.4818807, 10.6357476 ], [ 38.481874, 10.6356369 ], [ 38.4818432, 10.6354787 ], [ 38.4816259, 10.6352231 ], [ 38.480714, 10.6347169 ], [ 38.4792173, 10.633615 ], [ 38.4785682, 10.6329138 ], [ 38.4778386, 10.6319015 ], [ 38.4767738, 10.6308286 ], [ 38.4762105, 10.6302671 ], [ 38.4755748, 10.6297952 ], [ 38.4752879, 10.6293418 ], [ 38.4751779, 10.6287144 ], [ 38.475312, 10.6269297 ], [ 38.4753066, 10.6244938 ], [ 38.4752369, 10.6224903 ], [ 38.474915, 10.6203813 ], [ 38.4745288, 10.6179242 ], [ 38.4740406, 10.6150823 ], [ 38.4734827, 10.6124829 ], [ 38.4733272, 10.6111015 ], [ 38.4734291, 10.6100838 ], [ 38.4734881, 10.6086707 ], [ 38.4734928, 10.6078537 ], [ 38.4734988, 10.6068042 ], [ 38.4732199, 10.6044156 ], [ 38.4726191, 10.6021219 ], [ 38.4724581, 10.6016316 ], [ 38.4723884, 10.6011623 ], [ 38.4723294, 10.6006719 ], [ 38.4724206, 10.5999917 ], [ 38.4724152, 10.5994381 ], [ 38.4721577, 10.5986471 ], [ 38.4715944, 10.5974449 ], [ 38.4711438, 10.5971127 ], [ 38.4706664, 10.5969862 ], [ 38.4697437, 10.5969492 ], [ 38.4686494, 10.5968332 ], [ 38.4679681, 10.5967225 ], [ 38.4673405, 10.5966118 ], [ 38.4668577, 10.5965221 ], [ 38.4664285, 10.5963956 ], [ 38.4660047, 10.596211 ], [ 38.465125, 10.5954465 ], [ 38.4646583, 10.5949613 ], [ 38.4644544, 10.5944921 ], [ 38.4644437, 10.5938329 ], [ 38.4645241, 10.5930947 ], [ 38.4646797, 10.5927625 ], [ 38.4650499, 10.5925621 ], [ 38.4654951, 10.5923723 ], [ 38.4658652, 10.5920401 ], [ 38.466112, 10.5916552 ], [ 38.4664822, 10.5911226 ], [ 38.4667772, 10.5902895 ], [ 38.4669864, 10.5892876 ], [ 38.467024, 10.5884597 ], [ 38.4669596, 10.5877531 ], [ 38.4667128, 10.5862292 ], [ 38.4663963, 10.5845893 ], [ 38.4662944, 10.5826435 ], [ 38.4663427, 10.5820265 ], [ 38.4669435, 10.5809191 ], [ 38.4674585, 10.5797168 ], [ 38.4684777, 10.5780189 ], [ 38.4695721, 10.5766794 ], [ 38.4705377, 10.5752346 ], [ 38.4715783, 10.5738951 ], [ 38.4721255, 10.5723026 ], [ 38.4715354, 10.5703093 ], [ 38.4706449, 10.5692862 ], [ 38.4702909, 10.5686956 ], [ 38.469969, 10.5674933 ], [ 38.4696686, 10.5656581 ], [ 38.469497, 10.5636858 ], [ 38.4695291, 10.5625045 ], [ 38.4695506, 10.5611651 ], [ 38.4693253, 10.5603108 ], [ 38.468864, 10.5590978 ], [ 38.4679305, 10.557347 ], [ 38.4672654, 10.5554063 ], [ 38.4668791, 10.5541301 ], [ 38.4666538, 10.5532652 ], [ 38.4666645, 10.5522843 ], [ 38.4669649, 10.5515038 ], [ 38.4676731, 10.5508182 ], [ 38.46807, 10.5503963 ], [ 38.4682739, 10.5494787 ], [ 38.4680968, 10.5483079 ], [ 38.4680164, 10.5469684 ], [ 38.4682202, 10.54517 ], [ 38.4686655, 10.5439676 ], [ 38.4693468, 10.5426966 ], [ 38.4699798, 10.5415627 ], [ 38.4709722, 10.5398065 ], [ 38.4718358, 10.5387411 ], [ 38.4722802, 10.5379697 ], [ 38.4725386, 10.5369322 ], [ 38.4726781, 10.5346116 ], [ 38.4727049, 10.5316213 ], [ 38.4723937, 10.5288893 ], [ 38.4721684, 10.5272754 ], [ 38.4724367, 10.5262417 ], [ 38.4729302, 10.5252501 ], [ 38.4738743, 10.5242902 ], [ 38.4751403, 10.5231827 ], [ 38.4772861, 10.5223071 ], [ 38.4793031, 10.5214211 ], [ 38.4810519, 10.5204401 ], [ 38.4822321, 10.519765 ], [ 38.4832621, 10.5187945 ], [ 38.4838092, 10.5175498 ], [ 38.4840989, 10.516189 ], [ 38.4837448, 10.5147016 ], [ 38.4830797, 10.5123176 ], [ 38.4827471, 10.5109463 ], [ 38.4824896, 10.5089842 ], [ 38.482672, 10.5077605 ], [ 38.4828919, 10.5066687 ], [ 38.4829187, 10.5060094 ], [ 38.4828114, 10.5055347 ], [ 38.4819853, 10.5044587 ], [ 38.4807837, 10.5030768 ], [ 38.4801453, 10.502101 ], [ 38.4801614, 10.5012518 ], [ 38.4805155, 10.5001758 ], [ 38.4816688, 10.4977916 ], [ 38.4825218, 10.4958822 ], [ 38.4834123, 10.4932343 ], [ 38.4854025, 10.4896422 ], [ 38.4864485, 10.4879701 ], [ 38.4874892, 10.486567 ], [ 38.4882831, 10.4859552 ], [ 38.4890771, 10.4855806 ], [ 38.489694, 10.4852694 ], [ 38.4899676, 10.4850162 ], [ 38.4901339, 10.4845731 ], [ 38.4903431, 10.4826953 ], [ 38.4903109, 10.4801211 ], [ 38.4899676, 10.4772727 ], [ 38.4888303, 10.4738861 ], [ 38.4874463, 10.4714912 ], [ 38.4856331, 10.4688537 ], [ 38.4848821, 10.4674822 ], [ 38.4840774, 10.4657097 ], [ 38.4837931, 10.4646863 ], [ 38.4837878, 10.4640164 ], [ 38.4838253, 10.4634994 ], [ 38.4840238, 10.4627609 ], [ 38.4843135, 10.46217 ], [ 38.4846353, 10.461806 ], [ 38.4852308, 10.4614737 ], [ 38.4861696, 10.4610042 ], [ 38.4865129, 10.4606402 ], [ 38.4865397, 10.460292 ], [ 38.4864753, 10.4599492 ], [ 38.4861588, 10.4595377 ], [ 38.4853381, 10.458873 ], [ 38.4850695, 10.4586239 ], [ 38.4845871, 10.4581767 ], [ 38.4840614, 10.4573695 ], [ 38.4831011, 10.4552488 ], [ 38.48279, 10.4543362 ], [ 38.4826988, 10.4537981 ], [ 38.4827256, 10.4531229 ], [ 38.4828544, 10.4524318 ], [ 38.4831762, 10.4512554 ], [ 38.4834498, 10.450079 ], [ 38.4838629, 10.4482537 ], [ 38.4841794, 10.4465971 ], [ 38.4842169, 10.4457109 ], [ 38.4843135, 10.4452097 ], [ 38.484512, 10.4447718 ], [ 38.4849036, 10.4442706 ], [ 38.4852737, 10.4440121 ], [ 38.4857458, 10.4438908 ], [ 38.4863681, 10.4438486 ], [ 38.4872103, 10.4439277 ], [ 38.487972, 10.4437273 ], [ 38.4884655, 10.4434371 ], [ 38.4888625, 10.4429623 ], [ 38.4894419, 10.4417067 ], [ 38.4895599, 10.4409365 ], [ 38.4895599, 10.4401452 ], [ 38.488841, 10.4380666 ], [ 38.4884012, 10.4368004 ], [ 38.4881651, 10.4356397 ], [ 38.4880793, 10.4335611 ], [ 38.4878111, 10.4299103 ], [ 38.4874141, 10.4270719 ], [ 38.4872317, 10.4262067 ], [ 38.486942, 10.4256738 ], [ 38.4857941, 10.4242757 ], [ 38.4847748, 10.4228407 ], [ 38.4844851, 10.4222814 ], [ 38.4843671, 10.4217433 ], [ 38.4843135, 10.4210047 ], [ 38.4843993, 10.4199389 ], [ 38.4847319, 10.4186199 ], [ 38.4850109, 10.4174276 ], [ 38.4850645, 10.4163196 ], [ 38.484925, 10.4147051 ], [ 38.4846675, 10.4124892 ], [ 38.4846568, 10.4102416 ], [ 38.485322, 10.4060417 ], [ 38.486191, 10.4033931 ], [ 38.4865987, 10.4024117 ], [ 38.4869099, 10.4020635 ], [ 38.4872961, 10.4018419 ], [ 38.4879935, 10.4015306 ], [ 38.4887794, 10.4011903 ], [ 38.4890959, 10.4010029 ], [ 38.4894365, 10.4006705 ], [ 38.489812, 10.4001007 ], [ 38.4912765, 10.3976842 ], [ 38.4915984, 10.3967608 ], [ 38.4915876, 10.3963651 ], [ 38.491475, 10.3960063 ], [ 38.4912014, 10.3955472 ], [ 38.4908044, 10.3948877 ], [ 38.490622, 10.3942862 ], [ 38.4904933, 10.3936425 ], [ 38.4905147, 10.3930884 ], [ 38.490386, 10.3910254 ], [ 38.4899032, 10.3878489 ], [ 38.4897423, 10.3865192 ], [ 38.4897745, 10.3856328 ], [ 38.4899247, 10.3845247 ], [ 38.4899032, 10.3838704 ], [ 38.4895921, 10.38329 ], [ 38.4889698, 10.3823086 ], [ 38.4885299, 10.3813693 ], [ 38.4881866, 10.3801663 ], [ 38.4880847, 10.3787521 ], [ 38.4881061, 10.3778498 ], [ 38.4882402, 10.377148 ], [ 38.4885728, 10.3763882 ], [ 38.492521, 10.3727578 ], [ 38.4942269, 10.3716391 ], [ 38.4952676, 10.3709109 ], [ 38.4959757, 10.3701089 ], [ 38.4962225, 10.3694334 ], [ 38.4962118, 10.3688002 ], [ 38.4961259, 10.3682198 ], [ 38.4951818, 10.3676393 ], [ 38.4940767, 10.367291 ], [ 38.4929502, 10.3670905 ], [ 38.4918237, 10.3670905 ], [ 38.4906757, 10.367386 ], [ 38.4895706, 10.3680403 ], [ 38.4881866, 10.3691696 ], [ 38.4870064, 10.3702355 ], [ 38.4862447, 10.3707948 ], [ 38.4853649, 10.3710376 ], [ 38.4842169, 10.3709215 ], [ 38.4828865, 10.3705204 ], [ 38.4813738, 10.3698239 ], [ 38.4803224, 10.369064 ], [ 38.4795177, 10.3681459 ], [ 38.4788525, 10.3667739 ], [ 38.4785628, 10.3654547 ], [ 38.4784126, 10.3642199 ], [ 38.4784877, 10.3628901 ], [ 38.4790885, 10.3607477 ], [ 38.4803438, 10.3583308 ], [ 38.4819424, 10.3560406 ], [ 38.483026, 10.3550063 ], [ 38.4843564, 10.3544258 ], [ 38.4860515, 10.3538348 ], [ 38.4868026, 10.3533282 ], [ 38.4871888, 10.3526105 ], [ 38.4873497, 10.3519403 ], [ 38.4873068, 10.3513651 ], [ 38.4871781, 10.3508057 ], [ 38.4869474, 10.3504152 ], [ 38.4866416, 10.3501778 ], [ 38.4861267, 10.3499508 ], [ 38.4854776, 10.3496975 ], [ 38.4849089, 10.3493493 ], [ 38.4845844, 10.3490696 ], [ 38.4842692, 10.3486975 ], [ 38.4832942, 10.3471645 ], [ 38.4825057, 10.3456552 ], [ 38.4803063, 10.3432172 ], [ 38.4793782, 10.3422198 ], [ 38.4787077, 10.3410799 ], [ 38.47808, 10.3399294 ], [ 38.4778333, 10.3392117 ], [ 38.4776938, 10.338304 ], [ 38.4776992, 10.3370638 ], [ 38.4778655, 10.3359661 ], [ 38.4781176, 10.3355281 ], [ 38.4783214, 10.3352379 ], [ 38.4784824, 10.3348526 ], [ 38.4786218, 10.3344779 ], [ 38.4787899, 10.3338005 ], [ 38.4791958, 10.3307626 ], [ 38.4793782, 10.3273111 ], [ 38.4793782, 10.3247146 ], [ 38.4790778, 10.3222025 ], [ 38.4787667, 10.3206614 ], [ 38.4782624, 10.3198275 ], [ 38.4775972, 10.3188828 ], [ 38.4768784, 10.3182178 ], [ 38.4762937, 10.3178642 ], [ 38.4755695, 10.3174843 ], [ 38.4745985, 10.317252 ], [ 38.4739011, 10.3172309 ], [ 38.4733003, 10.3171676 ], [ 38.4723374, 10.3168852 ], [ 38.4716052, 10.3164604 ], [ 38.4708059, 10.315674 ], [ 38.4702372, 10.3149193 ], [ 38.4698832, 10.3141012 ], [ 38.4695935, 10.3130035 ], [ 38.4693682, 10.3119479 ], [ 38.4692717, 10.3109188 ], [ 38.4693789, 10.3099054 ], [ 38.4695828, 10.3087021 ], [ 38.4698135, 10.3074776 ], [ 38.4700924, 10.3062954 ], [ 38.4705913, 10.3052451 ], [ 38.471337, 10.3041737 ], [ 38.4724152, 10.3029175 ], [ 38.4736168, 10.3016719 ], [ 38.4748292, 10.3006955 ], [ 38.4752476, 10.3003049 ], [ 38.4754407, 10.299983 ], [ 38.4756392, 10.299413 ], [ 38.4756178, 10.2988641 ], [ 38.4754622, 10.2982782 ], [ 38.475033, 10.2975287 ], [ 38.4744966, 10.2968531 ], [ 38.4738421, 10.2963412 ], [ 38.4730804, 10.2959295 ], [ 38.472029, 10.2955759 ], [ 38.4712726, 10.2954492 ], [ 38.4704786, 10.2954175 ], [ 38.4689552, 10.295597 ], [ 38.46807, 10.2958134 ], [ 38.4667236, 10.2962462 ], [ 38.4659833, 10.2963306 ], [ 38.4652913, 10.2962778 ], [ 38.4645671, 10.2961406 ], [ 38.4635478, 10.2957923 ], [ 38.4626359, 10.2952275 ], [ 38.4618688, 10.2945202 ], [ 38.461107, 10.2934171 ], [ 38.4607905, 10.2929579 ], [ 38.4606188, 10.2924987 ], [ 38.460592, 10.292087 ], [ 38.4606349, 10.2915276 ], [ 38.460812, 10.2910736 ], [ 38.461284, 10.2903928 ], [ 38.4615523, 10.2899177 ], [ 38.4616488, 10.2895219 ], [ 38.4617239, 10.288936 ] ], [ [ 38.5217015, 10.8749147 ], [ 38.5230675, 10.8742151 ], [ 38.5238337, 10.8744483 ], [ 38.5244667, 10.8740485 ], [ 38.5258234, 10.8740707 ], [ 38.5262954, 10.8740996 ] ] ] } }
]
}
