{
"type": "FeatureCollection",
"name": "D_A_Single_Lane",
"crs": { "type": "name", "properties": { "name": "urn:ogc:def:crs:OGC:1.3:CRS84" } },
"features": [
{ "type": "Feature", "properties": { "osm_id": "323505635", "code": "6101", "fclass": "rail", "name": "Addis Ababa – Djibouti Railway", "layer": 0, "bridge": "F", "tunnel": "F", "path": "F:\\AnimationData\\Rail\\EthioDjibouti\\Ethiopia_Rail.shp" }, "geometry": { "type": "MultiLineString", "coordinates": [ [ [ 40.7634326, 9.2259203 ], [ 40.7614765, 9.2239409 ], [ 40.760409, 9.2229931 ], [ 40.7592536, 9.2220605 ], [ 40.7586918, 9.2216558 ], [ 40.7580931, 9.2212362 ], [ 40.7569246, 9.220472 ], [ 40.7555823, 9.2197084 ], [ 40.754052, 9.2189064 ], [ 40.7526059, 9.2182625 ], [ 40.7510122, 9.217676 ], [ 40.7501015, 9.2173756 ], [ 40.7490706, 9.2170994 ] ] ] } },
{ "type": "Feature", "properties": { "osm_id": "352438087", "code": "6101", "fclass": "rail", "name": "Addis Ababa – Djibouti Railway", "layer": 0, "bridge": "F", "tunnel": "F", "path": "F:\\AnimationData\\Rail\\EthioDjibouti\\Ethiopia_Rail.shp" }, "geometry": { "type": "MultiLineString", "coordinates": [ [ [ 39.6218544, 8.9032928 ], [ 39.6228233, 8.9044097 ], [ 39.633852, 8.9165296 ], [ 39.6347394, 8.9174811 ], [ 39.6349258, 8.9176735 ], [ 39.6355316, 8.9182636 ], [ 39.6363899, 8.9191066 ], [ 39.6374603, 8.9200487 ], [ 39.6396415, 8.9218737 ], [ 39.6436035, 8.9251023 ], [ 39.6653705, 8.9430435 ], [ 39.6660441, 8.9435805 ], [ 39.6670755, 8.9443627 ], [ 39.6675656, 8.9447254 ], [ 39.6683746, 8.9452838 ], [ 39.66893, 8.9456419 ], [ 39.6693874, 8.9459087 ], [ 39.6701665, 8.946364 ], [ 39.6706076, 8.9466167 ], [ 39.6711999, 8.9469304 ], [ 39.672196, 8.9474301 ], [ 39.6729585, 8.9477739 ], [ 39.6734981, 8.9480165 ], [ 39.6742592, 8.9483296 ], [ 39.6757865, 8.9488716 ], [ 39.6777112, 8.9494286 ], [ 39.6785524, 8.9496382 ], [ 39.6796524, 8.9498734 ], [ 39.6990773, 8.9537904 ], [ 39.7000823, 8.953976 ], [ 39.7009127, 8.9541129 ], [ 39.701816, 8.9542312 ], [ 39.7023783, 8.954288 ], [ 39.7031379, 8.9543597 ], [ 39.7038694, 8.9544118 ], [ 39.7069465, 8.9545315 ], [ 39.7313782, 8.9554112 ], [ 39.7801448, 8.9571457 ], [ 39.7811477, 8.9571659 ], [ 39.7821825, 8.9571665 ], [ 39.7838748, 8.9570725 ], [ 39.7850947, 8.9569489 ], [ 39.7861144, 8.9568132 ], [ 39.787577, 8.9565568 ], [ 39.7887577, 8.9562894 ], [ 39.7898813, 8.9560123 ], [ 39.7911385, 8.9556461 ], [ 39.7929854, 8.9549826 ], [ 39.7948156, 8.9541992 ], [ 39.796616, 8.9532949 ], [ 39.7987424, 8.952081 ], [ 39.8000363, 8.9513929 ], [ 39.8393964, 8.9290872 ], [ 39.8409093, 8.9283373 ], [ 39.8423169, 8.927765 ], [ 39.8439158, 8.9271883 ], [ 39.8447086, 8.9269313 ], [ 39.8451635, 8.9267824 ], [ 39.8456081, 8.9266565 ], [ 39.8473351, 8.9262065 ], [ 39.8500675, 8.9256053 ], [ 39.89056, 8.9168843 ], [ 39.8998613, 8.9148655 ], [ 39.9003832, 8.9147694 ], [ 39.9009052, 8.9146959 ], [ 39.901366, 8.9146526 ], [ 39.9018618, 8.9146084 ], [ 39.9043204, 8.9146031 ], [ 39.9047502, 8.9145967 ], [ 39.9051215, 8.9145798 ], [ 39.9058245, 8.914479 ], [ 39.9066468, 8.9143312 ], [ 39.9073798, 8.9141686 ] ] ] } },
{ "type": "Feature", "properties": { "osm_id": "371569559", "code": "6101", "fclass": "rail", "name": "Addis Ababa – Djibouti Railway", "layer": 1, "bridge": "T", "tunnel": "F", "path": "F:\\AnimationData\\Rail\\EthioDjibouti\\Ethiopia_Rail.shp" }, "geometry": { "type": "MultiLineString", "coordinates": [ [ [ 42.6276914, 11.0393987 ], [ 42.6277085, 11.038033 ] ] ] } },
{ "type": "Feature", "properties": { "osm_id": "371569560", "code": "6101", "fclass": "rail", "name": "Addis Ababa – Djibouti Railway", "layer": 0, "bridge": "F", "tunnel": "F", "path": "F:\\AnimationData\\Rail\\EthioDjibouti\\Ethiopia_Rail.shp" }, "geometry": { "type": "MultiLineString", "coordinates": [ [ [ 42.6277085, 11.038033 ], [ 42.6276825, 11.036105 ], [ 42.6277168, 11.034727 ] ] ] } },
{ "type": "Feature", "properties": { "osm_id": "371569562", "code": "6101", "fclass": "rail", "name": "Addis Ababa – Djibouti Railway", "layer": 0, "bridge": "F", "tunnel": "F", "path": "F:\\AnimationData\\Rail\\EthioDjibouti\\Ethiopia_Rail.shp" }, "geometry": { "type": "MultiLineString", "coordinates": [ [ [ 42.6354904, 11.0073813 ], [ 42.6355077, 11.0067142 ], [ 42.6354011, 11.0051613 ], [ 42.6353127, 11.0041837 ], [ 42.635334, 11.0037279 ], [ 42.6353394, 11.0032524 ], [ 42.635413, 11.0025548 ], [ 42.6355837, 11.0017945 ], [ 42.6357869, 11.0011062 ], [ 42.6365384, 10.9992223 ], [ 42.6368319, 10.9982513 ], [ 42.6369981, 10.9974689 ], [ 42.6370394, 10.9967357 ], [ 42.6370013, 10.9959612 ], [ 42.6369121, 10.9952757 ], [ 42.6367491, 10.9946584 ], [ 42.6361632, 10.9926672 ], [ 42.6359765, 10.9919089 ], [ 42.6358642, 10.9913228 ], [ 42.635812, 10.9907411 ], [ 42.6357852, 10.9903549 ], [ 42.6358012, 10.9899478 ], [ 42.6359711, 10.9886863 ], [ 42.6360646, 10.9881157 ], [ 42.6361776, 10.9877656 ], [ 42.6372969, 10.9844467 ], [ 42.6375164, 10.9836284 ], [ 42.6377371, 10.9822226 ], [ 42.6380192, 10.9804786 ], [ 42.6381764, 10.9798485 ], [ 42.6386007, 10.9783631 ], [ 42.6391268, 10.9764773 ], [ 42.6395687, 10.9747552 ], [ 42.6406211, 10.9711183 ], [ 42.6407328, 10.9706633 ], [ 42.6408242, 10.9699972 ], [ 42.6408633, 10.9694158 ], [ 42.6408601, 10.9688554 ], [ 42.6407732, 10.9681513 ], [ 42.6405547, 10.9668675 ], [ 42.6404782, 10.9661534 ], [ 42.6403927, 10.9652287 ], [ 42.6404377, 10.9644553 ], [ 42.6404822, 10.9639947 ], [ 42.640565, 10.9635054 ], [ 42.6408412, 10.9624538 ], [ 42.6411009, 10.9613457 ], [ 42.6413655, 10.9602884 ], [ 42.6414895, 10.9593221 ] ] ] } },
{ "type": "Feature", "properties": { "osm_id": "371572601", "code": "6101", "fclass": "rail", "name": "Addis Ababa – Djibouti Railway", "layer": 0, "bridge": "F", "tunnel": "F", "path": "F:\\AnimationData\\Rail\\EthioDjibouti\\Ethiopia_Rail.shp" }, "geometry": { "type": "MultiLineString", "coordinates": [ [ [ 42.6369095, 10.9068074 ], [ 42.636303, 10.9062414 ], [ 42.6358151, 10.9056696 ], [ 42.6354401, 10.9051512 ], [ 42.6350936, 10.9045634 ] ] ] } },
{ "type": "Feature", "properties": { "osm_id": "371578488", "code": "6101", "fclass": "rail", "name": "Addis Ababa – Djibouti Railway", "layer": 0, "bridge": "F", "tunnel": "F", "path": "F:\\AnimationData\\Rail\\EthioDjibouti\\Ethiopia_Rail.shp" }, "geometry": { "type": "MultiLineString", "coordinates": [ [ [ 41.9965504, 10.1123681 ], [ 41.995052, 10.1096224 ], [ 41.9945258, 10.1086877 ], [ 41.993952, 10.1074651 ], [ 41.9929758, 10.1050414 ], [ 41.9447847, 9.983825 ], [ 41.9445951, 9.983348 ], [ 41.9411202, 9.9746092 ], [ 41.9409676, 9.9742254 ], [ 41.9405587, 9.9731972 ], [ 41.9399777, 9.9717189 ], [ 41.9395546, 9.9707696 ], [ 41.9388433, 9.9696564 ], [ 41.9381866, 9.9688049 ], [ 41.9374599, 9.9679487 ], [ 41.9364361, 9.9671085 ], [ 41.9353172, 9.9662172 ], [ 41.9300602, 9.9621094 ] ] ] } },
{ "type": "Feature", "properties": { "osm_id": "371578490", "code": "6101", "fclass": "rail", "name": "Addis Ababa – Djibouti Railway", "layer": 0, "bridge": "F", "tunnel": "F", "path": "F:\\AnimationData\\Rail\\EthioDjibouti\\Ethiopia_Rail.shp" }, "geometry": { "type": "MultiLineString", "coordinates": [ [ [ 41.9285989, 9.9609553 ], [ 41.9203692, 9.9544713 ], [ 41.9190336, 9.9534093 ], [ 41.9177055, 9.952221 ], [ 41.9166242, 9.9510685 ], [ 41.9156406, 9.9498857 ], [ 41.9147045, 9.9485365 ], [ 41.9136417, 9.9467585 ], [ 41.9129016, 9.9452869 ], [ 41.9124748, 9.9442137 ], [ 41.9121786, 9.943404 ], [ 41.9115347, 9.941749 ], [ 41.910397, 9.938902 ], [ 41.9085069, 9.9337699 ], [ 41.9066386, 9.9288743 ], [ 41.904776, 9.9240546 ], [ 41.900581, 9.913049 ], [ 41.8973699, 9.904693 ], [ 41.8930345, 9.8933274 ], [ 41.8873834, 9.8785196 ], [ 41.8842103, 9.8703035 ], [ 41.8784197, 9.855125 ], [ 41.8765881, 9.850348 ], [ 41.8757181, 9.8480919 ] ] ] } },
{ "type": "Feature", "properties": { "osm_id": "371578492", "code": "6101", "fclass": "rail", "name": "Addis Ababa – Djibouti Railway", "layer": 0, "bridge": "T", "tunnel": "F", "path": "F:\\AnimationData\\Rail\\EthioDjibouti\\Ethiopia_Rail.shp" }, "geometry": { "type": "MultiLineString", "coordinates": [ [ [ 41.8705464, 9.74201 ], [ 41.8700679, 9.7414884 ] ] ] } },
{ "type": "Feature", "properties": { "osm_id": "371578494", "code": "6101", "fclass": "rail", "name": "Addis Ababa – Djibouti Railway", "layer": 0, "bridge": "F", "tunnel": "F", "path": "F:\\AnimationData\\Rail\\EthioDjibouti\\Ethiopia_Rail.shp" }, "geometry": { "type": "MultiLineString", "coordinates": [ [ [ 41.8700679, 9.7414884 ], [ 41.8692655, 9.7405988 ], [ 41.8687008, 9.7398644 ], [ 41.868474, 9.7394877 ], [ 41.8682069, 9.7389364 ], [ 41.8677652, 9.7378859 ], [ 41.867554, 9.736788 ], [ 41.8674989, 9.7358582 ], [ 41.8676014, 9.7346255 ], [ 41.8678651, 9.7333122 ], [ 41.8686567, 9.729428 ], [ 41.868877, 9.728344 ], [ 41.8690026, 9.7274609 ], [ 41.8690557, 9.7266002 ], [ 41.8691039, 9.718268 ], [ 41.869078, 9.716474 ], [ 41.8690091, 9.7156582 ], [ 41.8688566, 9.7148543 ], [ 41.8685699, 9.7137251 ], [ 41.8685193, 9.7135144 ], [ 41.8680624, 9.7124463 ], [ 41.8675407, 9.7115072 ], [ 41.8669772, 9.7106974 ], [ 41.8659956, 9.709595 ], [ 41.8650245, 9.70871 ], [ 41.8638698, 9.707881 ], [ 41.837501, 9.6901913 ] ] ] } },
{ "type": "Feature", "properties": { "osm_id": "375709842", "code": "6101", "fclass": "rail", "name": "Addis Ababa – Djibouti Railway", "layer": 0, "bridge": "F", "tunnel": "F", "path": "F:\\AnimationData\\Rail\\EthioDjibouti\\Ethiopia_Rail.shp" }, "geometry": { "type": "MultiLineString", "coordinates": [ [ [ 38.5919106, 8.897381 ], [ 38.5923977, 8.8975074 ], [ 38.593102, 8.8977398 ], [ 38.5936926, 8.8979658 ], [ 38.5943465, 8.8982466 ], [ 38.5993556, 8.9006698 ], [ 38.6000774, 8.9010015 ], [ 38.6008358, 8.9013085 ], [ 38.6015082, 8.9015539 ], [ 38.6019653, 8.9017101 ], [ 38.6024286, 8.9018399 ], [ 38.602873, 8.9019448 ], [ 38.6034211, 8.9020592 ], [ 38.6040606, 8.9021781 ], [ 38.6047409, 8.9022664 ], [ 38.6051292, 8.902302 ], [ 38.6056038, 8.9023309 ], [ 38.6063945, 8.9023576 ], [ 38.6114701, 8.9023795 ], [ 38.6122518, 8.9024039 ], [ 38.6130172, 8.9024447 ], [ 38.6136216, 8.9025028 ], [ 38.6143126, 8.9026115 ], [ 38.6147925, 8.9026973 ], [ 38.6150998, 8.9027549 ], [ 38.6155697, 8.9028749 ], [ 38.6162138, 8.9030562 ], [ 38.6168289, 8.9032655 ], [ 38.6173081, 8.9034486 ], [ 38.6177323, 8.9036251 ], [ 38.6182007, 8.9038503 ], [ 38.6186336, 8.9040625 ], [ 38.6191045, 8.9043057 ], [ 38.6210184, 8.9053316 ], [ 38.6309818, 8.9106954 ] ] ] } },
{ "type": "Feature", "properties": { "osm_id": "378326772", "code": "6101", "fclass": "rail", "name": "Addis Ababa – Djibouti Railway", "layer": 0, "bridge": "F", "tunnel": "F", "path": "F:\\AnimationData\\Rail\\EthioDjibouti\\Ethiopia_Rail.shp" }, "geometry": { "type": "MultiLineString", "coordinates": [ [ [ 41.5794658, 9.6052138 ], [ 41.5703316, 9.6026617 ], [ 41.5695709, 9.6024385 ], [ 41.5688176, 9.6021422 ], [ 41.5675156, 9.6014555 ], [ 41.5652225, 9.6000051 ], [ 41.5644564, 9.5995469 ], [ 41.5636557, 9.5991689 ], [ 41.5630676, 9.5989214 ], [ 41.562259, 9.5986614 ], [ 41.5614144, 9.5984348 ], [ 41.560423, 9.5982281 ], [ 41.556854, 9.5975036 ] ] ] } },
{ "type": "Feature", "properties": { "osm_id": "378326773", "code": "6101", "fclass": "rail", "name": "Addis Ababa – Djibouti Railway", "layer": 0, "bridge": "T", "tunnel": "F", "path": "F:\\AnimationData\\Rail\\EthioDjibouti\\Ethiopia_Rail.shp" }, "geometry": { "type": "MultiLineString", "coordinates": [ [ [ 41.6014556, 9.6120293 ], [ 41.6004872, 9.611723 ] ] ] } },
{ "type": "Feature", "properties": { "osm_id": "378326774", "code": "6101", "fclass": "rail", "name": "Addis Ababa – Djibouti Railway", "layer": 0, "bridge": "T", "tunnel": "F", "path": "F:\\AnimationData\\Rail\\EthioDjibouti\\Ethiopia_Rail.shp" }, "geometry": { "type": "MultiLineString", "coordinates": [ [ [ 41.556854, 9.5975036 ], [ 41.5562629, 9.5973836 ] ] ] } },
{ "type": "Feature", "properties": { "osm_id": "378326775", "code": "6101", "fclass": "rail", "name": "Addis Ababa – Djibouti Railway", "layer": 1, "bridge": "T", "tunnel": "F", "path": "F:\\AnimationData\\Rail\\EthioDjibouti\\Ethiopia_Rail.shp" }, "geometry": { "type": "MultiLineString", "coordinates": [ [ [ 41.5799606, 9.6053421 ], [ 41.5794658, 9.6052138 ] ] ] } },
{ "type": "Feature", "properties": { "osm_id": "378326776", "code": "6101", "fclass": "rail", "name": "Addis Ababa – Djibouti Railway", "layer": 0, "bridge": "F", "tunnel": "F", "path": "F:\\AnimationData\\Rail\\EthioDjibouti\\Ethiopia_Rail.shp" }, "geometry": { "type": "MultiLineString", "coordinates": [ [ [ 41.5562629, 9.5973836 ], [ 41.5386753, 9.5938447 ], [ 41.5379436, 9.5937272 ], [ 41.5373855, 9.5936864 ], [ 41.5366962, 9.5936984 ], [ 41.536043, 9.5937639 ], [ 41.5354215, 9.5939007 ], [ 41.5348038, 9.5940679 ], [ 41.53391, 9.5944073 ], [ 41.5307134, 9.595848 ], [ 41.5288749, 9.5966912 ], [ 41.527982, 9.5971406 ], [ 41.5271388, 9.5975905 ], [ 41.5255308, 9.5985934 ], [ 41.5208202, 9.6018444 ], [ 41.5201233, 9.602242 ], [ 41.519362, 9.602549 ], [ 41.5189042, 9.602701 ], [ 41.518348, 9.602831 ], [ 41.5174983, 9.6029272 ], [ 41.516674, 9.6029408 ], [ 41.515934, 9.6028827 ], [ 41.5150922, 9.6027589 ], [ 41.5112039, 9.6020485 ] ] ] } },
{ "type": "Feature", "properties": { "osm_id": "378326777", "code": "6101", "fclass": "rail", "name": "Addis Ababa – Djibouti Railway", "layer": 0, "bridge": "F", "tunnel": "F", "path": "F:\\AnimationData\\Rail\\EthioDjibouti\\Ethiopia_Rail.shp" }, "geometry": { "type": "MultiLineString", "coordinates": [ [ [ 41.6004872, 9.611723 ], [ 41.5876773, 9.6075431 ], [ 41.5864682, 9.6071303 ], [ 41.5852024, 9.6067645 ], [ 41.5799606, 9.6053421 ] ] ] } },
{ "type": "Feature", "properties": { "osm_id": "385552051", "code": "6101", "fclass": "rail", "name": "Addis Ababa – Djibouti Railway", "layer": 0, "bridge": "F", "tunnel": "F", "path": "F:\\AnimationData\\Rail\\EthioDjibouti\\Ethiopia_Rail.shp" }, "geometry": { "type": "MultiLineString", "coordinates": [ [ [ 41.834191, 9.6863331 ], [ 41.8339826, 9.6856996 ], [ 41.8338397, 9.6849883 ], [ 41.8336069, 9.681927 ], [ 41.8335067, 9.6811751 ], [ 41.8332677, 9.6803325 ], [ 41.8329402, 9.6795054 ], [ 41.8325537, 9.6787894 ], [ 41.8318724, 9.6777647 ], [ 41.805545, 9.6396436 ] ] ] } },
{ "type": "Feature", "properties": { "osm_id": "385552052", "code": "6101", "fclass": "rail", "name": "Addis Ababa – Djibouti Railway", "layer": 1, "bridge": "T", "tunnel": "F", "path": "F:\\AnimationData\\Rail\\EthioDjibouti\\Ethiopia_Rail.shp" }, "geometry": { "type": "MultiLineString", "coordinates": [ [ [ 41.837501, 9.6901913 ], [ 41.8368062, 9.6897163 ], [ 41.8363508, 9.6893545 ], [ 41.8358851, 9.6889469 ], [ 41.8356998, 9.6887493 ], [ 41.8353712, 9.6883774 ], [ 41.8349812, 9.6878868 ], [ 41.8347116, 9.6874658 ], [ 41.8344659, 9.6869863 ], [ 41.834191, 9.6863331 ] ] ] } },
{ "type": "Feature", "properties": { "osm_id": "385555379", "code": "6101", "fclass": "rail", "name": "Addis Ababa – Djibouti Railway", "layer": 0, "bridge": "F", "tunnel": "F", "path": "F:\\AnimationData\\Rail\\EthioDjibouti\\Ethiopia_Rail.shp" }, "geometry": { "type": "MultiLineString", "coordinates": [ [ [ 40.8775425, 9.3172343 ], [ 40.8765477, 9.3162472 ], [ 40.852157, 9.2947924 ], [ 40.8483907, 9.291431 ], [ 40.846906, 9.2902323 ], [ 40.8460269, 9.2895773 ], [ 40.8450109, 9.2888678 ], [ 40.8424039, 9.2872205 ], [ 40.839208, 9.2852169 ] ] ] } },
{ "type": "Feature", "properties": { "osm_id": "385555380", "code": "6101", "fclass": "rail", "name": "Addis Ababa – Djibouti Railway", "layer": 1, "bridge": "T", "tunnel": "F", "path": "F:\\AnimationData\\Rail\\EthioDjibouti\\Ethiopia_Rail.shp" }, "geometry": { "type": "MultiLineString", "coordinates": [ [ [ 40.7678252, 9.2321189 ], [ 40.7669352, 9.2306421 ] ] ] } },
{ "type": "Feature", "properties": { "osm_id": "385559815", "code": "6101", "fclass": "rail", "name": "Addis Ababa – Djibouti Railway", "layer": 1, "bridge": "T", "tunnel": "F", "path": "F:\\AnimationData\\Rail\\EthioDjibouti\\Ethiopia_Rail.shp" }, "geometry": { "type": "MultiLineString", "coordinates": [ [ [ 40.1826771, 9.0286944 ], [ 40.1814675, 9.0279619 ] ] ] } },
{ "type": "Feature", "properties": { "osm_id": "385567322", "code": "6101", "fclass": "rail", "name": "Addis Ababa – Djibouti Railway", "layer": 0, "bridge": "F", "tunnel": "F", "path": "F:\\AnimationData\\Rail\\EthioDjibouti\\Ethiopia_Rail.shp" }, "geometry": { "type": "MultiLineString", "coordinates": [ [ [ 38.7804406, 8.847412 ], [ 38.7847147, 8.8449452 ], [ 38.7853484, 8.8445954 ], [ 38.7858927, 8.8443172 ], [ 38.786333, 8.8441041 ], [ 38.7870247, 8.8438067 ], [ 38.7877368, 8.8435308 ], [ 38.7903093, 8.8426169 ], [ 38.7910807, 8.8423339 ], [ 38.7919805, 8.8419513 ], [ 38.7929061, 8.8414894 ], [ 38.7936778, 8.8410392 ], [ 38.7945758, 8.8404713 ], [ 38.8010818, 8.8362779 ], [ 38.8070956, 8.8324096 ], [ 38.809477, 8.8308399 ], [ 38.810082, 8.8305063 ], [ 38.8106966, 8.8302128 ], [ 38.8113101, 8.8300043 ], [ 38.8119255, 8.8298502 ], [ 38.8125803, 8.8297476 ], [ 38.8131671, 8.8297089 ], [ 38.8138587, 8.8297216 ], [ 38.8145455, 8.8298214 ], [ 38.8152494, 8.8299647 ], [ 38.8223268, 8.8317364 ], [ 38.8233758, 8.8320081 ], [ 38.8242791, 8.8322186 ], [ 38.8252264, 8.8323781 ], [ 38.8263609, 8.8324967 ], [ 38.8270304, 8.8325277 ], [ 38.8275116, 8.8325443 ], [ 38.8279709, 8.8325361 ], [ 38.8327164, 8.8323325 ], [ 38.8336068, 8.8322663 ], [ 38.8341032, 8.8322291 ], [ 38.8347146, 8.8321443 ], [ 38.8353372, 8.8320359 ], [ 38.8359545, 8.8318983 ], [ 38.8370264, 8.8316139 ], [ 38.8379439, 8.8313006 ], [ 38.838864, 8.8309162 ], [ 38.839682, 8.8305648 ], [ 38.8459658, 8.8273689 ], [ 38.8516266, 8.8245046 ], [ 38.852436, 8.8240896 ], [ 38.8533785, 8.8236416 ], [ 38.8541467, 8.8233235 ] ] ] } },
{ "type": "Feature", "properties": { "osm_id": "388753853", "code": "6101", "fclass": "rail", "name": "Addis Ababa – Djibouti Railway", "layer": 0, "bridge": "T", "tunnel": "F", "path": "F:\\AnimationData\\Rail\\EthioDjibouti\\Ethiopia_Rail.shp" }, "geometry": { "type": "MultiLineString", "coordinates": [ [ [ 41.9300602, 9.9621094 ], [ 41.9285989, 9.9609553 ] ] ] } },
{ "type": "Feature", "properties": { "osm_id": "389178529", "code": "6101", "fclass": "rail", "name": "Addis Ababa – Djibouti Railway", "layer": 0, "bridge": "F", "tunnel": "F", "path": "F:\\AnimationData\\Rail\\EthioDjibouti\\Ethiopia_Rail.shp" }, "geometry": { "type": "MultiLineString", "coordinates": [ [ [ 40.7669352, 9.2306421 ], [ 40.7661805, 9.229419 ], [ 40.7653081, 9.2282031 ] ] ] } },
{ "type": "Feature", "properties": { "osm_id": "389178530", "code": "6101", "fclass": "rail", "name": "Addis Ababa – Djibouti Railway", "layer": 1, "bridge": "T", "tunnel": "F", "path": "F:\\AnimationData\\Rail\\EthioDjibouti\\Ethiopia_Rail.shp" }, "geometry": { "type": "MultiLineString", "coordinates": [ [ [ 40.7653081, 9.2282031 ], [ 40.7643798, 9.2270566 ], [ 40.7634326, 9.2259203 ] ] ] } },
{ "type": "Feature", "properties": { "osm_id": "391520479", "code": "6101", "fclass": "rail", "name": "Addis Ababa – Djibouti Railway", "layer": 1, "bridge": "T", "tunnel": "F", "path": "F:\\AnimationData\\Rail\\EthioDjibouti\\Ethiopia_Rail.shp" }, "geometry": { "type": "MultiLineString", "coordinates": [ [ [ 38.7804406, 8.847412 ], [ 38.7789773, 8.8482582 ] ] ] } },
{ "type": "Feature", "properties": { "osm_id": "391520480", "code": "6101", "fclass": "rail", "name": "Addis Ababa – Djibouti Railway", "layer": 0, "bridge": "F", "tunnel": "F", "path": "F:\\AnimationData\\Rail\\EthioDjibouti\\Ethiopia_Rail.shp" }, "geometry": { "type": "MultiLineString", "coordinates": [ [ [ 38.7789773, 8.8482582 ], [ 38.7705245, 8.8531141 ], [ 38.7697638, 8.8535511 ], [ 38.7695623, 8.8536705 ], [ 38.7685443, 8.8542619 ], [ 38.7682955, 8.8544065 ], [ 38.7601279, 8.8591055 ], [ 38.7598689, 8.8592545 ], [ 38.7596569, 8.8593717 ], [ 38.7589833, 8.8597737 ], [ 38.7583129, 8.8601504 ], [ 38.7578, 8.860439 ], [ 38.7546363, 8.8622697 ] ] ] } },
{ "type": "Feature", "properties": { "osm_id": "391520482", "code": "6101", "fclass": "rail", "name": "Addis Ababa – Djibouti Railway", "layer": 0, "bridge": "F", "tunnel": "F", "path": "F:\\AnimationData\\Rail\\EthioDjibouti\\Ethiopia_Rail.shp" }, "geometry": { "type": "MultiLineString", "coordinates": [ [ [ 38.7544695, 8.8623711 ], [ 38.7514633, 8.8641105 ], [ 38.7509015, 8.8643921 ], [ 38.7503272, 8.8646268 ], [ 38.7498624, 8.8647858 ], [ 38.7493361, 8.8649128 ], [ 38.7487953, 8.865007 ], [ 38.7483139, 8.8650602 ], [ 38.7478597, 8.8650844 ], [ 38.747431, 8.8650832 ], [ 38.7469698, 8.8650399 ], [ 38.746571, 8.8649768 ], [ 38.7459781, 8.8648444 ], [ 38.745345, 8.8646619 ], [ 38.7439999, 8.8642267 ], [ 38.7354584, 8.8612727 ] ] ] } },
{ "type": "Feature", "properties": { "osm_id": "391520483", "code": "6101", "fclass": "rail", "name": "Addis Ababa – Djibouti Railway", "layer": 1, "bridge": "T", "tunnel": "F", "path": "F:\\AnimationData\\Rail\\EthioDjibouti\\Ethiopia_Rail.shp" }, "geometry": { "type": "MultiLineString", "coordinates": [ [ [ 38.7354584, 8.8612727 ], [ 38.735102, 8.8611395 ] ] ] } },
{ "type": "Feature", "properties": { "osm_id": "407539637", "code": "6101", "fclass": "rail", "name": "Addis Ababa – Djibouti Railway", "layer": 1, "bridge": "T", "tunnel": "F", "path": "F:\\AnimationData\\Rail\\EthioDjibouti\\Ethiopia_Rail.shp" }, "geometry": { "type": "MultiLineString", "coordinates": [ [ [ 38.9974903, 8.7941725 ], [ 38.9978412, 8.7941547 ], [ 38.9982941, 8.7941149 ] ] ] } },
{ "type": "Feature", "properties": { "osm_id": "422484635", "code": "6101", "fclass": "rail", "name": "Addis Ababa – Djibouti Railway", "layer": 0, "bridge": "F", "tunnel": "F", "path": "F:\\AnimationData\\Rail\\EthioDjibouti\\Ethiopia_Rail.shp" }, "geometry": { "type": "MultiLineString", "coordinates": [ [ [ 38.7219179, 8.8778988 ], [ 38.7216955, 8.8768886 ], [ 38.7215032, 8.8762943 ], [ 38.7211826, 8.8755858 ], [ 38.7197885, 8.8731493 ], [ 38.7192825, 8.8723396 ], [ 38.7188671, 8.8717484 ], [ 38.7184858, 8.8713149 ], [ 38.7180505, 8.8709185 ], [ 38.7173936, 8.8704209 ], [ 38.7165228, 8.8699277 ], [ 38.7160187, 8.8696585 ], [ 38.7153708, 8.8693689 ], [ 38.7119772, 8.8679869 ], [ 38.7109911, 8.8675828 ], [ 38.709978, 8.8669578 ], [ 38.7092207, 8.8663521 ], [ 38.708729, 8.8658841 ], [ 38.7080517, 8.8650148 ], [ 38.7076275, 8.8642894 ], [ 38.707293, 8.8635047 ], [ 38.7070508, 8.8626409 ], [ 38.7069328, 8.861935 ], [ 38.7065974, 8.8586161 ], [ 38.7065535, 8.8579822 ], [ 38.706583, 8.8571411 ], [ 38.7066678, 8.8563969 ], [ 38.7068638, 8.8556121 ], [ 38.7071199, 8.8549048 ], [ 38.7074497, 8.8542466 ], [ 38.7078223, 8.8536402 ], [ 38.7082553, 8.8530597 ] ] ] } },
{ "type": "Feature", "properties": { "osm_id": "422484636", "code": "6101", "fclass": "rail", "name": "Addis Ababa – Djibouti Railway", "layer": 1, "bridge": "T", "tunnel": "F", "path": "F:\\AnimationData\\Rail\\EthioDjibouti\\Ethiopia_Rail.shp" }, "geometry": { "type": "MultiLineString", "coordinates": [ [ [ 38.7219637, 8.8795489 ], [ 38.722011, 8.8789691 ], [ 38.7220121, 8.8784794 ], [ 38.7219179, 8.8778988 ] ] ] } },
{ "type": "Feature", "properties": { "osm_id": "422535063", "code": "6101", "fclass": "rail", "name": "Addis Ababa – Djibouti Railway", "layer": 1, "bridge": "T", "tunnel": "F", "path": "F:\\AnimationData\\Rail\\EthioDjibouti\\Ethiopia_Rail.shp" }, "geometry": { "type": "MultiLineString", "coordinates": [ [ [ 41.2871338, 9.507172 ], [ 41.2864564, 9.506724 ] ] ] } },
{ "type": "Feature", "properties": { "osm_id": "422535064", "code": "6101", "fclass": "rail", "name": "Addis Ababa – Djibouti Railway", "layer": 0, "bridge": "F", "tunnel": "F", "path": "F:\\AnimationData\\Rail\\EthioDjibouti\\Ethiopia_Rail.shp" }, "geometry": { "type": "MultiLineString", "coordinates": [ [ [ 41.2864564, 9.506724 ], [ 41.2856497, 9.5060722 ], [ 41.2846869, 9.5051676 ], [ 41.28156, 9.5019883 ], [ 41.2811076, 9.5015325 ], [ 41.2806526, 9.5011259 ], [ 41.2798682, 9.5005435 ], [ 41.2792366, 9.5001997 ], [ 41.2786682, 9.4999434 ], [ 41.2780104, 9.4997152 ], [ 41.2774055, 9.4995631 ], [ 41.2767965, 9.4994671 ], [ 41.2762144, 9.4994327 ], [ 41.2755104, 9.4994344 ], [ 41.2749682, 9.4995041 ], [ 41.2743666, 9.4996059 ], [ 41.2738564, 9.4997376 ], [ 41.2733628, 9.499916 ], [ 41.2727026, 9.5002063 ] ] ] } },
{ "type": "Feature", "properties": { "osm_id": "422535065", "code": "6101", "fclass": "rail", "name": "Addis Ababa – Djibouti Railway", "layer": 0, "bridge": "F", "tunnel": "F", "path": "F:\\AnimationData\\Rail\\EthioDjibouti\\Ethiopia_Rail.shp" }, "geometry": { "type": "MultiLineString", "coordinates": [ [ [ 41.2928468, 9.5093758 ], [ 41.2911049, 9.5089354 ], [ 41.2902854, 9.5086825 ], [ 41.2893174, 9.5083211 ], [ 41.2884888, 9.5079324 ], [ 41.2876932, 9.5075023 ], [ 41.2871338, 9.507172 ] ] ] } },
{ "type": "Feature", "properties": { "osm_id": "422535066", "code": "6101", "fclass": "rail", "name": "Addis Ababa – Djibouti Railway", "layer": 1, "bridge": "T", "tunnel": "F", "path": "F:\\AnimationData\\Rail\\EthioDjibouti\\Ethiopia_Rail.shp" }, "geometry": { "type": "MultiLineString", "coordinates": [ [ [ 41.2935188, 9.5095272 ], [ 41.2928468, 9.5093758 ] ] ] } },
{ "type": "Feature", "properties": { "osm_id": "422535067", "code": "6101", "fclass": "rail", "name": "Addis Ababa – Djibouti Railway", "layer": 1, "bridge": "T", "tunnel": "F", "path": "F:\\AnimationData\\Rail\\EthioDjibouti\\Ethiopia_Rail.shp" }, "geometry": { "type": "MultiLineString", "coordinates": [ [ [ 41.3108709, 9.5139293 ], [ 41.3099885, 9.5135929 ] ] ] } },
{ "type": "Feature", "properties": { "osm_id": "422535068", "code": "6101", "fclass": "rail", "name": "Addis Ababa – Djibouti Railway", "layer": 0, "bridge": "F", "tunnel": "F", "path": "F:\\AnimationData\\Rail\\EthioDjibouti\\Ethiopia_Rail.shp" }, "geometry": { "type": "MultiLineString", "coordinates": [ [ [ 41.3099885, 9.5135929 ], [ 41.3093087, 9.5133262 ], [ 41.3085327, 9.5130455 ], [ 41.3073611, 9.5127459 ], [ 41.2935188, 9.5095272 ] ] ] } },
{ "type": "Feature", "properties": { "osm_id": "422535069", "code": "6101", "fclass": "rail", "name": "Addis Ababa – Djibouti Railway", "layer": 0, "bridge": "F", "tunnel": "F", "path": "F:\\AnimationData\\Rail\\EthioDjibouti\\Ethiopia_Rail.shp" }, "geometry": { "type": "MultiLineString", "coordinates": [ [ [ 41.3421247, 9.5318864 ], [ 41.338002, 9.5303345 ], [ 41.3366979, 9.5297346 ], [ 41.3361363, 9.5294293 ], [ 41.3356622, 9.5291231 ], [ 41.33514, 9.5287652 ], [ 41.3345351, 9.5282949 ], [ 41.3338065, 9.5275891 ], [ 41.3332818, 9.5269759 ], [ 41.3324643, 9.525875 ], [ 41.3303581, 9.5232458 ], [ 41.3296776, 9.5223737 ], [ 41.3290051, 9.5216354 ], [ 41.3282771, 9.5209695 ], [ 41.3274628, 9.5204261 ], [ 41.3263034, 9.5197714 ], [ 41.3251322, 9.5192628 ], [ 41.3108709, 9.5139293 ] ] ] } },
{ "type": "Feature", "properties": { "osm_id": "422535070", "code": "6101", "fclass": "rail", "name": "Addis Ababa – Djibouti Railway", "layer": 1, "bridge": "T", "tunnel": "F", "path": "F:\\AnimationData\\Rail\\EthioDjibouti\\Ethiopia_Rail.shp" }, "geometry": { "type": "MultiLineString", "coordinates": [ [ [ 41.3436222, 9.5324569 ], [ 41.3421247, 9.5318864 ] ] ] } },
{ "type": "Feature", "properties": { "osm_id": "422539082", "code": "6101", "fclass": "rail", "name": "Addis Ababa – Djibouti Railway", "layer": 0, "bridge": "T", "tunnel": "F", "path": "F:\\AnimationData\\Rail\\EthioDjibouti\\Ethiopia_Rail.shp" }, "geometry": { "type": "MultiLineString", "coordinates": [ [ [ 41.3535396, 9.5424899 ], [ 41.3530485, 9.5421583 ] ] ] } },
{ "type": "Feature", "properties": { "osm_id": "422539083", "code": "6101", "fclass": "rail", "name": "Addis Ababa – Djibouti Railway", "layer": 0, "bridge": "F", "tunnel": "F", "path": "F:\\AnimationData\\Rail\\EthioDjibouti\\Ethiopia_Rail.shp" }, "geometry": { "type": "MultiLineString", "coordinates": [ [ [ 41.3530485, 9.5421583 ], [ 41.3519597, 9.5413651 ], [ 41.3511551, 9.540719 ], [ 41.3503114, 9.5398864 ], [ 41.3498912, 9.5394464 ], [ 41.3495244, 9.5390115 ], [ 41.3491623, 9.5385285 ], [ 41.3488607, 9.5381398 ], [ 41.3472043, 9.5357837 ], [ 41.3463359, 9.5345604 ], [ 41.3458593, 9.5340693 ], [ 41.345397, 9.5336312 ], [ 41.3450233, 9.5333095 ], [ 41.3446181, 9.5329878 ], [ 41.3440733, 9.5326612 ], [ 41.3436222, 9.5324569 ] ] ] } },
{ "type": "Feature", "properties": { "osm_id": "422539084", "code": "6101", "fclass": "rail", "name": "Addis Ababa – Djibouti Railway", "layer": 0, "bridge": "T", "tunnel": "F", "path": "F:\\AnimationData\\Rail\\EthioDjibouti\\Ethiopia_Rail.shp" }, "geometry": { "type": "MultiLineString", "coordinates": [ [ [ 41.3708562, 9.5530689 ], [ 41.3699734, 9.5526378 ], [ 41.369094, 9.5521641 ] ] ] } },
{ "type": "Feature", "properties": { "osm_id": "422539085", "code": "6101", "fclass": "rail", "name": "Addis Ababa – Djibouti Railway", "layer": 0, "bridge": "F", "tunnel": "F", "path": "F:\\AnimationData\\Rail\\EthioDjibouti\\Ethiopia_Rail.shp" }, "geometry": { "type": "MultiLineString", "coordinates": [ [ [ 41.369094, 9.5521641 ], [ 41.365769, 9.5504279 ], [ 41.3645376, 9.5497799 ], [ 41.3634604, 9.5491507 ], [ 41.3591989, 9.5463032 ], [ 41.3535396, 9.5424899 ] ] ] } },
{ "type": "Feature", "properties": { "osm_id": "422539086", "code": "6101", "fclass": "rail", "name": "Addis Ababa – Djibouti Railway", "layer": 0, "bridge": "F", "tunnel": "F", "path": "F:\\AnimationData\\Rail\\EthioDjibouti\\Ethiopia_Rail.shp" }, "geometry": { "type": "MultiLineString", "coordinates": [ [ [ 41.3753177, 9.5553676 ], [ 41.3743411, 9.5548303 ], [ 41.3724219, 9.5538475 ], [ 41.3708562, 9.5530689 ] ] ] } },
{ "type": "Feature", "properties": { "osm_id": "422539087", "code": "6101", "fclass": "rail", "name": "Addis Ababa – Djibouti Railway", "layer": 0, "bridge": "T", "tunnel": "F", "path": "F:\\AnimationData\\Rail\\EthioDjibouti\\Ethiopia_Rail.shp" }, "geometry": { "type": "MultiLineString", "coordinates": [ [ [ 41.3762218, 9.5559481 ], [ 41.3753177, 9.5553676 ] ] ] } },
{ "type": "Feature", "properties": { "osm_id": "422539089", "code": "6101", "fclass": "rail", "name": "Addis Ababa – Djibouti Railway", "layer": 0, "bridge": "F", "tunnel": "F", "path": "F:\\AnimationData\\Rail\\EthioDjibouti\\Ethiopia_Rail.shp" }, "geometry": { "type": "MultiLineString", "coordinates": [ [ [ 41.2718522, 9.5006887 ], [ 41.2708733, 9.501296 ], [ 41.257712, 9.5100336 ] ] ] } },
{ "type": "Feature", "properties": { "osm_id": "422539090", "code": "6101", "fclass": "rail", "name": "Addis Ababa – Djibouti Railway", "layer": 1, "bridge": "T", "tunnel": "F", "path": "F:\\AnimationData\\Rail\\EthioDjibouti\\Ethiopia_Rail.shp" }, "geometry": { "type": "MultiLineString", "coordinates": [ [ [ 41.2727026, 9.5002063 ], [ 41.2722944, 9.5004027 ], [ 41.2718522, 9.5006887 ] ] ] } },
{ "type": "Feature", "properties": { "osm_id": "422539092", "code": "6101", "fclass": "rail", "name": "Addis Ababa – Djibouti Railway", "layer": 1, "bridge": "T", "tunnel": "F", "path": "F:\\AnimationData\\Rail\\EthioDjibouti\\Ethiopia_Rail.shp" }, "geometry": { "type": "MultiLineString", "coordinates": [ [ [ 41.257712, 9.5100336 ], [ 41.2568588, 9.5105911 ] ] ] } },
{ "type": "Feature", "properties": { "osm_id": "422539093", "code": "6101", "fclass": "rail", "name": "Addis Ababa – Djibouti Railway", "layer": 0, "bridge": "F", "tunnel": "F", "path": "F:\\AnimationData\\Rail\\EthioDjibouti\\Ethiopia_Rail.shp" }, "geometry": { "type": "MultiLineString", "coordinates": [ [ [ 41.2568588, 9.5105911 ], [ 41.2555373, 9.5114652 ], [ 41.2546907, 9.5119606 ], [ 41.2537314, 9.5124305 ], [ 41.2524568, 9.5129172 ], [ 41.2511393, 9.5133072 ], [ 41.2446103, 9.5146893 ], [ 41.2438567, 9.5148962 ], [ 41.2425727, 9.5153665 ], [ 41.2418021, 9.5157564 ], [ 41.2413267, 9.5160433 ], [ 41.2407888, 9.5163661 ], [ 41.2399776, 9.5169769 ], [ 41.2392766, 9.5176263 ], [ 41.2387818, 9.5181522 ], [ 41.2381693, 9.5189216 ], [ 41.2377319, 9.5195651 ], [ 41.2372254, 9.520413 ], [ 41.2365863, 9.5215339 ], [ 41.2350958, 9.5241529 ], [ 41.232715, 9.5282936 ], [ 41.2320846, 9.529423 ], [ 41.2313177, 9.530582 ], [ 41.2306603, 9.5314614 ], [ 41.2298892, 9.5323864 ], [ 41.2291096, 9.533171 ], [ 41.2282846, 9.5339376 ], [ 41.226753, 9.5351362 ], [ 41.2253799, 9.5361011 ], [ 41.2232469, 9.5376409 ] ] ] } },
{ "type": "Feature", "properties": { "osm_id": "422539097", "code": "6101", "fclass": "rail", "name": "Addis Ababa – Djibouti Railway", "layer": 0, "bridge": "F", "tunnel": "F", "path": "F:\\AnimationData\\Rail\\EthioDjibouti\\Ethiopia_Rail.shp" }, "geometry": { "type": "MultiLineString", "coordinates": [ [ [ 41.2105294, 9.5471967 ], [ 41.2040283, 9.5486996 ], [ 41.2009875, 9.5494226 ], [ 41.1995725, 9.5497624 ], [ 41.1989961, 9.5499008 ], [ 41.1985723, 9.5500025 ], [ 41.1918632, 9.551554 ], [ 41.1893606, 9.5521487 ], [ 41.1887687, 9.5522894 ], [ 41.1873139, 9.5526351 ], [ 41.1865516, 9.5528079 ], [ 41.1858215, 9.5529059 ], [ 41.1851965, 9.5529591 ], [ 41.1845316, 9.5529434 ], [ 41.183887, 9.5528645 ], [ 41.1832865, 9.552751 ], [ 41.1821916, 9.5524035 ], [ 41.1815816, 9.5521166 ], [ 41.1807259, 9.5516301 ], [ 41.1774124, 9.549688 ], [ 41.1759659, 9.5488499 ], [ 41.1749351, 9.5482376 ], [ 41.1741745, 9.5478782 ], [ 41.173515, 9.5476627 ], [ 41.1726602, 9.5474693 ], [ 41.1717542, 9.5473808 ], [ 41.1706526, 9.547386 ], [ 41.1589689, 9.5476924 ], [ 41.1580915, 9.5476902 ], [ 41.1569458, 9.5476248 ], [ 41.1558143, 9.5474172 ], [ 41.1545933, 9.5470797 ], [ 41.1537856, 9.5467537 ] ] ] } },
{ "type": "Feature", "properties": { "osm_id": "422539098", "code": "6101", "fclass": "rail", "name": "Addis Ababa – Djibouti Railway", "layer": 1, "bridge": "T", "tunnel": "F", "path": "F:\\AnimationData\\Rail\\EthioDjibouti\\Ethiopia_Rail.shp" }, "geometry": { "type": "MultiLineString", "coordinates": [ [ [ 41.2232469, 9.5376409 ], [ 41.2223156, 9.5383207 ] ] ] } },
{ "type": "Feature", "properties": { "osm_id": "422539102", "code": "6101", "fclass": "rail", "name": "Addis Ababa – Djibouti Railway", "layer": 1, "bridge": "T", "tunnel": "F", "path": "F:\\AnimationData\\Rail\\EthioDjibouti\\Ethiopia_Rail.shp" }, "geometry": { "type": "MultiLineString", "coordinates": [ [ [ 41.1537856, 9.5467537 ], [ 41.1532088, 9.5464738 ], [ 41.152624, 9.546158 ] ] ] } },
{ "type": "Feature", "properties": { "osm_id": "422539103", "code": "6101", "fclass": "rail", "name": "Addis Ababa – Djibouti Railway", "layer": 0, "bridge": "F", "tunnel": "F", "path": "F:\\AnimationData\\Rail\\EthioDjibouti\\Ethiopia_Rail.shp" }, "geometry": { "type": "MultiLineString", "coordinates": [ [ [ 41.152624, 9.546158 ], [ 41.1523307, 9.5459968 ], [ 41.1490718, 9.543594 ], [ 41.1483873, 9.5431495 ], [ 41.147655, 9.5427641 ], [ 41.1465159, 9.542284 ], [ 41.1453948, 9.5419503 ], [ 41.1443541, 9.5417622 ], [ 41.1434617, 9.541672 ], [ 41.1426717, 9.5416533 ], [ 41.1414962, 9.5417109 ], [ 41.1399867, 9.5418723 ], [ 41.133193, 9.5425623 ] ] ] } },
{ "type": "Feature", "properties": { "osm_id": "422539106", "code": "6101", "fclass": "rail", "name": "Addis Ababa – Djibouti Railway", "layer": 0, "bridge": "F", "tunnel": "F", "path": "F:\\AnimationData\\Rail\\EthioDjibouti\\Ethiopia_Rail.shp" }, "geometry": { "type": "MultiLineString", "coordinates": [ [ [ 41.1327375, 9.5425961 ], [ 41.1312542, 9.5426477 ], [ 41.1293444, 9.5425783 ], [ 41.1273026, 9.542343 ], [ 41.1256281, 9.5420849 ], [ 41.124372, 9.5417976 ], [ 41.1153032, 9.5395775 ], [ 41.1142643, 9.5392014 ], [ 41.1137445, 9.5389668 ], [ 41.1132129, 9.5386614 ], [ 41.1125693, 9.5381879 ], [ 41.1119938, 9.5376729 ], [ 41.1111986, 9.5368011 ], [ 41.1087264, 9.5339644 ], [ 41.1076712, 9.532947 ] ] ] } },
{ "type": "Feature", "properties": { "osm_id": "422539107", "code": "6101", "fclass": "rail", "name": "Addis Ababa – Djibouti Railway", "layer": 1, "bridge": "T", "tunnel": "F", "path": "F:\\AnimationData\\Rail\\EthioDjibouti\\Ethiopia_Rail.shp" }, "geometry": { "type": "MultiLineString", "coordinates": [ [ [ 41.133193, 9.5425623 ], [ 41.1327375, 9.5425961 ] ] ] } },
{ "type": "Feature", "properties": { "osm_id": "422539109", "code": "6101", "fclass": "rail", "name": "Addis Ababa – Djibouti Railway", "layer": 0, "bridge": "F", "tunnel": "F", "path": "F:\\AnimationData\\Rail\\EthioDjibouti\\Ethiopia_Rail.shp" }, "geometry": { "type": "MultiLineString", "coordinates": [ [ [ 41.1073891, 9.5327081 ], [ 41.1067418, 9.5321921 ], [ 41.1028488, 9.5292389 ], [ 41.1016687, 9.5283383 ], [ 41.1006692, 9.5274565 ], [ 41.099897, 9.5266846 ], [ 41.0987001, 9.5253843 ], [ 41.0964345, 9.5229954 ] ] ] } },
{ "type": "Feature", "properties": { "osm_id": "422539110", "code": "6101", "fclass": "rail", "name": "Addis Ababa – Djibouti Railway", "layer": 1, "bridge": "T", "tunnel": "F", "path": "F:\\AnimationData\\Rail\\EthioDjibouti\\Ethiopia_Rail.shp" }, "geometry": { "type": "MultiLineString", "coordinates": [ [ [ 41.1076712, 9.532947 ], [ 41.1073891, 9.5327081 ] ] ] } },
{ "type": "Feature", "properties": { "osm_id": "422539112", "code": "6101", "fclass": "rail", "name": "Addis Ababa – Djibouti Railway", "layer": 0, "bridge": "F", "tunnel": "F", "path": "F:\\AnimationData\\Rail\\EthioDjibouti\\Ethiopia_Rail.shp" }, "geometry": { "type": "MultiLineString", "coordinates": [ [ [ 41.0898768, 9.5195462 ], [ 41.0889684, 9.5193937 ], [ 41.0883848, 9.5192931 ], [ 41.0876886, 9.5191048 ], [ 41.0868197, 9.5188037 ], [ 41.0858778, 9.5184068 ], [ 41.0799215, 9.5156915 ], [ 41.0786523, 9.5150315 ], [ 41.0776633, 9.5144474 ], [ 41.0741646, 9.5121692 ], [ 41.0718468, 9.5106683 ], [ 41.0708372, 9.5100929 ], [ 41.0696414, 9.5094543 ], [ 41.0601381, 9.5051371 ] ] ] } },
{ "type": "Feature", "properties": { "osm_id": "422539113", "code": "6101", "fclass": "rail", "name": "Addis Ababa – Djibouti Railway", "layer": 1, "bridge": "T", "tunnel": "F", "path": "F:\\AnimationData\\Rail\\EthioDjibouti\\Ethiopia_Rail.shp" }, "geometry": { "type": "MultiLineString", "coordinates": [ [ [ 41.0907224, 9.5196713 ], [ 41.0898768, 9.5195462 ] ] ] } },
{ "type": "Feature", "properties": { "osm_id": "422539115", "code": "6101", "fclass": "rail", "name": "Addis Ababa – Djibouti Railway", "layer": 0, "bridge": "F", "tunnel": "F", "path": "F:\\AnimationData\\Rail\\EthioDjibouti\\Ethiopia_Rail.shp" }, "geometry": { "type": "MultiLineString", "coordinates": [ [ [ 41.0937757, 9.5206449 ], [ 41.0932604, 9.5203794 ], [ 41.0923794, 9.5200101 ], [ 41.0919087, 9.5198878 ], [ 41.0914137, 9.5197751 ], [ 41.0907224, 9.5196713 ] ] ] } },
{ "type": "Feature", "properties": { "osm_id": "422539116", "code": "6101", "fclass": "rail", "name": "Addis Ababa – Djibouti Railway", "layer": 1, "bridge": "T", "tunnel": "F", "path": "F:\\AnimationData\\Rail\\EthioDjibouti\\Ethiopia_Rail.shp" }, "geometry": { "type": "MultiLineString", "coordinates": [ [ [ 41.0943744, 9.5210154 ], [ 41.0937757, 9.5206449 ] ] ] } },
{ "type": "Feature", "properties": { "osm_id": "422539118", "code": "6101", "fclass": "rail", "name": "Addis Ababa – Djibouti Railway", "layer": 0, "bridge": "F", "tunnel": "F", "path": "F:\\AnimationData\\Rail\\EthioDjibouti\\Ethiopia_Rail.shp" }, "geometry": { "type": "MultiLineString", "coordinates": [ [ [ 41.0516747, 9.5012569 ], [ 41.0510637, 9.5008709 ], [ 41.0504143, 9.5003863 ], [ 41.0496866, 9.4997075 ], [ 41.0487429, 9.498823 ], [ 41.0477169, 9.4978898 ], [ 41.0467085, 9.4971897 ], [ 41.0458127, 9.4967462 ], [ 41.0452254, 9.4965277 ], [ 41.0446953, 9.4963946 ], [ 41.0440431, 9.4962686 ], [ 41.0433909, 9.4962 ], [ 41.0426165, 9.4961903 ], [ 41.0416882, 9.4962898 ], [ 41.0399343, 9.496556 ], [ 41.0389649, 9.4966361 ], [ 41.0377766, 9.4966076 ], [ 41.0367307, 9.496429 ], [ 41.0358096, 9.4961137 ], [ 41.0348538, 9.4956373 ], [ 41.0341348, 9.4951506 ], [ 41.0333919, 9.4945407 ], [ 41.0318393, 9.4932545 ], [ 41.0313311, 9.4928641 ] ] ] } },
{ "type": "Feature", "properties": { "osm_id": "422539119", "code": "6101", "fclass": "rail", "name": "Addis Ababa – Djibouti Railway", "layer": 1, "bridge": "T", "tunnel": "F", "path": "F:\\AnimationData\\Rail\\EthioDjibouti\\Ethiopia_Rail.shp" }, "geometry": { "type": "MultiLineString", "coordinates": [ [ [ 41.051994, 9.5014158 ], [ 41.0516747, 9.5012569 ] ] ] } },
{ "type": "Feature", "properties": { "osm_id": "422539120", "code": "6101", "fclass": "rail", "name": "Addis Ababa – Djibouti Railway", "layer": 0, "bridge": "F", "tunnel": "F", "path": "F:\\AnimationData\\Rail\\EthioDjibouti\\Ethiopia_Rail.shp" }, "geometry": { "type": "MultiLineString", "coordinates": [ [ [ 41.0582547, 9.5043014 ], [ 41.051994, 9.5014158 ] ] ] } },
{ "type": "Feature", "properties": { "osm_id": "422539121", "code": "6101", "fclass": "rail", "name": "Addis Ababa – Djibouti Railway", "layer": 0, "bridge": "T", "tunnel": "F", "path": "F:\\AnimationData\\Rail\\EthioDjibouti\\Ethiopia_Rail.shp" }, "geometry": { "type": "MultiLineString", "coordinates": [ [ [ 41.0601381, 9.5051371 ], [ 41.0582547, 9.5043014 ] ] ] } },
{ "type": "Feature", "properties": { "osm_id": "422541054", "code": "6101", "fclass": "rail", "name": "Addis Ababa – Djibouti Railway", "layer": 0, "bridge": "F", "tunnel": "F", "path": "F:\\AnimationData\\Rail\\EthioDjibouti\\Ethiopia_Rail.shp" }, "geometry": { "type": "MultiLineString", "coordinates": [ [ [ 41.0313311, 9.4928641 ], [ 41.0308316, 9.492534 ], [ 41.0302813, 9.4922379 ], [ 41.0292594, 9.4918481 ], [ 41.0251628, 9.4905925 ], [ 41.0243855, 9.4903085 ], [ 41.0237078, 9.4900388 ], [ 41.0230252, 9.4896786 ], [ 41.0224887, 9.4893294 ], [ 41.0220352, 9.4889639 ], [ 41.021481, 9.4884164 ], [ 41.0209039, 9.4877298 ], [ 41.01457, 9.4795681 ], [ 41.0139931, 9.4789077 ], [ 41.0134013, 9.4783225 ], [ 41.0129116, 9.4778925 ], [ 41.0127332, 9.4777465 ] ] ] } },
{ "type": "Feature", "properties": { "osm_id": "422541056", "code": "6101", "fclass": "rail", "name": "Addis Ababa – Djibouti Railway", "layer": 0, "bridge": "T", "tunnel": "F", "path": "F:\\AnimationData\\Rail\\EthioDjibouti\\Ethiopia_Rail.shp" }, "geometry": { "type": "MultiLineString", "coordinates": [ [ [ 41.0127332, 9.4777465 ], [ 41.0123959, 9.477458 ] ] ] } },
{ "type": "Feature", "properties": { "osm_id": "422541057", "code": "6101", "fclass": "rail", "name": "Addis Ababa – Djibouti Railway", "layer": 0, "bridge": "F", "tunnel": "F", "path": "F:\\AnimationData\\Rail\\EthioDjibouti\\Ethiopia_Rail.shp" }, "geometry": { "type": "MultiLineString", "coordinates": [ [ [ 41.0037828, 9.4702805 ], [ 40.9992289, 9.4660304 ], [ 40.998923, 9.4657249 ], [ 40.9984779, 9.4652447 ], [ 40.9982544, 9.464968 ], [ 40.9979085, 9.4644976 ], [ 40.9976516, 9.4640594 ], [ 40.997523, 9.463818 ], [ 40.9974881, 9.4637412 ], [ 40.9972168, 9.463164 ], [ 40.9970462, 9.4626423 ], [ 40.9969101, 9.4621675 ], [ 40.9963752, 9.4602199 ], [ 40.9961933, 9.4595549 ], [ 40.9959073, 9.45861 ], [ 40.9957282, 9.4581445 ], [ 40.9955089, 9.4576553 ], [ 40.995346, 9.4573364 ], [ 40.9951015, 9.4569436 ], [ 40.9948998, 9.4566419 ], [ 40.9943682, 9.4559946 ], [ 40.993091, 9.454739 ], [ 40.9921728, 9.4537795 ], [ 40.9915586, 9.4529082 ], [ 40.9911774, 9.4521965 ], [ 40.9908653, 9.4513915 ], [ 40.9891037, 9.4450932 ], [ 40.9888871, 9.4440049 ], [ 40.9887797, 9.4429957 ], [ 40.9886068, 9.4408705 ], [ 40.9884801, 9.4396587 ], [ 40.9883188, 9.4388457 ], [ 40.988069, 9.4380533 ], [ 40.9871183, 9.4358796 ], [ 40.9868337, 9.4351377 ], [ 40.9866601, 9.4344366 ], [ 40.9865598, 9.4337292 ], [ 40.9865043, 9.4329102 ], [ 40.9866391, 9.4291426 ], [ 40.9865866, 9.4285323 ], [ 40.9864962, 9.4278464 ], [ 40.9845591, 9.4201578 ], [ 40.9841752, 9.4191311 ], [ 40.9837065, 9.4183176 ] ] ] } },
{ "type": "Feature", "properties": { "osm_id": "422541058", "code": "6101", "fclass": "rail", "name": "Addis Ababa – Djibouti Railway", "layer": 0, "bridge": "F", "tunnel": "F", "path": "F:\\AnimationData\\Rail\\EthioDjibouti\\Ethiopia_Rail.shp" }, "geometry": { "type": "MultiLineString", "coordinates": [ [ [ 40.9315974, 9.3741347 ], [ 40.9303589, 9.372879 ], [ 40.9270196, 9.3695709 ] ] ] } },
{ "type": "Feature", "properties": { "osm_id": "422541059", "code": "6101", "fclass": "rail", "name": "Addis Ababa – Djibouti Railway", "layer": 1, "bridge": "T", "tunnel": "F", "path": "F:\\AnimationData\\Rail\\EthioDjibouti\\Ethiopia_Rail.shp" }, "geometry": { "type": "MultiLineString", "coordinates": [ [ [ 40.9318594, 9.3743965 ], [ 40.9315974, 9.3741347 ] ] ] } },
{ "type": "Feature", "properties": { "osm_id": "422541062", "code": "6101", "fclass": "rail", "name": "Addis Ababa – Djibouti Railway", "layer": 0, "bridge": "F", "tunnel": "F", "path": "F:\\AnimationData\\Rail\\EthioDjibouti\\Ethiopia_Rail.shp" }, "geometry": { "type": "MultiLineString", "coordinates": [ [ [ 40.9401749, 9.3897835 ], [ 40.9396642, 9.3886332 ], [ 40.939345, 9.3876632 ], [ 40.9380846, 9.3827069 ], [ 40.9376636, 9.3814671 ], [ 40.9372053, 9.3804467 ], [ 40.9369183, 9.3799423 ], [ 40.9365953, 9.3794308 ], [ 40.9362918, 9.3789891 ], [ 40.9358522, 9.3784181 ], [ 40.9353067, 9.3778235 ], [ 40.9348334, 9.3773571 ], [ 40.933725, 9.3762199 ], [ 40.9318594, 9.3743965 ] ] ] } },
{ "type": "Feature", "properties": { "osm_id": "422541063", "code": "6101", "fclass": "rail", "name": "Addis Ababa – Djibouti Railway", "layer": 0, "bridge": "T", "tunnel": "F", "path": "F:\\AnimationData\\Rail\\EthioDjibouti\\Ethiopia_Rail.shp" }, "geometry": { "type": "MultiLineString", "coordinates": [ [ [ 40.9403543, 9.3901394 ], [ 40.9401749, 9.3897835 ] ] ] } },
{ "type": "Feature", "properties": { "osm_id": "422541064", "code": "6101", "fclass": "rail", "name": "Addis Ababa – Djibouti Railway", "layer": 0, "bridge": "F", "tunnel": "F", "path": "F:\\AnimationData\\Rail\\EthioDjibouti\\Ethiopia_Rail.shp" }, "geometry": { "type": "MultiLineString", "coordinates": [ [ [ 40.9264567, 9.3690089 ], [ 40.9102225, 9.3528336 ], [ 40.9092879, 9.3519115 ], [ 40.9083157, 9.3510142 ], [ 40.9033576, 9.3470623 ] ] ] } },
{ "type": "Feature", "properties": { "osm_id": "422541065", "code": "6101", "fclass": "rail", "name": "Addis Ababa – Djibouti Railway", "layer": 0, "bridge": "T", "tunnel": "F", "path": "F:\\AnimationData\\Rail\\EthioDjibouti\\Ethiopia_Rail.shp" }, "geometry": { "type": "MultiLineString", "coordinates": [ [ [ 40.9270196, 9.3695709 ], [ 40.9264567, 9.3690089 ] ] ] } },
{ "type": "Feature", "properties": { "osm_id": "422541067", "code": "6101", "fclass": "rail", "name": null, "layer": 0, "bridge": "T", "tunnel": "F", "path": "F:\\AnimationData\\Rail\\EthioDjibouti\\Ethiopia_Rail.shp" }, "geometry": { "type": "MultiLineString", "coordinates": [ [ [ 40.9033576, 9.3470623 ], [ 40.9030439, 9.3467829 ] ] ] } },
{ "type": "Feature", "properties": { "osm_id": "422547469", "code": "6101", "fclass": "rail", "name": "Addis Ababa – Djibouti Railway", "layer": 0, "bridge": "T", "tunnel": "F", "path": "F:\\AnimationData\\Rail\\EthioDjibouti\\Ethiopia_Rail.shp" }, "geometry": { "type": "MultiLineString", "coordinates": [ [ [ 41.5112039, 9.6020485 ], [ 41.5105285, 9.6019137 ] ] ] } },
{ "type": "Feature", "properties": { "osm_id": "422547470", "code": "6101", "fclass": "rail", "name": "Addis Ababa – Djibouti Railway", "layer": 0, "bridge": "F", "tunnel": "F", "path": "F:\\AnimationData\\Rail\\EthioDjibouti\\Ethiopia_Rail.shp" }, "geometry": { "type": "MultiLineString", "coordinates": [ [ [ 41.5105285, 9.6019137 ], [ 41.5097514, 9.6017636 ], [ 41.5088416, 9.6016295 ], [ 41.5081199, 9.6015915 ], [ 41.5073279, 9.6016385 ], [ 41.5065936, 9.6017586 ], [ 41.5060769, 9.6018926 ], [ 41.5056105, 9.6020402 ], [ 41.5031011, 9.6028728 ], [ 41.5013316, 9.6034861 ], [ 41.5003, 9.6037993 ], [ 41.499469, 9.6039787 ], [ 41.4987209, 9.6040905 ], [ 41.497939, 9.6041566 ], [ 41.4933956, 9.6044202 ], [ 41.4891623, 9.6046576 ], [ 41.4880439, 9.6046571 ], [ 41.4870639, 9.6045221 ], [ 41.4863721, 9.6043539 ] ] ] } },
{ "type": "Feature", "properties": { "osm_id": "422554723", "code": "6101", "fclass": "rail", "name": "Addis Ababa – Djibouti Railway", "layer": 1, "bridge": "T", "tunnel": "F", "path": "F:\\AnimationData\\Rail\\EthioDjibouti\\Ethiopia_Rail.shp" }, "geometry": { "type": "MultiLineString", "coordinates": [ [ [ 38.6309818, 8.9106954 ], [ 38.6325433, 8.9115361 ], [ 38.6330735, 8.9118084 ], [ 38.6338518, 8.9121534 ] ] ] } },
{ "type": "Feature", "properties": { "osm_id": "422554724", "code": "6101", "fclass": "rail", "name": "Addis Ababa – Djibouti Railway", "layer": 0, "bridge": "F", "tunnel": "F", "path": "F:\\AnimationData\\Rail\\EthioDjibouti\\Ethiopia_Rail.shp" }, "geometry": { "type": "MultiLineString", "coordinates": [ [ [ 38.6338518, 8.9121534 ], [ 38.6345787, 8.9124489 ], [ 38.6351427, 8.9126756 ], [ 38.6356948, 8.9128832 ], [ 38.6368805, 8.9133168 ], [ 38.6391954, 8.9140674 ], [ 38.6455591, 8.9160341 ], [ 38.6467297, 8.9163867 ], [ 38.6513907, 8.9178594 ], [ 38.6523931, 8.9181959 ], [ 38.6530285, 8.918439 ], [ 38.6537523, 8.9187695 ], [ 38.6545242, 8.919169 ], [ 38.6552072, 8.9196059 ], [ 38.6558292, 8.9200467 ], [ 38.6565368, 8.9205889 ], [ 38.6570982, 8.9210524 ], [ 38.6595136, 8.9232701 ] ] ] } },
{ "type": "Feature", "properties": { "osm_id": "446655392", "code": "6101", "fclass": "rail", "name": "Addis Ababa – Djibouti Railway", "layer": 1, "bridge": "T", "tunnel": "F", "path": "F:\\AnimationData\\Rail\\EthioDjibouti\\Ethiopia_Rail.shp" }, "geometry": { "type": "MultiLineString", "coordinates": [ [ [ 42.0192736, 10.153947 ], [ 42.0182319, 10.1520274 ] ] ] } },
{ "type": "Feature", "properties": { "osm_id": "446655396", "code": "6101", "fclass": "rail", "name": "Addis Ababa – Djibouti Railway", "layer": 0, "bridge": "F", "tunnel": "F", "path": "F:\\AnimationData\\Rail\\EthioDjibouti\\Ethiopia_Rail.shp" }, "geometry": { "type": "MultiLineString", "coordinates": [ [ [ 42.6414895, 10.9593221 ], [ 42.6415826, 10.9584129 ], [ 42.6416839, 10.9561732 ], [ 42.6416899, 10.955429 ], [ 42.6416059, 10.9546458 ], [ 42.6413844, 10.9534907 ], [ 42.6408711, 10.9515094 ], [ 42.6406853, 10.9507252 ], [ 42.6405185, 10.9496888 ], [ 42.6404925, 10.9484215 ], [ 42.640679, 10.9473836 ], [ 42.6409729, 10.9463712 ], [ 42.6412164, 10.9457714 ], [ 42.641642, 10.9449788 ], [ 42.6429153, 10.9430664 ], [ 42.6433538, 10.942272 ], [ 42.6436147, 10.9416798 ], [ 42.6438304, 10.9410966 ], [ 42.6439873, 10.9405986 ], [ 42.6440988, 10.9399998 ], [ 42.64425, 10.9374977 ], [ 42.6445461, 10.9348556 ], [ 42.6447678, 10.9335302 ], [ 42.6450811, 10.9324982 ], [ 42.6455239, 10.9314205 ], [ 42.6458923, 10.9303783 ], [ 42.6462422, 10.9291683 ], [ 42.6463499, 10.9284672 ], [ 42.6463941, 10.9277483 ], [ 42.6462458, 10.926536 ], [ 42.6459529, 10.9254308 ], [ 42.6455804, 10.9245298 ], [ 42.6448837, 10.9230046 ], [ 42.6446169, 10.9224357 ], [ 42.6443075, 10.9215773 ], [ 42.6440871, 10.9205781 ], [ 42.6437275, 10.9177211 ], [ 42.6434624, 10.9152105 ], [ 42.6432547, 10.91378 ], [ 42.643172, 10.9133562 ], [ 42.6430054, 10.9127918 ], [ 42.6425966, 10.9118676 ] ] ] } },
{ "type": "Feature", "properties": { "osm_id": "568000796", "code": "6101", "fclass": "rail", "name": "Addis Ababa – Djibouti Railway", "layer": 0, "bridge": "F", "tunnel": "F", "path": "F:\\AnimationData\\Rail\\EthioDjibouti\\Ethiopia_Rail.shp" }, "geometry": { "type": "MultiLineString", "coordinates": [ [ [ 38.9379474, 8.7977059 ], [ 38.9593168, 8.7925003 ], [ 38.9605466, 8.7922558 ], [ 38.9615298, 8.7920964 ], [ 38.9627733, 8.7919508 ], [ 38.9637811, 8.7918782 ], [ 38.9652462, 8.7918515 ], [ 38.9666269, 8.7918991 ], [ 38.9683033, 8.7920038 ], [ 38.9911105, 8.7938084 ], [ 38.9946789, 8.7940954 ], [ 38.9958984, 8.7941832 ], [ 38.9968167, 8.7941973 ], [ 38.9974903, 8.7941725 ] ] ] } },
{ "type": "Feature", "properties": { "osm_id": "568000797", "code": "6101", "fclass": "rail", "name": "Addis Ababa – Djibouti Railway", "layer": 1, "bridge": "T", "tunnel": "F", "path": "F:\\AnimationData\\Rail\\EthioDjibouti\\Ethiopia_Rail.shp" }, "geometry": { "type": "MultiLineString", "coordinates": [ [ [ 38.9377087, 8.7977642 ], [ 38.9379474, 8.7977059 ] ] ] } },
{ "type": "Feature", "properties": { "osm_id": "568000808", "code": "6101", "fclass": "rail", "name": "Addis Ababa – Djibouti Railway", "layer": 0, "bridge": "F", "tunnel": "F", "path": "F:\\AnimationData\\Rail\\EthioDjibouti\\Ethiopia_Rail.shp" }, "geometry": { "type": "MultiLineString", "coordinates": [ [ [ 38.9982941, 8.7941149 ], [ 38.9992105, 8.7939917 ], [ 38.9999137, 8.7938494 ], [ 39.000512, 8.7936941 ], [ 39.0010693, 8.7935121 ], [ 39.0019072, 8.7932183 ], [ 39.0028858, 8.7927933 ], [ 39.0039734, 8.7922217 ], [ 39.0051016, 8.7914947 ], [ 39.0059348, 8.7908783 ], [ 39.0067183, 8.7902084 ], [ 39.0075131, 8.7894321 ], [ 39.0081772, 8.7886373 ], [ 39.0086175, 8.7880232 ], [ 39.0090424, 8.7874256 ], [ 39.0095468, 8.7865728 ], [ 39.0100133, 8.7856415 ], [ 39.0104009, 8.7846699 ], [ 39.0107084, 8.7836869 ], [ 39.0109781, 8.7825926 ], [ 39.0122665, 8.7767975 ], [ 39.0125072, 8.7757893 ], [ 39.0128097, 8.7749263 ], [ 39.0131743, 8.7740467 ], [ 39.0137456, 8.7730306 ], [ 39.0144636, 8.7719201 ], [ 39.0152594, 8.7707006 ] ] ] } },
{ "type": "Feature", "properties": { "osm_id": "570650051", "code": "6101", "fclass": "rail", "name": "Addis Ababa – Djibouti Railway", "layer": 1, "bridge": "T", "tunnel": "F", "path": "F:\\AnimationData\\Rail\\EthioDjibouti\\Ethiopia_Rail.shp" }, "geometry": { "type": "MultiLineString", "coordinates": [ [ [ 38.7546363, 8.8622697 ], [ 38.7544695, 8.8623711 ] ] ] } },
{ "type": "Feature", "properties": { "osm_id": "570675018", "code": "6101", "fclass": "rail", "name": "Addis Ababa – Djibouti Railway", "layer": 0, "bridge": "T", "tunnel": "F", "path": "F:\\AnimationData\\Rail\\EthioDjibouti\\Ethiopia_Rail.shp" }, "geometry": { "type": "MultiLineString", "coordinates": [ [ [ 41.7917379, 9.6305439 ], [ 41.7912519, 9.6305051 ] ] ] } },
{ "type": "Feature", "properties": { "osm_id": "570675019", "code": "6101", "fclass": "rail", "name": "Addis Ababa – Djibouti Railway", "layer": 0, "bridge": "F", "tunnel": "F", "path": "F:\\AnimationData\\Rail\\EthioDjibouti\\Ethiopia_Rail.shp" }, "geometry": { "type": "MultiLineString", "coordinates": [ [ [ 41.795842, 9.6311955 ], [ 41.7948286, 9.6309255 ], [ 41.7943179, 9.6308243 ], [ 41.7936796, 9.6307179 ], [ 41.7930154, 9.6306352 ], [ 41.7924206, 9.6305868 ], [ 41.7917379, 9.6305439 ] ] ] } },
{ "type": "Feature", "properties": { "osm_id": "570675020", "code": "6101", "fclass": "rail", "name": "Addis Ababa – Djibouti Railway", "layer": 1, "bridge": "T", "tunnel": "F", "path": "F:\\AnimationData\\Rail\\EthioDjibouti\\Ethiopia_Rail.shp" }, "geometry": { "type": "MultiLineString", "coordinates": [ [ [ 41.7962559, 9.631334 ], [ 41.7960477, 9.6312591 ], [ 41.795842, 9.6311955 ] ] ] } },
{ "type": "Feature", "properties": { "osm_id": "570675021", "code": "6101", "fclass": "rail", "name": "Addis Ababa – Djibouti Railway", "layer": 0, "bridge": "F", "tunnel": "F", "path": "F:\\AnimationData\\Rail\\EthioDjibouti\\Ethiopia_Rail.shp" }, "geometry": { "type": "MultiLineString", "coordinates": [ [ [ 41.8016764, 9.6345999 ], [ 41.8013669, 9.6343027 ], [ 41.8007915, 9.6338223 ], [ 41.8002373, 9.6334015 ], [ 41.7996873, 9.6330158 ], [ 41.7990698, 9.6326213 ], [ 41.7984424, 9.6322773 ], [ 41.7977915, 9.6319506 ], [ 41.7974012, 9.6317734 ], [ 41.7968901, 9.6315668 ], [ 41.7962559, 9.631334 ] ] ] } },
{ "type": "Feature", "properties": { "osm_id": "570675022", "code": "6101", "fclass": "rail", "name": "Addis Ababa – Djibouti Railway", "layer": 1, "bridge": "T", "tunnel": "F", "path": "F:\\AnimationData\\Rail\\EthioDjibouti\\Ethiopia_Rail.shp" }, "geometry": { "type": "MultiLineString", "coordinates": [ [ [ 41.805545, 9.6396436 ], [ 41.8051215, 9.6390366 ] ] ] } },
{ "type": "Feature", "properties": { "osm_id": "594941245", "code": "6101", "fclass": "rail", "name": "Addis Ababa – Djibouti Railway", "layer": 1, "bridge": "T", "tunnel": "F", "path": "F:\\AnimationData\\Rail\\EthioDjibouti\\Ethiopia_Rail.shp" }, "geometry": { "type": "MultiLineString", "coordinates": [ [ [ 39.2829224, 8.504633 ], [ 39.2835171, 8.505033 ] ] ] } },
{ "type": "Feature", "properties": { "osm_id": "594941249", "code": "6101", "fclass": "rail", "name": "Addis Ababa – Djibouti Railway", "layer": 0, "bridge": "F", "tunnel": "F", "path": "F:\\AnimationData\\Rail\\EthioDjibouti\\Ethiopia_Rail.shp" }, "geometry": { "type": "MultiLineString", "coordinates": [ [ [ 39.2835171, 8.505033 ], [ 39.2877668, 8.5078087 ], [ 39.2894144, 8.5088933 ], [ 39.2898153, 8.5091857 ], [ 39.2904193, 8.5096406 ], [ 39.2909221, 8.5100666 ], [ 39.2912626, 8.5103703 ], [ 39.2916437, 8.5107419 ], [ 39.2921799, 8.5112647 ], [ 39.2926836, 8.5118382 ], [ 39.2932191, 8.512537 ], [ 39.2937412, 8.5133076 ], [ 39.2942395, 8.5142012 ], [ 39.2958903, 8.5177013 ], [ 39.2961373, 8.5182791 ], [ 39.2963037, 8.5186902 ], [ 39.2964711, 8.5191763 ], [ 39.2966465, 8.5197529 ], [ 39.2968344, 8.5204573 ], [ 39.2969454, 8.5209465 ], [ 39.2970311, 8.5214284 ], [ 39.2971035, 8.5219876 ], [ 39.2971779, 8.5227335 ], [ 39.2973987, 8.5263353 ], [ 39.2974574, 8.527131 ], [ 39.2975216, 8.5278211 ], [ 39.2976678, 8.5286879 ], [ 39.2977813, 8.5292183 ], [ 39.2979636, 8.5299157 ], [ 39.2981395, 8.5305037 ], [ 39.2983352, 8.5310644 ], [ 39.2985818, 8.5317084 ], [ 39.2988947, 8.5324114 ], [ 39.2992339, 8.5330697 ], [ 39.2996637, 8.5338669 ], [ 39.3020312, 8.5381237 ], [ 39.3024283, 8.5389109 ], [ 39.3027449, 8.5396231 ], [ 39.3029637, 8.5401411 ], [ 39.303197, 8.5408643 ], [ 39.303395, 8.5415849 ], [ 39.3035897, 8.5424608 ], [ 39.3049716, 8.5496096 ], [ 39.305232, 8.5506309 ], [ 39.3055355, 8.5515719 ], [ 39.3058905, 8.5524054 ], [ 39.3062629, 8.5531906 ], [ 39.3066142, 8.5538289 ], [ 39.3071095, 8.5545906 ], [ 39.3075882, 8.5552647 ], [ 39.3081878, 8.5560098 ], [ 39.3088606, 8.5567368 ], [ 39.3094366, 8.5572879 ], [ 39.3100313, 8.5578016 ], [ 39.311459, 8.5589472 ], [ 39.3281321, 8.5724106 ], [ 39.3386988, 8.5809429 ], [ 39.3581729, 8.596667 ], [ 39.3612048, 8.5991717 ], [ 39.3633838, 8.6009935 ], [ 39.3641604, 8.6016949 ], [ 39.3655523, 8.6030122 ], [ 39.3674863, 8.6050477 ], [ 39.3688873, 8.6066764 ], [ 39.3696185, 8.6075285 ], [ 39.3773206, 8.6166602 ] ] ] } },
{ "type": "Feature", "properties": { "osm_id": "594941256", "code": "6101", "fclass": "rail", "name": "Addis Ababa – Djibouti Railway", "layer": 1, "bridge": "T", "tunnel": "F", "path": "F:\\AnimationData\\Rail\\EthioDjibouti\\Ethiopia_Rail.shp" }, "geometry": { "type": "MultiLineString", "coordinates": [ [ [ 39.3774718, 8.6168386 ], [ 39.3773206, 8.6166602 ] ] ] } },
{ "type": "Feature", "properties": { "osm_id": "594941259", "code": "6101", "fclass": "rail", "name": "Addis Ababa – Djibouti Railway", "layer": 0, "bridge": "F", "tunnel": "F", "path": "F:\\AnimationData\\Rail\\EthioDjibouti\\Ethiopia_Rail.shp" }, "geometry": { "type": "MultiLineString", "coordinates": [ [ [ 39.5435257, 8.7049649 ], [ 39.5435604, 8.7023778 ], [ 39.5435035, 8.7002813 ], [ 39.5429246, 8.693661 ], [ 39.5428391, 8.69273 ], [ 39.5426661, 8.6917857 ], [ 39.5424574, 8.6908678 ], [ 39.5421466, 8.6896693 ], [ 39.5418705, 8.6889366 ], [ 39.5414369, 8.6879892 ], [ 39.5408526, 8.6869013 ], [ 39.5403482, 8.6861011 ], [ 39.5399459, 8.685541 ], [ 39.5368218, 8.6818711 ], [ 39.5366552, 8.681675 ], [ 39.5305473, 8.6744874 ], [ 39.5303024, 8.6741992 ], [ 39.5264571, 8.6696741 ], [ 39.5251403, 8.6683575 ], [ 39.5243472, 8.667751 ], [ 39.5235541, 8.6673368 ], [ 39.5227519, 8.6670139 ], [ 39.5220227, 8.6668091 ], [ 39.5211641, 8.6666867 ], [ 39.5203219, 8.6666563 ], [ 39.5194631, 8.6667476 ], [ 39.5185936, 8.6669613 ], [ 39.517344, 8.6673812 ], [ 39.5096717, 8.6707441 ], [ 39.5084338, 8.6712817 ], [ 39.5071279, 8.6716942 ], [ 39.5062609, 8.6719194 ], [ 39.5054847, 8.6720236 ], [ 39.5046738, 8.6720484 ], [ 39.5037393, 8.6719251 ], [ 39.5029744, 8.6717352 ], [ 39.502193, 8.6714731 ], [ 39.5013708, 8.6710515 ], [ 39.5003624, 8.6703382 ], [ 39.49601, 8.6669052 ], [ 39.4952344, 8.6663006 ], [ 39.4950169, 8.6661679 ], [ 39.4947991, 8.666035 ], [ 39.4941499, 8.6656948 ], [ 39.4931174, 8.6652954 ], [ 39.4924273, 8.6651483 ], [ 39.4917906, 8.6650537 ], [ 39.4909626, 8.6649847 ], [ 39.4901139, 8.6650608 ], [ 39.4892752, 8.6652122 ], [ 39.4884073, 8.6654643 ], [ 39.4876633, 8.6658022 ], [ 39.4865377, 8.6665364 ], [ 39.4859839, 8.6669787 ], [ 39.4855702, 8.6674164 ], [ 39.4850557, 8.6680851 ], [ 39.4845566, 8.6689424 ], [ 39.4844305, 8.6692169 ], [ 39.4818482, 8.6746041 ], [ 39.4813579, 8.6754494 ], [ 39.4810439, 8.6758551 ], [ 39.4808316, 8.6760977 ], [ 39.4802321, 8.6766859 ], [ 39.4794252, 8.6773173 ], [ 39.4786955, 8.6777467 ], [ 39.4779529, 8.6780783 ], [ 39.4772801, 8.6782915 ], [ 39.4766011, 8.6784359 ], [ 39.475883, 8.6785251 ], [ 39.4733083, 8.678721 ], [ 39.4712276, 8.6788649 ], [ 39.4704809, 8.6789545 ], [ 39.469603, 8.6790813 ], [ 39.4686835, 8.679247 ], [ 39.4676761, 8.6794618 ], [ 39.4599905, 8.681346 ], [ 39.4583147, 8.6816525 ], [ 39.4570032, 8.6817473 ], [ 39.4558131, 8.6817158 ], [ 39.4550421, 8.6816559 ], [ 39.4542634, 8.6815444 ], [ 39.4536796, 8.681445 ], [ 39.4530843, 8.681309 ], [ 39.4520411, 8.6810094 ], [ 39.4520025, 8.6809947 ], [ 39.451388, 8.680761 ], [ 39.4413671, 8.6767699 ], [ 39.4297399, 8.6720895 ], [ 39.4270994, 8.6710204 ], [ 39.4258359, 8.6704383 ], [ 39.4250136, 8.669968 ], [ 39.424592, 8.6696945 ], [ 39.42332, 8.6687477 ], [ 39.4225383, 8.6680614 ], [ 39.4177765, 8.663507 ], [ 39.4144944, 8.6603703 ], [ 39.4134737, 8.6593244 ], [ 39.4124069, 8.6581274 ], [ 39.4109793, 8.6564405 ], [ 39.4057373, 8.65033 ], [ 39.3883313, 8.6297062 ], [ 39.3775219, 8.6168979 ], [ 39.3774718, 8.6168386 ] ] ] } },
{ "type": "Feature", "properties": { "osm_id": "594941266", "code": "6101", "fclass": "rail", "name": "Addis Ababa – Djibouti Railway", "layer": 1, "bridge": "T", "tunnel": "F", "path": "F:\\AnimationData\\Rail\\EthioDjibouti\\Ethiopia_Rail.shp" }, "geometry": { "type": "MultiLineString", "coordinates": [ [ [ 39.5504245, 8.7526584 ], [ 39.550278, 8.7519713 ] ] ] } },
{ "type": "Feature", "properties": { "osm_id": "594941271", "code": "6101", "fclass": "rail", "name": "Addis Ababa – Djibouti Railway", "layer": 0, "bridge": "F", "tunnel": "F", "path": "F:\\AnimationData\\Rail\\EthioDjibouti\\Ethiopia_Rail.shp" }, "geometry": { "type": "MultiLineString", "coordinates": [ [ [ 39.5565097, 8.7651811 ], [ 39.5551748, 8.7618706 ], [ 39.5549655, 8.7613531 ], [ 39.5546539, 8.7607076 ], [ 39.5542891, 8.7600041 ], [ 39.5536867, 8.7589522 ], [ 39.5522847, 8.7567635 ], [ 39.5516302, 8.7557188 ], [ 39.5511672, 8.7548479 ], [ 39.5509374, 8.7543131 ], [ 39.5506711, 8.7535548 ], [ 39.5505323, 8.7531031 ], [ 39.5504245, 8.7526584 ] ] ] } },
{ "type": "Feature", "properties": { "osm_id": "594941275", "code": "6101", "fclass": "rail", "name": "Addis Ababa – Djibouti Railway", "layer": 1, "bridge": "T", "tunnel": "F", "path": "F:\\AnimationData\\Rail\\EthioDjibouti\\Ethiopia_Rail.shp" }, "geometry": { "type": "MultiLineString", "coordinates": [ [ [ 39.5685454, 8.7950964 ], [ 39.5681962, 8.7942069 ] ] ] } },
{ "type": "Feature", "properties": { "osm_id": "594941276", "code": "6101", "fclass": "rail", "name": "Addis Ababa – Djibouti Railway", "layer": 1, "bridge": "T", "tunnel": "F", "path": "F:\\AnimationData\\Rail\\EthioDjibouti\\Ethiopia_Rail.shp" }, "geometry": { "type": "MultiLineString", "coordinates": [ [ [ 39.5777966, 8.818123 ], [ 39.5776838, 8.8178371 ] ] ] } },
{ "type": "Feature", "properties": { "osm_id": "594941277", "code": "6101", "fclass": "rail", "name": "Addis Ababa – Djibouti Railway", "layer": 0, "bridge": "F", "tunnel": "F", "path": "F:\\AnimationData\\Rail\\EthioDjibouti\\Ethiopia_Rail.shp" }, "geometry": { "type": "MultiLineString", "coordinates": [ [ [ 39.5776838, 8.8178371 ], [ 39.5685454, 8.7950964 ] ] ] } },
{ "type": "Feature", "properties": { "osm_id": "594941279", "code": "6101", "fclass": "rail", "name": "Addis Ababa – Djibouti Railway", "layer": 1, "bridge": "T", "tunnel": "F", "path": "F:\\AnimationData\\Rail\\EthioDjibouti\\Ethiopia_Rail.shp" }, "geometry": { "type": "MultiLineString", "coordinates": [ [ [ 40.1915927, 9.0314786 ], [ 40.191085, 9.0314876 ], [ 40.1905084, 9.0314775 ], [ 40.1898359, 9.0314152 ], [ 40.189157, 9.0313257 ], [ 40.1885564, 9.0312126 ], [ 40.1878575, 9.0310537 ], [ 40.1871925, 9.0308647 ] ] ] } },
{ "type": "Feature", "properties": { "osm_id": "594941283", "code": "6101", "fclass": "rail", "name": "Addis Ababa – Djibouti Railway", "layer": 0, "bridge": "F", "tunnel": "F", "path": "F:\\AnimationData\\Rail\\EthioDjibouti\\Ethiopia_Rail.shp" }, "geometry": { "type": "MultiLineString", "coordinates": [ [ [ 40.1871925, 9.0308647 ], [ 40.1864464, 9.0306263 ] ] ] } },
{ "type": "Feature", "properties": { "osm_id": "594941287", "code": "6101", "fclass": "rail", "name": "Addis Ababa – Djibouti Railway", "layer": 0, "bridge": "F", "tunnel": "F", "path": "F:\\AnimationData\\Rail\\EthioDjibouti\\Ethiopia_Rail.shp" }, "geometry": { "type": "MultiLineString", "coordinates": [ [ [ 40.1854508, 9.0302276 ], [ 40.184919, 9.0299761 ], [ 40.1844759, 9.0297502 ], [ 40.1838057, 9.0293605 ], [ 40.1826771, 9.0286944 ] ] ] } },
{ "type": "Feature", "properties": { "osm_id": "594941293", "code": "6101", "fclass": "rail", "name": "Addis Ababa – Djibouti Railway", "layer": 0, "bridge": "F", "tunnel": "F", "path": "F:\\AnimationData\\Rail\\EthioDjibouti\\Ethiopia_Rail.shp" }, "geometry": { "type": "MultiLineString", "coordinates": [ [ [ 40.2289509, 9.0127901 ], [ 40.2258321, 9.013426 ], [ 40.2215784, 9.0143306 ], [ 40.2208305, 9.0145215 ], [ 40.220023, 9.0147652 ], [ 40.2181691, 9.0153921 ], [ 40.2172374, 9.0157487 ], [ 40.2165311, 9.0160471 ], [ 40.2158031, 9.0163549 ], [ 40.2150487, 9.0167413 ], [ 40.2134921, 9.0175605 ], [ 40.2120245, 9.0184792 ], [ 40.2110786, 9.0191496 ], [ 40.2101865, 9.0197901 ], [ 40.2093273, 9.0204727 ], [ 40.2080089, 9.0215794 ], [ 40.2010031, 9.0278339 ], [ 40.2002891, 9.0284109 ], [ 40.1992878, 9.0291156 ], [ 40.1984669, 9.0296101 ], [ 40.1975928, 9.0300516 ], [ 40.1969441, 9.0303425 ], [ 40.1962785, 9.030597 ], [ 40.1955476, 9.0308323 ], [ 40.1948757, 9.0310229 ], [ 40.1936284, 9.0312791 ], [ 40.1924119, 9.031427 ], [ 40.1915927, 9.0314786 ] ] ] } },
{ "type": "Feature", "properties": { "osm_id": "594941298", "code": "6101", "fclass": "rail", "name": "Addis Ababa – Djibouti Railway", "layer": 1, "bridge": "T", "tunnel": "F", "path": "F:\\AnimationData\\Rail\\EthioDjibouti\\Ethiopia_Rail.shp" }, "geometry": { "type": "MultiLineString", "coordinates": [ [ [ 40.2303919, 9.0125075 ], [ 40.2289509, 9.0127901 ] ] ] } },
{ "type": "Feature", "properties": { "osm_id": "594941302", "code": "6101", "fclass": "rail", "name": "Addis Ababa – Djibouti Railway", "layer": 0, "bridge": "F", "tunnel": "F", "path": "F:\\AnimationData\\Rail\\EthioDjibouti\\Ethiopia_Rail.shp" }, "geometry": { "type": "MultiLineString", "coordinates": [ [ [ 40.2482277, 9.0090326 ], [ 40.2303919, 9.0125075 ] ] ] } },
{ "type": "Feature", "properties": { "osm_id": "594941304", "code": "6101", "fclass": "rail", "name": "Addis Ababa – Djibouti Railway", "layer": 1, "bridge": "T", "tunnel": "F", "path": "F:\\AnimationData\\Rail\\EthioDjibouti\\Ethiopia_Rail.shp" }, "geometry": { "type": "MultiLineString", "coordinates": [ [ [ 40.2492632, 9.0088292 ], [ 40.2482277, 9.0090326 ] ] ] } },
{ "type": "Feature", "properties": { "osm_id": "594941305", "code": "6101", "fclass": "rail", "name": "Addis Ababa – Djibouti Railway", "layer": 0, "bridge": "F", "tunnel": "F", "path": "F:\\AnimationData\\Rail\\EthioDjibouti\\Ethiopia_Rail.shp" }, "geometry": { "type": "MultiLineString", "coordinates": [ [ [ 40.2558645, 9.0074978 ], [ 40.2492632, 9.0088292 ] ] ] } },
{ "type": "Feature", "properties": { "osm_id": "594941306", "code": "6101", "fclass": "rail", "name": "Addis Ababa – Djibouti Railway", "layer": 1, "bridge": "T", "tunnel": "F", "path": "F:\\AnimationData\\Rail\\EthioDjibouti\\Ethiopia_Rail.shp" }, "geometry": { "type": "MultiLineString", "coordinates": [ [ [ 40.2571822, 9.0072383 ], [ 40.2558645, 9.0074978 ] ] ] } },
{ "type": "Feature", "properties": { "osm_id": "594941307", "code": "6101", "fclass": "rail", "name": "Addis Ababa – Djibouti Railway", "layer": 0, "bridge": "F", "tunnel": "F", "path": "F:\\AnimationData\\Rail\\EthioDjibouti\\Ethiopia_Rail.shp" }, "geometry": { "type": "MultiLineString", "coordinates": [ [ [ 40.4649106, 9.0770567 ], [ 40.4566812, 9.076067 ], [ 40.4541278, 9.075728 ], [ 40.4519498, 9.0753254 ], [ 40.4498041, 9.0747771 ], [ 40.4479802, 9.0741812 ], [ 40.446167, 9.0734766 ], [ 40.4444182, 9.0726555 ], [ 40.4427069, 9.0717497 ], [ 40.4411678, 9.0707662 ], [ 40.439558, 9.069644 ], [ 40.4376747, 9.0680838 ], [ 40.4368401, 9.0673365 ], [ 40.4363887, 9.0668917 ], [ 40.4352343, 9.0656842 ], [ 40.4337841, 9.0639793 ], [ 40.4327546, 9.0625808 ], [ 40.4314672, 9.0606369 ], [ 40.4303426, 9.058841 ], [ 40.4276525, 9.0544479 ], [ 40.4274304, 9.0540915 ], [ 40.4253081, 9.050687 ], [ 40.4232325, 9.0473834 ], [ 40.4229124, 9.0468718 ], [ 40.4202717, 9.0430901 ] ] ] } },
{ "type": "Feature", "properties": { "osm_id": "594941308", "code": "6101", "fclass": "rail", "name": "Addis Ababa – Djibouti Railway", "layer": 0, "bridge": "T", "tunnel": "F", "path": "F:\\AnimationData\\Rail\\EthioDjibouti\\Ethiopia_Rail.shp" }, "geometry": { "type": "MultiLineString", "coordinates": [ [ [ 40.4962662, 9.0899207 ], [ 40.4953274, 9.0894556 ] ] ] } },
{ "type": "Feature", "properties": { "osm_id": "594941309", "code": "6101", "fclass": "rail", "name": "Addis Ababa – Djibouti Railway", "layer": 0, "bridge": "F", "tunnel": "F", "path": "F:\\AnimationData\\Rail\\EthioDjibouti\\Ethiopia_Rail.shp" }, "geometry": { "type": "MultiLineString", "coordinates": [ [ [ 40.5149028, 9.0979715 ], [ 40.514109, 9.0976795 ] ] ] } },
{ "type": "Feature", "properties": { "osm_id": "594941310", "code": "6101", "fclass": "rail", "name": "Addis Ababa – Djibouti Railway", "layer": 1, "bridge": "T", "tunnel": "F", "path": "F:\\AnimationData\\Rail\\EthioDjibouti\\Ethiopia_Rail.shp" }, "geometry": { "type": "MultiLineString", "coordinates": [ [ [ 40.5158628, 9.098319 ], [ 40.5149028, 9.0979715 ] ] ] } },
{ "type": "Feature", "properties": { "osm_id": "594941311", "code": "6101", "fclass": "rail", "name": "Addis Ababa – Djibouti Railway", "layer": 0, "bridge": "F", "tunnel": "F", "path": "F:\\AnimationData\\Rail\\EthioDjibouti\\Ethiopia_Rail.shp" }, "geometry": { "type": "MultiLineString", "coordinates": [ [ [ 40.5174778, 9.0988476 ], [ 40.5158628, 9.098319 ] ] ] } },
{ "type": "Feature", "properties": { "osm_id": "594941313", "code": "6101", "fclass": "rail", "name": "Addis Ababa – Djibouti Railway", "layer": 0, "bridge": "F", "tunnel": "F", "path": "F:\\AnimationData\\Rail\\EthioDjibouti\\Ethiopia_Rail.shp" }, "geometry": { "type": "MultiLineString", "coordinates": [ [ [ 40.514109, 9.0976795 ], [ 40.5070554, 9.0950877 ], [ 40.5061752, 9.0947459 ], [ 40.5053657, 9.0943761 ], [ 40.5036333, 9.093575 ], [ 40.4962662, 9.0899207 ] ] ] } },
{ "type": "Feature", "properties": { "osm_id": "594941314", "code": "6101", "fclass": "rail", "name": "Addis Ababa – Djibouti Railway", "layer": 0, "bridge": "F", "tunnel": "F", "path": "F:\\AnimationData\\Rail\\EthioDjibouti\\Ethiopia_Rail.shp" }, "geometry": { "type": "MultiLineString", "coordinates": [ [ [ 40.5785592, 9.0975928 ], [ 40.5751917, 9.0972272 ], [ 40.5688305, 9.0966187 ], [ 40.5643219, 9.0961439 ], [ 40.5615831, 9.0959009 ], [ 40.5611349, 9.0958629 ], [ 40.5599961, 9.0958483 ], [ 40.55884, 9.0958814 ], [ 40.5575194, 9.0959515 ], [ 40.5554675, 9.0961529 ], [ 40.5533618, 9.0964908 ], [ 40.5518892, 9.0968383 ], [ 40.5441047, 9.0989489 ], [ 40.5427047, 9.0992376 ], [ 40.5411549, 9.0994346 ], [ 40.5303481, 9.1001413 ], [ 40.5288966, 9.100229 ], [ 40.5269626, 9.100246 ], [ 40.5256564, 9.100223 ], [ 40.5243072, 9.1001577 ], [ 40.5227301, 9.0999845 ], [ 40.5215082, 9.099816 ], [ 40.5204472, 9.0996104 ], [ 40.5194771, 9.0994065 ], [ 40.5187315, 9.0992146 ], [ 40.5174778, 9.0988476 ] ] ] } },
{ "type": "Feature", "properties": { "osm_id": "594941315", "code": "6101", "fclass": "rail", "name": "Addis Ababa – Djibouti Railway", "layer": 0, "bridge": "T", "tunnel": "F", "path": "F:\\AnimationData\\Rail\\EthioDjibouti\\Ethiopia_Rail.shp" }, "geometry": { "type": "MultiLineString", "coordinates": [ [ [ 40.6017687, 9.1033017 ], [ 40.6012911, 9.1030377 ] ] ] } },
{ "type": "Feature", "properties": { "osm_id": "594941317", "code": "6101", "fclass": "rail", "name": "Addis Ababa – Djibouti Railway", "layer": 0, "bridge": "F", "tunnel": "F", "path": "F:\\AnimationData\\Rail\\EthioDjibouti\\Ethiopia_Rail.shp" }, "geometry": { "type": "MultiLineString", "coordinates": [ [ [ 40.6122388, 9.1114749 ], [ 40.6118298, 9.1108313 ], [ 40.6109667, 9.1096451 ], [ 40.6102579, 9.1088803 ], [ 40.6097481, 9.1083697 ], [ 40.6092019, 9.1078921 ], [ 40.6082572, 9.1071683 ], [ 40.606763, 9.1062492 ], [ 40.6017687, 9.1033017 ] ] ] } },
{ "type": "Feature", "properties": { "osm_id": "594941318", "code": "6101", "fclass": "rail", "name": "Addis Ababa – Djibouti Railway", "layer": 1, "bridge": "T", "tunnel": "F", "path": "F:\\AnimationData\\Rail\\EthioDjibouti\\Ethiopia_Rail.shp" }, "geometry": { "type": "MultiLineString", "coordinates": [ [ [ 40.6135456, 9.1142071 ], [ 40.6131743, 9.1133158 ], [ 40.6126731, 9.112267 ], [ 40.6122388, 9.1114749 ] ] ] } },
{ "type": "Feature", "properties": { "osm_id": "594941319", "code": "6101", "fclass": "rail", "name": "Addis Ababa – Djibouti Railway", "layer": 1, "bridge": "T", "tunnel": "F", "path": "F:\\AnimationData\\Rail\\EthioDjibouti\\Ethiopia_Rail.shp" }, "geometry": { "type": "MultiLineString", "coordinates": [ [ [ 40.6140902, 9.1246111 ], [ 40.6142531, 9.1215245 ] ] ] } },
{ "type": "Feature", "properties": { "osm_id": "594941321", "code": "6101", "fclass": "rail", "name": "Addis Ababa – Djibouti Railway", "layer": 0, "bridge": "F", "tunnel": "F", "path": "F:\\AnimationData\\Rail\\EthioDjibouti\\Ethiopia_Rail.shp" }, "geometry": { "type": "MultiLineString", "coordinates": [ [ [ 40.6142531, 9.1215245 ], [ 40.6143705, 9.1191897 ], [ 40.6143378, 9.1180063 ], [ 40.6142205, 9.1168352 ], [ 40.6140026, 9.1157834 ], [ 40.6137534, 9.114801 ], [ 40.6135456, 9.1142071 ] ] ] } },
{ "type": "Feature", "properties": { "osm_id": "594941322", "code": "6101", "fclass": "rail", "name": "Addis Ababa – Djibouti Railway", "layer": 1, "bridge": "T", "tunnel": "F", "path": "F:\\AnimationData\\Rail\\EthioDjibouti\\Ethiopia_Rail.shp" }, "geometry": { "type": "MultiLineString", "coordinates": [ [ [ 40.6116399, 9.1358641 ], [ 40.612225, 9.1351891 ], [ 40.6124731, 9.1348411 ], [ 40.6127099, 9.1344772 ], [ 40.6130749, 9.1337856 ], [ 40.6133491, 9.1330851 ], [ 40.6135251, 9.1324866 ], [ 40.6136524, 9.1318491 ] ] ] } },
{ "type": "Feature", "properties": { "osm_id": "594941323", "code": "6101", "fclass": "rail", "name": "Addis Ababa – Djibouti Railway", "layer": 0, "bridge": "F", "tunnel": "F", "path": "F:\\AnimationData\\Rail\\EthioDjibouti\\Ethiopia_Rail.shp" }, "geometry": { "type": "MultiLineString", "coordinates": [ [ [ 40.6136524, 9.1318491 ], [ 40.613743, 9.1310192 ], [ 40.613835, 9.1293737 ] ] ] } },
{ "type": "Feature", "properties": { "osm_id": "594941324", "code": "6101", "fclass": "rail", "name": "Addis Ababa – Djibouti Railway", "layer": 0, "bridge": "F", "tunnel": "F", "path": "F:\\AnimationData\\Rail\\EthioDjibouti\\Ethiopia_Rail.shp" }, "geometry": { "type": "MultiLineString", "coordinates": [ [ [ 40.613835, 9.1293737 ], [ 40.6140902, 9.1246111 ] ] ] } },
{ "type": "Feature", "properties": { "osm_id": "594941325", "code": "6101", "fclass": "rail", "name": "Addis Ababa – Djibouti Railway", "layer": 0, "bridge": "F", "tunnel": "F", "path": "F:\\AnimationData\\Rail\\EthioDjibouti\\Ethiopia_Rail.shp" }, "geometry": { "type": "MultiLineString", "coordinates": [ [ [ 40.6107665, 9.1368583 ], [ 40.6116399, 9.1358641 ] ] ] } },
{ "type": "Feature", "properties": { "osm_id": "595057652", "code": "6101", "fclass": "rail", "name": "Addis Ababa – Djibouti Railway", "layer": 0, "bridge": "T", "tunnel": "F", "path": "F:\\AnimationData\\Rail\\EthioDjibouti\\Ethiopia_Rail.shp" }, "geometry": { "type": "MultiLineString", "coordinates": [ [ [ 40.7490706, 9.2170994 ], [ 40.7483222, 9.2169099 ] ] ] } },
{ "type": "Feature", "properties": { "osm_id": "595057653", "code": "6101", "fclass": "rail", "name": "Addis Ababa – Djibouti Railway", "layer": 0, "bridge": "F", "tunnel": "F", "path": "F:\\AnimationData\\Rail\\EthioDjibouti\\Ethiopia_Rail.shp" }, "geometry": { "type": "MultiLineString", "coordinates": [ [ [ 40.7483222, 9.2169099 ], [ 40.7467758, 9.216547 ], [ 40.7448788, 9.2162418 ], [ 40.7378432, 9.2152452 ], [ 40.7375386, 9.2152026 ], [ 40.7373547, 9.2151769 ], [ 40.7355518, 9.2149247 ] ] ] } },
{ "type": "Feature", "properties": { "osm_id": "595057654", "code": "6101", "fclass": "rail", "name": "Addis Ababa – Djibouti Railway", "layer": 1, "bridge": "T", "tunnel": "F", "path": "F:\\AnimationData\\Rail\\EthioDjibouti\\Ethiopia_Rail.shp" }, "geometry": { "type": "MultiLineString", "coordinates": [ [ [ 40.7905438, 9.2576448 ], [ 40.7896453, 9.2571299 ] ] ] } },
{ "type": "Feature", "properties": { "osm_id": "595057655", "code": "6101", "fclass": "rail", "name": "Addis Ababa – Djibouti Railway", "layer": 0, "bridge": "F", "tunnel": "F", "path": "F:\\AnimationData\\Rail\\EthioDjibouti\\Ethiopia_Rail.shp" }, "geometry": { "type": "MultiLineString", "coordinates": [ [ [ 40.7896453, 9.2571299 ], [ 40.7800374, 9.2513955 ], [ 40.779153, 9.2509649 ], [ 40.7778025, 9.2503741 ], [ 40.7756017, 9.2494357 ], [ 40.7744674, 9.2487364 ], [ 40.7735945, 9.2479843 ], [ 40.7728826, 9.2471581 ], [ 40.7721648, 9.2460031 ], [ 40.7715854, 9.244625 ], [ 40.7713492, 9.2436653 ], [ 40.7704755, 9.2394813 ], [ 40.7694311, 9.2358753 ], [ 40.7689422, 9.2345834 ], [ 40.7683885, 9.2333333 ], [ 40.7678252, 9.2321189 ] ] ] } },
{ "type": "Feature", "properties": { "osm_id": "595057669", "code": "6101", "fclass": "rail", "name": "Addis Ababa – Djibouti Railway", "layer": 1, "bridge": "T", "tunnel": "F", "path": "F:\\AnimationData\\Rail\\EthioDjibouti\\Ethiopia_Rail.shp" }, "geometry": { "type": "MultiLineString", "coordinates": [ [ [ 40.8249782, 9.2761595 ], [ 40.8241552, 9.2756225 ] ] ] } },
{ "type": "Feature", "properties": { "osm_id": "595057670", "code": "6101", "fclass": "rail", "name": "Addis Ababa – Djibouti Railway", "layer": 0, "bridge": "F", "tunnel": "F", "path": "F:\\AnimationData\\Rail\\EthioDjibouti\\Ethiopia_Rail.shp" }, "geometry": { "type": "MultiLineString", "coordinates": [ [ [ 40.8241552, 9.2756225 ], [ 40.8230423, 9.2749738 ], [ 40.8223874, 9.2746875 ], [ 40.8218462, 9.2745013 ], [ 40.8213518, 9.2743915 ], [ 40.820817, 9.2742958 ], [ 40.8202666, 9.2742465 ], [ 40.8198281, 9.2742316 ], [ 40.8193939, 9.2742623 ], [ 40.8189285, 9.2743101 ], [ 40.8183401, 9.2744058 ], [ 40.8176203, 9.2745553 ], [ 40.8154085, 9.2750668 ], [ 40.8136468, 9.2754723 ], [ 40.8129315, 9.275583 ], [ 40.8122265, 9.2756193 ], [ 40.8114588, 9.2755989 ], [ 40.8108428, 9.2755186 ], [ 40.8102898, 9.275403 ], [ 40.8094479, 9.2751262 ], [ 40.808868, 9.2748695 ], [ 40.8083005, 9.2745574 ], [ 40.8076767, 9.2741346 ], [ 40.8072369, 9.2737565 ], [ 40.8068326, 9.2733656 ], [ 40.8039193, 9.270335 ], [ 40.8019923, 9.268173 ], [ 40.8014451, 9.267548 ], [ 40.8011002, 9.2671008 ], [ 40.800742, 9.2665407 ], [ 40.8003316, 9.2658614 ], [ 40.7989773, 9.2636097 ], [ 40.7985421, 9.2629529 ], [ 40.7980016, 9.2623302 ], [ 40.7975904, 9.2619364 ], [ 40.7972068, 9.261646 ], [ 40.7963138, 9.2610274 ], [ 40.7905438, 9.2576448 ] ] ] } },
{ "type": "Feature", "properties": { "osm_id": "595057671", "code": "6101", "fclass": "rail", "name": "Addis Ababa – Djibouti Railway", "layer": 1, "bridge": "T", "tunnel": "F", "path": "F:\\AnimationData\\Rail\\EthioDjibouti\\Ethiopia_Rail.shp" }, "geometry": { "type": "MultiLineString", "coordinates": [ [ [ 40.839208, 9.2852169 ], [ 40.8385104, 9.2847562 ] ] ] } },
{ "type": "Feature", "properties": { "osm_id": "595057672", "code": "6101", "fclass": "rail", "name": "Addis Ababa – Djibouti Railway", "layer": 0, "bridge": "F", "tunnel": "F", "path": "F:\\AnimationData\\Rail\\EthioDjibouti\\Ethiopia_Rail.shp" }, "geometry": { "type": "MultiLineString", "coordinates": [ [ [ 40.8385104, 9.2847562 ], [ 40.8249782, 9.2761595 ] ] ] } },
{ "type": "Feature", "properties": { "osm_id": "595057673", "code": "6101", "fclass": "rail", "name": "Addis Ababa – Djibouti Railway", "layer": 0, "bridge": "F", "tunnel": "F", "path": "F:\\AnimationData\\Rail\\EthioDjibouti\\Ethiopia_Rail.shp" }, "geometry": { "type": "MultiLineString", "coordinates": [ [ [ 41.6239817, 9.618079 ], [ 41.6216597, 9.6178352 ], [ 41.6203565, 9.6176757 ], [ 41.6188575, 9.6174269 ], [ 41.6177155, 9.6171888 ], [ 41.6168536, 9.6169756 ], [ 41.6157083, 9.6166221 ], [ 41.6014556, 9.6120293 ] ] ] } },
{ "type": "Feature", "properties": { "osm_id": "595057674", "code": "6101", "fclass": "rail", "name": "Addis Ababa – Djibouti Railway", "layer": 1, "bridge": "T", "tunnel": "F", "path": "F:\\AnimationData\\Rail\\EthioDjibouti\\Ethiopia_Rail.shp" }, "geometry": { "type": "MultiLineString", "coordinates": [ [ [ 41.6247429, 9.618162 ], [ 41.6239817, 9.618079 ] ] ] } },
{ "type": "Feature", "properties": { "osm_id": "595057677", "code": "6101", "fclass": "rail", "name": "Addis Ababa – Djibouti Railway", "layer": 1, "bridge": "T", "tunnel": "F", "path": "F:\\AnimationData\\Rail\\EthioDjibouti\\Ethiopia_Rail.shp" }, "geometry": { "type": "MultiLineString", "coordinates": [ [ [ 41.645466, 9.62036 ], [ 41.6446975, 9.6202689 ] ] ] } },
{ "type": "Feature", "properties": { "osm_id": "595057681", "code": "6101", "fclass": "rail", "name": "Addis Ababa – Djibouti Railway", "layer": 0, "bridge": "F", "tunnel": "F", "path": "F:\\AnimationData\\Rail\\EthioDjibouti\\Ethiopia_Rail.shp" }, "geometry": { "type": "MultiLineString", "coordinates": [ [ [ 41.6446975, 9.6202689 ], [ 41.6247429, 9.618162 ] ] ] } },
{ "type": "Feature", "properties": { "osm_id": "595057685", "code": "6101", "fclass": "rail", "name": "Addis Ababa – Djibouti Railway", "layer": 0, "bridge": "F", "tunnel": "F", "path": "F:\\AnimationData\\Rail\\EthioDjibouti\\Ethiopia_Rail.shp" }, "geometry": { "type": "MultiLineString", "coordinates": [ [ [ 41.6528409, 9.6211744 ], [ 41.645466, 9.62036 ] ] ] } },
{ "type": "Feature", "properties": { "osm_id": "595057689", "code": "6101", "fclass": "rail", "name": "Addis Ababa – Djibouti Railway", "layer": 1, "bridge": "T", "tunnel": "F", "path": "F:\\AnimationData\\Rail\\EthioDjibouti\\Ethiopia_Rail.shp" }, "geometry": { "type": "MultiLineString", "coordinates": [ [ [ 41.6532598, 9.6212223 ], [ 41.6528409, 9.6211744 ] ] ] } },
{ "type": "Feature", "properties": { "osm_id": "595057693", "code": "6101", "fclass": "rail", "name": "Addis Ababa – Djibouti Railway", "layer": 0, "bridge": "F", "tunnel": "F", "path": "F:\\AnimationData\\Rail\\EthioDjibouti\\Ethiopia_Rail.shp" }, "geometry": { "type": "MultiLineString", "coordinates": [ [ [ 41.6648244, 9.6211327 ], [ 41.6588219, 9.621417 ], [ 41.6574293, 9.6214621 ], [ 41.6563626, 9.6214564 ], [ 41.6556887, 9.6214229 ], [ 41.6546076, 9.6213521 ], [ 41.6532598, 9.6212223 ] ] ] } },
{ "type": "Feature", "properties": { "osm_id": "595057696", "code": "6101", "fclass": "rail", "name": "Addis Ababa – Djibouti Railway", "layer": 0, "bridge": "T", "tunnel": "F", "path": "F:\\AnimationData\\Rail\\EthioDjibouti\\Ethiopia_Rail.shp" }, "geometry": { "type": "MultiLineString", "coordinates": [ [ [ 41.664954, 9.6211267 ], [ 41.6648244, 9.6211327 ] ] ] } },
{ "type": "Feature", "properties": { "osm_id": "595057700", "code": "6101", "fclass": "rail", "name": "Addis Ababa – Djibouti Railway", "layer": 0, "bridge": "T", "tunnel": "F", "path": "F:\\AnimationData\\Rail\\EthioDjibouti\\Ethiopia_Rail.shp" }, "geometry": { "type": "MultiLineString", "coordinates": [ [ [ 41.6875165, 9.620216 ], [ 41.687123, 9.620189 ] ] ] } },
{ "type": "Feature", "properties": { "osm_id": "595057705", "code": "6101", "fclass": "rail", "name": "Addis Ababa – Djibouti Railway", "layer": 0, "bridge": "F", "tunnel": "F", "path": "F:\\AnimationData\\Rail\\EthioDjibouti\\Ethiopia_Rail.shp" }, "geometry": { "type": "MultiLineString", "coordinates": [ [ [ 41.687123, 9.620189 ], [ 41.6865519, 9.6201504 ], [ 41.6859652, 9.6201568 ], [ 41.6847215, 9.620181 ], [ 41.664954, 9.6211267 ] ] ] } },
{ "type": "Feature", "properties": { "osm_id": "595057709", "code": "6101", "fclass": "rail", "name": "Addis Ababa – Djibouti Railway", "layer": 0, "bridge": "F", "tunnel": "F", "path": "F:\\AnimationData\\Rail\\EthioDjibouti\\Ethiopia_Rail.shp" }, "geometry": { "type": "MultiLineString", "coordinates": [ [ [ 41.7046426, 9.623348 ], [ 41.694803, 9.6219695 ], [ 41.6938318, 9.621829 ], [ 41.6929567, 9.6216445 ], [ 41.6924451, 9.6215295 ], [ 41.6915693, 9.6212791 ], [ 41.689645, 9.6206637 ], [ 41.6889426, 9.6204637 ], [ 41.6881605, 9.6202945 ], [ 41.6875165, 9.620216 ] ] ] } },
{ "type": "Feature", "properties": { "osm_id": "595057713", "code": "6101", "fclass": "rail", "name": "Addis Ababa – Djibouti Railway", "layer": 1, "bridge": "T", "tunnel": "F", "path": "F:\\AnimationData\\Rail\\EthioDjibouti\\Ethiopia_Rail.shp" }, "geometry": { "type": "MultiLineString", "coordinates": [ [ [ 41.7047587, 9.6233644 ], [ 41.7046426, 9.623348 ] ] ] } },
{ "type": "Feature", "properties": { "osm_id": "595057716", "code": "6101", "fclass": "rail", "name": "Addis Ababa – Djibouti Railway", "layer": 1, "bridge": "T", "tunnel": "F", "path": "F:\\AnimationData\\Rail\\EthioDjibouti\\Ethiopia_Rail.shp" }, "geometry": { "type": "MultiLineString", "coordinates": [ [ [ 41.7454794, 9.6272455 ], [ 41.7439483, 9.6271418 ] ] ] } },
{ "type": "Feature", "properties": { "osm_id": "595057720", "code": "6101", "fclass": "rail", "name": "Addis Ababa – Djibouti Railway", "layer": 0, "bridge": "F", "tunnel": "F", "path": "F:\\AnimationData\\Rail\\EthioDjibouti\\Ethiopia_Rail.shp" }, "geometry": { "type": "MultiLineString", "coordinates": [ [ [ 41.7439483, 9.6271418 ], [ 41.7421862, 9.6270113 ], [ 41.7409848, 9.6270389 ], [ 41.7258079, 9.6285558 ], [ 41.7251583, 9.6286058 ], [ 41.7243533, 9.6286326 ], [ 41.7233326, 9.628571 ], [ 41.722771, 9.6284954 ], [ 41.7221524, 9.6283793 ], [ 41.7213645, 9.6281779 ], [ 41.7204174, 9.6278749 ], [ 41.7102321, 9.6244285 ], [ 41.7094116, 9.6241634 ], [ 41.7085761, 9.6239346 ], [ 41.7079955, 9.6238195 ], [ 41.7073493, 9.6237185 ], [ 41.7047587, 9.6233644 ] ] ] } },
{ "type": "Feature", "properties": { "osm_id": "595057724", "code": "6101", "fclass": "rail", "name": "Addis Ababa – Djibouti Railway", "layer": 1, "bridge": "T", "tunnel": "F", "path": "F:\\AnimationData\\Rail\\EthioDjibouti\\Ethiopia_Rail.shp" }, "geometry": { "type": "MultiLineString", "coordinates": [ [ [ 41.7582002, 9.6281534 ], [ 41.7571764, 9.6280825 ] ] ] } },
{ "type": "Feature", "properties": { "osm_id": "595057729", "code": "6101", "fclass": "rail", "name": "Addis Ababa – Djibouti Railway", "layer": 0, "bridge": "F", "tunnel": "F", "path": "F:\\AnimationData\\Rail\\EthioDjibouti\\Ethiopia_Rail.shp" }, "geometry": { "type": "MultiLineString", "coordinates": [ [ [ 41.7571764, 9.6280825 ], [ 41.7454794, 9.6272455 ] ] ] } },
{ "type": "Feature", "properties": { "osm_id": "596120311", "code": "6101", "fclass": "rail", "name": "Addis Ababa – Djibouti Railway", "layer": 1, "bridge": "T", "tunnel": "F", "path": "F:\\AnimationData\\Rail\\EthioDjibouti\\Ethiopia_Rail.shp" }, "geometry": { "type": "MultiLineString", "coordinates": [ [ [ 38.7029978, 8.9285247 ], [ 38.7032287, 8.928474 ] ] ] } },
{ "type": "Feature", "properties": { "osm_id": "596120315", "code": "6101", "fclass": "rail", "name": "Addis Ababa – Djibouti Railway", "layer": 0, "bridge": "F", "tunnel": "F", "path": "F:\\AnimationData\\Rail\\EthioDjibouti\\Ethiopia_Rail.shp" }, "geometry": { "type": "MultiLineString", "coordinates": [ [ [ 38.7032287, 8.928474 ], [ 38.7038781, 8.9283248 ], [ 38.7045129, 8.9281576 ], [ 38.7052044, 8.9279552 ], [ 38.7058804, 8.9277122 ], [ 38.7064509, 8.9274767 ], [ 38.7070813, 8.9271686 ], [ 38.7076605, 8.9268569 ], [ 38.7081785, 8.9265534 ], [ 38.7104828, 8.9251916 ], [ 38.7110899, 8.9247723 ], [ 38.7116511, 8.9243278 ], [ 38.712128, 8.9238586 ], [ 38.7125828, 8.9233326 ], [ 38.713012, 8.9227534 ], [ 38.7133757, 8.9221549 ], [ 38.7136912, 8.9214881 ], [ 38.7138549, 8.9210383 ], [ 38.7161792, 8.9156728 ], [ 38.7169572, 8.9139051 ], [ 38.7172039, 8.9131725 ], [ 38.7173935, 8.9125153 ], [ 38.7174972, 8.9118643 ], [ 38.7175641, 8.9111716 ], [ 38.7175661, 8.9105536 ], [ 38.7175266, 8.9100349 ], [ 38.7174217, 8.9094914 ], [ 38.7172746, 8.9089059 ], [ 38.7170898, 8.9083394 ], [ 38.716843, 8.9077898 ], [ 38.7160109, 8.9059613 ], [ 38.7158266, 8.90549 ], [ 38.7156819, 8.9050137 ], [ 38.7156339, 8.9048456 ], [ 38.7155846, 8.9046575 ], [ 38.715536, 8.9044574 ], [ 38.7154895, 8.9042241 ], [ 38.7154528, 8.9040294 ], [ 38.7154245, 8.9038189 ], [ 38.7154032, 8.9036187 ], [ 38.7153866, 8.9033841 ], [ 38.7153764, 8.9031656 ], [ 38.7153782, 8.902909 ], [ 38.7153818, 8.9026767 ], [ 38.7153988, 8.9023877 ], [ 38.7154161, 8.9022204 ], [ 38.7154452, 8.9020109 ], [ 38.7154723, 8.9018477 ], [ 38.7155005, 8.901685 ], [ 38.7155746, 8.9014123 ] ] ] } },
{ "type": "Feature", "properties": { "osm_id": "596120319", "code": "6101", "fclass": "rail", "name": "Addis Ababa – Djibouti Railway", "layer": 0, "bridge": "F", "tunnel": "F", "path": "F:\\AnimationData\\Rail\\EthioDjibouti\\Ethiopia_Rail.shp" }, "geometry": { "type": "MultiLineString", "coordinates": [ [ [ 38.7160894, 8.899883 ], [ 38.7162769, 8.8994853 ], [ 38.7164824, 8.8991356 ], [ 38.7167301, 8.8987481 ], [ 38.7170488, 8.8983225 ], [ 38.7176869, 8.8975544 ] ] ] } },
{ "type": "Feature", "properties": { "osm_id": "596120320", "code": "6101", "fclass": "rail", "name": "Addis Ababa – Djibouti Railway", "layer": 1, "bridge": "T", "tunnel": "F", "path": "F:\\AnimationData\\Rail\\EthioDjibouti\\Ethiopia_Rail.shp" }, "geometry": { "type": "MultiLineString", "coordinates": [ [ [ 38.7155746, 8.9014123 ], [ 38.7156224, 8.9012146 ], [ 38.7156952, 8.9009548 ], [ 38.7158273, 8.9005948 ], [ 38.7159612, 8.9002063 ], [ 38.7160894, 8.899883 ] ] ] } },
{ "type": "Feature", "properties": { "osm_id": "629008447", "code": "6101", "fclass": "rail", "name": "Addis Ababa – Djibouti Railway ??? ???? ???? ????? - ??????", "layer": 0, "bridge": "F", "tunnel": "F", "path": "F:\\AnimationData\\Rail\\EthioDjibouti\\Ethiopia_Rail.shp" }, "geometry": { "type": "MultiLineString", "coordinates": [ [ [ 42.6303215, 11.0514442 ], [ 42.6297705, 11.0501416 ], [ 42.6293064, 11.0485541 ], [ 42.6285717, 11.0453518 ], [ 42.6281436, 11.0432011 ], [ 42.6279143, 11.042134 ], [ 42.6278204, 11.0414552 ], [ 42.6277211, 11.0406094 ], [ 42.6276914, 11.0393987 ] ] ] } },
{ "type": "Feature", "properties": { "osm_id": "629008452", "code": "6101", "fclass": "rail", "name": "Addis Ababa – Djibouti Railway ??? ???? ???? ????? - ??????", "layer": 1, "bridge": "T", "tunnel": "F", "path": "F:\\AnimationData\\Rail\\EthioDjibouti\\Ethiopia_Rail.shp" }, "geometry": { "type": "MultiLineString", "coordinates": [ [ [ 42.6304186, 11.0516688 ], [ 42.6303215, 11.0514442 ] ] ] } },
{ "type": "Feature", "properties": { "osm_id": "629053438", "code": "6101", "fclass": "rail", "name": "Addis Ababa – Djibouti Railway", "layer": 0, "bridge": "F", "tunnel": "F", "path": "F:\\AnimationData\\Rail\\EthioDjibouti\\Ethiopia_Rail.shp" }, "geometry": { "type": "MultiLineString", "coordinates": [ [ [ 42.6277168, 11.034727 ], [ 42.6276814, 11.0328845 ], [ 42.6277057, 11.031111 ], [ 42.6277934, 11.0301733 ], [ 42.6279243, 11.0293081 ], [ 42.6281114, 11.0286458 ], [ 42.6283215, 11.028096 ], [ 42.6285574, 11.0275138 ], [ 42.6288032, 11.0269184 ], [ 42.6290294, 11.0264968 ], [ 42.6293834, 11.0258896 ], [ 42.6324985, 11.0207187 ], [ 42.6329745, 11.0198534 ], [ 42.6333903, 11.018816 ], [ 42.6336215, 11.0180056 ], [ 42.6352641, 11.0099587 ], [ 42.6353993, 11.0089595 ], [ 42.6354307, 11.008627 ], [ 42.635472, 11.008168 ], [ 42.6354904, 11.0073813 ] ] ] } },
{ "type": "Feature", "properties": { "osm_id": "629151533", "code": "6101", "fclass": "rail", "name": "Addis Ababa – Djibouti Railway", "layer": 0, "bridge": "F", "tunnel": "F", "path": "F:\\AnimationData\\Rail\\EthioDjibouti\\Ethiopia_Rail.shp" }, "geometry": { "type": "MultiLineString", "coordinates": [ [ [ 39.9247616, 8.9134809 ], [ 39.9252637, 8.913482 ], [ 39.9257755, 8.9134786 ], [ 39.9281089, 8.913463 ], [ 39.959275, 8.9133082 ], [ 40.0033796, 8.9131214 ], [ 40.0048264, 8.913101 ], [ 40.0056708, 8.9130984 ], [ 40.006597, 8.9131715 ], [ 40.0073632, 8.913235 ], [ 40.0081092, 8.9133335 ], [ 40.0099683, 8.9136245 ], [ 40.0113054, 8.9137863 ], [ 40.0131217, 8.9140573 ], [ 40.0158687, 8.9144326 ], [ 40.0177008, 8.9147185 ], [ 40.0191578, 8.9149089 ], [ 40.0210288, 8.9151984 ], [ 40.0221066, 8.9154166 ], [ 40.023258, 8.9156866 ], [ 40.0241913, 8.9159481 ], [ 40.0252731, 8.9162719 ], [ 40.0266657, 8.9167209 ], [ 40.0285195, 8.917437 ], [ 40.0293113, 8.9177576 ], [ 40.0433833, 8.9236501 ], [ 40.0892585, 8.9427711 ], [ 40.0903698, 8.9432808 ], [ 40.0924448, 8.9442986 ], [ 40.0941751, 8.9452905 ], [ 40.0956429, 8.9461703 ], [ 40.0974789, 8.947367 ], [ 40.0990935, 8.9484828 ], [ 40.1008025, 8.9497979 ], [ 40.1025691, 8.9512543 ], [ 40.1036593, 8.9522166 ], [ 40.1046892, 8.953187 ], [ 40.1067618, 8.9552838 ], [ 40.1087605, 8.9573974 ], [ 40.1169739, 8.965165 ], [ 40.117801, 8.9659817 ], [ 40.1189348, 8.967202 ], [ 40.1196003, 8.9679725 ], [ 40.1233777, 8.9724276 ], [ 40.1268875, 8.9766816 ], [ 40.1277356, 8.9777323 ], [ 40.1282298, 8.9784077 ], [ 40.1294192, 8.9800874 ], [ 40.1305346, 8.9818932 ], [ 40.1315995, 8.9836807 ], [ 40.1326633, 8.9854697 ], [ 40.1335289, 8.9869627 ], [ 40.1343306, 8.9883428 ], [ 40.1358059, 8.9908454 ], [ 40.1365992, 8.992138 ], [ 40.1370075, 8.9928352 ], [ 40.1375124, 8.9936187 ], [ 40.1381058, 8.9944122 ], [ 40.138788, 8.9952198 ], [ 40.1394307, 8.9958441 ], [ 40.1400574, 8.9963962 ], [ 40.1414184, 8.9974091 ], [ 40.1422332, 8.9979161 ], [ 40.1432146, 8.9984749 ], [ 40.1455336, 8.999757 ], [ 40.1468395, 9.0005011 ] ] ] } },
{ "type": "Feature", "properties": { "osm_id": "629152332", "code": "6101", "fclass": "rail", "name": "Addis Ababa – Djibouti Railway", "layer": 1, "bridge": "T", "tunnel": "F", "path": "F:\\AnimationData\\Rail\\EthioDjibouti\\Ethiopia_Rail.shp" }, "geometry": { "type": "MultiLineString", "coordinates": [ [ [ 39.9073798, 8.9141686 ], [ 39.9076347, 8.9141083 ] ] ] } },
{ "type": "Feature", "properties": { "osm_id": "629152333", "code": "6101", "fclass": "rail", "name": "Addis Ababa – Djibouti Railway", "layer": 0, "bridge": "F", "tunnel": "F", "path": "F:\\AnimationData\\Rail\\EthioDjibouti\\Ethiopia_Rail.shp" }, "geometry": { "type": "MultiLineString", "coordinates": [ [ [ 39.9076347, 8.9141083 ], [ 39.9088515, 8.9138403 ], [ 39.9094391, 8.9137265 ], [ 39.9099492, 8.9136384 ], [ 39.9104526, 8.9135787 ], [ 39.9110623, 8.9135353 ], [ 39.9154204, 8.9135138 ], [ 39.9159191, 8.913512 ], [ 39.9247616, 8.9134809 ] ] ] } },
{ "type": "Feature", "properties": { "osm_id": "629806612", "code": "6101", "fclass": "rail", "name": "Addis Ababa – Djibouti Railway", "layer": 0, "bridge": "F", "tunnel": "F", "path": "F:\\AnimationData\\Rail\\EthioDjibouti\\Ethiopia_Rail.shp" }, "geometry": { "type": "MultiLineString", "coordinates": [ [ [ 41.7912519, 9.6305051 ], [ 41.7787286, 9.6296209 ], [ 41.7782106, 9.6295843 ], [ 41.7776952, 9.6295479 ], [ 41.7725173, 9.6291742 ], [ 41.7672125, 9.6287903 ], [ 41.7666503, 9.628758 ], [ 41.7662466, 9.6287272 ], [ 41.7643083, 9.6285988 ], [ 41.7582002, 9.6281534 ] ] ] } },
{ "type": "Feature", "properties": { "osm_id": "630732189", "code": "6101", "fclass": "rail", "name": "Addis Ababa – Djibouti Railway", "layer": 1, "bridge": "T", "tunnel": "F", "path": "F:\\AnimationData\\Rail\\EthioDjibouti\\Ethiopia_Rail.shp" }, "geometry": { "type": "MultiLineString", "coordinates": [ [ [ 38.7082553, 8.8530597 ], [ 38.7088174, 8.8524553 ], [ 38.7095191, 8.851862 ], [ 38.7103306, 8.8513448 ], [ 38.7108867, 8.851065 ], [ 38.7114195, 8.8508519 ], [ 38.7119296, 8.8506935 ], [ 38.71245, 8.8505672 ], [ 38.7129934, 8.8504739 ], [ 38.7135576, 8.8504335 ], [ 38.714114, 8.8504327 ], [ 38.714675, 8.8504801 ], [ 38.7152578, 8.8505666 ], [ 38.715829, 8.8507175 ], [ 38.7162984, 8.850872 ], [ 38.7168236, 8.8510839 ] ] ] } },
{ "type": "Feature", "properties": { "osm_id": "630732198", "code": "6101", "fclass": "rail", "name": "Addis Ababa – Djibouti Railway", "layer": 0, "bridge": "F", "tunnel": "F", "path": "F:\\AnimationData\\Rail\\EthioDjibouti\\Ethiopia_Rail.shp" }, "geometry": { "type": "MultiLineString", "coordinates": [ [ [ 38.7168236, 8.8510839 ], [ 38.7173846, 8.8513513 ], [ 38.7182966, 8.8518691 ], [ 38.7329519, 8.8601545 ], [ 38.7337114, 8.8605326 ], [ 38.7342959, 8.8608024 ], [ 38.735102, 8.8611395 ] ] ] } },
{ "type": "Feature", "properties": { "osm_id": "631147496", "code": "6101", "fclass": "rail", "name": "Addis Ababa – Djibouti Railway", "layer": 0, "bridge": "F", "tunnel": "F", "path": "F:\\AnimationData\\Rail\\EthioDjibouti\\Ethiopia_Rail.shp" }, "geometry": { "type": "MultiLineString", "coordinates": [ [ [ 39.273271, 8.5039898 ], [ 39.2773458, 8.5033863 ], [ 39.2781008, 8.5033012 ], [ 39.2787348, 8.5032771 ], [ 39.279351, 8.5033082 ], [ 39.2799649, 8.503383 ], [ 39.2804753, 8.503487 ], [ 39.2809101, 8.5036132 ], [ 39.2813397, 8.5037566 ], [ 39.2817369, 8.5039322 ], [ 39.2821824, 8.5041665 ], [ 39.2829224, 8.504633 ] ] ] } },
{ "type": "Feature", "properties": { "osm_id": "631397536", "code": "6101", "fclass": "rail", "name": "Addis Ababa – Djibouti Railway", "layer": 0, "bridge": "F", "tunnel": "F", "path": "F:\\AnimationData\\Rail\\EthioDjibouti\\Ethiopia_Rail.shp" }, "geometry": { "type": "MultiLineString", "coordinates": [ [ [ 39.0154463, 8.7704271 ], [ 39.0158128, 8.7698825 ] ] ] } },
{ "type": "Feature", "properties": { "osm_id": "631397537", "code": "6101", "fclass": "rail", "name": "Addis Ababa – Djibouti Railway", "layer": 1, "bridge": "T", "tunnel": "F", "path": "F:\\AnimationData\\Rail\\EthioDjibouti\\Ethiopia_Rail.shp" }, "geometry": { "type": "MultiLineString", "coordinates": [ [ [ 39.0152594, 8.7707006 ], [ 39.0154463, 8.7704271 ] ] ] } },
{ "type": "Feature", "properties": { "osm_id": "631423391", "code": "6101", "fclass": "rail", "name": "Addis Ababa – Djibouti Railway", "layer": 0, "bridge": "F", "tunnel": "F", "path": "F:\\AnimationData\\Rail\\EthioDjibouti\\Ethiopia_Rail.shp" }, "geometry": { "type": "MultiLineString", "coordinates": [ [ [ 38.929753, 8.7996989 ], [ 38.931133, 8.7993729 ], [ 38.9377087, 8.7977642 ] ] ] } },
{ "type": "Feature", "properties": { "osm_id": "631423393", "code": "6101", "fclass": "rail", "name": "Addis Ababa – Djibouti Railway", "layer": 0, "bridge": "F", "tunnel": "F", "path": "F:\\AnimationData\\Rail\\EthioDjibouti\\Ethiopia_Rail.shp" }, "geometry": { "type": "MultiLineString", "coordinates": [ [ [ 38.9020416, 8.8182813 ], [ 38.902481, 8.8176966 ], [ 38.9029575, 8.8169943 ], [ 38.9032881, 8.8164357 ], [ 38.9037136, 8.8156703 ], [ 38.9040864, 8.8148305 ], [ 38.9044283, 8.8140527 ], [ 38.904644, 8.813495 ], [ 38.9048254, 8.8129293 ], [ 38.9050102, 8.812189 ], [ 38.9052113, 8.811203 ], [ 38.9053072, 8.8104963 ], [ 38.9053534, 8.8098361 ], [ 38.90535, 8.8088928 ], [ 38.9053958, 8.8059719 ], [ 38.9053895, 8.8052062 ], [ 38.905438, 8.8045289 ], [ 38.9055683, 8.8037993 ], [ 38.9057377, 8.803138 ], [ 38.9060473, 8.8023068 ], [ 38.9063595, 8.801698 ], [ 38.9069014, 8.8009025 ], [ 38.9073852, 8.8003375 ], [ 38.9078966, 8.7998121 ], [ 38.9084397, 8.7993446 ], [ 38.9089958, 8.7989906 ], [ 38.9096434, 8.7987001 ], [ 38.9102882, 8.7984613 ], [ 38.9111418, 8.7982425 ], [ 38.9119218, 8.7981446 ], [ 38.9127472, 8.7981098 ], [ 38.9136422, 8.7981734 ], [ 38.9143922, 8.7983036 ], [ 38.915152, 8.7985294 ], [ 38.9158888, 8.7988317 ], [ 38.9185215, 8.8000262 ], [ 38.9193231, 8.8003353 ], [ 38.9200738, 8.800565 ], [ 38.9206729, 8.800674 ], [ 38.9213158, 8.8007327 ], [ 38.9219789, 8.8007408 ], [ 38.9230116, 8.800659 ], [ 38.9271825, 8.80014 ], [ 38.9283048, 8.7999762 ], [ 38.929753, 8.7996989 ] ] ] } },
{ "type": "Feature", "properties": { "osm_id": "631423394", "code": "6101", "fclass": "rail", "name": "Addis Ababa – Djibouti Railway", "layer": 1, "bridge": "T", "tunnel": "F", "path": "F:\\AnimationData\\Rail\\EthioDjibouti\\Ethiopia_Rail.shp" }, "geometry": { "type": "MultiLineString", "coordinates": [ [ [ 38.9018944, 8.8184459 ], [ 38.9020416, 8.8182813 ] ] ] } },
{ "type": "Feature", "properties": { "osm_id": "631423395", "code": "6101", "fclass": "rail", "name": "Addis Ababa – Djibouti Railway", "layer": 0, "bridge": "F", "tunnel": "F", "path": "F:\\AnimationData\\Rail\\EthioDjibouti\\Ethiopia_Rail.shp" }, "geometry": { "type": "MultiLineString", "coordinates": [ [ [ 38.8982559, 8.8215067 ], [ 38.8986299, 8.8212592 ], [ 38.8992653, 8.8208342 ], [ 38.8999065, 8.8203448 ], [ 38.9004968, 8.8198333 ], [ 38.9010472, 8.8193337 ], [ 38.9015223, 8.8188581 ], [ 38.9017514, 8.8186044 ], [ 38.9018944, 8.8184459 ] ] ] } },
{ "type": "Feature", "properties": { "osm_id": "631423396", "code": "6101", "fclass": "rail", "name": "Addis Ababa – Djibouti Railway", "layer": 1, "bridge": "T", "tunnel": "F", "path": "F:\\AnimationData\\Rail\\EthioDjibouti\\Ethiopia_Rail.shp" }, "geometry": { "type": "MultiLineString", "coordinates": [ [ [ 38.8980385, 8.8216364 ], [ 38.8982559, 8.8215067 ] ] ] } },
{ "type": "Feature", "properties": { "osm_id": "631423397", "code": "6101", "fclass": "rail", "name": "Addis Ababa – Djibouti Railway", "layer": 0, "bridge": "F", "tunnel": "F", "path": "F:\\AnimationData\\Rail\\EthioDjibouti\\Ethiopia_Rail.shp" }, "geometry": { "type": "MultiLineString", "coordinates": [ [ [ 38.8908655, 8.8235756 ], [ 38.8915515, 8.8235533 ], [ 38.8921898, 8.8235006 ], [ 38.8930065, 8.8233967 ], [ 38.893872, 8.8232438 ], [ 38.8947664, 8.8230215 ], [ 38.8956621, 8.8227277 ], [ 38.896566, 8.8223695 ], [ 38.8972845, 8.8220254 ], [ 38.8980385, 8.8216364 ] ] ] } },
{ "type": "Feature", "properties": { "osm_id": "631423398", "code": "6101", "fclass": "rail", "name": "Addis Ababa – Djibouti Railway", "layer": 1, "bridge": "T", "tunnel": "F", "path": "F:\\AnimationData\\Rail\\EthioDjibouti\\Ethiopia_Rail.shp" }, "geometry": { "type": "MultiLineString", "coordinates": [ [ [ 38.8895425, 8.8235473 ], [ 38.8901693, 8.8235711 ], [ 38.8908655, 8.8235756 ] ] ] } },
{ "type": "Feature", "properties": { "osm_id": "631423399", "code": "6101", "fclass": "rail", "name": "Addis Ababa – Djibouti Railway", "layer": 0, "bridge": "F", "tunnel": "F", "path": "F:\\AnimationData\\Rail\\EthioDjibouti\\Ethiopia_Rail.shp" }, "geometry": { "type": "MultiLineString", "coordinates": [ [ [ 38.8623877, 8.8224674 ], [ 38.8630694, 8.8224956 ], [ 38.8676485, 8.8226846 ] ] ] } },
{ "type": "Feature", "properties": { "osm_id": "631423400", "code": "6101", "fclass": "rail", "name": "Addis Ababa – Djibouti Railway", "layer": 0, "bridge": "F", "tunnel": "F", "path": "F:\\AnimationData\\Rail\\EthioDjibouti\\Ethiopia_Rail.shp" }, "geometry": { "type": "MultiLineString", "coordinates": [ [ [ 38.8681321, 8.822704 ], [ 38.8895425, 8.8235473 ] ] ] } },
{ "type": "Feature", "properties": { "osm_id": "631423401", "code": "6101", "fclass": "rail", "name": "Addis Ababa – Djibouti Railway", "layer": 1, "bridge": "T", "tunnel": "F", "path": "F:\\AnimationData\\Rail\\EthioDjibouti\\Ethiopia_Rail.shp" }, "geometry": { "type": "MultiLineString", "coordinates": [ [ [ 38.8676485, 8.8226846 ], [ 38.8681321, 8.822704 ] ] ] } },
{ "type": "Feature", "properties": { "osm_id": "631423402", "code": "6101", "fclass": "rail", "name": "Addis Ababa – Djibouti Railway", "layer": 1, "bridge": "T", "tunnel": "F", "path": "F:\\AnimationData\\Rail\\EthioDjibouti\\Ethiopia_Rail.shp" }, "geometry": { "type": "MultiLineString", "coordinates": [ [ [ 38.8541467, 8.8233235 ], [ 38.855178, 8.8229847 ], [ 38.8558914, 8.8227953 ], [ 38.8570044, 8.8225635 ], [ 38.8579164, 8.8224404 ], [ 38.8586783, 8.8223835 ], [ 38.8594778, 8.8223612 ], [ 38.8623877, 8.8224674 ] ] ] } },
{ "type": "Feature", "properties": { "osm_id": "631454257", "code": "6101", "fclass": "rail", "name": "Addis Ababa – Djibouti Railway", "layer": 0, "bridge": "F", "tunnel": "F", "path": "F:\\AnimationData\\Rail\\EthioDjibouti\\Ethiopia_Rail.shp" }, "geometry": { "type": "MultiLineString", "coordinates": [ [ [ 38.7207479, 8.8837528 ], [ 38.7215778, 8.8810216 ], [ 38.7217247, 8.8805278 ], [ 38.7218608, 8.8800239 ], [ 38.7219637, 8.8795489 ] ] ] } },
{ "type": "Feature", "properties": { "osm_id": "631454258", "code": "6101", "fclass": "rail", "name": "Addis Ababa – Djibouti Railway", "layer": 1, "bridge": "T", "tunnel": "F", "path": "F:\\AnimationData\\Rail\\EthioDjibouti\\Ethiopia_Rail.shp" }, "geometry": { "type": "MultiLineString", "coordinates": [ [ [ 38.7202505, 8.886869 ], [ 38.7202425, 8.8863845 ], [ 38.7202664, 8.8860744 ], [ 38.7203008, 8.8856616 ], [ 38.7203666, 8.8852548 ], [ 38.7204445, 8.8848796 ], [ 38.7205611, 8.8844593 ], [ 38.7207479, 8.8837528 ] ] ] } },
{ "type": "Feature", "properties": { "osm_id": "631454259", "code": "6101", "fclass": "rail", "name": "Addis Ababa – Djibouti Railway", "layer": 1, "bridge": "T", "tunnel": "F", "path": "F:\\AnimationData\\Rail\\EthioDjibouti\\Ethiopia_Rail.shp" }, "geometry": { "type": "MultiLineString", "coordinates": [ [ [ 38.720657, 8.8914691 ], [ 38.7206745, 8.8911501 ], [ 38.7206739, 8.8909002 ], [ 38.7206518, 8.8906614 ], [ 38.7206297, 8.8904399 ], [ 38.7205914, 8.8901894 ], [ 38.7205251, 8.8898906 ] ] ] } },
{ "type": "Feature", "properties": { "osm_id": "631454260", "code": "6101", "fclass": "rail", "name": "Addis Ababa – Djibouti Railway", "layer": 0, "bridge": "F", "tunnel": "F", "path": "F:\\AnimationData\\Rail\\EthioDjibouti\\Ethiopia_Rail.shp" }, "geometry": { "type": "MultiLineString", "coordinates": [ [ [ 38.7205251, 8.8898906 ], [ 38.7204533, 8.8896052 ], [ 38.7203937, 8.8893232 ], [ 38.7203326, 8.8889438 ], [ 38.7202904, 8.888522 ], [ 38.720254, 8.8878162 ], [ 38.7202505, 8.886869 ] ] ] } },
{ "type": "Feature", "properties": { "osm_id": "631454261", "code": "6101", "fclass": "rail", "name": "Addis Ababa – Djibouti Railway", "layer": 0, "bridge": "F", "tunnel": "F", "path": "F:\\AnimationData\\Rail\\EthioDjibouti\\Ethiopia_Rail.shp" }, "geometry": { "type": "MultiLineString", "coordinates": [ [ [ 38.7189538, 8.8960259 ], [ 38.719363, 8.8954466 ], [ 38.7197101, 8.8948855 ], [ 38.7199434, 8.8944471 ], [ 38.7200516, 8.8942234 ], [ 38.7201554, 8.893993 ], [ 38.7202581, 8.8937372 ], [ 38.7203508, 8.8934475 ], [ 38.7204178, 8.8931946 ], [ 38.7204786, 8.8929095 ], [ 38.7205362, 8.8925521 ], [ 38.7205793, 8.8923088 ], [ 38.7205955, 8.8921265 ], [ 38.7206264, 8.89185 ], [ 38.720657, 8.8914691 ] ] ] } },
{ "type": "Feature", "properties": { "osm_id": "631454262", "code": "6101", "fclass": "rail", "name": "Addis Ababa – Djibouti Railway", "layer": 1, "bridge": "T", "tunnel": "F", "path": "F:\\AnimationData\\Rail\\EthioDjibouti\\Ethiopia_Rail.shp" }, "geometry": { "type": "MultiLineString", "coordinates": [ [ [ 38.7176869, 8.8975544 ], [ 38.7182678, 8.8968741 ], [ 38.7189538, 8.8960259 ] ] ] } },
{ "type": "Feature", "properties": { "osm_id": "631454267", "code": "6101", "fclass": "rail", "name": "??? ??? - ??? ???", "layer": 0, "bridge": "F", "tunnel": "F", "path": "F:\\AnimationData\\Rail\\EthioDjibouti\\Ethiopia_Rail.shp" }, "geometry": { "type": "MultiLineString", "coordinates": [ [ [ 38.6718661, 8.934945 ], [ 38.672334, 8.9350063 ], [ 38.672811, 8.9350416 ], [ 38.6732847, 8.9350404 ], [ 38.6737847, 8.93501 ], [ 38.6742842, 8.9349575 ], [ 38.6749634, 8.934825 ], [ 38.6830805, 8.9330117 ], [ 38.6842577, 8.9327449 ], [ 38.6846419, 8.9326628 ], [ 38.687992, 8.931901 ], [ 38.6918897, 8.9310253 ], [ 38.692149, 8.9309637 ], [ 38.692612, 8.9308606 ], [ 38.6950096, 8.9303263 ], [ 38.70272, 8.9285865 ], [ 38.7029978, 8.9285247 ] ] ] } },
{ "type": "Feature", "properties": { "osm_id": "631454268", "code": "6101", "fclass": "rail", "name": "Addis Ababa – Djibouti Railway", "layer": 0, "bridge": "F", "tunnel": "F", "path": "F:\\AnimationData\\Rail\\EthioDjibouti\\Ethiopia_Rail.shp" }, "geometry": { "type": "MultiLineString", "coordinates": [ [ [ 38.6619632, 8.9256358 ], [ 38.6631718, 8.9267609 ], [ 38.6640496, 8.9276889 ], [ 38.6645979, 8.928319 ], [ 38.6650182, 8.9289014 ], [ 38.665803, 8.9300493 ], [ 38.6662352, 8.9306273 ], [ 38.6669983, 8.931785 ], [ 38.6674059, 8.9323085 ], [ 38.6678004, 8.9327848 ], [ 38.6683539, 8.9333237 ], [ 38.6689022, 8.9337409 ], [ 38.6694704, 8.934092 ], [ 38.6700554, 8.9343957 ], [ 38.6706271, 8.9346292 ], [ 38.6709347, 8.9347394 ], [ 38.6714308, 8.9348567 ], [ 38.6718661, 8.934945 ] ] ] } },
{ "type": "Feature", "properties": { "osm_id": "672085273", "code": "6101", "fclass": "rail", "name": "Addis Ababa – Djibouti Railway", "layer": 0, "bridge": "F", "tunnel": "F", "path": "F:\\AnimationData\\Rail\\EthioDjibouti\\Ethiopia_Rail.shp" }, "geometry": { "type": "MultiLineString", "coordinates": [ [ [ 39.6177122, 8.8967259 ], [ 39.618369, 8.898013 ], [ 39.6189278, 8.8990531 ], [ 39.6193747, 8.8997773 ], [ 39.620274, 8.9011815 ], [ 39.6217389, 8.903146 ] ] ] } },
{ "type": "Feature", "properties": { "osm_id": "672085275", "code": "6101", "fclass": "rail", "name": "Addis Ababa – Djibouti Railway", "layer": 1, "bridge": "T", "tunnel": "F", "path": "F:\\AnimationData\\Rail\\EthioDjibouti\\Ethiopia_Rail.shp" }, "geometry": { "type": "MultiLineString", "coordinates": [ [ [ 39.6217389, 8.903146 ], [ 39.6218544, 8.9032928 ] ] ] } },
{ "type": "Feature", "properties": { "osm_id": "672085276", "code": "6101", "fclass": "rail", "name": "Addis Ababa – Djibouti Railway", "layer": 0, "bridge": "F", "tunnel": "F", "path": "F:\\AnimationData\\Rail\\EthioDjibouti\\Ethiopia_Rail.shp" }, "geometry": { "type": "MultiLineString", "coordinates": [ [ [ 39.5777966, 8.818123 ], [ 39.5786695, 8.8203105 ], [ 39.579869, 8.8232803 ], [ 39.5810113, 8.8260991 ], [ 39.5825869, 8.8300535 ], [ 39.5828771, 8.8307237 ], [ 39.5834054, 8.8318347 ], [ 39.5842077, 8.8331698 ], [ 39.5847819, 8.8339595 ], [ 39.5853717, 8.8346535 ], [ 39.5862056, 8.835508 ], [ 39.5870242, 8.836252 ], [ 39.5877179, 8.836832 ], [ 39.5970352, 8.8446431 ], [ 39.5983112, 8.8457013 ], [ 39.5992997, 8.8465542 ], [ 39.6001763, 8.847379 ], [ 39.6011074, 8.8483142 ], [ 39.602684, 8.8501162 ], [ 39.6037574, 8.8514829 ], [ 39.604177, 8.8520806 ], [ 39.6044927, 8.8525511 ], [ 39.6050974, 8.8535045 ], [ 39.6056298, 8.8543638 ], [ 39.6066317, 8.8562718 ], [ 39.60705, 8.8571815 ], [ 39.6075357, 8.8583351 ], [ 39.6085124, 8.8610588 ], [ 39.6089909, 8.8628867 ], [ 39.6093389, 8.8643834 ], [ 39.6120851, 8.8759286 ], [ 39.6146888, 8.8868741 ], [ 39.6149033, 8.8878105 ], [ 39.6152928, 8.8894408 ], [ 39.6159467, 8.89203 ], [ 39.6161159, 8.8925731 ], [ 39.6165384, 8.8938581 ], [ 39.617205, 8.8955705 ], [ 39.6177122, 8.8967259 ] ] ] } },
{ "type": "Feature", "properties": { "osm_id": "672085282", "code": "6101", "fclass": "rail", "name": "Addis Ababa – Djibouti Railway", "layer": 0, "bridge": "F", "tunnel": "F", "path": "F:\\AnimationData\\Rail\\EthioDjibouti\\Ethiopia_Rail.shp" }, "geometry": { "type": "MultiLineString", "coordinates": [ [ [ 39.5430297, 8.7102597 ], [ 39.5433195, 8.7080025 ], [ 39.5434011, 8.7071332 ], [ 39.5434484, 8.7062208 ], [ 39.5435166, 8.7052412 ] ] ] } },
{ "type": "Feature", "properties": { "osm_id": "672085286", "code": "6101", "fclass": "rail", "name": "Addis Ababa – Djibouti Railway", "layer": 0, "bridge": "F", "tunnel": "F", "path": "F:\\AnimationData\\Rail\\EthioDjibouti\\Ethiopia_Rail.shp" }, "geometry": { "type": "MultiLineString", "coordinates": [ [ [ 39.550278, 8.7519713 ], [ 39.5497193, 8.7490934 ], [ 39.5493576, 8.747638 ], [ 39.5489127, 8.7463023 ], [ 39.5484481, 8.7451846 ], [ 39.5466875, 8.7407683 ], [ 39.5450024, 8.7365936 ], [ 39.5445357, 8.7353271 ], [ 39.5439624, 8.7335802 ], [ 39.543435, 8.7316923 ], [ 39.54308, 8.7301608 ], [ 39.5426908, 8.728259 ], [ 39.5425211, 8.7271526 ], [ 39.5422842, 8.7253608 ], [ 39.542217, 8.7247858 ], [ 39.5421195, 8.7236758 ], [ 39.5420326, 8.7220916 ], [ 39.5420268, 8.7196556 ], [ 39.5420475, 8.7186627 ], [ 39.5421017, 8.7176198 ], [ 39.5421988, 8.7162541 ], [ 39.5422748, 8.7155267 ], [ 39.5423624, 8.714804 ], [ 39.5430297, 8.7102597 ] ] ] } },
{ "type": "Feature", "properties": { "osm_id": "672085331", "code": "6101", "fclass": "rail", "name": "Addis Ababa – Djibouti Railway", "layer": 0, "bridge": "F", "tunnel": "F", "path": "F:\\AnimationData\\Rail\\EthioDjibouti\\Ethiopia_Rail.shp" }, "geometry": { "type": "MultiLineString", "coordinates": [ [ [ 39.5681962, 8.7942069 ], [ 39.5637282, 8.7831503 ], [ 39.5565406, 8.7652612 ] ] ] } },
{ "type": "Feature", "properties": { "osm_id": "700209101", "code": "6101", "fclass": "rail", "name": "Addis Ababa – Djibouti Railway", "layer": 0, "bridge": "T", "tunnel": "F", "path": "F:\\AnimationData\\Rail\\EthioDjibouti\\Ethiopia_Rail.shp" }, "geometry": { "type": "MultiLineString", "coordinates": [ [ [ 41.390841, 9.5693596 ], [ 41.3891581, 9.5683026 ] ] ] } },
{ "type": "Feature", "properties": { "osm_id": "700209102", "code": "6101", "fclass": "rail", "name": "Addis Ababa – Djibouti Railway", "layer": 0, "bridge": "F", "tunnel": "F", "path": "F:\\AnimationData\\Rail\\EthioDjibouti\\Ethiopia_Rail.shp" }, "geometry": { "type": "MultiLineString", "coordinates": [ [ [ 41.3891581, 9.5683026 ], [ 41.3884082, 9.5678278 ], [ 41.3877055, 9.5673703 ], [ 41.3862866, 9.5664393 ], [ 41.3849348, 9.5655929 ], [ 41.3835889, 9.5646901 ], [ 41.3833791, 9.5645429 ], [ 41.3831753, 9.5643895 ], [ 41.3828267, 9.5641163 ], [ 41.3825771, 9.5638975 ], [ 41.382376, 9.5637071 ], [ 41.3820407, 9.5633553 ], [ 41.3817751, 9.5630538 ], [ 41.381419, 9.5626202 ], [ 41.3811287, 9.5622233 ], [ 41.3809796, 9.5619922 ], [ 41.3808095, 9.5617207 ], [ 41.3806245, 9.5614033 ], [ 41.3802742, 9.5608124 ], [ 41.3800726, 9.5604871 ], [ 41.3795157, 9.5595486 ], [ 41.3792109, 9.5590625 ], [ 41.3788808, 9.5585608 ], [ 41.3785967, 9.5581553 ], [ 41.3782893, 9.5577759 ], [ 41.3779289, 9.5573803 ], [ 41.3775232, 9.5569863 ], [ 41.3771617, 9.5566741 ], [ 41.3769177, 9.5564625 ], [ 41.3765889, 9.5562003 ], [ 41.3762218, 9.5559481 ] ] ] } },
{ "type": "Feature", "properties": { "osm_id": "700209103", "code": "6101", "fclass": "rail", "name": "Addis Ababa – Djibouti Railway", "layer": 1, "bridge": "T", "tunnel": "F", "path": "F:\\AnimationData\\Rail\\EthioDjibouti\\Ethiopia_Rail.shp" }, "geometry": { "type": "MultiLineString", "coordinates": [ [ [ 41.4072507, 9.5815702 ], [ 41.4069819, 9.5814715 ], [ 41.4066087, 9.5813112 ], [ 41.4062692, 9.5811035 ] ] ] } },
{ "type": "Feature", "properties": { "osm_id": "700209104", "code": "6101", "fclass": "rail", "name": "Addis Ababa – Djibouti Railway", "layer": 0, "bridge": "F", "tunnel": "F", "path": "F:\\AnimationData\\Rail\\EthioDjibouti\\Ethiopia_Rail.shp" }, "geometry": { "type": "MultiLineString", "coordinates": [ [ [ 41.4062692, 9.5811035 ], [ 41.4056375, 9.5806972 ], [ 41.4050233, 9.5802189 ], [ 41.3998748, 9.5757061 ], [ 41.3975829, 9.5737535 ], [ 41.3968956, 9.5732281 ], [ 41.3950782, 9.5720012 ], [ 41.390841, 9.5693596 ] ] ] } },
{ "type": "Feature", "properties": { "osm_id": "700209105", "code": "6101", "fclass": "rail", "name": "Addis Ababa – Djibouti Railway", "layer": 0, "bridge": "F", "tunnel": "F", "path": "F:\\AnimationData\\Rail\\EthioDjibouti\\Ethiopia_Rail.shp" }, "geometry": { "type": "MultiLineString", "coordinates": [ [ [ 41.4255895, 9.5826496 ], [ 41.4241569, 9.5823471 ], [ 41.422015, 9.5819973 ], [ 41.420648, 9.5818606 ], [ 41.419749, 9.5818368 ], [ 41.418683, 9.5818405 ], [ 41.4159806, 9.5819039 ], [ 41.4134553, 9.5819601 ], [ 41.4107384, 9.5819845 ], [ 41.4098783, 9.5820356 ], [ 41.4090876, 9.5819906 ], [ 41.4081462, 9.5818322 ], [ 41.4072507, 9.5815702 ] ] ] } },
{ "type": "Feature", "properties": { "osm_id": "700209106", "code": "6101", "fclass": "rail", "name": "Addis Ababa – Djibouti Railway", "layer": 0, "bridge": "T", "tunnel": "F", "path": "F:\\AnimationData\\Rail\\EthioDjibouti\\Ethiopia_Rail.shp" }, "geometry": { "type": "MultiLineString", "coordinates": [ [ [ 41.4261355, 9.5827463 ], [ 41.4255895, 9.5826496 ] ] ] } },
{ "type": "Feature", "properties": { "osm_id": "700209107", "code": "6101", "fclass": "rail", "name": "Addis Ababa – Djibouti Railway", "layer": 0, "bridge": "F", "tunnel": "F", "path": "F:\\AnimationData\\Rail\\EthioDjibouti\\Ethiopia_Rail.shp" }, "geometry": { "type": "MultiLineString", "coordinates": [ [ [ 41.433724, 9.5841601 ], [ 41.4290971, 9.5832224 ], [ 41.4261355, 9.5827463 ] ] ] } },
{ "type": "Feature", "properties": { "osm_id": "700209108", "code": "6101", "fclass": "rail", "name": "Addis Ababa – Djibouti Railway", "layer": 0, "bridge": "T", "tunnel": "F", "path": "F:\\AnimationData\\Rail\\EthioDjibouti\\Ethiopia_Rail.shp" }, "geometry": { "type": "MultiLineString", "coordinates": [ [ [ 41.4343108, 9.5842632 ], [ 41.433724, 9.5841601 ] ] ] } },
{ "type": "Feature", "properties": { "osm_id": "700209109", "code": "6101", "fclass": "rail", "name": "Addis Ababa – Djibouti Railway", "layer": 0, "bridge": "T", "tunnel": "F", "path": "F:\\AnimationData\\Rail\\EthioDjibouti\\Ethiopia_Rail.shp" }, "geometry": { "type": "MultiLineString", "coordinates": [ [ [ 41.4481451, 9.5870038 ], [ 41.4477972, 9.5868875 ] ] ] } },
{ "type": "Feature", "properties": { "osm_id": "700209110", "code": "6101", "fclass": "rail", "name": "Addis Ababa – Djibouti Railway", "layer": 0, "bridge": "F", "tunnel": "F", "path": "F:\\AnimationData\\Rail\\EthioDjibouti\\Ethiopia_Rail.shp" }, "geometry": { "type": "MultiLineString", "coordinates": [ [ [ 41.4477972, 9.5868875 ], [ 41.4469217, 9.5866181 ], [ 41.4460311, 9.5864221 ], [ 41.4450431, 9.5862405 ], [ 41.4419708, 9.5856837 ], [ 41.4377295, 9.5848422 ], [ 41.4343108, 9.5842632 ] ] ] } },
{ "type": "Feature", "properties": { "osm_id": "700209111", "code": "6101", "fclass": "rail", "name": "Addis Ababa – Djibouti Railway", "layer": 0, "bridge": "T", "tunnel": "F", "path": "F:\\AnimationData\\Rail\\EthioDjibouti\\Ethiopia_Rail.shp" }, "geometry": { "type": "MultiLineString", "coordinates": [ [ [ 41.4631202, 9.5972222 ], [ 41.4624061, 9.5971118 ] ] ] } },
{ "type": "Feature", "properties": { "osm_id": "700209112", "code": "6101", "fclass": "rail", "name": "Addis Ababa – Djibouti Railway", "layer": 0, "bridge": "F", "tunnel": "F", "path": "F:\\AnimationData\\Rail\\EthioDjibouti\\Ethiopia_Rail.shp" }, "geometry": { "type": "MultiLineString", "coordinates": [ [ [ 41.4624061, 9.5971118 ], [ 41.4612374, 9.5968897 ], [ 41.4604752, 9.596726 ], [ 41.4592871, 9.5963498 ], [ 41.458213, 9.5958638 ], [ 41.4572997, 9.5953545 ], [ 41.4566502, 9.5949154 ], [ 41.4558972, 9.5943117 ], [ 41.4551471, 9.5936109 ], [ 41.4523001, 9.5904318 ], [ 41.4510033, 9.5889902 ], [ 41.4506284, 9.5885907 ], [ 41.4502135, 9.5881974 ], [ 41.4498939, 9.5879391 ], [ 41.4495141, 9.5876679 ], [ 41.4491034, 9.5874329 ], [ 41.4487222, 9.5872517 ], [ 41.4481451, 9.5870038 ] ] ] } },
{ "type": "Feature", "properties": { "osm_id": "700209113", "code": "6101", "fclass": "rail", "name": "Addis Ababa – Djibouti Railway", "layer": 0, "bridge": "F", "tunnel": "F", "path": "F:\\AnimationData\\Rail\\EthioDjibouti\\Ethiopia_Rail.shp" }, "geometry": { "type": "MultiLineString", "coordinates": [ [ [ 41.468164, 9.5980765 ], [ 41.4631202, 9.5972222 ] ] ] } },
{ "type": "Feature", "properties": { "osm_id": "700209114", "code": "6101", "fclass": "rail", "name": "Addis Ababa – Djibouti Railway", "layer": 0, "bridge": "T", "tunnel": "F", "path": "F:\\AnimationData\\Rail\\EthioDjibouti\\Ethiopia_Rail.shp" }, "geometry": { "type": "MultiLineString", "coordinates": [ [ [ 41.4690485, 9.5982268 ], [ 41.468164, 9.5980765 ] ] ] } },
{ "type": "Feature", "properties": { "osm_id": "700209115", "code": "6101", "fclass": "rail", "name": "Addis Ababa – Djibouti Railway", "layer": 0, "bridge": "F", "tunnel": "F", "path": "F:\\AnimationData\\Rail\\EthioDjibouti\\Ethiopia_Rail.shp" }, "geometry": { "type": "MultiLineString", "coordinates": [ [ [ 41.4800312, 9.6002895 ], [ 41.4790993, 9.5999453 ], [ 41.478124, 9.5997226 ], [ 41.4764864, 9.5994313 ], [ 41.4690485, 9.5982268 ] ] ] } },
{ "type": "Feature", "properties": { "osm_id": "700209116", "code": "6101", "fclass": "rail", "name": "Addis Ababa – Djibouti Railway", "layer": 0, "bridge": "T", "tunnel": "F", "path": "F:\\AnimationData\\Rail\\EthioDjibouti\\Ethiopia_Rail.shp" }, "geometry": { "type": "MultiLineString", "coordinates": [ [ [ 41.4803589, 9.6004244 ], [ 41.4800312, 9.6002895 ] ] ] } },
{ "type": "Feature", "properties": { "osm_id": "700209117", "code": "6101", "fclass": "rail", "name": "Addis Ababa – Djibouti Railway", "layer": 0, "bridge": "F", "tunnel": "F", "path": "F:\\AnimationData\\Rail\\EthioDjibouti\\Ethiopia_Rail.shp" }, "geometry": { "type": "MultiLineString", "coordinates": [ [ [ 41.4851546, 9.6038556 ], [ 41.4846253, 9.6035336 ], [ 41.4841521, 9.6031993 ], [ 41.4816327, 9.6012353 ], [ 41.4810231, 9.6007828 ], [ 41.4803589, 9.6004244 ] ] ] } },
{ "type": "Feature", "properties": { "osm_id": "700209118", "code": "6101", "fclass": "rail", "name": "Addis Ababa – Djibouti Railway", "layer": 0, "bridge": "T", "tunnel": "F", "path": "F:\\AnimationData\\Rail\\EthioDjibouti\\Ethiopia_Rail.shp" }, "geometry": { "type": "MultiLineString", "coordinates": [ [ [ 41.4863721, 9.6043539 ], [ 41.4859346, 9.6042014 ], [ 41.4855261, 9.6040261 ], [ 41.4851546, 9.6038556 ] ] ] } },
{ "type": "Feature", "properties": { "osm_id": "734139154", "code": "6101", "fclass": "rail", "name": "Addis Ababa – Djibouti Railway", "layer": 0, "bridge": "T", "tunnel": "F", "path": "F:\\AnimationData\\Rail\\EthioDjibouti\\Ethiopia_Rail.shp" }, "geometry": { "type": "MultiLineString", "coordinates": [ [ [ 42.6301649, 10.8456917 ], [ 42.6298106, 10.8455655 ] ] ] } },
{ "type": "Feature", "properties": { "osm_id": "734139155", "code": "6101", "fclass": "rail", "name": "Addis Ababa – Djibouti Railway", "layer": 0, "bridge": "F", "tunnel": "F", "path": "F:\\AnimationData\\Rail\\EthioDjibouti\\Ethiopia_Rail.shp" }, "geometry": { "type": "MultiLineString", "coordinates": [ [ [ 42.6298106, 10.8455655 ], [ 42.6290212, 10.8452343 ], [ 42.6285685, 10.8450192 ], [ 42.6269315, 10.8440941 ], [ 42.6254666, 10.8433791 ], [ 42.6237613, 10.8426953 ], [ 42.621394, 10.8417267 ], [ 42.6209545, 10.8415854 ] ] ] } },
{ "type": "Feature", "properties": { "osm_id": "736763218", "code": "6101", "fclass": "rail", "name": "Addis Ababa – Djibouti Railway", "layer": 0, "bridge": "F", "tunnel": "F", "path": "F:\\AnimationData\\Rail\\EthioDjibouti\\Ethiopia_Rail.shp" }, "geometry": { "type": "MultiLineString", "coordinates": [ [ [ 40.3869954, 9.0188806 ], [ 40.3535954, 9.0086899 ], [ 40.3518211, 9.0081187 ], [ 40.3507677, 9.0078277 ], [ 40.3496756, 9.0075901 ] ] ] } },
{ "type": "Feature", "properties": { "osm_id": "736763219", "code": "6101", "fclass": "rail", "name": "Addis Ababa – Djibouti Railway", "layer": 0, "bridge": "T", "tunnel": "F", "path": "F:\\AnimationData\\Rail\\EthioDjibouti\\Ethiopia_Rail.shp" }, "geometry": { "type": "MultiLineString", "coordinates": [ [ [ 40.3877791, 9.019104 ], [ 40.3869954, 9.0188806 ] ] ] } },
{ "type": "Feature", "properties": { "osm_id": "787935667", "code": "6101", "fclass": "rail", "name": "Addis Ababa – Djibouti Railway", "layer": 1, "bridge": "T", "tunnel": "F", "path": "F:\\AnimationData\\Rail\\EthioDjibouti\\Ethiopia_Rail.shp" }, "geometry": { "type": "MultiLineString", "coordinates": [ [ [ 40.7355518, 9.2149247 ], [ 40.7348157, 9.2148174 ] ] ] } },
{ "type": "Feature", "properties": { "osm_id": "787935668", "code": "6101", "fclass": "rail", "name": "Addis Ababa – Djibouti Railway", "layer": 0, "bridge": "F", "tunnel": "F", "path": "F:\\AnimationData\\Rail\\EthioDjibouti\\Ethiopia_Rail.shp" }, "geometry": { "type": "MultiLineString", "coordinates": [ [ [ 40.6767266, 9.1888091 ], [ 40.6733628, 9.1881184 ], [ 40.6646796, 9.1864235 ], [ 40.6579202, 9.1851778 ], [ 40.6503019, 9.1837429 ], [ 40.6480375, 9.1833111 ], [ 40.6467488, 9.1830404 ], [ 40.6455634, 9.1827403 ], [ 40.6436794, 9.1821695 ], [ 40.6416378, 9.1813903 ], [ 40.639805, 9.1805375 ], [ 40.6378057, 9.1794379 ], [ 40.6361205, 9.1783591 ], [ 40.6346267, 9.1772983 ], [ 40.6199954, 9.1652258 ], [ 40.6180551, 9.1636067 ], [ 40.6164249, 9.1621985 ], [ 40.6156312, 9.1614331 ], [ 40.6149224, 9.1606852 ], [ 40.6144395, 9.1601176 ], [ 40.6135856, 9.1591098 ], [ 40.6130479, 9.1583628 ], [ 40.6123423, 9.1573561 ], [ 40.6106067, 9.1546398 ], [ 40.6086229, 9.1515867 ], [ 40.6079997, 9.1505275 ], [ 40.6075072, 9.1495095 ], [ 40.6072255, 9.1487241 ], [ 40.607032, 9.1480827 ], [ 40.6068236, 9.1468825 ], [ 40.6067499, 9.1457757 ], [ 40.6067872, 9.1446372 ], [ 40.6069422, 9.143481 ], [ 40.6071981, 9.1424206 ], [ 40.6076453, 9.1411695 ], [ 40.6080993, 9.140221 ], [ 40.6085444, 9.1394795 ], [ 40.6091131, 9.1387505 ], [ 40.6099326, 9.1377814 ], [ 40.6107665, 9.1368583 ] ] ] } },
{ "type": "Feature", "properties": { "osm_id": "789694366", "code": "6101", "fclass": "rail", "name": "Addis Ababa – Djibouti Railway", "layer": 1, "bridge": "T", "tunnel": "F", "path": "F:\\AnimationData\\Rail\\EthioDjibouti\\Ethiopia_Rail.shp" }, "geometry": { "type": "MultiLineString", "coordinates": [ [ [ 42.6343235, 10.9007693 ], [ 42.6344704, 10.8998895 ], [ 42.6346247, 10.8992415 ], [ 42.6348315, 10.8985831 ] ] ] } },
{ "type": "Feature", "properties": { "osm_id": "789694367", "code": "6101", "fclass": "rail", "name": "Addis Ababa – Djibouti Railway", "layer": 0, "bridge": "F", "tunnel": "F", "path": "F:\\AnimationData\\Rail\\EthioDjibouti\\Ethiopia_Rail.shp" }, "geometry": { "type": "MultiLineString", "coordinates": [ [ [ 42.6301649, 10.8456917 ], [ 42.6307929, 10.8458504 ], [ 42.6319904, 10.8461511 ], [ 42.6344439, 10.8467483 ], [ 42.6354409, 10.8470674 ], [ 42.6361575, 10.8473335 ], [ 42.6368033, 10.8476382 ], [ 42.6374088, 10.8479645 ], [ 42.637973, 10.8483 ], [ 42.6386065, 10.8487668 ], [ 42.6391693, 10.849249 ], [ 42.6396414, 10.8496758 ], [ 42.6407519, 10.8509455 ], [ 42.6416316, 10.8519307 ], [ 42.6425543, 10.8531187 ], [ 42.6429717, 10.8537227 ] ] ] } },
{ "type": "Feature", "properties": { "osm_id": "789694368", "code": "6101", "fclass": "rail", "name": "Addis Ababa – Djibouti Railway", "layer": 0, "bridge": "F", "tunnel": "F", "path": "F:\\AnimationData\\Rail\\EthioDjibouti\\Ethiopia_Rail.shp" }, "geometry": { "type": "MultiLineString", "coordinates": [ [ [ 42.6345098, 10.9029628 ], [ 42.6343935, 10.9025091 ], [ 42.6343204, 10.9018067 ], [ 42.6342998, 10.9012999 ], [ 42.6343235, 10.9007693 ] ] ] } },
{ "type": "Feature", "properties": { "osm_id": "789694369", "code": "6101", "fclass": "rail", "name": "Addis Ababa – Djibouti Railway", "layer": 1, "bridge": "T", "tunnel": "F", "path": "F:\\AnimationData\\Rail\\EthioDjibouti\\Ethiopia_Rail.shp" }, "geometry": { "type": "MultiLineString", "coordinates": [ [ [ 42.6350936, 10.9045634 ], [ 42.6348944, 10.9041554 ], [ 42.6346707, 10.9035521 ], [ 42.6345098, 10.9029628 ] ] ] } },
{ "type": "Feature", "properties": { "osm_id": "789694370", "code": "6101", "fclass": "rail", "name": "Addis Ababa – Djibouti Railway", "layer": 0, "bridge": "F", "tunnel": "F", "path": "F:\\AnimationData\\Rail\\EthioDjibouti\\Ethiopia_Rail.shp" }, "geometry": { "type": "MultiLineString", "coordinates": [ [ [ 42.6425966, 10.9118676 ], [ 42.642265, 10.9112866 ], [ 42.6417058, 10.910529 ], [ 42.6410602, 10.9098484 ], [ 42.6403293, 10.9092587 ], [ 42.6393261, 10.9085491 ], [ 42.6378235, 10.9075081 ], [ 42.6373695, 10.9071752 ], [ 42.6369095, 10.9068074 ] ] ] } },
{ "type": "Feature", "properties": { "osm_id": "809971738", "code": "6101", "fclass": "rail", "name": "Chemin de fer Addis-Abeba – Djibouti ??? ???? ???? ????? - ??????", "layer": 0, "bridge": "F", "tunnel": "F", "path": "F:\\AnimationData\\Rail\\EthioDjibouti\\Ethiopia_Rail.shp" }, "geometry": { "type": "MultiLineString", "coordinates": [ [ [ 42.636258, 11.0663548 ], [ 42.635724, 11.0650264 ], [ 42.6354166, 11.0643387 ], [ 42.6351807, 11.0636389 ], [ 42.634949, 11.0629662 ], [ 42.6346177, 11.0621978 ], [ 42.6344648, 11.061847 ], [ 42.634411, 11.0616967 ], [ 42.6341888, 11.0610627 ], [ 42.6328225, 11.0576214 ], [ 42.6322915, 11.0562973 ], [ 42.630908, 11.0528516 ], [ 42.6307206, 11.0523849 ], [ 42.6305449, 11.0519999 ], [ 42.6304186, 11.0516688 ] ] ] } },
{ "type": "Feature", "properties": { "osm_id": "809971739", "code": "6101", "fclass": "rail", "name": "Chemin de fer Addis-Abeba – Djibouti ??? ???? ???? ????? - ??????", "layer": 1, "bridge": "T", "tunnel": "F", "path": "F:\\AnimationData\\Rail\\EthioDjibouti\\Ethiopia_Rail.shp" }, "geometry": { "type": "MultiLineString", "coordinates": [ [ [ 42.636313, 11.0664843 ], [ 42.636258, 11.0663548 ] ] ] } },
{ "type": "Feature", "properties": { "osm_id": "809978578", "code": "6101", "fclass": "rail", "name": "Addis Ababa – Djibouti Railway", "layer": 0, "bridge": "F", "tunnel": "F", "path": "F:\\AnimationData\\Rail\\EthioDjibouti\\Ethiopia_Rail.shp" }, "geometry": { "type": "MultiLineString", "coordinates": [ [ [ 42.6444356, 10.8576403 ], [ 42.6445639, 10.858068 ] ] ] } },
{ "type": "Feature", "properties": { "osm_id": "809978579", "code": "6101", "fclass": "rail", "name": "Addis Ababa – Djibouti Railway", "layer": 0, "bridge": "F", "tunnel": "F", "path": "F:\\AnimationData\\Rail\\EthioDjibouti\\Ethiopia_Rail.shp" }, "geometry": { "type": "MultiLineString", "coordinates": [ [ [ 42.6445639, 10.858068 ], [ 42.6449475, 10.8596018 ], [ 42.645602, 10.8621211 ], [ 42.6460254, 10.8637833 ], [ 42.6461127, 10.8643122 ], [ 42.6461571, 10.8648559 ], [ 42.6461595, 10.8661854 ], [ 42.6461245, 10.866625 ], [ 42.6460084, 10.8673377 ], [ 42.6459298, 10.8680115 ], [ 42.645888, 10.8685385 ] ] ] } },
{ "type": "Feature", "properties": { "osm_id": "809979908", "code": "6101", "fclass": "rail", "name": "Addis Ababa – Djibouti Railway", "layer": 0, "bridge": "F", "tunnel": "F", "path": "F:\\AnimationData\\Rail\\EthioDjibouti\\Ethiopia_Rail.shp" }, "geometry": { "type": "MultiLineString", "coordinates": [ [ [ 41.8756519, 9.8479307 ], [ 41.8725165, 9.8397204 ], [ 41.8690601, 9.8307012 ], [ 41.8686407, 9.8296353 ], [ 41.8681595, 9.8284676 ], [ 41.8676159, 9.8274043 ], [ 41.8659524, 9.8242277 ], [ 41.8642943, 9.8210582 ], [ 41.8594325, 9.8117523 ], [ 41.857753, 9.808577 ], [ 41.8567787, 9.806715 ], [ 41.8551017, 9.8035011 ], [ 41.8525165, 9.7985543 ], [ 41.85168, 9.7968784 ], [ 41.8512025, 9.7957918 ], [ 41.8509391, 9.794801 ], [ 41.8507205, 9.7934911 ], [ 41.8506588, 9.7925348 ], [ 41.8506606, 9.7918099 ], [ 41.8507461, 9.7909466 ], [ 41.8509128, 9.7895955 ], [ 41.8523819, 9.7789542 ], [ 41.8524616, 9.778223 ], [ 41.8524924, 9.7779632 ], [ 41.852634, 9.7770459 ], [ 41.8528145, 9.7762251 ], [ 41.8530226, 9.7755075 ], [ 41.8533918, 9.7745531 ], [ 41.8586042, 9.764274 ], [ 41.8591014, 9.7632847 ], [ 41.8595107, 9.7625847 ], [ 41.8599368, 9.7620314 ], [ 41.8599847, 9.7619816 ], [ 41.8605775, 9.7612831 ], [ 41.8612769, 9.7607164 ], [ 41.8622212, 9.7601115 ], [ 41.8675965, 9.75668 ], [ 41.8686986, 9.7559764 ], [ 41.8693521, 9.7555308 ], [ 41.8699155, 9.75504 ], [ 41.8704067, 9.7545079 ], [ 41.8709178, 9.753836 ], [ 41.8713371, 9.7531277 ], [ 41.8725512, 9.7506805 ], [ 41.8728492, 9.7498851 ], [ 41.8730931, 9.7489774 ], [ 41.8731922, 9.7481114 ], [ 41.8731673, 9.7471669 ], [ 41.8730872, 9.7462977 ], [ 41.8730499, 9.7461629 ], [ 41.8727824, 9.7452489 ], [ 41.8725767, 9.7447644 ], [ 41.8722798, 9.7441757 ], [ 41.8719287, 9.743622 ], [ 41.8714331, 9.7429843 ], [ 41.8705464, 9.74201 ] ] ] } },
{ "type": "Feature", "properties": { "osm_id": "809979909", "code": "6101", "fclass": "rail", "name": "Addis Ababa – Djibouti Railway", "layer": 1, "bridge": "T", "tunnel": "F", "path": "F:\\AnimationData\\Rail\\EthioDjibouti\\Ethiopia_Rail.shp" }, "geometry": { "type": "MultiLineString", "coordinates": [ [ [ 41.8757181, 9.8480919 ], [ 41.8756519, 9.8479307 ] ] ] } },
{ "type": "Feature", "properties": { "osm_id": "809992861", "code": "6101", "fclass": "rail", "name": "Addis Ababa – Djibouti Railway", "layer": 0, "bridge": "F", "tunnel": "F", "path": "F:\\AnimationData\\Rail\\EthioDjibouti\\Ethiopia_Rail.shp" }, "geometry": { "type": "MultiLineString", "coordinates": [ [ [ 42.0330662, 10.1791587 ], [ 42.0192736, 10.153947 ] ] ] } },
{ "type": "Feature", "properties": { "osm_id": "809992862", "code": "6101", "fclass": "rail", "name": "Addis Ababa – Djibouti Railway", "layer": 1, "bridge": "T", "tunnel": "F", "path": "F:\\AnimationData\\Rail\\EthioDjibouti\\Ethiopia_Rail.shp" }, "geometry": { "type": "MultiLineString", "coordinates": [ [ [ 42.0332429, 10.179474 ], [ 42.0330662, 10.1791587 ] ] ] } },
{ "type": "Feature", "properties": { "osm_id": "809992868", "code": "6101", "fclass": "rail", "name": "Addis Ababa – Djibouti Railway", "layer": 0, "bridge": "F", "tunnel": "F", "path": "F:\\AnimationData\\Rail\\EthioDjibouti\\Ethiopia_Rail.shp" }, "geometry": { "type": "MultiLineString", "coordinates": [ [ [ 42.0638201, 10.235444 ], [ 42.0332429, 10.179474 ] ] ] } },
{ "type": "Feature", "properties": { "osm_id": "809992869", "code": "6101", "fclass": "rail", "name": "Addis Ababa – Djibouti Railway", "layer": 1, "bridge": "T", "tunnel": "F", "path": "F:\\AnimationData\\Rail\\EthioDjibouti\\Ethiopia_Rail.shp" }, "geometry": { "type": "MultiLineString", "coordinates": [ [ [ 42.0638784, 10.2355508 ], [ 42.0638201, 10.235444 ] ] ] } },
{ "type": "Feature", "properties": { "osm_id": "809992870", "code": "6101", "fclass": "rail", "name": "Addis Ababa – Djibouti Railway", "layer": 0, "bridge": "F", "tunnel": "F", "path": "F:\\AnimationData\\Rail\\EthioDjibouti\\Ethiopia_Rail.shp" }, "geometry": { "type": "MultiLineString", "coordinates": [ [ [ 42.0652908, 10.2381338 ], [ 42.0638784, 10.2355508 ] ] ] } },
{ "type": "Feature", "properties": { "osm_id": "809992871", "code": "6101", "fclass": "rail", "name": "Addis Ababa – Djibouti Railway", "layer": 1, "bridge": "T", "tunnel": "F", "path": "F:\\AnimationData\\Rail\\EthioDjibouti\\Ethiopia_Rail.shp" }, "geometry": { "type": "MultiLineString", "coordinates": [ [ [ 42.0653429, 10.2382247 ], [ 42.0652908, 10.2381338 ] ] ] } },
{ "type": "Feature", "properties": { "osm_id": "809992872", "code": "6101", "fclass": "rail", "name": "Addis Ababa – Djibouti Railway", "layer": 0, "bridge": "F", "tunnel": "F", "path": "F:\\AnimationData\\Rail\\EthioDjibouti\\Ethiopia_Rail.shp" }, "geometry": { "type": "MultiLineString", "coordinates": [ [ [ 42.0676412, 10.2439592 ], [ 42.06751, 10.2436143 ], [ 42.0665747, 10.2409366 ], [ 42.0660171, 10.2395349 ], [ 42.0653429, 10.2382247 ] ] ] } },
{ "type": "Feature", "properties": { "osm_id": "809992873", "code": "6101", "fclass": "rail", "name": "Addis Ababa – Djibouti Railway", "layer": 1, "bridge": "T", "tunnel": "F", "path": "F:\\AnimationData\\Rail\\EthioDjibouti\\Ethiopia_Rail.shp" }, "geometry": { "type": "MultiLineString", "coordinates": [ [ [ 42.0677509, 10.2442618 ], [ 42.0676412, 10.2439592 ] ] ] } },
{ "type": "Feature", "properties": { "osm_id": "809992875", "code": "6101", "fclass": "rail", "name": "Addis Ababa – Djibouti Railway", "layer": 0, "bridge": "T", "tunnel": "F", "path": "F:\\AnimationData\\Rail\\EthioDjibouti\\Ethiopia_Rail.shp" }, "geometry": { "type": "MultiLineString", "coordinates": [ [ [ 42.4538344, 10.6672217 ], [ 42.4532395, 10.6666308 ] ] ] } },
{ "type": "Feature", "properties": { "osm_id": "809992876", "code": "6101", "fclass": "rail", "name": "Addis Ababa – Djibouti Railway", "layer": 0, "bridge": "F", "tunnel": "F", "path": "F:\\AnimationData\\Rail\\EthioDjibouti\\Ethiopia_Rail.shp" }, "geometry": { "type": "MultiLineString", "coordinates": [ [ [ 42.4423111, 10.6598967 ], [ 42.4352693, 10.6574557 ], [ 42.4346053, 10.6571939 ], [ 42.4336536, 10.6567599 ], [ 42.4326192, 10.656162 ], [ 42.4316503, 10.6555162 ], [ 42.4309852, 10.6550079 ], [ 42.4006315, 10.6281697 ], [ 42.3996208, 10.6273559 ], [ 42.3984918, 10.6265735 ], [ 42.3973879, 10.6259223 ], [ 42.3966923, 10.6255744 ], [ 42.3667306, 10.6125681 ], [ 42.2783894, 10.5740007 ], [ 42.2730679, 10.5713851 ], [ 42.20406, 10.5299969 ], [ 42.202959, 10.5290963 ], [ 42.2012276, 10.5276763 ], [ 42.1994681, 10.5258198 ], [ 42.1978802, 10.5233304 ], [ 42.1953273, 10.5189488 ], [ 42.1809608, 10.4887905 ], [ 42.1766579, 10.4798063 ], [ 42.1567719, 10.4380651 ], [ 42.1523256, 10.4288344 ] ] ] } },
{ "type": "Feature", "properties": { "osm_id": "809999825", "code": "6101", "fclass": "rail", "name": "Addis Ababa – Djibouti Railway", "layer": 0, "bridge": "F", "tunnel": "F", "path": "F:\\AnimationData\\Rail\\EthioDjibouti\\Ethiopia_Rail.shp" }, "geometry": { "type": "MultiLineString", "coordinates": [ [ [ 42.0958226, 10.293931 ], [ 42.0937729, 10.2902003 ], [ 42.0809332, 10.2667469 ] ] ] } },
{ "type": "Feature", "properties": { "osm_id": "809999826", "code": "6101", "fclass": "rail", "name": "Addis Ababa – Djibouti Railway", "layer": 1, "bridge": "T", "tunnel": "F", "path": "F:\\AnimationData\\Rail\\EthioDjibouti\\Ethiopia_Rail.shp" }, "geometry": { "type": "MultiLineString", "coordinates": [ [ [ 42.0958812, 10.2940381 ], [ 42.0958226, 10.293931 ] ] ] } },
{ "type": "Feature", "properties": { "osm_id": "809999827", "code": "6101", "fclass": "rail", "name": "Addis Ababa – Djibouti Railway", "layer": 0, "bridge": "F", "tunnel": "F", "path": "F:\\AnimationData\\Rail\\EthioDjibouti\\Ethiopia_Rail.shp" }, "geometry": { "type": "MultiLineString", "coordinates": [ [ [ 42.0978998, 10.2977289 ], [ 42.0958812, 10.2940381 ] ] ] } },
{ "type": "Feature", "properties": { "osm_id": "809999828", "code": "6101", "fclass": "rail", "name": "Addis Ababa – Djibouti Railway", "layer": 1, "bridge": "T", "tunnel": "F", "path": "F:\\AnimationData\\Rail\\EthioDjibouti\\Ethiopia_Rail.shp" }, "geometry": { "type": "MultiLineString", "coordinates": [ [ [ 42.0979765, 10.2978693 ], [ 42.0978998, 10.2977289 ] ] ] } },
{ "type": "Feature", "properties": { "osm_id": "809999829", "code": "6101", "fclass": "rail", "name": "Addis Ababa – Djibouti Railway", "layer": 0, "bridge": "F", "tunnel": "F", "path": "F:\\AnimationData\\Rail\\EthioDjibouti\\Ethiopia_Rail.shp" }, "geometry": { "type": "MultiLineString", "coordinates": [ [ [ 42.09921, 10.3001468 ], [ 42.0979765, 10.2978693 ] ] ] } },
{ "type": "Feature", "properties": { "osm_id": "809999830", "code": "6101", "fclass": "rail", "name": "Addis Ababa – Djibouti Railway", "layer": 1, "bridge": "T", "tunnel": "F", "path": "F:\\AnimationData\\Rail\\EthioDjibouti\\Ethiopia_Rail.shp" }, "geometry": { "type": "MultiLineString", "coordinates": [ [ [ 42.0992861, 10.3002863 ], [ 42.09921, 10.3001468 ] ] ] } },
{ "type": "Feature", "properties": { "osm_id": "809999831", "code": "6101", "fclass": "rail", "name": "Addis Ababa – Djibouti Railway", "layer": 0, "bridge": "F", "tunnel": "F", "path": "F:\\AnimationData\\Rail\\EthioDjibouti\\Ethiopia_Rail.shp" }, "geometry": { "type": "MultiLineString", "coordinates": [ [ [ 42.0997361, 10.3011088 ], [ 42.0992861, 10.3002863 ] ] ] } },
{ "type": "Feature", "properties": { "osm_id": "809999832", "code": "6101", "fclass": "rail", "name": "Addis Ababa – Djibouti Railway", "layer": 1, "bridge": "T", "tunnel": "F", "path": "F:\\AnimationData\\Rail\\EthioDjibouti\\Ethiopia_Rail.shp" }, "geometry": { "type": "MultiLineString", "coordinates": [ [ [ 42.0997912, 10.3012095 ], [ 42.0997361, 10.3011088 ] ] ] } },
{ "type": "Feature", "properties": { "osm_id": "809999833", "code": "6101", "fclass": "rail", "name": "Addis Ababa – Djibouti Railway", "layer": 0, "bridge": "F", "tunnel": "F", "path": "F:\\AnimationData\\Rail\\EthioDjibouti\\Ethiopia_Rail.shp" }, "geometry": { "type": "MultiLineString", "coordinates": [ [ [ 42.1009714, 10.3033666 ], [ 42.0997912, 10.3012095 ] ] ] } },
{ "type": "Feature", "properties": { "osm_id": "809999834", "code": "6101", "fclass": "rail", "name": "Addis Ababa – Djibouti Railway", "layer": 1, "bridge": "T", "tunnel": "F", "path": "F:\\AnimationData\\Rail\\EthioDjibouti\\Ethiopia_Rail.shp" }, "geometry": { "type": "MultiLineString", "coordinates": [ [ [ 42.1010707, 10.3035482 ], [ 42.1009714, 10.3033666 ] ] ] } },
{ "type": "Feature", "properties": { "osm_id": "809999835", "code": "6101", "fclass": "rail", "name": "Addis Ababa – Djibouti Railway", "layer": 0, "bridge": "F", "tunnel": "F", "path": "F:\\AnimationData\\Rail\\EthioDjibouti\\Ethiopia_Rail.shp" }, "geometry": { "type": "MultiLineString", "coordinates": [ [ [ 42.1354216, 10.3706431 ], [ 42.1352505, 10.3688257 ], [ 42.1350335, 10.3671267 ], [ 42.1347597, 10.3660245 ], [ 42.1344071, 10.3649175 ], [ 42.1340126, 10.3638565 ], [ 42.1334856, 10.3627712 ], [ 42.1010707, 10.3035482 ] ] ] } },
{ "type": "Feature", "properties": { "osm_id": "809999836", "code": "6101", "fclass": "rail", "name": "Addis Ababa – Djibouti Railway", "layer": 1, "bridge": "T", "tunnel": "F", "path": "F:\\AnimationData\\Rail\\EthioDjibouti\\Ethiopia_Rail.shp" }, "geometry": { "type": "MultiLineString", "coordinates": [ [ [ 42.1354692, 10.3711489 ], [ 42.1354216, 10.3706431 ] ] ] } },
{ "type": "Feature", "properties": { "osm_id": "809999837", "code": "6101", "fclass": "rail", "name": "Addis Ababa – Djibouti Railway", "layer": 0, "bridge": "F", "tunnel": "F", "path": "F:\\AnimationData\\Rail\\EthioDjibouti\\Ethiopia_Rail.shp" }, "geometry": { "type": "MultiLineString", "coordinates": [ [ [ 42.1369949, 10.3885005 ], [ 42.1354692, 10.3711489 ] ] ] } },
{ "type": "Feature", "properties": { "osm_id": "809999838", "code": "6101", "fclass": "rail", "name": "Addis Ababa – Djibouti Railway", "layer": 1, "bridge": "T", "tunnel": "F", "path": "F:\\AnimationData\\Rail\\EthioDjibouti\\Ethiopia_Rail.shp" }, "geometry": { "type": "MultiLineString", "coordinates": [ [ [ 42.1370275, 10.3888502 ], [ 42.1369949, 10.3885005 ] ] ] } },
{ "type": "Feature", "properties": { "osm_id": "810014305", "code": "6101", "fclass": "rail", "name": "Addis Ababa – Djibouti Railway", "layer": 0, "bridge": "F", "tunnel": "F", "path": "F:\\AnimationData\\Rail\\EthioDjibouti\\Ethiopia_Rail.shp" }, "geometry": { "type": "MultiLineString", "coordinates": [ [ [ 42.4633773, 10.6756742 ], [ 42.4582745, 10.6715573 ], [ 42.4575991, 10.6709762 ], [ 42.4567415, 10.6701261 ], [ 42.4558819, 10.6692702 ] ] ] } },
{ "type": "Feature", "properties": { "osm_id": "810014306", "code": "6101", "fclass": "rail", "name": "Addis Ababa – Djibouti Railway", "layer": 1, "bridge": "T", "tunnel": "F", "path": "F:\\AnimationData\\Rail\\EthioDjibouti\\Ethiopia_Rail.shp" }, "geometry": { "type": "MultiLineString", "coordinates": [ [ [ 42.46347, 10.6757533 ], [ 42.4633773, 10.6756742 ] ] ] } },
{ "type": "Feature", "properties": { "osm_id": "810014307", "code": "6101", "fclass": "rail", "name": "Addis Ababa – Djibouti Railway", "layer": 0, "bridge": "F", "tunnel": "F", "path": "F:\\AnimationData\\Rail\\EthioDjibouti\\Ethiopia_Rail.shp" }, "geometry": { "type": "MultiLineString", "coordinates": [ [ [ 42.4745741, 10.6846271 ], [ 42.46347, 10.6757533 ] ] ] } },
{ "type": "Feature", "properties": { "osm_id": "810014308", "code": "6101", "fclass": "rail", "name": "Addis Ababa – Djibouti Railway", "layer": 1, "bridge": "T", "tunnel": "F", "path": "F:\\AnimationData\\Rail\\EthioDjibouti\\Ethiopia_Rail.shp" }, "geometry": { "type": "MultiLineString", "coordinates": [ [ [ 42.4747821, 10.684804 ], [ 42.4745741, 10.6846271 ] ] ] } },
{ "type": "Feature", "properties": { "osm_id": "810014312", "code": "6101", "fclass": "rail", "name": "Addis Ababa – Djibouti Railway", "layer": 0, "bridge": "T", "tunnel": "F", "path": "F:\\AnimationData\\Rail\\EthioDjibouti\\Ethiopia_Rail.shp" }, "geometry": { "type": "MultiLineString", "coordinates": [ [ [ 42.572379, 10.7651914 ], [ 42.5722487, 10.7647757 ], [ 42.5720882, 10.7643948 ], [ 42.5719993, 10.7641577 ] ] ] } },
{ "type": "Feature", "properties": { "osm_id": "810014313", "code": "6101", "fclass": "rail", "name": "Addis Ababa – Djibouti Railway", "layer": 0, "bridge": "F", "tunnel": "F", "path": "F:\\AnimationData\\Rail\\EthioDjibouti\\Ethiopia_Rail.shp" }, "geometry": { "type": "MultiLineString", "coordinates": [ [ [ 42.5719993, 10.7641577 ], [ 42.571692, 10.7635382 ], [ 42.5714107, 10.7630291 ], [ 42.5710722, 10.7624584 ], [ 42.5708392, 10.7621229 ], [ 42.5706069, 10.7618104 ], [ 42.5703898, 10.7615374 ], [ 42.5699863, 10.7610608 ], [ 42.5695397, 10.7605786 ], [ 42.5687599, 10.7599294 ], [ 42.5541436, 10.748249 ] ] ] } },
{ "type": "Feature", "properties": { "osm_id": "810021527", "code": "6101", "fclass": "rail", "name": "Addis Ababa – Djibouti Railway", "layer": 1, "bridge": "T", "tunnel": "F", "path": "F:\\AnimationData\\Rail\\EthioDjibouti\\Ethiopia_Rail.shp" }, "geometry": { "type": "MultiLineString", "coordinates": [ [ [ 42.6209545, 10.8415854 ], [ 42.6204441, 10.8414363 ], [ 42.6198735, 10.8413176 ] ] ] } },
{ "type": "Feature", "properties": { "osm_id": "810021528", "code": "6101", "fclass": "rail", "name": "Addis Ababa – Djibouti Railway", "layer": 0, "bridge": "F", "tunnel": "F", "path": "F:\\AnimationData\\Rail\\EthioDjibouti\\Ethiopia_Rail.shp" }, "geometry": { "type": "MultiLineString", "coordinates": [ [ [ 42.6198735, 10.8413176 ], [ 42.6188267, 10.8411277 ], [ 42.6141847, 10.8403261 ], [ 42.6111071, 10.8398136 ], [ 42.6098234, 10.8395879 ], [ 42.608682, 10.8392302 ], [ 42.6078711, 10.8388708 ], [ 42.6071342, 10.8384318 ], [ 42.6063753, 10.8377922 ], [ 42.6055787, 10.8370018 ], [ 42.5985263, 10.8279963 ], [ 42.5952983, 10.8237506 ], [ 42.5896565, 10.81661 ], [ 42.5862921, 10.8120983 ], [ 42.585394, 10.8105472 ], [ 42.5791026, 10.7988355 ], [ 42.577583, 10.7955842 ] ] ] } },
{ "type": "Feature", "properties": { "osm_id": "810021529", "code": "6101", "fclass": "rail", "name": "Addis Ababa – Djibouti Railway", "layer": 1, "bridge": "T", "tunnel": "F", "path": "F:\\AnimationData\\Rail\\EthioDjibouti\\Ethiopia_Rail.shp" }, "geometry": { "type": "MultiLineString", "coordinates": [ [ [ 42.6429717, 10.8537227 ], [ 42.6430388, 10.8538356 ] ] ] } },
{ "type": "Feature", "properties": { "osm_id": "810021530", "code": "6101", "fclass": "rail", "name": "Addis Ababa – Djibouti Railway", "layer": 0, "bridge": "F", "tunnel": "F", "path": "F:\\AnimationData\\Rail\\EthioDjibouti\\Ethiopia_Rail.shp" }, "geometry": { "type": "MultiLineString", "coordinates": [ [ [ 42.6430388, 10.8538356 ], [ 42.6433253, 10.8543422 ], [ 42.6437648, 10.8553601 ], [ 42.6440884, 10.8563457 ], [ 42.6444356, 10.8576403 ] ] ] } },
{ "type": "Feature", "properties": { "osm_id": "810023058", "code": "6101", "fclass": "rail", "name": "Addis Ababa – Djibouti Railway", "layer": 1, "bridge": "T", "tunnel": "F", "path": "F:\\AnimationData\\Rail\\EthioDjibouti\\Ethiopia_Rail.shp" }, "geometry": { "type": "MultiLineString", "coordinates": [ [ [ 42.6458391, 10.868906 ], [ 42.6458276, 10.868985 ] ] ] } },
{ "type": "Feature", "properties": { "osm_id": "810023059", "code": "6101", "fclass": "rail", "name": "Addis Ababa – Djibouti Railway", "layer": 0, "bridge": "F", "tunnel": "F", "path": "F:\\AnimationData\\Rail\\EthioDjibouti\\Ethiopia_Rail.shp" }, "geometry": { "type": "MultiLineString", "coordinates": [ [ [ 42.6458276, 10.868985 ], [ 42.645756, 10.869477 ] ] ] } },
{ "type": "Feature", "properties": { "osm_id": "810023060", "code": "6101", "fclass": "rail", "name": "Addis Ababa – Djibouti Railway", "layer": 0, "bridge": "F", "tunnel": "F", "path": "F:\\AnimationData\\Rail\\EthioDjibouti\\Ethiopia_Rail.shp" }, "geometry": { "type": "MultiLineString", "coordinates": [ [ [ 42.645756, 10.869477 ], [ 42.645573, 10.8709852 ], [ 42.6453009, 10.8734017 ], [ 42.6452687, 10.874723 ], [ 42.645338, 10.8759269 ], [ 42.6454396, 10.8773735 ], [ 42.6453513, 10.8786317 ], [ 42.6451179, 10.8797063 ], [ 42.6448678, 10.880488 ], [ 42.6441929, 10.8828236 ] ] ] } },
{ "type": "Feature", "properties": { "osm_id": "810023061", "code": "6101", "fclass": "rail", "name": "Addis Ababa – Djibouti Railway", "layer": 0, "bridge": "F", "tunnel": "F", "path": "F:\\AnimationData\\Rail\\EthioDjibouti\\Ethiopia_Rail.shp" }, "geometry": { "type": "MultiLineString", "coordinates": [ [ [ 42.645888, 10.8685385 ], [ 42.6458391, 10.868906 ] ] ] } },
{ "type": "Feature", "properties": { "osm_id": "810023062", "code": "6101", "fclass": "rail", "name": "Addis Ababa – Djibouti Railway", "layer": 0, "bridge": "F", "tunnel": "F", "path": "F:\\AnimationData\\Rail\\EthioDjibouti\\Ethiopia_Rail.shp" }, "geometry": { "type": "MultiLineString", "coordinates": [ [ [ 42.6423121, 10.8868509 ], [ 42.6418115, 10.8875385 ], [ 42.6413804, 10.8882212 ] ] ] } },
{ "type": "Feature", "properties": { "osm_id": "810023063", "code": "6101", "fclass": "rail", "name": "Addis Ababa – Djibouti Railway", "layer": 1, "bridge": "T", "tunnel": "F", "path": "F:\\AnimationData\\Rail\\EthioDjibouti\\Ethiopia_Rail.shp" }, "geometry": { "type": "MultiLineString", "coordinates": [ [ [ 42.6434237, 10.8851263 ], [ 42.6431531, 10.8856785 ], [ 42.6428022, 10.8862076 ], [ 42.6423121, 10.8868509 ] ] ] } },
{ "type": "Feature", "properties": { "osm_id": "810023064", "code": "6101", "fclass": "rail", "name": "Addis Ababa – Djibouti Railway", "layer": 0, "bridge": "F", "tunnel": "F", "path": "F:\\AnimationData\\Rail\\EthioDjibouti\\Ethiopia_Rail.shp" }, "geometry": { "type": "MultiLineString", "coordinates": [ [ [ 42.6441929, 10.8828236 ], [ 42.6440191, 10.8834081 ], [ 42.6439216, 10.8836812 ], [ 42.643729, 10.8843763 ], [ 42.6434237, 10.8851263 ] ] ] } },
{ "type": "Feature", "properties": { "osm_id": "810023065", "code": "6101", "fclass": "rail", "name": "Addis Ababa – Djibouti Railway", "layer": 0, "bridge": "F", "tunnel": "F", "path": "F:\\AnimationData\\Rail\\EthioDjibouti\\Ethiopia_Rail.shp" }, "geometry": { "type": "MultiLineString", "coordinates": [ [ [ 42.6413804, 10.8882212 ], [ 42.6365708, 10.8955652 ] ] ] } },
{ "type": "Feature", "properties": { "osm_id": "810023797", "code": "6101", "fclass": "rail", "name": "Addis Ababa – Djibouti Railway", "layer": 0, "bridge": "F", "tunnel": "F", "path": "F:\\AnimationData\\Rail\\EthioDjibouti\\Ethiopia_Rail.shp" }, "geometry": { "type": "MultiLineString", "coordinates": [ [ [ 42.6351327, 10.8979735 ], [ 42.6349602, 10.8982678 ] ] ] } },
{ "type": "Feature", "properties": { "osm_id": "810023798", "code": "6101", "fclass": "rail", "name": "Addis Ababa – Djibouti Railway", "layer": 1, "bridge": "T", "tunnel": "F", "path": "F:\\AnimationData\\Rail\\EthioDjibouti\\Ethiopia_Rail.shp" }, "geometry": { "type": "MultiLineString", "coordinates": [ [ [ 42.6360207, 10.8965225 ], [ 42.6351327, 10.8979735 ] ] ] } },
{ "type": "Feature", "properties": { "osm_id": "810023799", "code": "6101", "fclass": "rail", "name": "Addis Ababa – Djibouti Railway", "layer": 0, "bridge": "F", "tunnel": "F", "path": "F:\\AnimationData\\Rail\\EthioDjibouti\\Ethiopia_Rail.shp" }, "geometry": { "type": "MultiLineString", "coordinates": [ [ [ 42.6365708, 10.8955652 ], [ 42.6360207, 10.8965225 ] ] ] } },
{ "type": "Feature", "properties": { "osm_id": "810023800", "code": "6101", "fclass": "rail", "name": "Addis Ababa – Djibouti Railway", "layer": 0, "bridge": "F", "tunnel": "F", "path": "F:\\AnimationData\\Rail\\EthioDjibouti\\Ethiopia_Rail.shp" }, "geometry": { "type": "MultiLineString", "coordinates": [ [ [ 42.6349602, 10.8982678 ], [ 42.6348315, 10.8985831 ] ] ] } },
{ "type": "Feature", "properties": { "osm_id": "813381883", "code": "6101", "fclass": "rail", "name": "Addis Ababa – Djibouti Railway", "layer": 0, "bridge": "F", "tunnel": "F", "path": "F:\\AnimationData\\Rail\\EthioDjibouti\\Ethiopia_Rail.shp" }, "geometry": { "type": "MultiLineString", "coordinates": [ [ [ 42.4550118, 10.668401 ], [ 42.4538344, 10.6672217 ] ] ] } },
{ "type": "Feature", "properties": { "osm_id": "813382053", "code": "6101", "fclass": "rail", "name": "Addis Ababa – Djibouti Railway", "layer": 0, "bridge": "F", "tunnel": "F", "path": "F:\\AnimationData\\Rail\\EthioDjibouti\\Ethiopia_Rail.shp" }, "geometry": { "type": "MultiLineString", "coordinates": [ [ [ 42.4558819, 10.6692702 ], [ 42.4550118, 10.668401 ] ] ] } },
{ "type": "Feature", "properties": { "osm_id": "890182700", "code": "6101", "fclass": "rail", "name": "Addis Ababa – Djibouti Railway", "layer": 1, "bridge": "T", "tunnel": "F", "path": "F:\\AnimationData\\Rail\\EthioDjibouti\\Ethiopia_Rail.shp" }, "geometry": { "type": "MultiLineString", "coordinates": [ [ [ 39.2415072, 8.5143752 ], [ 39.2418847, 8.51429 ] ] ] } },
{ "type": "Feature", "properties": { "osm_id": "890182701", "code": "6101", "fclass": "rail", "name": "Addis Ababa – Djibouti Railway", "layer": 0, "bridge": "F", "tunnel": "F", "path": "F:\\AnimationData\\Rail\\EthioDjibouti\\Ethiopia_Rail.shp" }, "geometry": { "type": "MultiLineString", "coordinates": [ [ [ 39.2303337, 8.5142444 ], [ 39.2304329, 8.5143057 ], [ 39.2307857, 8.5144922 ], [ 39.2312763, 8.5147227 ], [ 39.2318505, 8.5149626 ], [ 39.232465, 8.5151605 ], [ 39.2331563, 8.5153045 ], [ 39.2338861, 8.5153944 ], [ 39.2345936, 8.5154144 ], [ 39.2352749, 8.5153684 ], [ 39.2361602, 8.5152445 ], [ 39.2408112, 8.5145237 ], [ 39.2415072, 8.5143752 ] ] ] } },
{ "type": "Feature", "properties": { "osm_id": "890182702", "code": "6101", "fclass": "rail", "name": "Addis Ababa – Djibouti Railway", "layer": 0, "bridge": "F", "tunnel": "F", "path": "F:\\AnimationData\\Rail\\EthioDjibouti\\Ethiopia_Rail.shp" }, "geometry": { "type": "MultiLineString", "coordinates": [ [ [ 39.2418847, 8.51429 ], [ 39.2427264, 8.5140589 ], [ 39.2434777, 8.5137921 ], [ 39.2441835, 8.5135118 ] ] ] } },
{ "type": "Feature", "properties": { "osm_id": "890182703", "code": "6101", "fclass": "rail", "name": "Addis Ababa – Djibouti Railway", "layer": 1, "bridge": "T", "tunnel": "F", "path": "F:\\AnimationData\\Rail\\EthioDjibouti\\Ethiopia_Rail.shp" }, "geometry": { "type": "MultiLineString", "coordinates": [ [ [ 39.2441835, 8.5135118 ], [ 39.2446826, 8.5132822 ], [ 39.2452653, 8.5129757 ], [ 39.2458671, 8.5126309 ], [ 39.2464044, 8.5122769 ], [ 39.2468792, 8.5119523 ], [ 39.2473326, 8.5116054 ], [ 39.2507286, 8.5087117 ] ] ] } },
{ "type": "Feature", "properties": { "osm_id": "890182705", "code": "6101", "fclass": "rail", "name": "Addis Ababa – Djibouti Railway", "layer": 0, "bridge": "F", "tunnel": "F", "path": "F:\\AnimationData\\Rail\\EthioDjibouti\\Ethiopia_Rail.shp" }, "geometry": { "type": "MultiLineString", "coordinates": [ [ [ 39.2507286, 8.5087117 ], [ 39.2512402, 8.5082964 ], [ 39.25172, 8.5079507 ], [ 39.2522521, 8.5076243 ], [ 39.2528956, 8.5073088 ], [ 39.2536201, 8.5070413 ], [ 39.2544062, 8.5068309 ], [ 39.2554153, 8.5066574 ], [ 39.2574938, 8.5063388 ], [ 39.2589658, 8.5060947 ], [ 39.2593484, 8.506044 ], [ 39.2690802, 8.5046057 ] ] ] } },
{ "type": "Feature", "properties": { "osm_id": "890182706", "code": "6101", "fclass": "rail", "name": "Addis Ababa – Djibouti Railway", "layer": 0, "bridge": "F", "tunnel": "F", "path": "F:\\AnimationData\\Rail\\EthioDjibouti\\Ethiopia_Rail.shp" }, "geometry": { "type": "MultiLineString", "coordinates": [ [ [ 39.2690802, 8.5046057 ], [ 39.2695753, 8.5045412 ], [ 39.2704154, 8.5044152 ], [ 39.2711481, 8.5043008 ], [ 39.273271, 8.5039898 ] ] ] } },
{ "type": "Feature", "properties": { "osm_id": "890182713", "code": "6101", "fclass": "rail", "name": "Addis Ababa – Djibouti Railway", "layer": 1, "bridge": "T", "tunnel": "F", "path": "F:\\AnimationData\\Rail\\EthioDjibouti\\Ethiopia_Rail.shp" }, "geometry": { "type": "MultiLineString", "coordinates": [ [ [ 39.1406734, 8.56795 ], [ 39.1405157, 8.5676102 ], [ 39.1403711, 8.5673326 ], [ 39.1402308, 8.5670746 ], [ 39.1394567, 8.565705 ] ] ] } },
{ "type": "Feature", "properties": { "osm_id": "890182714", "code": "6101", "fclass": "rail", "name": "Addis Ababa – Djibouti Railway", "layer": 0, "bridge": "F", "tunnel": "F", "path": "F:\\AnimationData\\Rail\\EthioDjibouti\\Ethiopia_Rail.shp" }, "geometry": { "type": "MultiLineString", "coordinates": [ [ [ 39.1383833, 8.5628956 ], [ 39.1383284, 8.5624596 ], [ 39.1382921, 8.5620222 ], [ 39.1382882, 8.561563 ], [ 39.1383168, 8.5611256 ], [ 39.1383751, 8.5606881 ], [ 39.1384582, 8.5602456 ], [ 39.1385503, 8.5598261 ], [ 39.1386735, 8.5593374 ], [ 39.1388006, 8.5588512 ], [ 39.1389304, 8.5583381 ], [ 39.1390731, 8.5578134 ], [ 39.1392028, 8.5572926 ], [ 39.1393325, 8.5567667 ], [ 39.1394674, 8.5562408 ], [ 39.1396088, 8.5556725 ], [ 39.1397463, 8.5551606 ], [ 39.1398786, 8.5546296 ], [ 39.1400161, 8.55411 ], [ 39.1401407, 8.5536277 ], [ 39.1402639, 8.5531313 ], [ 39.140404, 8.5525835 ] ] ] } },
{ "type": "Feature", "properties": { "osm_id": "890182717", "code": "6101", "fclass": "rail", "name": "Addis Ababa – Djibouti Railway", "layer": 0, "bridge": "F", "tunnel": "F", "path": "F:\\AnimationData\\Rail\\EthioDjibouti\\Ethiopia_Rail.shp" }, "geometry": { "type": "MultiLineString", "coordinates": [ [ [ 39.1392339, 8.579163 ], [ 39.1393909, 8.5781087 ], [ 39.1394683, 8.5776577 ], [ 39.1395612, 8.5771898 ], [ 39.1396782, 8.5767133 ], [ 39.1398176, 8.5762431 ], [ 39.1399605, 8.5758203 ], [ 39.1405141, 8.5744335 ], [ 39.1408067, 8.5736777 ], [ 39.1409848, 8.5731633 ], [ 39.1411078, 8.5727678 ], [ 39.1412024, 8.572339 ], [ 39.141273, 8.5719389 ], [ 39.1413128, 8.5714883 ], [ 39.1413269, 8.5710445 ], [ 39.1413183, 8.5705742 ], [ 39.141288, 8.5701389 ], [ 39.1412167, 8.5696726 ], [ 39.1411181, 8.5692317 ], [ 39.1410056, 8.5688264 ], [ 39.140864, 8.5683975 ], [ 39.1406734, 8.56795 ] ] ] } },
{ "type": "Feature", "properties": { "osm_id": "890182718", "code": "6101", "fclass": "rail", "name": "Addis Ababa – Djibouti Railway", "layer": 0, "bridge": "F", "tunnel": "F", "path": "F:\\AnimationData\\Rail\\EthioDjibouti\\Ethiopia_Rail.shp" }, "geometry": { "type": "MultiLineString", "coordinates": [ [ [ 39.1387807, 8.582199 ], [ 39.1390391, 8.5805006 ], [ 39.1392141, 8.579309 ] ] ] } },
{ "type": "Feature", "properties": { "osm_id": "890182722", "code": "6101", "fclass": "rail", "name": "Addis Ababa – Djibouti Railway", "layer": 0, "bridge": "F", "tunnel": "F", "path": "F:\\AnimationData\\Rail\\EthioDjibouti\\Ethiopia_Rail.shp" }, "geometry": { "type": "MultiLineString", "coordinates": [ [ [ 39.1353145, 8.6056045 ], [ 39.1353875, 8.6051417 ], [ 39.1354643, 8.6045929 ], [ 39.136103, 8.6003077 ], [ 39.1367683, 8.5957602 ], [ 39.1368887, 8.5949482 ], [ 39.1369852, 8.5942986 ], [ 39.1371325, 8.5933139 ], [ 39.137163, 8.5931242 ], [ 39.137267, 8.5924484 ], [ 39.1376433, 8.5899842 ] ] ] } },
{ "type": "Feature", "properties": { "osm_id": "890182725", "code": "6101", "fclass": "rail", "name": "Addis Ababa – Djibouti Railway", "layer": 0, "bridge": "F", "tunnel": "F", "path": "F:\\AnimationData\\Rail\\EthioDjibouti\\Ethiopia_Rail.shp" }, "geometry": { "type": "MultiLineString", "coordinates": [ [ [ 39.1376916, 8.5896619 ], [ 39.1379356, 8.5880282 ], [ 39.1383631, 8.5851184 ], [ 39.1385182, 8.5840395 ], [ 39.1386053, 8.5834285 ], [ 39.1386798, 8.5829064 ], [ 39.1386877, 8.5828603 ], [ 39.1387807, 8.582199 ] ] ] } },
{ "type": "Feature", "properties": { "osm_id": "890182726", "code": "6101", "fclass": "rail", "name": "Addis Ababa – Djibouti Railway", "layer": 1, "bridge": "T", "tunnel": "F", "path": "F:\\AnimationData\\Rail\\EthioDjibouti\\Ethiopia_Rail.shp" }, "geometry": { "type": "MultiLineString", "coordinates": [ [ [ 39.1376433, 8.5899842 ], [ 39.1376916, 8.5896619 ] ] ] } },
{ "type": "Feature", "properties": { "osm_id": "890182728", "code": "6101", "fclass": "rail", "name": "Addis Ababa – Djibouti Railway", "layer": 1, "bridge": "T", "tunnel": "F", "path": "F:\\AnimationData\\Rail\\EthioDjibouti\\Ethiopia_Rail.shp" }, "geometry": { "type": "MultiLineString", "coordinates": [ [ [ 39.1392141, 8.579309 ], [ 39.1392339, 8.579163 ] ] ] } },
{ "type": "Feature", "properties": { "osm_id": "931428390", "code": "6101", "fclass": "rail", "name": "Addis Ababa – Djibouti Railway", "layer": 0, "bridge": "T", "tunnel": "F", "path": "F:\\AnimationData\\Rail\\EthioDjibouti\\Ethiopia_Rail.shp" }, "geometry": { "type": "MultiLineString", "coordinates": [ [ [ 40.6954675, 9.1997621 ], [ 40.6951224, 9.199482 ] ] ] } },
{ "type": "Feature", "properties": { "osm_id": "931428391", "code": "6101", "fclass": "rail", "name": "Addis Ababa – Djibouti Railway", "layer": 0, "bridge": "F", "tunnel": "F", "path": "F:\\AnimationData\\Rail\\EthioDjibouti\\Ethiopia_Rail.shp" }, "geometry": { "type": "MultiLineString", "coordinates": [ [ [ 40.6951224, 9.199482 ], [ 40.6940085, 9.1986992 ], [ 40.683911, 9.1920745 ], [ 40.6820085, 9.1907756 ], [ 40.6803206, 9.1898799 ], [ 40.6793616, 9.1895107 ], [ 40.6784521, 9.1892125 ] ] ] } },
{ "type": "Feature", "properties": { "osm_id": "931428392", "code": "6101", "fclass": "rail", "name": "Addis Ababa – Djibouti Railway", "layer": 0, "bridge": "T", "tunnel": "F", "path": "F:\\AnimationData\\Rail\\EthioDjibouti\\Ethiopia_Rail.shp" }, "geometry": { "type": "MultiLineString", "coordinates": [ [ [ 40.6784521, 9.1892125 ], [ 40.6767266, 9.1888091 ] ] ] } },
{ "type": "Feature", "properties": { "osm_id": "931428393", "code": "6101", "fclass": "rail", "name": "Addis Ababa – Djibouti Railway", "layer": 0, "bridge": "F", "tunnel": "F", "path": "F:\\AnimationData\\Rail\\EthioDjibouti\\Ethiopia_Rail.shp" }, "geometry": { "type": "MultiLineString", "coordinates": [ [ [ 40.7348157, 9.2148174 ], [ 40.7329097, 9.2145298 ], [ 40.7286451, 9.2138858 ], [ 40.7281118, 9.2138053 ], [ 40.7276786, 9.2137399 ], [ 40.7256968, 9.2134499 ], [ 40.7140249, 9.2117927 ], [ 40.7122038, 9.2114646 ], [ 40.7106328, 9.2110897 ], [ 40.7085976, 9.210434 ], [ 40.7055386, 9.2091712 ], [ 40.7016604, 9.207213 ], [ 40.7008684, 9.2067731 ], [ 40.7001855, 9.2062844 ], [ 40.6997063, 9.2058894 ], [ 40.6992617, 9.2054368 ], [ 40.6988215, 9.2048887 ], [ 40.6984943, 9.2044213 ], [ 40.6978298, 9.2032596 ], [ 40.6972554, 9.2021383 ], [ 40.6968008, 9.2013246 ], [ 40.6962933, 9.2006283 ], [ 40.6954675, 9.1997621 ] ] ] } },
{ "type": "Feature", "properties": { "osm_id": "941598722", "code": "6101", "fclass": "rail", "name": "Addis Ababa – Djibouti Railway", "layer": 0, "bridge": "F", "tunnel": "F", "path": "F:\\AnimationData\\Rail\\EthioDjibouti\\Ethiopia_Rail.shp" }, "geometry": { "type": "MultiLineString", "coordinates": [ [ [ 40.3212797, 9.006413 ], [ 40.2704292, 9.0055012 ], [ 40.2694174, 9.005496 ], [ 40.2683322, 9.0055318 ], [ 40.2666246, 9.0056505 ], [ 40.2646276, 9.0058728 ], [ 40.2634837, 9.0060508 ], [ 40.2624715, 9.0062273 ], [ 40.2571822, 9.0072383 ] ] ] } },
{ "type": "Feature", "properties": { "osm_id": "941598723", "code": "6101", "fclass": "rail", "name": "Addis Ababa – Djibouti Railway", "layer": 0, "bridge": "T", "tunnel": "F", "path": "F:\\AnimationData\\Rail\\EthioDjibouti\\Ethiopia_Rail.shp" }, "geometry": { "type": "MultiLineString", "coordinates": [ [ [ 40.3217388, 9.0064208 ], [ 40.3212797, 9.006413 ] ] ] } },
{ "type": "Feature", "properties": { "osm_id": "941598726", "code": "6101", "fclass": "rail", "name": "Addis Ababa – Djibouti Railway", "layer": 0, "bridge": "F", "tunnel": "F", "path": "F:\\AnimationData\\Rail\\EthioDjibouti\\Ethiopia_Rail.shp" }, "geometry": { "type": "MultiLineString", "coordinates": [ [ [ 40.3353795, 9.0066806 ], [ 40.3306979, 9.0065765 ], [ 40.3217388, 9.0064208 ] ] ] } },
{ "type": "Feature", "properties": { "osm_id": "941598727", "code": "6101", "fclass": "rail", "name": "Addis Ababa – Djibouti Railway", "layer": 0, "bridge": "T", "tunnel": "F", "path": "F:\\AnimationData\\Rail\\EthioDjibouti\\Ethiopia_Rail.shp" }, "geometry": { "type": "MultiLineString", "coordinates": [ [ [ 40.3363829, 9.0066981 ], [ 40.3353795, 9.0066806 ] ] ] } },
{ "type": "Feature", "properties": { "osm_id": "941598728", "code": "6101", "fclass": "rail", "name": "Addis Ababa – Djibouti Railway", "layer": 0, "bridge": "F", "tunnel": "F", "path": "F:\\AnimationData\\Rail\\EthioDjibouti\\Ethiopia_Rail.shp" }, "geometry": { "type": "MultiLineString", "coordinates": [ [ [ 40.3489245, 9.0074154 ], [ 40.3475389, 9.0071869 ], [ 40.3459562, 9.0070034 ], [ 40.3449456, 9.0069146 ], [ 40.3441436, 9.0068655 ], [ 40.3418714, 9.0067949 ], [ 40.3396665, 9.0067572 ], [ 40.3363829, 9.0066981 ] ] ] } },
{ "type": "Feature", "properties": { "osm_id": "941598729", "code": "6101", "fclass": "rail", "name": "Addis Ababa – Djibouti Railway", "layer": 0, "bridge": "T", "tunnel": "F", "path": "F:\\AnimationData\\Rail\\EthioDjibouti\\Ethiopia_Rail.shp" }, "geometry": { "type": "MultiLineString", "coordinates": [ [ [ 40.3496756, 9.0075901 ], [ 40.3489245, 9.0074154 ] ] ] } },
{ "type": "Feature", "properties": { "osm_id": "941598740", "code": "6101", "fclass": "rail", "name": "Addis Ababa – Djibouti Railway", "layer": 0, "bridge": "F", "tunnel": "F", "path": "F:\\AnimationData\\Rail\\EthioDjibouti\\Ethiopia_Rail.shp" }, "geometry": { "type": "MultiLineString", "coordinates": [ [ [ 40.4953274, 9.0894556 ], [ 40.4934385, 9.0885238 ], [ 40.4893684, 9.0865042 ], [ 40.4874355, 9.0853106 ], [ 40.4841482, 9.0832177 ], [ 40.4821643, 9.0819891 ], [ 40.4800487, 9.0807762 ], [ 40.4780853, 9.0799075 ], [ 40.4761326, 9.0791288 ], [ 40.4738849, 9.0784719 ], [ 40.4716372, 9.0779422 ], [ 40.4690652, 9.0775558 ], [ 40.4656227, 9.0771549 ] ] ] } },
{ "type": "Feature", "properties": { "osm_id": "941598741", "code": "6101", "fclass": "rail", "name": "Addis Ababa – Djibouti Railway", "layer": 0, "bridge": "T", "tunnel": "F", "path": "F:\\AnimationData\\Rail\\EthioDjibouti\\Ethiopia_Rail.shp" }, "geometry": { "type": "MultiLineString", "coordinates": [ [ [ 40.4656227, 9.0771549 ], [ 40.4649106, 9.0770567 ] ] ] } },
{ "type": "Feature", "properties": { "osm_id": "941598742", "code": "6101", "fclass": "rail", "name": "Addis Ababa – Djibouti Railway", "layer": 0, "bridge": "F", "tunnel": "F", "path": "F:\\AnimationData\\Rail\\EthioDjibouti\\Ethiopia_Rail.shp" }, "geometry": { "type": "MultiLineString", "coordinates": [ [ [ 40.600011, 9.1022798 ], [ 40.5986081, 9.1014576 ], [ 40.5976913, 9.1009904 ], [ 40.596756, 9.1006025 ], [ 40.5951115, 9.0999266 ], [ 40.5944724, 9.0997241 ], [ 40.5933374, 9.099421 ], [ 40.5920205, 9.0990734 ], [ 40.5898371, 9.098739 ], [ 40.5867607, 9.0983713 ], [ 40.5788591, 9.0976181 ] ] ] } },
{ "type": "Feature", "properties": { "osm_id": "941598743", "code": "6101", "fclass": "rail", "name": "Addis Ababa – Djibouti Railway", "layer": 0, "bridge": "T", "tunnel": "F", "path": "F:\\AnimationData\\Rail\\EthioDjibouti\\Ethiopia_Rail.shp" }, "geometry": { "type": "MultiLineString", "coordinates": [ [ [ 40.5788591, 9.0976181 ], [ 40.5785592, 9.0975928 ] ] ] } },
{ "type": "Feature", "properties": { "osm_id": "941598744", "code": "6101", "fclass": "rail", "name": "Addis Ababa – Djibouti Railway", "layer": 0, "bridge": "F", "tunnel": "F", "path": "F:\\AnimationData\\Rail\\EthioDjibouti\\Ethiopia_Rail.shp" }, "geometry": { "type": "MultiLineString", "coordinates": [ [ [ 40.6012911, 9.1030377 ], [ 40.6003933, 9.1025168 ] ] ] } },
{ "type": "Feature", "properties": { "osm_id": "941598745", "code": "6101", "fclass": "rail", "name": "Addis Ababa – Djibouti Railway", "layer": 0, "bridge": "T", "tunnel": "F", "path": "F:\\AnimationData\\Rail\\EthioDjibouti\\Ethiopia_Rail.shp" }, "geometry": { "type": "MultiLineString", "coordinates": [ [ [ 40.6003933, 9.1025168 ], [ 40.600011, 9.1022798 ] ] ] } },
{ "type": "Feature", "properties": { "osm_id": "941601016", "code": "6101", "fclass": "rail", "name": "Addis Ababa – Djibouti Railway", "layer": 0, "bridge": "F", "tunnel": "F", "path": "F:\\AnimationData\\Rail\\EthioDjibouti\\Ethiopia_Rail.shp" }, "geometry": { "type": "MultiLineString", "coordinates": [ [ [ 41.0123959, 9.477458 ], [ 41.0095754, 9.4754418 ], [ 41.0080531, 9.4742295 ], [ 41.0067695, 9.4730483 ], [ 41.005437, 9.4718093 ] ] ] } },
{ "type": "Feature", "properties": { "osm_id": "941601017", "code": "6101", "fclass": "rail", "name": "Addis Ababa – Djibouti Railway", "layer": 0, "bridge": "T", "tunnel": "F", "path": "F:\\AnimationData\\Rail\\EthioDjibouti\\Ethiopia_Rail.shp" }, "geometry": { "type": "MultiLineString", "coordinates": [ [ [ 41.0046705, 9.4711137 ], [ 41.0041297, 9.4706042 ] ] ] } },
{ "type": "Feature", "properties": { "osm_id": "941950900", "code": "6101", "fclass": "rail", "name": "Addis Ababa – Djibouti Railway", "layer": 0, "bridge": "F", "tunnel": "F", "path": "F:\\AnimationData\\Rail\\EthioDjibouti\\Ethiopia_Rail.shp" }, "geometry": { "type": "MultiLineString", "coordinates": [ [ [ 42.4532395, 10.6666308 ], [ 42.4524435, 10.6658214 ], [ 42.4508757, 10.6642164 ], [ 42.4502546, 10.6636287 ], [ 42.449874, 10.6632899 ], [ 42.4497033, 10.6631591 ], [ 42.4494509, 10.662986 ], [ 42.4491218, 10.6627383 ], [ 42.4487739, 10.6625221 ], [ 42.4485237, 10.6623479 ], [ 42.4481959, 10.6621605 ], [ 42.4479339, 10.662011 ], [ 42.4476801, 10.6618758 ], [ 42.4474293, 10.6617501 ], [ 42.4462824, 10.6612591 ], [ 42.4457204, 10.6610646 ], [ 42.4424158, 10.6599399 ] ] ] } },
{ "type": "Feature", "properties": { "osm_id": "941950901", "code": "6101", "fclass": "rail", "name": "Addis Ababa – Djibouti Railway", "layer": 0, "bridge": "T", "tunnel": "F", "path": "F:\\AnimationData\\Rail\\EthioDjibouti\\Ethiopia_Rail.shp" }, "geometry": { "type": "MultiLineString", "coordinates": [ [ [ 42.4424158, 10.6599399 ], [ 42.4423111, 10.6598967 ] ] ] } },
{ "type": "Feature", "properties": { "osm_id": "941950902", "code": "6101", "fclass": "rail", "name": "Addis Ababa – Djibouti Railway", "layer": 0, "bridge": "F", "tunnel": "F", "path": "F:\\AnimationData\\Rail\\EthioDjibouti\\Ethiopia_Rail.shp" }, "geometry": { "type": "MultiLineString", "coordinates": [ [ [ 42.5748014, 10.7803815 ], [ 42.5728809, 10.7674688 ], [ 42.5726236, 10.7659791 ], [ 42.572379, 10.7651914 ] ] ] } },
{ "type": "Feature", "properties": { "osm_id": "942273670", "code": "6101", "fclass": "rail", "name": "Addis Ababa – Djibouti Railway", "layer": 0, "bridge": "F", "tunnel": "F", "path": "F:\\AnimationData\\Rail\\EthioDjibouti\\Ethiopia_Rail.shp" }, "geometry": { "type": "MultiLineString", "coordinates": [ [ [ 41.0955777, 9.5220297 ], [ 41.0949568, 9.5214465 ], [ 41.0943744, 9.5210154 ] ] ] } },
{ "type": "Feature", "properties": { "osm_id": "942299975", "code": "6101", "fclass": "rail", "name": "Addis Ababa – Djibouti Railway", "layer": 0, "bridge": "F", "tunnel": "F", "path": "F:\\AnimationData\\Rail\\EthioDjibouti\\Ethiopia_Rail.shp" }, "geometry": { "type": "MultiLineString", "coordinates": [ [ [ 40.9030439, 9.3467829 ], [ 40.902127, 9.3459382 ], [ 40.9013807, 9.3451894 ], [ 40.8923087, 9.3352669 ], [ 40.8911726, 9.3340015 ], [ 40.890106, 9.3328041 ], [ 40.8889906, 9.3314501 ], [ 40.8876806, 9.3297865 ], [ 40.8805066, 9.3207272 ], [ 40.8787843, 9.3185722 ], [ 40.8780011, 9.3177138 ] ] ] } },
{ "type": "Feature", "properties": { "osm_id": "942299976", "code": "6101", "fclass": "rail", "name": "Addis Ababa – Djibouti Railway", "layer": 0, "bridge": "T", "tunnel": "F", "path": "F:\\AnimationData\\Rail\\EthioDjibouti\\Ethiopia_Rail.shp" }, "geometry": { "type": "MultiLineString", "coordinates": [ [ [ 40.8780011, 9.3177138 ], [ 40.8775425, 9.3172343 ] ] ] } },
{ "type": "Feature", "properties": { "osm_id": "983286508", "code": "6101", "fclass": "rail", "name": "Addis Ababa – Djibouti Railway", "layer": 1, "bridge": "T", "tunnel": "F", "path": "F:\\AnimationData\\Rail\\EthioDjibouti\\Ethiopia_Rail.shp" }, "geometry": { "type": "MultiLineString", "coordinates": [ [ [ 40.1864464, 9.0306263 ], [ 40.185909, 9.0304238 ], [ 40.1854508, 9.0302276 ] ] ] } },
{ "type": "Feature", "properties": { "osm_id": "983677024", "code": "6101", "fclass": "rail", "name": "Addis Ababa – Djibouti Railway", "layer": 0, "bridge": "F", "tunnel": "F", "path": "F:\\AnimationData\\Rail\\EthioDjibouti\\Ethiopia_Rail.shp" }, "geometry": { "type": "MultiLineString", "coordinates": [ [ [ 39.1394567, 8.565705 ], [ 39.1392166, 8.5652797 ], [ 39.1390136, 8.5648824 ], [ 39.1388312, 8.5644915 ], [ 39.1386918, 8.5641155 ], [ 39.1385638, 8.5637272 ], [ 39.1384566, 8.5632948 ], [ 39.1383833, 8.5628956 ] ] ] } },
{ "type": "Feature", "properties": { "osm_id": "984851428", "code": "6101", "fclass": "rail", "name": "Addis Ababa – Djibouti Railway", "layer": 0, "bridge": "F", "tunnel": "F", "path": "F:\\AnimationData\\Rail\\EthioDjibouti\\Ethiopia_Rail.shp" }, "geometry": { "type": "MultiLineString", "coordinates": [ [ [ 39.1283477, 8.6179783 ], [ 39.128803, 8.6176246 ], [ 39.129171, 8.6173182 ], [ 39.1295031, 8.6170204 ], [ 39.1298523, 8.6166954 ], [ 39.1301621, 8.6163874 ], [ 39.1305267, 8.6160134 ], [ 39.1308468, 8.6156665 ], [ 39.1311737, 8.6152755 ], [ 39.1314886, 8.6148948 ], [ 39.1318002, 8.6145089 ], [ 39.1320946, 8.6140909 ], [ 39.1323719, 8.6136898 ], [ 39.1326321, 8.6132768 ], [ 39.1328392, 8.6129468 ], [ 39.133125, 8.6124391 ], [ 39.1333612, 8.6119906 ], [ 39.1335906, 8.6115421 ], [ 39.1337977, 8.6110987 ], [ 39.1339723, 8.6106993 ], [ 39.1341623, 8.610217 ], [ 39.1343352, 8.6097431 ], [ 39.1345012, 8.6092963 ], [ 39.134633, 8.60888 ], [ 39.1347597, 8.6084281 ], [ 39.1348812, 8.6079576 ], [ 39.1349891, 8.6074939 ], [ 39.1350883, 8.6070082 ], [ 39.1351862, 8.6064584 ], [ 39.1352518, 8.6060134 ] ] ] } },
{ "type": "Feature", "properties": { "osm_id": "984851429", "code": "6101", "fclass": "rail", "name": "Addis Ababa – Djibouti Railway", "layer": 1, "bridge": "T", "tunnel": "F", "path": "F:\\AnimationData\\Rail\\EthioDjibouti\\Ethiopia_Rail.shp" }, "geometry": { "type": "MultiLineString", "coordinates": [ [ [ 39.1352518, 8.6060134 ], [ 39.1353145, 8.6056045 ] ] ] } },
{ "type": "Feature", "properties": { "osm_id": "984851430", "code": "6101", "fclass": "rail", "name": "Addis Ababa – Djibouti Railway", "layer": 1, "bridge": "T", "tunnel": "F", "path": "F:\\AnimationData\\Rail\\EthioDjibouti\\Ethiopia_Rail.shp" }, "geometry": { "type": "MultiLineString", "coordinates": [ [ [ 39.1278359, 8.6183523 ], [ 39.1283477, 8.6179783 ] ] ] } },
{ "type": "Feature", "properties": { "osm_id": "985462005", "code": "6101", "fclass": "rail", "name": "Addis Ababa – Djibouti Railway", "layer": 0, "bridge": "F", "tunnel": "F", "path": "F:\\AnimationData\\Rail\\EthioDjibouti\\Ethiopia_Rail.shp" }, "geometry": { "type": "MultiLineString", "coordinates": [ [ [ 39.0158128, 8.7698825 ], [ 39.016568, 8.7687515 ], [ 39.0169318, 8.768199 ], [ 39.0219035, 8.7606481 ], [ 39.0221592, 8.7602609 ], [ 39.0224995, 8.7597458 ], [ 39.023281, 8.7585627 ] ] ] } },
{ "type": "Feature", "properties": { "osm_id": "985462006", "code": "6101", "fclass": "rail", "name": "Addis Ababa – Djibouti Railway", "layer": 1, "bridge": "T", "tunnel": "F", "path": "F:\\AnimationData\\Rail\\EthioDjibouti\\Ethiopia_Rail.shp" }, "geometry": { "type": "MultiLineString", "coordinates": [ [ [ 39.023281, 8.7585627 ], [ 39.0233734, 8.7584186 ] ] ] } },
{ "type": "Feature", "properties": { "osm_id": "985462007", "code": "6101", "fclass": "rail", "name": "Addis Ababa – Djibouti Railway", "layer": 0, "bridge": "F", "tunnel": "F", "path": "F:\\AnimationData\\Rail\\EthioDjibouti\\Ethiopia_Rail.shp" }, "geometry": { "type": "MultiLineString", "coordinates": [ [ [ 39.0233734, 8.7584186 ], [ 39.0252048, 8.7556453 ], [ 39.0335461, 8.7440535 ] ] ] } },
{ "type": "Feature", "properties": { "osm_id": "985462008", "code": "6101", "fclass": "rail", "name": "Addis Ababa – Djibouti Railway", "layer": 0, "bridge": "F", "tunnel": "F", "path": "F:\\AnimationData\\Rail\\EthioDjibouti\\Ethiopia_Rail.shp" }, "geometry": { "type": "MultiLineString", "coordinates": [ [ [ 39.0336558, 8.7439007 ], [ 39.0620427, 8.7044515 ], [ 39.0730908, 8.6890937 ], [ 39.0771495, 8.6834923 ] ] ] } },
{ "type": "Feature", "properties": { "osm_id": "985462009", "code": "6101", "fclass": "rail", "name": "Addis Ababa – Djibouti Railway", "layer": 1, "bridge": "T", "tunnel": "F", "path": "F:\\AnimationData\\Rail\\EthioDjibouti\\Ethiopia_Rail.shp" }, "geometry": { "type": "MultiLineString", "coordinates": [ [ [ 39.0335461, 8.7440535 ], [ 39.0336558, 8.7439007 ] ] ] } },
{ "type": "Feature", "properties": { "osm_id": "985462010", "code": "6101", "fclass": "rail", "name": "Addis Ababa – Djibouti Railway", "layer": 1, "bridge": "T", "tunnel": "F", "path": "F:\\AnimationData\\Rail\\EthioDjibouti\\Ethiopia_Rail.shp" }, "geometry": { "type": "MultiLineString", "coordinates": [ [ [ 39.0834569, 8.6697114 ], [ 39.083703, 8.6685247 ] ] ] } },
{ "type": "Feature", "properties": { "osm_id": "985462013", "code": "6101", "fclass": "rail", "name": "Addis Ababa – Djibouti Railway", "layer": 0, "bridge": "F", "tunnel": "F", "path": "F:\\AnimationData\\Rail\\EthioDjibouti\\Ethiopia_Rail.shp" }, "geometry": { "type": "MultiLineString", "coordinates": [ [ [ 39.083703, 8.6685247 ], [ 39.085916, 8.6588959 ], [ 39.0863764, 8.6573526 ], [ 39.0870654, 8.6554876 ], [ 39.0877092, 8.6540569 ], [ 39.0884309, 8.6526428 ], [ 39.0893598, 8.6511718 ], [ 39.0902257, 8.6499442 ], [ 39.090775, 8.6491788 ], [ 39.0917458, 8.6480129 ], [ 39.1113909, 8.6261891 ], [ 39.1122281, 8.6253488 ], [ 39.1129843, 8.6247804 ], [ 39.1138876, 8.6242121 ], [ 39.1150732, 8.6236656 ] ] ] } },
{ "type": "Feature", "properties": { "osm_id": "985462014", "code": "6101", "fclass": "rail", "name": "Addis Ababa – Djibouti Railway", "layer": 1, "bridge": "T", "tunnel": "F", "path": "F:\\AnimationData\\Rail\\EthioDjibouti\\Ethiopia_Rail.shp" }, "geometry": { "type": "MultiLineString", "coordinates": [ [ [ 39.1150732, 8.6236656 ], [ 39.1172355, 8.6228676 ] ] ] } },
{ "type": "Feature", "properties": { "osm_id": "985462015", "code": "6101", "fclass": "rail", "name": "Addis Ababa – Djibouti Railway", "layer": 0, "bridge": "F", "tunnel": "F", "path": "F:\\AnimationData\\Rail\\EthioDjibouti\\Ethiopia_Rail.shp" }, "geometry": { "type": "MultiLineString", "coordinates": [ [ [ 39.1172355, 8.6228676 ], [ 39.1236167, 8.6206217 ], [ 39.1240898, 8.6204357 ], [ 39.124494, 8.6202687 ], [ 39.1249593, 8.6200607 ], [ 39.1253718, 8.6198664 ], [ 39.1257772, 8.6196565 ], [ 39.126169, 8.6194402 ], [ 39.1265509, 8.6192153 ], [ 39.1269383, 8.6189704 ], [ 39.1273232, 8.6187164 ], [ 39.1278359, 8.6183523 ] ] ] } },
{ "type": "Feature", "properties": { "osm_id": "1066465090", "code": "6101", "fclass": "rail", "name": "Addis Ababa – Djibouti Railway", "layer": 1, "bridge": "T", "tunnel": "F", "path": "F:\\AnimationData\\Rail\\EthioDjibouti\\Ethiopia_Rail.shp" }, "geometry": { "type": "MultiLineString", "coordinates": [ [ [ 42.5541436, 10.748249 ], [ 42.5540266, 10.7481623 ] ] ] } },
{ "type": "Feature", "properties": { "osm_id": "1066465091", "code": "6101", "fclass": "rail", "name": "Addis Ababa – Djibouti Railway", "layer": 0, "bridge": "F", "tunnel": "F", "path": "F:\\AnimationData\\Rail\\EthioDjibouti\\Ethiopia_Rail.shp" }, "geometry": { "type": "MultiLineString", "coordinates": [ [ [ 42.5540266, 10.7481623 ], [ 42.5526547, 10.7470827 ], [ 42.55232, 10.7468239 ], [ 42.5448706, 10.7408534 ], [ 42.5446109, 10.7406435 ] ] ] } },
{ "type": "Feature", "properties": { "osm_id": "1066465099", "code": "6101", "fclass": "rail", "name": "Addis Ababa – Djibouti Railway", "layer": 0, "bridge": "F", "tunnel": "F", "path": "F:\\AnimationData\\Rail\\EthioDjibouti\\Ethiopia_Rail.shp" }, "geometry": { "type": "MultiLineString", "coordinates": [ [ [ 42.4747821, 10.684804 ], [ 42.5446109, 10.7406435 ] ] ] } },
{ "type": "Feature", "properties": { "osm_id": "1066469474", "code": "6101", "fclass": "rail", "name": "Addis Ababa – Djibouti Railway", "layer": 0, "bridge": "F", "tunnel": "F", "path": "F:\\AnimationData\\Rail\\EthioDjibouti\\Ethiopia_Rail.shp" }, "geometry": { "type": "MultiLineString", "coordinates": [ [ [ 42.1518199, 10.4277653 ], [ 42.1494476, 10.4227473 ], [ 42.13922, 10.4012217 ], [ 42.1386331, 10.3999172 ], [ 42.1383456, 10.3991634 ], [ 42.1381533, 10.3984904 ], [ 42.1380548, 10.3981224 ], [ 42.137894, 10.3973532 ], [ 42.1376968, 10.3961926 ], [ 42.1375463, 10.394385 ], [ 42.1370275, 10.3888502 ] ] ] } },
{ "type": "Feature", "properties": { "osm_id": "1066469475", "code": "6101", "fclass": "rail", "name": "Addis Ababa – Djibouti Railway", "layer": 1, "bridge": "T", "tunnel": "F", "path": "F:\\AnimationData\\Rail\\EthioDjibouti\\Ethiopia_Rail.shp" }, "geometry": { "type": "MultiLineString", "coordinates": [ [ [ 42.1523256, 10.4288344 ], [ 42.1518199, 10.4277653 ] ] ] } },
{ "type": "Feature", "properties": { "osm_id": "1074476897", "code": "6101", "fclass": "rail", "name": "??? ??? - ??? ???", "layer": 0, "bridge": "F", "tunnel": "F", "path": "F:\\AnimationData\\Rail\\EthioDjibouti\\Ethiopia_Rail.shp" }, "geometry": { "type": "MultiLineString", "coordinates": [ [ [ 38.559172, 8.9042203 ], [ 38.5711418, 8.9010071 ], [ 38.5721796, 8.900729 ], [ 38.5726505, 8.9006084 ], [ 38.5815589, 8.8982277 ], [ 38.5820977, 8.898084 ], [ 38.5824757, 8.8979853 ], [ 38.5826516, 8.8979394 ], [ 38.5842557, 8.8975208 ], [ 38.5848606, 8.8973662 ], [ 38.585292, 8.8972562 ], [ 38.5858331, 8.8971544 ], [ 38.5864332, 8.8970493 ], [ 38.5869409, 8.8970054 ], [ 38.5874869, 8.8969572 ], [ 38.5880265, 8.8969315 ], [ 38.5885997, 8.8969415 ], [ 38.5891856, 8.8969639 ], [ 38.5896037, 8.8969914 ], [ 38.5897978, 8.8970145 ], [ 38.5904098, 8.8970905 ], [ 38.591126, 8.8972127 ], [ 38.5917435, 8.8973428 ], [ 38.5918273, 8.8973635 ] ] ] } },
{ "type": "Feature", "properties": { "osm_id": "1074476898", "code": "6101", "fclass": "rail", "name": "Addis Ababa – Djibouti Railway", "layer": 1, "bridge": "T", "tunnel": "F", "path": "F:\\AnimationData\\Rail\\EthioDjibouti\\Ethiopia_Rail.shp" }, "geometry": { "type": "MultiLineString", "coordinates": [ [ [ 38.5918273, 8.8973635 ], [ 38.5919106, 8.897381 ] ] ] } },
{ "type": "Feature", "properties": { "osm_id": "1131599620", "code": "6101", "fclass": "rail", "name": "Addis Ababa – Djibouti Railway", "layer": 0, "bridge": "F", "tunnel": "F", "path": "F:\\AnimationData\\Rail\\EthioDjibouti\\Ethiopia_Rail.shp" }, "geometry": { "type": "MultiLineString", "coordinates": [ [ [ 41.005437, 9.4718093 ], [ 41.0046705, 9.4711137 ] ] ] } },
{ "type": "Feature", "properties": { "osm_id": "1131599621", "code": "6101", "fclass": "rail", "name": "Addis Ababa – Djibouti Railway", "layer": 0, "bridge": "F", "tunnel": "F", "path": "F:\\AnimationData\\Rail\\EthioDjibouti\\Ethiopia_Rail.shp" }, "geometry": { "type": "MultiLineString", "coordinates": [ [ [ 41.0041297, 9.4706042 ], [ 41.0037828, 9.4702805 ] ] ] } },
{ "type": "Feature", "properties": { "osm_id": "1131599622", "code": "6101", "fclass": "rail", "name": "Addis Ababa – Djibouti Railway", "layer": 0, "bridge": "F", "tunnel": "F", "path": "F:\\AnimationData\\Rail\\EthioDjibouti\\Ethiopia_Rail.shp" }, "geometry": { "type": "MultiLineString", "coordinates": [ [ [ 40.9674892, 9.4022154 ], [ 40.9671037, 9.4021759 ], [ 40.9594603, 9.4015628 ], [ 40.9585595, 9.4014189 ], [ 40.9575056, 9.4010758 ], [ 40.9564493, 9.4005901 ], [ 40.9505203, 9.3974868 ], [ 40.9489562, 9.3966554 ], [ 40.9469734, 9.3955929 ], [ 40.9455723, 9.3948287 ], [ 40.9445495, 9.3942842 ], [ 40.9439284, 9.3939072 ], [ 40.9432427, 9.3934248 ], [ 40.9427617, 9.3930336 ], [ 40.9423772, 9.3926904 ], [ 40.9417958, 9.3920992 ], [ 40.941323, 9.3915661 ], [ 40.9409237, 9.3910294 ], [ 40.9403543, 9.3901394 ] ] ] } },
{ "type": "Feature", "properties": { "osm_id": "1131599623", "code": "6101", "fclass": "rail", "name": "Addis Ababa – Djibouti Railway", "layer": 0, "bridge": "T", "tunnel": "F", "path": "F:\\AnimationData\\Rail\\EthioDjibouti\\Ethiopia_Rail.shp" }, "geometry": { "type": "MultiLineString", "coordinates": [ [ [ 40.9678746, 9.4022548 ], [ 40.9674892, 9.4022154 ] ] ] } },
{ "type": "Feature", "properties": { "osm_id": "1196320287", "code": "6101", "fclass": "rail", "name": "Addis Ababa – Djibouti Railway", "layer": 0, "bridge": "F", "tunnel": "F", "path": "F:\\AnimationData\\Rail\\EthioDjibouti\\Ethiopia_Rail.shp" }, "geometry": { "type": "MultiLineString", "coordinates": [ [ [ 38.6595136, 8.9232701 ], [ 38.6613064, 8.9250034 ] ] ] } },
{ "type": "Feature", "properties": { "osm_id": "1196320288", "code": "6101", "fclass": "rail", "name": "Addis Ababa – Djibouti Railway", "layer": -1, "bridge": "F", "tunnel": "T", "path": "F:\\AnimationData\\Rail\\EthioDjibouti\\Ethiopia_Rail.shp" }, "geometry": { "type": "MultiLineString", "coordinates": [ [ [ 38.6613064, 8.9250034 ], [ 38.6619632, 8.9256358 ] ] ] } },
{ "type": "Feature", "properties": { "osm_id": "1196334714", "code": "6101", "fclass": "rail", "name": "Addis Ababa – Djibouti Railway", "layer": 0, "bridge": "F", "tunnel": "F", "path": "F:\\AnimationData\\Rail\\EthioDjibouti\\Ethiopia_Rail.shp" }, "geometry": { "type": "MultiLineString", "coordinates": [ [ [ 39.0773697, 8.6831883 ], [ 39.0790811, 8.6808263 ], [ 39.0801566, 8.6791101 ], [ 39.0810768, 8.6773539 ], [ 39.0817044, 8.675915 ], [ 39.0823196, 8.674238 ], [ 39.0829056, 8.6721586 ], [ 39.0834569, 8.6697114 ] ] ] } },
{ "type": "Feature", "properties": { "osm_id": "1196334715", "code": "6101", "fclass": "rail", "name": "Addis Ababa – Djibouti Railway", "layer": 1, "bridge": "T", "tunnel": "F", "path": "F:\\AnimationData\\Rail\\EthioDjibouti\\Ethiopia_Rail.shp" }, "geometry": { "type": "MultiLineString", "coordinates": [ [ [ 39.0771495, 8.6834923 ], [ 39.0773697, 8.6831883 ] ] ] } },
{ "type": "Feature", "properties": { "osm_id": "1196367154", "code": "6101", "fclass": "rail", "name": null, "layer": 0, "bridge": "F", "tunnel": "F", "path": "F:\\AnimationData\\Rail\\EthioDjibouti\\Ethiopia_Rail.shp" }, "geometry": { "type": "MultiLineString", "coordinates": [ [ [ 39.1412513, 8.5493059 ], [ 39.140404, 8.5525835 ] ] ] } },
{ "type": "Feature", "properties": { "osm_id": "1196367155", "code": "6101", "fclass": "rail", "name": null, "layer": 1, "bridge": "T", "tunnel": "F", "path": "F:\\AnimationData\\Rail\\EthioDjibouti\\Ethiopia_Rail.shp" }, "geometry": { "type": "MultiLineString", "coordinates": [ [ [ 39.1412513, 8.5493059 ], [ 39.1413398, 8.5489688 ] ] ] } },
{ "type": "Feature", "properties": { "osm_id": "1196367156", "code": "6101", "fclass": "rail", "name": null, "layer": 0, "bridge": "F", "tunnel": "F", "path": "F:\\AnimationData\\Rail\\EthioDjibouti\\Ethiopia_Rail.shp" }, "geometry": { "type": "MultiLineString", "coordinates": [ [ [ 39.1482767, 8.5350492 ], [ 39.1476884, 8.5353111 ], [ 39.1470416, 8.5356489 ], [ 39.1464371, 8.5360448 ], [ 39.1459338, 8.5364206 ], [ 39.1455153, 8.5368124 ], [ 39.145103, 8.5372482 ], [ 39.1445753, 8.5379739 ], [ 39.1441852, 8.5386716 ], [ 39.1439083, 8.5392673 ], [ 39.143696, 8.539897 ], [ 39.1434777, 8.5407026 ], [ 39.1413398, 8.5489688 ] ] ] } },
{ "type": "Feature", "properties": { "osm_id": "1196367157", "code": "6101", "fclass": "rail", "name": null, "layer": 1, "bridge": "T", "tunnel": "F", "path": "F:\\AnimationData\\Rail\\EthioDjibouti\\Ethiopia_Rail.shp" }, "geometry": { "type": "MultiLineString", "coordinates": [ [ [ 39.1482767, 8.5350492 ], [ 39.1492579, 8.5346841 ] ] ] } },
{ "type": "Feature", "properties": { "osm_id": "1196367158", "code": "6101", "fclass": "rail", "name": null, "layer": 0, "bridge": "F", "tunnel": "F", "path": "F:\\AnimationData\\Rail\\EthioDjibouti\\Ethiopia_Rail.shp" }, "geometry": { "type": "MultiLineString", "coordinates": [ [ [ 39.1564928, 8.5254401 ], [ 39.1559935, 8.5261798 ], [ 39.1556822, 8.5267615 ], [ 39.1554133, 8.5274333 ], [ 39.1545502, 8.5298502 ], [ 39.1542732, 8.5305079 ], [ 39.1538992, 8.5312256 ], [ 39.15359, 8.5317214 ], [ 39.1532544, 8.5321612 ], [ 39.1527147, 8.5327709 ], [ 39.1521345, 8.5332847 ], [ 39.1514714, 8.5337425 ], [ 39.1508084, 8.5340804 ], [ 39.1499715, 8.5344242 ], [ 39.1492579, 8.5346841 ] ] ] } },
{ "type": "Feature", "properties": { "osm_id": "1196367159", "code": "6101", "fclass": "rail", "name": null, "layer": 0, "bridge": "F", "tunnel": "F", "path": "F:\\AnimationData\\Rail\\EthioDjibouti\\Ethiopia_Rail.shp" }, "geometry": { "type": "MultiLineString", "coordinates": [ [ [ 39.1615226, 8.5222309 ], [ 39.1597679, 8.5230366 ], [ 39.1590766, 8.5233544 ], [ 39.1583832, 8.5237483 ], [ 39.1576332, 8.5242681 ], [ 39.1570126, 8.5248358 ], [ 39.1564928, 8.5254401 ] ] ] } },
{ "type": "Feature", "properties": { "osm_id": "1196367160", "code": "6101", "fclass": "rail", "name": null, "layer": 1, "bridge": "T", "tunnel": "F", "path": "F:\\AnimationData\\Rail\\EthioDjibouti\\Ethiopia_Rail.shp" }, "geometry": { "type": "MultiLineString", "coordinates": [ [ [ 39.1631865, 8.521129 ], [ 39.1628566, 8.5213942 ], [ 39.1624811, 8.5216754 ], [ 39.1620841, 8.5219301 ], [ 39.1615226, 8.5222309 ] ] ] } },
{ "type": "Feature", "properties": { "osm_id": "1196367161", "code": "6101", "fclass": "rail", "name": null, "layer": 0, "bridge": "F", "tunnel": "F", "path": "F:\\AnimationData\\Rail\\EthioDjibouti\\Ethiopia_Rail.shp" }, "geometry": { "type": "MultiLineString", "coordinates": [ [ [ 39.1647342, 8.5193226 ], [ 39.1643426, 8.5199247 ], [ 39.16379, 8.5205719 ], [ 39.1631865, 8.521129 ] ] ] } },
{ "type": "Feature", "properties": { "osm_id": "1196367162", "code": "6101", "fclass": "rail", "name": null, "layer": 0, "bridge": "F", "tunnel": "F", "path": "F:\\AnimationData\\Rail\\EthioDjibouti\\Ethiopia_Rail.shp" }, "geometry": { "type": "MultiLineString", "coordinates": [ [ [ 39.1679367, 8.5100489 ], [ 39.1656568, 8.5173517 ], [ 39.1653967, 8.5179936 ], [ 39.1650909, 8.5186859 ], [ 39.1647342, 8.5193226 ] ] ] } },
{ "type": "Feature", "properties": { "osm_id": "1196367164", "code": "6101", "fclass": "rail", "name": null, "layer": 0, "bridge": "F", "tunnel": "F", "path": "F:\\AnimationData\\Rail\\EthioDjibouti\\Ethiopia_Rail.shp" }, "geometry": { "type": "MultiLineString", "coordinates": [ [ [ 39.1684525, 8.508298 ], [ 39.1679367, 8.5100489 ] ] ] } },
{ "type": "Feature", "properties": { "osm_id": "1196367165", "code": "6101", "fclass": "rail", "name": null, "layer": 1, "bridge": "T", "tunnel": "F", "path": "F:\\AnimationData\\Rail\\EthioDjibouti\\Ethiopia_Rail.shp" }, "geometry": { "type": "MultiLineString", "coordinates": [ [ [ 39.171014, 8.503417 ], [ 39.1705097, 8.5039157 ], [ 39.1700913, 8.5044038 ], [ 39.169689, 8.5050087 ], [ 39.1693108, 8.5056559 ], [ 39.1690023, 8.5064226 ], [ 39.1684525, 8.508298 ] ] ] } },
{ "type": "Feature", "properties": { "osm_id": "1196367166", "code": "6101", "fclass": "rail", "name": null, "layer": 0, "bridge": "F", "tunnel": "F", "path": "F:\\AnimationData\\Rail\\EthioDjibouti\\Ethiopia_Rail.shp" }, "geometry": { "type": "MultiLineString", "coordinates": [ [ [ 39.171014, 8.503417 ], [ 39.1713481, 8.5031271 ] ] ] } },
{ "type": "Feature", "properties": { "osm_id": "1196367167", "code": "6101", "fclass": "rail", "name": null, "layer": 0, "bridge": "F", "tunnel": "F", "path": "F:\\AnimationData\\Rail\\EthioDjibouti\\Ethiopia_Rail.shp" }, "geometry": { "type": "MultiLineString", "coordinates": [ [ [ 39.1797649, 8.5024347 ], [ 39.1793142, 8.5021668 ], [ 39.178877, 8.5019387 ], [ 39.1782226, 8.501692 ], [ 39.1774287, 8.501501 ], [ 39.1767259, 8.5014028 ], [ 39.1759668, 8.501371 ], [ 39.175138, 8.5014346 ], [ 39.1744541, 8.5015752 ], [ 39.1738291, 8.5017503 ], [ 39.1732498, 8.5019864 ], [ 39.1727187, 8.5022464 ], [ 39.171788, 8.5028061 ], [ 39.1713481, 8.5031271 ] ] ] } },
{ "type": "Feature", "properties": { "osm_id": "1196367168", "code": "6101", "fclass": "rail", "name": null, "layer": 0, "bridge": "F", "tunnel": "F", "path": "F:\\AnimationData\\Rail\\EthioDjibouti\\Ethiopia_Rail.shp" }, "geometry": { "type": "MultiLineString", "coordinates": [ [ [ 39.1968643, 8.5148593 ], [ 39.1943541, 8.5127429 ], [ 39.1932295, 8.5118649 ], [ 39.1923586, 8.511253 ], [ 39.1915599, 8.5107947 ], [ 39.1905773, 8.510295 ], [ 39.1869424, 8.5085655 ], [ 39.1862881, 8.5082385 ], [ 39.1856152, 8.5078124 ], [ 39.1850284, 8.5074071 ], [ 39.1842646, 8.5068222 ], [ 39.1837547, 8.5063593 ], [ 39.1831539, 8.5057536 ], [ 39.1816054, 8.5040264 ], [ 39.1811234, 8.5035221 ], [ 39.18066, 8.5031053 ], [ 39.1802246, 8.5027621 ], [ 39.1797649, 8.5024347 ] ] ] } },
{ "type": "Feature", "properties": { "osm_id": "1196367169", "code": "6101", "fclass": "rail", "name": null, "layer": 1, "bridge": "T", "tunnel": "F", "path": "F:\\AnimationData\\Rail\\EthioDjibouti\\Ethiopia_Rail.shp" }, "geometry": { "type": "MultiLineString", "coordinates": [ [ [ 39.1968643, 8.5148593 ], [ 39.1971923, 8.5151311 ] ] ] } },
{ "type": "Feature", "properties": { "osm_id": "1196367170", "code": "6101", "fclass": "rail", "name": null, "layer": 0, "bridge": "F", "tunnel": "F", "path": "F:\\AnimationData\\Rail\\EthioDjibouti\\Ethiopia_Rail.shp" }, "geometry": { "type": "MultiLineString", "coordinates": [ [ [ 39.2013007, 8.5166636 ], [ 39.2008005, 8.5166203 ], [ 39.2001284, 8.5165022 ], [ 39.1994703, 8.5163322 ], [ 39.1988437, 8.5160944 ], [ 39.198319, 8.5158427 ], [ 39.197947, 8.515631 ], [ 39.1975697, 8.5153828 ], [ 39.1971923, 8.5151311 ] ] ] } },
{ "type": "Feature", "properties": { "osm_id": "1196367171", "code": "6101", "fclass": "rail", "name": null, "layer": 1, "bridge": "T", "tunnel": "F", "path": "F:\\AnimationData\\Rail\\EthioDjibouti\\Ethiopia_Rail.shp" }, "geometry": { "type": "MultiLineString", "coordinates": [ [ [ 39.2013007, 8.5166636 ], [ 39.201706, 8.5166775 ] ] ] } },
{ "type": "Feature", "properties": { "osm_id": "1196367172", "code": "6101", "fclass": "rail", "name": null, "layer": 0, "bridge": "F", "tunnel": "F", "path": "F:\\AnimationData\\Rail\\EthioDjibouti\\Ethiopia_Rail.shp" }, "geometry": { "type": "MultiLineString", "coordinates": [ [ [ 39.2033259, 8.516497 ], [ 39.2028257, 8.5165908 ], [ 39.2022167, 8.5166584 ], [ 39.201706, 8.5166775 ] ] ] } },
{ "type": "Feature", "properties": { "osm_id": "1196367173", "code": "6101", "fclass": "rail", "name": null, "layer": 1, "bridge": "T", "tunnel": "F", "path": "F:\\AnimationData\\Rail\\EthioDjibouti\\Ethiopia_Rail.shp" }, "geometry": { "type": "MultiLineString", "coordinates": [ [ [ 39.2048895, 8.5159677 ], [ 39.2044051, 8.5161655 ], [ 39.2038523, 8.5163599 ], [ 39.2033259, 8.516497 ] ] ] } },
{ "type": "Feature", "properties": { "osm_id": "1196367174", "code": "6101", "fclass": "rail", "name": null, "layer": 1, "bridge": "T", "tunnel": "F", "path": "F:\\AnimationData\\Rail\\EthioDjibouti\\Ethiopia_Rail.shp" }, "geometry": { "type": "MultiLineString", "coordinates": [ [ [ 39.2079894, 8.5148163 ], [ 39.2074911, 8.5149407 ] ] ] } },
{ "type": "Feature", "properties": { "osm_id": "1196367175", "code": "6101", "fclass": "rail", "name": null, "layer": 0, "bridge": "F", "tunnel": "F", "path": "F:\\AnimationData\\Rail\\EthioDjibouti\\Ethiopia_Rail.shp" }, "geometry": { "type": "MultiLineString", "coordinates": [ [ [ 39.2074911, 8.5149407 ], [ 39.2070208, 8.515095 ], [ 39.2064666, 8.515316 ], [ 39.2048895, 8.5159677 ] ] ] } },
{ "type": "Feature", "properties": { "osm_id": "1196367176", "code": "6101", "fclass": "rail", "name": null, "layer": 0, "bridge": "F", "tunnel": "F", "path": "F:\\AnimationData\\Rail\\EthioDjibouti\\Ethiopia_Rail.shp" }, "geometry": { "type": "MultiLineString", "coordinates": [ [ [ 39.2125316, 8.5146665 ], [ 39.2100735, 8.5146044 ], [ 39.2094774, 8.514609 ], [ 39.2089581, 8.5146413 ], [ 39.2084971, 8.5147127 ], [ 39.2079894, 8.5148163 ] ] ] } },
{ "type": "Feature", "properties": { "osm_id": "1196367177", "code": "6101", "fclass": "rail", "name": null, "layer": 0, "bridge": "F", "tunnel": "F", "path": "F:\\AnimationData\\Rail\\EthioDjibouti\\Ethiopia_Rail.shp" }, "geometry": { "type": "MultiLineString", "coordinates": [ [ [ 39.2147259, 8.514289 ], [ 39.2142532, 8.5144455 ], [ 39.2136198, 8.5145653 ], [ 39.2130804, 8.5146389 ], [ 39.2125316, 8.5146665 ] ] ] } },
{ "type": "Feature", "properties": { "osm_id": "1196367178", "code": "6101", "fclass": "rail", "name": null, "layer": 1, "bridge": "T", "tunnel": "F", "path": "F:\\AnimationData\\Rail\\EthioDjibouti\\Ethiopia_Rail.shp" }, "geometry": { "type": "MultiLineString", "coordinates": [ [ [ 39.2147259, 8.514289 ], [ 39.2153197, 8.5140587 ] ] ] } },
{ "type": "Feature", "properties": { "osm_id": "1196367179", "code": "6101", "fclass": "rail", "name": null, "layer": 0, "bridge": "F", "tunnel": "F", "path": "F:\\AnimationData\\Rail\\EthioDjibouti\\Ethiopia_Rail.shp" }, "geometry": { "type": "MultiLineString", "coordinates": [ [ [ 39.220865, 8.5110548 ], [ 39.2203703, 8.51121 ], [ 39.2198231, 8.5114311 ], [ 39.2192479, 8.5117235 ], [ 39.2187449, 8.5120275 ], [ 39.2166004, 8.5133724 ], [ 39.2159647, 8.513757 ], [ 39.2153197, 8.5140587 ] ] ] } },
{ "type": "Feature", "properties": { "osm_id": "1196367180", "code": "6101", "fclass": "rail", "name": null, "layer": 0, "bridge": "F", "tunnel": "F", "path": "F:\\AnimationData\\Rail\\EthioDjibouti\\Ethiopia_Rail.shp" }, "geometry": { "type": "MultiLineString", "coordinates": [ [ [ 39.2249086, 8.5110419 ], [ 39.2246105, 8.510959 ], [ 39.2240982, 8.5108531 ], [ 39.2234346, 8.5107655 ], [ 39.222913, 8.510754 ], [ 39.2223286, 8.5107725 ], [ 39.2217208, 8.5108415 ], [ 39.220865, 8.5110548 ] ] ] } },
{ "type": "Feature", "properties": { "osm_id": "1196367181", "code": "6101", "fclass": "rail", "name": null, "layer": 0, "bridge": "F", "tunnel": "F", "path": "F:\\AnimationData\\Rail\\EthioDjibouti\\Ethiopia_Rail.shp" }, "geometry": { "type": "MultiLineString", "coordinates": [ [ [ 39.2284037, 8.5130132 ], [ 39.2270951, 8.5121035 ], [ 39.2264221, 8.5116844 ], [ 39.2257562, 8.5113505 ], [ 39.225195, 8.511134 ], [ 39.2249086, 8.5110419 ] ] ] } },
{ "type": "Feature", "properties": { "osm_id": "1196367182", "code": "6101", "fclass": "rail", "name": null, "layer": 1, "bridge": "T", "tunnel": "F", "path": "F:\\AnimationData\\Rail\\EthioDjibouti\\Ethiopia_Rail.shp" }, "geometry": { "type": "MultiLineString", "coordinates": [ [ [ 39.2290813, 8.5134852 ], [ 39.2284037, 8.5130132 ] ] ] } },
{ "type": "Feature", "properties": { "osm_id": "1196367183", "code": "6101", "fclass": "rail", "name": null, "layer": 0, "bridge": "F", "tunnel": "F", "path": "F:\\AnimationData\\Rail\\EthioDjibouti\\Ethiopia_Rail.shp" }, "geometry": { "type": "MultiLineString", "coordinates": [ [ [ 39.2303337, 8.5142444 ], [ 39.2295932, 8.5138104 ], [ 39.2290813, 8.5134852 ] ] ] } },
{ "type": "Feature", "properties": { "osm_id": "1196453983", "code": "6101", "fclass": "rail", "name": null, "layer": 0, "bridge": "F", "tunnel": "F", "path": "F:\\AnimationData\\Rail\\EthioDjibouti\\Ethiopia_Rail.shp" }, "geometry": { "type": "MultiLineString", "coordinates": [ [ [ 39.5368218, 8.6818711 ], [ 39.5366808, 8.6816259 ], [ 39.5308372, 8.6747476 ], [ 39.5305473, 8.6744874 ] ] ] } },
{ "type": "Feature", "properties": { "osm_id": "1196777033", "code": "6101", "fclass": "rail", "name": "Addis Ababa – Djibouti Railway", "layer": 0, "bridge": "F", "tunnel": "F", "path": "F:\\AnimationData\\Rail\\EthioDjibouti\\Ethiopia_Rail.shp" }, "geometry": { "type": "MultiLineString", "coordinates": [ [ [ 40.4068019, 9.0287976 ], [ 40.4036912, 9.0259857 ], [ 40.4025337, 9.0251041 ], [ 40.401588, 9.0245112 ], [ 40.40005, 9.0237294 ], [ 40.3966371, 9.0220205 ], [ 40.3940378, 9.021048 ], [ 40.3933614, 9.0207953 ], [ 40.3912946, 9.0201872 ], [ 40.3877791, 9.019104 ] ] ] } },
{ "type": "Feature", "properties": { "osm_id": "1196777034", "code": "6101", "fclass": "rail", "name": "Addis Ababa – Djibouti Railway", "layer": 1, "bridge": "T", "tunnel": "F", "path": "F:\\AnimationData\\Rail\\EthioDjibouti\\Ethiopia_Rail.shp" }, "geometry": { "type": "MultiLineString", "coordinates": [ [ [ 40.4073919, 9.029331 ], [ 40.4068019, 9.0287976 ] ] ] } },
{ "type": "Feature", "properties": { "osm_id": "1196777035", "code": "6101", "fclass": "rail", "name": "Addis Ababa – Djibouti Railway", "layer": 0, "bridge": "F", "tunnel": "F", "path": "F:\\AnimationData\\Rail\\EthioDjibouti\\Ethiopia_Rail.shp" }, "geometry": { "type": "MultiLineString", "coordinates": [ [ [ 40.4091492, 9.0309195 ], [ 40.4073919, 9.029331 ] ] ] } },
{ "type": "Feature", "properties": { "osm_id": "1196777036", "code": "6101", "fclass": "rail", "name": "Addis Ababa – Djibouti Railway", "layer": 1, "bridge": "T", "tunnel": "F", "path": "F:\\AnimationData\\Rail\\EthioDjibouti\\Ethiopia_Rail.shp" }, "geometry": { "type": "MultiLineString", "coordinates": [ [ [ 40.4095872, 9.0313155 ], [ 40.4091492, 9.0309195 ] ] ] } },
{ "type": "Feature", "properties": { "osm_id": "1196777037", "code": "6101", "fclass": "rail", "name": "Addis Ababa – Djibouti Railway", "layer": 0, "bridge": "F", "tunnel": "F", "path": "F:\\AnimationData\\Rail\\EthioDjibouti\\Ethiopia_Rail.shp" }, "geometry": { "type": "MultiLineString", "coordinates": [ [ [ 40.4197339, 9.0422324 ], [ 40.4185344, 9.0404131 ], [ 40.417208, 9.0387842 ], [ 40.4158728, 9.0372984 ], [ 40.4141657, 9.0356383 ], [ 40.4114408, 9.0330441 ], [ 40.4095872, 9.0313155 ] ] ] } },
{ "type": "Feature", "properties": { "osm_id": "1196777038", "code": "6101", "fclass": "rail", "name": "Addis Ababa – Djibouti Railway", "layer": 1, "bridge": "T", "tunnel": "F", "path": "F:\\AnimationData\\Rail\\EthioDjibouti\\Ethiopia_Rail.shp" }, "geometry": { "type": "MultiLineString", "coordinates": [ [ [ 40.4202717, 9.0430901 ], [ 40.4197339, 9.0422324 ] ] ] } },
{ "type": "Feature", "properties": { "osm_id": "1196833927", "code": "6101", "fclass": "rail", "name": "Addis Ababa – Djibouti Railway", "layer": 0, "bridge": "F", "tunnel": "F", "path": "F:\\AnimationData\\Rail\\EthioDjibouti\\Ethiopia_Rail.shp" }, "geometry": { "type": "MultiLineString", "coordinates": [ [ [ 40.9830786, 9.4174645 ], [ 40.9816119, 9.4159458 ], [ 40.9789117, 9.4132736 ], [ 40.9778179, 9.4120966 ], [ 40.9771131, 9.4112064 ], [ 40.9766163, 9.4104379 ], [ 40.9739, 9.4060313 ], [ 40.9735356, 9.4054851 ], [ 40.9730191, 9.4048076 ], [ 40.9726109, 9.4043715 ], [ 40.9721597, 9.4039464 ], [ 40.9714642, 9.403448 ], [ 40.9708754, 9.4030918 ], [ 40.9702982, 9.4028283 ], [ 40.9695938, 9.4025541 ], [ 40.9685341, 9.4023223 ], [ 40.9678746, 9.4022548 ] ] ] } },
{ "type": "Feature", "properties": { "osm_id": "1196833928", "code": "6101", "fclass": "rail", "name": "Addis Ababa – Djibouti Railway", "layer": 1, "bridge": "T", "tunnel": "F", "path": "F:\\AnimationData\\Rail\\EthioDjibouti\\Ethiopia_Rail.shp" }, "geometry": { "type": "MultiLineString", "coordinates": [ [ [ 40.9837065, 9.4183176 ], [ 40.9834364, 9.417891 ], [ 40.9830786, 9.4174645 ] ] ] } },
{ "type": "Feature", "properties": { "osm_id": "1196833929", "code": "6101", "fclass": "rail", "name": "Addis Ababa – Djibouti Railway", "layer": 0, "bridge": "F", "tunnel": "F", "path": "F:\\AnimationData\\Rail\\EthioDjibouti\\Ethiopia_Rail.shp" }, "geometry": { "type": "MultiLineString", "coordinates": [ [ [ 41.0962799, 9.5228121 ], [ 41.0955777, 9.5220297 ] ] ] } },
{ "type": "Feature", "properties": { "osm_id": "1196833930", "code": "6101", "fclass": "rail", "name": "Addis Ababa – Djibouti Railway", "layer": 1, "bridge": "T", "tunnel": "F", "path": "F:\\AnimationData\\Rail\\EthioDjibouti\\Ethiopia_Rail.shp" }, "geometry": { "type": "MultiLineString", "coordinates": [ [ [ 41.0964345, 9.5229954 ], [ 41.0962799, 9.5228121 ] ] ] } },
{ "type": "Feature", "properties": { "osm_id": "1197034062", "code": "6101", "fclass": "rail", "name": "Addis Ababa – Djibouti Railway", "layer": 0, "bridge": "F", "tunnel": "F", "path": "F:\\AnimationData\\Rail\\EthioDjibouti\\Ethiopia_Rail.shp" }, "geometry": { "type": "MultiLineString", "coordinates": [ [ [ 41.2223156, 9.5383207 ], [ 41.2214004, 9.5389933 ], [ 41.2204518, 9.5398958 ], [ 41.2197292, 9.5408377 ], [ 41.2189406, 9.5421501 ], [ 41.218292, 9.5432219 ], [ 41.2176377, 9.5440882 ], [ 41.2168539, 9.5448635 ], [ 41.2161169, 9.5454183 ], [ 41.2153596, 9.5458613 ], [ 41.2145866, 9.5461802 ], [ 41.2130036, 9.5466055 ], [ 41.2117665, 9.546903 ] ] ] } },
{ "type": "Feature", "properties": { "osm_id": "1197034063", "code": "6101", "fclass": "rail", "name": "Addis Ababa – Djibouti Railway", "layer": 1, "bridge": "T", "tunnel": "F", "path": "F:\\AnimationData\\Rail\\EthioDjibouti\\Ethiopia_Rail.shp" }, "geometry": { "type": "MultiLineString", "coordinates": [ [ [ 41.2117665, 9.546903 ], [ 41.2105294, 9.5471967 ] ] ] } },
{ "type": "Feature", "properties": { "osm_id": "1197034073", "code": "6101", "fclass": "rail", "name": "Addis Ababa – Djibouti Railway", "layer": 0, "bridge": "F", "tunnel": "F", "path": "F:\\AnimationData\\Rail\\EthioDjibouti\\Ethiopia_Rail.shp" }, "geometry": { "type": "MultiLineString", "coordinates": [ [ [ 41.8051215, 9.6390366 ], [ 41.8040607, 9.6375041 ], [ 41.8030502, 9.6360928 ], [ 41.802732, 9.6357089 ], [ 41.8023531, 9.6352791 ], [ 41.8020658, 9.6349762 ], [ 41.8017611, 9.6346812 ] ] ] } },
{ "type": "Feature", "properties": { "osm_id": "1197034074", "code": "6101", "fclass": "rail", "name": "Addis Ababa – Djibouti Railway", "layer": 1, "bridge": "T", "tunnel": "F", "path": "F:\\AnimationData\\Rail\\EthioDjibouti\\Ethiopia_Rail.shp" }, "geometry": { "type": "MultiLineString", "coordinates": [ [ [ 41.8017611, 9.6346812 ], [ 41.8016764, 9.6345999 ] ] ] } },
{ "type": "Feature", "properties": { "osm_id": "1197034079", "code": "6101", "fclass": "rail", "name": "Addis Ababa – Djibouti Railway", "layer": 0, "bridge": "F", "tunnel": "F", "path": "F:\\AnimationData\\Rail\\EthioDjibouti\\Ethiopia_Rail.shp" }, "geometry": { "type": "MultiLineString", "coordinates": [ [ [ 42.0182319, 10.1520274 ], [ 42.0091384, 10.135411 ], [ 41.9966434, 10.1125385 ] ] ] } },
{ "type": "Feature", "properties": { "osm_id": "1197034080", "code": "6101", "fclass": "rail", "name": "Addis Ababa – Djibouti Railway", "layer": 1, "bridge": "T", "tunnel": "F", "path": "F:\\AnimationData\\Rail\\EthioDjibouti\\Ethiopia_Rail.shp" }, "geometry": { "type": "MultiLineString", "coordinates": [ [ [ 41.9966434, 10.1125385 ], [ 41.9965504, 10.1123681 ] ] ] } },
{ "type": "Feature", "properties": { "osm_id": "1197034081", "code": "6101", "fclass": "rail", "name": "Addis Ababa – Djibouti Railway", "layer": 0, "bridge": "F", "tunnel": "F", "path": "F:\\AnimationData\\Rail\\EthioDjibouti\\Ethiopia_Rail.shp" }, "geometry": { "type": "MultiLineString", "coordinates": [ [ [ 42.0807698, 10.2664543 ], [ 42.0729274, 10.2520655 ], [ 42.0721921, 10.2508806 ], [ 42.0713709, 10.2496972 ], [ 42.0696778, 10.2474986 ], [ 42.0689568, 10.246584 ], [ 42.0684571, 10.2457914 ], [ 42.068128, 10.2451368 ], [ 42.068002, 10.2448609 ], [ 42.0677509, 10.2442618 ] ] ] } },
{ "type": "Feature", "properties": { "osm_id": "1197034082", "code": "6101", "fclass": "rail", "name": "Addis Ababa – Djibouti Railway", "layer": 1, "bridge": "T", "tunnel": "F", "path": "F:\\AnimationData\\Rail\\EthioDjibouti\\Ethiopia_Rail.shp" }, "geometry": { "type": "MultiLineString", "coordinates": [ [ [ 42.0809332, 10.2667469 ], [ 42.0807698, 10.2664543 ] ] ] } },
{ "type": "Feature", "properties": { "osm_id": "1197034110", "code": "6101", "fclass": "rail", "name": "Addis Ababa – Djibouti Railway", "layer": 0, "bridge": "F", "tunnel": "F", "path": "F:\\AnimationData\\Rail\\EthioDjibouti\\Ethiopia_Rail.shp" }, "geometry": { "type": "MultiLineString", "coordinates": [ [ [ 42.5771147, 10.7943302 ], [ 42.5768905, 10.79347 ], [ 42.5766135, 10.7922012 ], [ 42.5762533, 10.7902527 ], [ 42.5754233, 10.7845629 ], [ 42.5748014, 10.7803815 ] ] ] } },
{ "type": "Feature", "properties": { "osm_id": "1197034111", "code": "6101", "fclass": "rail", "name": "Addis Ababa – Djibouti Railway", "layer": 1, "bridge": "T", "tunnel": "F", "path": "F:\\AnimationData\\Rail\\EthioDjibouti\\Ethiopia_Rail.shp" }, "geometry": { "type": "MultiLineString", "coordinates": [ [ [ 42.577583, 10.7955842 ], [ 42.5773123, 10.7949572 ], [ 42.5771147, 10.7943302 ] ] ] } },
{ "type": "Feature", "properties": { "osm_id": "1226716938", "code": "6101", "fclass": "rail", "name": "Addis Ababa – Djibouti Railway", "layer": 0, "bridge": "F", "tunnel": "F", "path": "F:\\AnimationData\\Rail\\EthioDjibouti\\Ethiopia_Rail.shp" }, "geometry": { "type": "MultiLineString", "coordinates": [ [ [ 40.1586134, 9.0068604 ], [ 40.1631322, 9.0093034 ], [ 40.1641207, 9.0098698 ], [ 40.1650183, 9.0104361 ], [ 40.1661013, 9.0112849 ], [ 40.1667032, 9.0118217 ], [ 40.1672796, 9.012394 ], [ 40.1676964, 9.0128483 ], [ 40.1681095, 9.0133423 ], [ 40.1684527, 9.0137942 ], [ 40.1687682, 9.0142598 ], [ 40.173524, 9.0215489 ], [ 40.1742031, 9.0224866 ], [ 40.1748602, 9.0232549 ], [ 40.1756953, 9.0241 ], [ 40.1768645, 9.0250639 ], [ 40.1780675, 9.0258873 ], [ 40.1814675, 9.0279619 ] ] ] } },
{ "type": "Feature", "properties": { "osm_id": "1332811433", "code": "6101", "fclass": "rail", "name": "Addis Ababa – Djibouti Railway", "layer": 0, "bridge": "F", "tunnel": "F", "path": "F:\\AnimationData\\Rail\\EthioDjibouti\\Ethiopia_Rail.shp" }, "geometry": { "type": "MultiLineString", "coordinates": [ [ [ 40.1468395, 9.0005011 ], [ 40.1475318, 9.0008436 ], [ 40.1563604, 9.0056424 ], [ 40.1567537, 9.0058559 ], [ 40.1573956, 9.0061985 ], [ 40.1586134, 9.0068604 ] ] ] } },
{ "type": "Feature", "properties": { "osm_id": "371497468", "code": "6101", "fclass": "rail", "name": "Chemin de fer d'Addis-Abeba - Djibouti", "layer": 1, "bridge": "T", "tunnel": "F", "path": "C:\\Users\\asus\\Documents\\Downloads\\djibouti-260214-free.shp\\gis_osm_railways_free_1.shp" }, "geometry": { "type": "MultiLineString", "coordinates": [ [ [ 43.0916526, 11.475946 ], [ 43.0916972, 11.4754243 ], [ 43.0917619, 11.4749185 ], [ 43.0918353, 11.474344 ] ] ] } },
{ "type": "Feature", "properties": { "osm_id": "371497469", "code": "6101", "fclass": "rail", "name": "Chemin de fer d'Addis-Abeba - Djibouti", "layer": 1, "bridge": "F", "tunnel": "F", "path": "C:\\Users\\asus\\Documents\\Downloads\\djibouti-260214-free.shp\\gis_osm_railways_free_1.shp" }, "geometry": { "type": "MultiLineString", "coordinates": [ [ [ 43.0918353, 11.474344 ], [ 43.0931094, 11.46515 ], [ 43.0931816, 11.464429 ], [ 43.093201, 11.4636956 ], [ 43.0931826, 11.4628911 ], [ 43.0931106, 11.4620362 ], [ 43.0929198, 11.4605841 ], [ 43.0913649, 11.4498145 ], [ 43.090287, 11.4420381 ], [ 43.0901804, 11.4412426 ], [ 43.0900361, 11.4406043 ], [ 43.0898637, 11.4400194 ], [ 43.0896567, 11.4394673 ], [ 43.0893841, 11.4388495 ], [ 43.0891387, 11.4384067 ], [ 43.0888132, 11.4378805 ], [ 43.0883116, 11.4372019 ], [ 43.0879246, 11.4367595 ], [ 43.0874431, 11.4362893 ], [ 43.0869703, 11.4358721 ], [ 43.0863983, 11.4354694 ], [ 43.0856108, 11.4349684 ], [ 43.0848618, 11.434566 ], [ 43.0632313, 11.4231652 ], [ 43.061945, 11.4224873 ], [ 43.0608824, 11.42188 ], [ 43.0583536, 11.4203577 ], [ 43.048881, 11.4145964 ], [ 43.0466918, 11.4132158 ], [ 43.0457763, 11.4125368 ], [ 43.0448748, 11.4118207 ], [ 43.0369831, 11.4054664 ] ] ] } },
{ "type": "Feature", "properties": { "osm_id": "371497471", "code": "6101", "fclass": "rail", "name": "Chemin de fer d'Addis-Abeba - Djibouti", "layer": 1, "bridge": "T", "tunnel": "F", "path": "C:\\Users\\asus\\Documents\\Downloads\\djibouti-260214-free.shp\\gis_osm_railways_free_1.shp" }, "geometry": { "type": "MultiLineString", "coordinates": [ [ [ 43.0369831, 11.4054664 ], [ 43.0364061, 11.4049874 ] ] ] } },
{ "type": "Feature", "properties": { "osm_id": "371562099", "code": "6101", "fclass": "rail", "name": "Chemin de fer d'Addis-Abeba - Djibouti", "layer": 0, "bridge": "F", "tunnel": "F", "path": "C:\\Users\\asus\\Documents\\Downloads\\djibouti-260214-free.shp\\gis_osm_railways_free_1.shp" }, "geometry": { "type": "MultiLineString", "coordinates": [ [ [ 43.140755, 11.5469449 ], [ 43.1409389, 11.5462897 ], [ 43.1410645, 11.5456968 ], [ 43.1411542, 11.5450686 ], [ 43.1412035, 11.5444305 ], [ 43.1412153, 11.543816 ], [ 43.1411975, 11.5432773 ], [ 43.1411633, 11.5427165 ] ] ] } },
{ "type": "Feature", "properties": { "osm_id": "371562100", "code": "6101", "fclass": "rail", "name": "Chemin de fer d'Addis-Abeba - Djibouti", "layer": 1, "bridge": "F", "tunnel": "F", "path": "C:\\Users\\asus\\Documents\\Downloads\\djibouti-260214-free.shp\\gis_osm_railways_free_1.shp" }, "geometry": { "type": "MultiLineString", "coordinates": [ [ [ 43.1278446, 11.5615677 ], [ 43.1300759, 11.5590985 ] ] ] } },
{ "type": "Feature", "properties": { "osm_id": "446655394", "code": "6101", "fclass": "rail", "name": "Chemin de fer d'Addis-Abeba - Djibouti ??? ???? ???? ????? - ??????", "layer": 0, "bridge": "F", "tunnel": "F", "path": "C:\\Users\\asus\\Documents\\Downloads\\djibouti-260214-free.shp\\gis_osm_railways_free_1.shp" }, "geometry": { "type": "MultiLineString", "coordinates": [ [ [ 42.6961551, 11.1238542 ], [ 42.6993064, 11.1244935 ], [ 42.7003253, 11.1247328 ] ] ] } },
{ "type": "Feature", "properties": { "osm_id": "446655395", "code": "6101", "fclass": "rail", "name": "Chemin de fer d'Addis-Abeba - Djibouti", "layer": 1, "bridge": "T", "tunnel": "F", "path": "C:\\Users\\asus\\Documents\\Downloads\\djibouti-260214-free.shp\\gis_osm_railways_free_1.shp" }, "geometry": { "type": "MultiLineString", "coordinates": [ [ [ 42.6946044, 11.1235302 ], [ 42.6961551, 11.1238542 ] ] ] } },
{ "type": "Feature", "properties": { "osm_id": "446655397", "code": "6101", "fclass": "rail", "name": "Chemin de fer Addis-Abeba - Djibouti", "layer": 0, "bridge": "F", "tunnel": "F", "path": "C:\\Users\\asus\\Documents\\Downloads\\djibouti-260214-free.shp\\gis_osm_railways_free_1.shp" }, "geometry": { "type": "MultiLineString", "coordinates": [ [ [ 42.691303, 11.1226126 ], [ 42.6917035, 11.1227568 ], [ 42.6925678, 11.1230477 ], [ 42.6935598, 11.1233115 ], [ 42.6946044, 11.1235302 ] ] ] } },
{ "type": "Feature", "properties": { "osm_id": "446658426", "code": "6101", "fclass": "rail", "name": "Chemin de fer d'Addis-Abeba - Djibouti", "layer": 1, "bridge": "T", "tunnel": "F", "path": "C:\\Users\\asus\\Documents\\Downloads\\djibouti-260214-free.shp\\gis_osm_railways_free_1.shp" }, "geometry": { "type": "MultiLineString", "coordinates": [ [ [ 43.0273031, 11.3873713 ], [ 43.0284054, 11.3899035 ] ] ] } },
{ "type": "Feature", "properties": { "osm_id": "446658427", "code": "6101", "fclass": "rail", "name": "Addis Ababa – Djibouti Railway", "layer": 1, "bridge": "T", "tunnel": "F", "path": "C:\\Users\\asus\\Documents\\Downloads\\djibouti-260214-free.shp\\gis_osm_railways_free_1.shp" }, "geometry": { "type": "MultiLineString", "coordinates": [ [ [ 42.9483525, 11.312643 ], [ 42.9497134, 11.3154329 ] ] ] } },
{ "type": "Feature", "properties": { "osm_id": "446658428", "code": "6101", "fclass": "rail", "name": "Chemin de fer d'Addis-Abeba - Djibouti", "layer": 0, "bridge": "F", "tunnel": "F", "path": "C:\\Users\\asus\\Documents\\Downloads\\djibouti-260214-free.shp\\gis_osm_railways_free_1.shp" }, "geometry": { "type": "MultiLineString", "coordinates": [ [ [ 42.9497134, 11.3154329 ], [ 42.9499111, 11.3159065 ], [ 42.9501857, 11.3164198 ], [ 42.9505728, 11.3171433 ] ] ] } },
{ "type": "Feature", "properties": { "osm_id": "446658429", "code": "6101", "fclass": "rail", "name": "Chemin de fer d'Addis-Abeba - Djibouti", "layer": 1, "bridge": "T", "tunnel": "F", "path": "C:\\Users\\asus\\Documents\\Downloads\\djibouti-260214-free.shp\\gis_osm_railways_free_1.shp" }, "geometry": { "type": "MultiLineString", "coordinates": [ [ [ 42.9024407, 11.2707919 ], [ 42.9029921, 11.270604 ], [ 42.9036214, 11.2703498 ], [ 42.9045371, 11.2699641 ] ] ] } },
{ "type": "Feature", "properties": { "osm_id": "446658430", "code": "6101", "fclass": "rail", "name": "Chemin de fer d'Addis-Abeba - Djibouti", "layer": 1, "bridge": "T", "tunnel": "F", "path": "C:\\Users\\asus\\Documents\\Downloads\\djibouti-260214-free.shp\\gis_osm_railways_free_1.shp" }, "geometry": { "type": "MultiLineString", "coordinates": [ [ [ 42.7553409, 11.1649271 ], [ 42.7564217, 11.1657197 ] ] ] } },
{ "type": "Feature", "properties": { "osm_id": "446658431", "code": "6101", "fclass": "rail", "name": "Addis Ababa – Djibouti Railway", "layer": 1, "bridge": "T", "tunnel": "F", "path": "C:\\Users\\asus\\Documents\\Downloads\\djibouti-260214-free.shp\\gis_osm_railways_free_1.shp" }, "geometry": { "type": "MultiLineString", "coordinates": [ [ [ 42.9505728, 11.3171433 ], [ 42.95073, 11.3174461 ] ] ] } },
{ "type": "Feature", "properties": { "osm_id": "446658432", "code": "6101", "fclass": "rail", "name": "????? ???????? ???? ????? - ??????", "layer": 0, "bridge": "F", "tunnel": "F", "path": "C:\\Users\\asus\\Documents\\Downloads\\djibouti-260214-free.shp\\gis_osm_railways_free_1.shp" }, "geometry": { "type": "MultiLineString", "coordinates": [ [ [ 42.9045371, 11.2699641 ], [ 42.9053886, 11.2696068 ], [ 42.9062605, 11.2693074 ], [ 42.9071064, 11.2690767 ], [ 42.9077226, 11.2689773 ], [ 42.9083987, 11.2689189 ], [ 42.909136, 11.2689001 ], [ 42.9099587, 11.2689471 ], [ 42.9107895, 11.2691207 ], [ 42.9122852, 11.2694587 ], [ 42.9131714, 11.2696486 ], [ 42.9142463, 11.2699831 ], [ 42.9153496, 11.2704265 ], [ 42.9162587, 11.2708792 ], [ 42.9170238, 11.2713347 ], [ 42.9182766, 11.2722105 ], [ 42.9195835, 11.2734402 ], [ 42.9205055, 11.2744632 ], [ 42.9212913, 11.2756319 ], [ 42.9217901, 11.2765257 ], [ 42.9227925, 11.2783877 ], [ 42.9231403, 11.2790038 ], [ 42.9241139, 11.2806729 ], [ 42.9246718, 11.2815471 ], [ 42.9254099, 11.2825533 ], [ 42.927741, 11.2854548 ], [ 42.9292082, 11.2872517 ], [ 42.9355382, 11.2953109 ], [ 42.9385164, 11.2990437 ], [ 42.9450679, 11.3072723 ], [ 42.9456001, 11.3079725 ], [ 42.9460319, 11.3085385 ], [ 42.9464243, 11.3091278 ], [ 42.9469275, 11.3099662 ], [ 42.9474545, 11.3109875 ], [ 42.9483525, 11.312643 ] ] ] } },
{ "type": "Feature", "properties": { "osm_id": "446658433", "code": "6101", "fclass": "rail", "name": "Chemin de fer d'Addis-Abeba - Djibouti", "layer": 1, "bridge": "F", "tunnel": "F", "path": "C:\\Users\\asus\\Documents\\Downloads\\djibouti-260214-free.shp\\gis_osm_railways_free_1.shp" }, "geometry": { "type": "MultiLineString", "coordinates": [ [ [ 42.95073, 11.3174461 ], [ 42.9510686, 11.3181346 ], [ 42.9516732, 11.3193488 ], [ 42.9533099, 11.3225547 ], [ 42.9544169, 11.3247687 ], [ 42.9547962, 11.3255683 ], [ 42.9560245, 11.3279121 ], [ 42.9564855, 11.3288085 ], [ 42.956807, 11.3293104 ], [ 42.957327, 11.330023 ], [ 42.957801, 11.330513 ], [ 42.9582282, 11.3308815 ], [ 42.958873, 11.3313752 ], [ 42.9595024, 11.3317723 ], [ 42.9600705, 11.332043 ], [ 42.9608154, 11.3322943 ], [ 42.9615259, 11.3324636 ], [ 42.962277, 11.3325537 ], [ 42.9630887, 11.3326224 ], [ 42.9728108, 11.3331889 ], [ 42.9737254, 11.333251 ], [ 42.9747203, 11.333335 ], [ 42.9757106, 11.333477 ], [ 42.9769304, 11.3337057 ], [ 42.9811161, 11.3346758 ], [ 42.9836618, 11.3352601 ], [ 42.9847349, 11.335551 ], [ 42.9856359, 11.3358098 ], [ 42.9867228, 11.3362769 ], [ 42.987431, 11.3366386 ], [ 42.9880819, 11.3370485 ], [ 42.9888168, 11.3376086 ], [ 42.9894918, 11.3381704 ], [ 42.9902752, 11.3390185 ], [ 42.9959925, 11.3456601 ], [ 43.0208623, 11.3746374 ], [ 43.0219485, 11.3759773 ], [ 43.0229119, 11.3774351 ], [ 43.0236799, 11.3790129 ], [ 43.0273031, 11.3873713 ] ] ] } },
{ "type": "Feature", "properties": { "osm_id": "446658434", "code": "6101", "fclass": "rail", "name": "Chemin de fer d'Addis-Abeba - Djibouti", "layer": 1, "bridge": "F", "tunnel": "F", "path": "C:\\Users\\asus\\Documents\\Downloads\\djibouti-260214-free.shp\\gis_osm_railways_free_1.shp" }, "geometry": { "type": "MultiLineString", "coordinates": [ [ [ 43.0284054, 11.3899035 ], [ 43.0332584, 11.4010101 ], [ 43.0335291, 11.4015439 ], [ 43.0337517, 11.4019347 ], [ 43.0343481, 11.4028577 ], [ 43.035019, 11.4036746 ], [ 43.035673, 11.4043554 ], [ 43.0364061, 11.4049874 ] ] ] } },
{ "type": "Feature", "properties": { "osm_id": "466149996", "code": "6101", "fclass": "rail", "name": "Chemin de fer d'Addis-Abeba - Djibouti / ??? ???? ???? ????? - ??????", "layer": 1, "bridge": "T", "tunnel": "F", "path": "C:\\Users\\asus\\Documents\\Downloads\\djibouti-260214-free.shp\\gis_osm_railways_free_1.shp" }, "geometry": { "type": "MultiLineString", "coordinates": [ [ [ 43.1223912, 11.5675016 ], [ 43.1230916, 11.5667413 ] ] ] } },
{ "type": "Feature", "properties": { "osm_id": "466149998", "code": "6101", "fclass": "rail", "name": "Pont ferroviaire sud", "layer": 1, "bridge": "T", "tunnel": "F", "path": "C:\\Users\\asus\\Documents\\Downloads\\djibouti-260214-free.shp\\gis_osm_railways_free_1.shp" }, "geometry": { "type": "MultiLineString", "coordinates": [ [ [ 43.1271541, 11.5623211 ], [ 43.1278446, 11.5615677 ] ] ] } },
{ "type": "Feature", "properties": { "osm_id": "466149999", "code": "6101", "fclass": "rail", "name": "Chemin de fer d'Addis-Abeba - Djibouti", "layer": 1, "bridge": "T", "tunnel": "F", "path": "C:\\Users\\asus\\Documents\\Downloads\\djibouti-260214-free.shp\\gis_osm_railways_free_1.shp" }, "geometry": { "type": "MultiLineString", "coordinates": [ [ [ 43.1398945, 11.5489664 ], [ 43.140133, 11.5485098 ], [ 43.1403619, 11.5480124 ], [ 43.1405445, 11.5475734 ], [ 43.140755, 11.5469449 ] ] ] } },
{ "type": "Feature", "properties": { "osm_id": "466150000", "code": "6101", "fclass": "rail", "name": "Chemin de fer d'Addis-Abeba - Djibouti / ??? ???? ???? ????? - ??????", "layer": 0, "bridge": "F", "tunnel": "F", "path": "C:\\Users\\asus\\Documents\\Downloads\\djibouti-260214-free.shp\\gis_osm_railways_free_1.shp" }, "geometry": { "type": "MultiLineString", "coordinates": [ [ [ 43.1230916, 11.5667413 ], [ 43.1271541, 11.5623211 ] ] ] } },
{ "type": "Feature", "properties": { "osm_id": "568553591", "code": "6101", "fclass": "rail", "name": "Chemin de fer d'Addis-Abeba - Djibouti / ??? ???? ???? ????? - ??????", "layer": 1, "bridge": "T", "tunnel": "F", "path": "C:\\Users\\asus\\Documents\\Downloads\\djibouti-260214-free.shp\\gis_osm_railways_free_1.shp" }, "geometry": { "type": "MultiLineString", "coordinates": [ [ [ 43.0814369, 11.5861566 ], [ 43.0797938, 11.5861529 ] ] ] } },
{ "type": "Feature", "properties": { "osm_id": "568553592", "code": "6101", "fclass": "rail", "name": "Chemin de fer d'Addis-Abeba - Djibouti / ??? ???? ???? ????? - ??????", "layer": 0, "bridge": "F", "tunnel": "F", "path": "C:\\Users\\asus\\Documents\\Downloads\\djibouti-260214-free.shp\\gis_osm_railways_free_1.shp" }, "geometry": { "type": "MultiLineString", "coordinates": [ [ [ 43.0797938, 11.5861529 ], [ 43.0794985, 11.5861548 ], [ 43.0791878, 11.5861768 ], [ 43.0789075, 11.5862122 ], [ 43.0786264, 11.5862783 ], [ 43.0783581, 11.5863654 ], [ 43.0779672, 11.5865338 ], [ 43.0757204, 11.587685 ] ] ] } },
{ "type": "Feature", "properties": { "osm_id": "591894306", "code": "6101", "fclass": "rail", "name": "Chemin de fer d'Addis-Abeba - Djibouti", "layer": 1, "bridge": "T", "tunnel": "F", "path": "C:\\Users\\asus\\Documents\\Downloads\\djibouti-260214-free.shp\\gis_osm_railways_free_1.shp" }, "geometry": { "type": "MultiLineString", "coordinates": [ [ [ 43.1300759, 11.5590985 ], [ 43.130179, 11.5589858 ] ] ] } },
{ "type": "Feature", "properties": { "osm_id": "591894307", "code": "6101", "fclass": "rail", "name": "Chemin de fer d'Addis-Abeba - Djibouti", "layer": 0, "bridge": "F", "tunnel": "F", "path": "C:\\Users\\asus\\Documents\\Downloads\\djibouti-260214-free.shp\\gis_osm_railways_free_1.shp" }, "geometry": { "type": "MultiLineString", "coordinates": [ [ [ 43.130179, 11.5589858 ], [ 43.130669, 11.5584527 ] ] ] } },
{ "type": "Feature", "properties": { "osm_id": "591894308", "code": "6101", "fclass": "rail", "name": "Chemin de fer d'Addis-Abeba - Djibouti", "layer": 1, "bridge": "T", "tunnel": "F", "path": "C:\\Users\\asus\\Documents\\Downloads\\djibouti-260214-free.shp\\gis_osm_railways_free_1.shp" }, "geometry": { "type": "MultiLineString", "coordinates": [ [ [ 43.130669, 11.5584527 ], [ 43.1307858, 11.558327 ] ] ] } },
{ "type": "Feature", "properties": { "osm_id": "591894309", "code": "6101", "fclass": "rail", "name": "Chemin de fer d'Addis-Abeba - Djibouti", "layer": 0, "bridge": "F", "tunnel": "F", "path": "C:\\Users\\asus\\Documents\\Downloads\\djibouti-260214-free.shp\\gis_osm_railways_free_1.shp" }, "geometry": { "type": "MultiLineString", "coordinates": [ [ [ 43.1307858, 11.558327 ], [ 43.1315751, 11.5574777 ] ] ] } },
{ "type": "Feature", "properties": { "osm_id": "591894310", "code": "6101", "fclass": "rail", "name": "Chemin de fer d'Addis-Abeba - Djibouti", "layer": 0, "bridge": "F", "tunnel": "F", "path": "C:\\Users\\asus\\Documents\\Downloads\\djibouti-260214-free.shp\\gis_osm_railways_free_1.shp" }, "geometry": { "type": "MultiLineString", "coordinates": [ [ [ 43.1317061, 11.5573422 ], [ 43.1332812, 11.5556083 ] ] ] } },
{ "type": "Feature", "properties": { "osm_id": "591894311", "code": "6101", "fclass": "rail", "name": "Chemin de fer d'Addis-Abeba - Djibouti", "layer": 1, "bridge": "T", "tunnel": "F", "path": "C:\\Users\\asus\\Documents\\Downloads\\djibouti-260214-free.shp\\gis_osm_railways_free_1.shp" }, "geometry": { "type": "MultiLineString", "coordinates": [ [ [ 43.1315751, 11.5574777 ], [ 43.1317061, 11.5573422 ] ] ] } },
{ "type": "Feature", "properties": { "osm_id": "591894312", "code": "6101", "fclass": "rail", "name": "Chemin de fer d'Addis-Abeba - Djibouti", "layer": 1, "bridge": "T", "tunnel": "F", "path": "C:\\Users\\asus\\Documents\\Downloads\\djibouti-260214-free.shp\\gis_osm_railways_free_1.shp" }, "geometry": { "type": "MultiLineString", "coordinates": [ [ [ 43.1332812, 11.5556083 ], [ 43.133411, 11.5554683 ] ] ] } },
{ "type": "Feature", "properties": { "osm_id": "591894313", "code": "6101", "fclass": "rail", "name": "Chemin de fer d'Addis-Abeba - Djibouti", "layer": 0, "bridge": "F", "tunnel": "F", "path": "C:\\Users\\asus\\Documents\\Downloads\\djibouti-260214-free.shp\\gis_osm_railways_free_1.shp" }, "geometry": { "type": "MultiLineString", "coordinates": [ [ [ 43.133411, 11.5554683 ], [ 43.13423, 11.5546071 ], [ 43.1345429, 11.5542991 ] ] ] } },
{ "type": "Feature", "properties": { "osm_id": "591894314", "code": "6101", "fclass": "rail", "name": "Chemin de fer d'Addis-Abeba - Djibouti", "layer": 1, "bridge": "T", "tunnel": "F", "path": "C:\\Users\\asus\\Documents\\Downloads\\djibouti-260214-free.shp\\gis_osm_railways_free_1.shp" }, "geometry": { "type": "MultiLineString", "coordinates": [ [ [ 43.1345429, 11.5542991 ], [ 43.1346602, 11.5541901 ] ] ] } },
{ "type": "Feature", "properties": { "osm_id": "591894315", "code": "6101", "fclass": "rail", "name": "Chemin de fer d'Addis-Abeba - Djibouti", "layer": 0, "bridge": "F", "tunnel": "F", "path": "C:\\Users\\asus\\Documents\\Downloads\\djibouti-260214-free.shp\\gis_osm_railways_free_1.shp" }, "geometry": { "type": "MultiLineString", "coordinates": [ [ [ 43.1346602, 11.5541901 ], [ 43.1349433, 11.5539623 ], [ 43.137432, 11.5519889 ], [ 43.1378727, 11.5516064 ], [ 43.1382168, 11.5512703 ] ] ] } },
{ "type": "Feature", "properties": { "osm_id": "591894316", "code": "6101", "fclass": "rail", "name": "??? ???? ???? ????? - ??????", "layer": 1, "bridge": "T", "tunnel": "F", "path": "C:\\Users\\asus\\Documents\\Downloads\\djibouti-260214-free.shp\\gis_osm_railways_free_1.shp" }, "geometry": { "type": "MultiLineString", "coordinates": [ [ [ 43.1382168, 11.5512703 ], [ 43.1383345, 11.5511432 ] ] ] } },
{ "type": "Feature", "properties": { "osm_id": "591894317", "code": "6101", "fclass": "rail", "name": "Chemin de fer d'Addis-Abeba - Djibouti", "layer": 0, "bridge": "F", "tunnel": "F", "path": "C:\\Users\\asus\\Documents\\Downloads\\djibouti-260214-free.shp\\gis_osm_railways_free_1.shp" }, "geometry": { "type": "MultiLineString", "coordinates": [ [ [ 43.1383345, 11.5511432 ], [ 43.1386741, 11.5507562 ], [ 43.138983, 11.550368 ], [ 43.1392777, 11.5499761 ] ] ] } },
{ "type": "Feature", "properties": { "osm_id": "591894318", "code": "6101", "fclass": "rail", "name": "??? ???? ???? ????? - ??????", "layer": 1, "bridge": "T", "tunnel": "F", "path": "C:\\Users\\asus\\Documents\\Downloads\\djibouti-260214-free.shp\\gis_osm_railways_free_1.shp" }, "geometry": { "type": "MultiLineString", "coordinates": [ [ [ 43.1406669, 11.5399368 ], [ 43.140648, 11.5398309 ] ] ] } },
{ "type": "Feature", "properties": { "osm_id": "591894319", "code": "6101", "fclass": "rail", "name": "Chemin de fer d'Addis-Abeba - Djibouti", "layer": 0, "bridge": "F", "tunnel": "F", "path": "C:\\Users\\asus\\Documents\\Downloads\\djibouti-260214-free.shp\\gis_osm_railways_free_1.shp" }, "geometry": { "type": "MultiLineString", "coordinates": [ [ [ 43.140648, 11.5398309 ], [ 43.1404698, 11.5388676 ], [ 43.1403452, 11.5383997 ], [ 43.1401596, 11.5378591 ], [ 43.1399519, 11.5373766 ], [ 43.1397444, 11.5369549 ] ] ] } },
{ "type": "Feature", "properties": { "osm_id": "591894320", "code": "6101", "fclass": "rail", "name": "Chemin de fer d'Addis-Abeba - Djibouti", "layer": 0, "bridge": "F", "tunnel": "F", "path": "C:\\Users\\asus\\Documents\\Downloads\\djibouti-260214-free.shp\\gis_osm_railways_free_1.shp" }, "geometry": { "type": "MultiLineString", "coordinates": [ [ [ 43.1411455, 11.54256 ], [ 43.1410798, 11.5420947 ], [ 43.1406669, 11.5399368 ] ] ] } },
{ "type": "Feature", "properties": { "osm_id": "591894321", "code": "6101", "fclass": "rail", "name": "??? ???? ???? ????? - ??????", "layer": 1, "bridge": "T", "tunnel": "F", "path": "C:\\Users\\asus\\Documents\\Downloads\\djibouti-260214-free.shp\\gis_osm_railways_free_1.shp" }, "geometry": { "type": "MultiLineString", "coordinates": [ [ [ 43.1411633, 11.5427165 ], [ 43.1411455, 11.54256 ] ] ] } },
{ "type": "Feature", "properties": { "osm_id": "591894322", "code": "6101", "fclass": "rail", "name": "Chemin de fer d'Addis-Abeba - Djibouti", "layer": 0, "bridge": "F", "tunnel": "F", "path": "C:\\Users\\asus\\Documents\\Downloads\\djibouti-260214-free.shp\\gis_osm_railways_free_1.shp" }, "geometry": { "type": "MultiLineString", "coordinates": [ [ [ 43.1396882, 11.5368591 ], [ 43.1394782, 11.5365148 ], [ 43.1392007, 11.5361097 ], [ 43.1388245, 11.535653 ], [ 43.1384658, 11.5352735 ], [ 43.1381141, 11.5349523 ], [ 43.1377295, 11.5346397 ], [ 43.1361319, 11.5334494 ], [ 43.13572, 11.5331331 ] ] ] } },
{ "type": "Feature", "properties": { "osm_id": "591894323", "code": "6101", "fclass": "rail", "name": "??? ???? ???? ????? - ??????", "layer": 1, "bridge": "T", "tunnel": "F", "path": "C:\\Users\\asus\\Documents\\Downloads\\djibouti-260214-free.shp\\gis_osm_railways_free_1.shp" }, "geometry": { "type": "MultiLineString", "coordinates": [ [ [ 43.1397444, 11.5369549 ], [ 43.1396882, 11.5368591 ] ] ] } },
{ "type": "Feature", "properties": { "osm_id": "591894324", "code": "6101", "fclass": "rail", "name": "??? ???? ???? ????? - ??????", "layer": 1, "bridge": "T", "tunnel": "F", "path": "C:\\Users\\asus\\Documents\\Downloads\\djibouti-260214-free.shp\\gis_osm_railways_free_1.shp" }, "geometry": { "type": "MultiLineString", "coordinates": [ [ [ 43.13572, 11.5331331 ], [ 43.1355758, 11.5330132 ] ] ] } },
{ "type": "Feature", "properties": { "osm_id": "595064935", "code": "6101", "fclass": "rail", "name": "Chemin de fer d'Addis-Abeba - Djibouti / ??? ???? ???? ????? - ??????", "layer": 1, "bridge": "F", "tunnel": "F", "path": "C:\\Users\\asus\\Documents\\Downloads\\djibouti-260214-free.shp\\gis_osm_railways_free_1.shp" }, "geometry": { "type": "MultiLineString", "coordinates": [ [ [ 43.0814369, 11.5861566 ], [ 43.0822743, 11.5861433 ], [ 43.0825576, 11.5861347 ], [ 43.0828327, 11.5861051 ], [ 43.0832961, 11.5860465 ], [ 43.0838494, 11.5859172 ], [ 43.0841504, 11.5858314 ], [ 43.0844481, 11.5857191 ], [ 43.0851019, 11.5854599 ], [ 43.0854867, 11.5852727 ], [ 43.0855753, 11.5852091 ] ] ] } },
{ "type": "Feature", "properties": { "osm_id": "629127570", "code": "6101", "fclass": "rail", "name": "Chemin de fer d'Addis-Abeba - Djibouti / ??? ???? ???? ????? - ??????", "layer": 0, "bridge": "F", "tunnel": "F", "path": "C:\\Users\\asus\\Documents\\Downloads\\djibouti-260214-free.shp\\gis_osm_railways_free_1.shp" }, "geometry": { "type": "MultiLineString", "coordinates": [ [ [ 43.1341939, 11.5314975 ], [ 43.1329057, 11.5298558 ], [ 43.130888, 11.5273238 ], [ 43.1279565, 11.5236514 ], [ 43.1250765, 11.5200032 ], [ 43.1245145, 11.5193053 ], [ 43.1242172, 11.5189406 ], [ 43.1235413, 11.5180875 ], [ 43.1233576, 11.5178497 ], [ 43.1164381, 11.5091944 ] ] ] } },
{ "type": "Feature", "properties": { "osm_id": "629127571", "code": "6101", "fclass": "rail", "name": "Chemin de fer d'Addis-Abeba - Djibouti / ??? ???? ???? ????? - ??????", "layer": 0, "bridge": "F", "tunnel": "F", "path": "C:\\Users\\asus\\Documents\\Downloads\\djibouti-260214-free.shp\\gis_osm_railways_free_1.shp" }, "geometry": { "type": "MultiLineString", "coordinates": [ [ [ 43.095233, 11.5780861 ], [ 43.0958059, 11.577882 ], [ 43.0964173, 11.5777191 ], [ 43.0968565, 11.5776443 ], [ 43.0975102, 11.5775574 ], [ 43.100312, 11.5771911 ], [ 43.1005426, 11.5771621 ], [ 43.1007423, 11.5771353 ], [ 43.1008963, 11.5771145 ], [ 43.1105219, 11.5758077 ], [ 43.1111111, 11.5757282 ], [ 43.1114027, 11.5756889 ], [ 43.113591, 11.5753935 ], [ 43.1141979, 11.5752744 ], [ 43.1146842, 11.5751301 ], [ 43.1151384, 11.574932 ], [ 43.1155801, 11.5746895 ], [ 43.1159244, 11.5744443 ], [ 43.1163061, 11.5741014 ], [ 43.1167233, 11.573677 ], [ 43.1170244, 11.573349 ], [ 43.1174137, 11.5729248 ], [ 43.1223912, 11.5675016 ] ] ] } },
{ "type": "Feature", "properties": { "osm_id": "629127572", "code": "6101", "fclass": "rail", "name": "Chemin de fer d'Addis-Abeba - Djibouti ??? ???? ???? ????? - ??????", "layer": 1, "bridge": "F", "tunnel": "F", "path": "C:\\Users\\asus\\Documents\\Downloads\\djibouti-260214-free.shp\\gis_osm_railways_free_1.shp" }, "geometry": { "type": "MultiLineString", "coordinates": [ [ [ 43.1164381, 11.5091944 ], [ 43.1154252, 11.5079436 ], [ 43.1148226, 11.507245 ], [ 43.1139797, 11.506465 ], [ 43.1127992, 11.5057244 ], [ 43.1117049, 11.5052732 ], [ 43.0968339, 11.4997976 ], [ 43.0959883, 11.4994368 ], [ 43.0955409, 11.499218 ], [ 43.0949978, 11.4988868 ], [ 43.094568, 11.4985673 ], [ 43.0941951, 11.4982618 ], [ 43.0938312, 11.4979055 ], [ 43.0934388, 11.4974699 ], [ 43.0930867, 11.4970078 ], [ 43.0928702, 11.4966815 ], [ 43.0925619, 11.4961268 ], [ 43.0923491, 11.4956675 ], [ 43.092109, 11.4950231 ], [ 43.0919722, 11.4945687 ], [ 43.0918558, 11.4939149 ], [ 43.0918041, 11.4933449 ], [ 43.0917868, 11.4929023 ], [ 43.091805, 11.4924667 ], [ 43.0918457, 11.4920489 ], [ 43.0919363, 11.4915148 ], [ 43.0921617, 11.4906583 ], [ 43.0925581, 11.4896278 ], [ 43.0929813, 11.4886154 ], [ 43.0932586, 11.4879474 ], [ 43.0934468, 11.4873858 ], [ 43.0936476, 11.4866662 ], [ 43.0937488, 11.4860165 ], [ 43.0937932, 11.4854598 ], [ 43.0937911, 11.4848742 ], [ 43.0937687, 11.4844919 ], [ 43.0936976, 11.483966 ], [ 43.0935985, 11.483492 ], [ 43.0934503, 11.4829315 ], [ 43.0931153, 11.4820192 ], [ 43.092342, 11.4801719 ], [ 43.0920503, 11.4792915 ], [ 43.0918669, 11.4786472 ], [ 43.0917264, 11.4779968 ], [ 43.0916432, 11.4770464 ], [ 43.091637, 11.476515 ], [ 43.0916526, 11.475946 ] ] ] } },
{ "type": "Feature", "properties": { "osm_id": "629178627", "code": "6101", "fclass": "rail", "name": "Chemin de fer d'Addis-Abeba - Djibouti / ??? ???? ???? ????? - ??????", "layer": 1, "bridge": "F", "tunnel": "F", "path": "C:\\Users\\asus\\Documents\\Downloads\\djibouti-260214-free.shp\\gis_osm_railways_free_1.shp" }, "geometry": { "type": "MultiLineString", "coordinates": [ [ [ 43.0860159, 11.5849612 ], [ 43.0862888, 11.5847758 ], [ 43.0867439, 11.5844269 ], [ 43.0934096, 11.5791303 ], [ 43.0937373, 11.5788912 ], [ 43.0940323, 11.5786957 ] ] ] } },
{ "type": "Feature", "properties": { "osm_id": "629178632", "code": "6101", "fclass": "rail", "name": "Chemin de fer d'Addis-Abeba - Djibouti", "layer": 1, "bridge": "T", "tunnel": "F", "path": "C:\\Users\\asus\\Documents\\Downloads\\djibouti-260214-free.shp\\gis_osm_railways_free_1.shp" }, "geometry": { "type": "MultiLineString", "coordinates": [ [ [ 43.0855753, 11.5852091 ], [ 43.0860159, 11.5849612 ] ] ] } },
{ "type": "Feature", "properties": { "osm_id": "629328951", "code": "6101", "fclass": "rail", "name": "Chemin de fer d'Addis-Abeba - Djibouti", "layer": 1, "bridge": "T", "tunnel": "F", "path": "C:\\Users\\asus\\Documents\\Downloads\\djibouti-260214-free.shp\\gis_osm_railways_free_1.shp" }, "geometry": { "type": "MultiLineString", "coordinates": [ [ [ 42.8345549, 11.2407891 ], [ 42.8356064, 11.2416035 ] ] ] } },
{ "type": "Feature", "properties": { "osm_id": "629328952", "code": "6101", "fclass": "rail", "name": "Chemin de fer d'Addis-Abeba - Djibouti", "layer": 0, "bridge": "F", "tunnel": "F", "path": "C:\\Users\\asus\\Documents\\Downloads\\djibouti-260214-free.shp\\gis_osm_railways_free_1.shp" }, "geometry": { "type": "MultiLineString", "coordinates": [ [ [ 42.8356064, 11.2416035 ], [ 42.8375291, 11.2431623 ], [ 42.8382394, 11.243804 ], [ 42.8388939, 11.2444895 ], [ 42.8398161, 11.2455626 ], [ 42.8421852, 11.2488071 ], [ 42.8444087, 11.2520412 ], [ 42.8450976, 11.2528673 ] ] ] } },
{ "type": "Feature", "properties": { "osm_id": "725224287", "code": "6101", "fclass": "rail", "name": "Chemin de fer d'Addis-Abeba - Djibouti / ??? ???? ???? ????? - ??????", "layer": 0, "bridge": "F", "tunnel": "F", "path": "C:\\Users\\asus\\Documents\\Downloads\\djibouti-260214-free.shp\\gis_osm_railways_free_1.shp" }, "geometry": { "type": "MultiLineString", "coordinates": [ [ [ 43.0757204, 11.587685 ], [ 43.0754515, 11.5877915 ], [ 43.0752696, 11.5878402 ], [ 43.0750306, 11.5878819 ], [ 43.074817, 11.5879046 ], [ 43.0739739, 11.5879052 ] ] ] } },
{ "type": "Feature", "properties": { "osm_id": "725224293", "code": "6101", "fclass": "rail", "name": "Chemin de fer d'Addis-Abeba - Djibouti / ??? ???? ???? ????? - ??????", "layer": 1, "bridge": "T", "tunnel": "F", "path": "C:\\Users\\asus\\Documents\\Downloads\\djibouti-260214-free.shp\\gis_osm_railways_free_1.shp" }, "geometry": { "type": "MultiLineString", "coordinates": [ [ [ 43.0739739, 11.5879052 ], [ 43.073759, 11.5879057 ] ] ] } },
{ "type": "Feature", "properties": { "osm_id": "725224294", "code": "6101", "fclass": "rail", "name": "Chemin de fer d'Addis-Abeba - Djibouti / ??? ???? ???? ????? - ??????", "layer": 0, "bridge": "F", "tunnel": "F", "path": "C:\\Users\\asus\\Documents\\Downloads\\djibouti-260214-free.shp\\gis_osm_railways_free_1.shp" }, "geometry": { "type": "MultiLineString", "coordinates": [ [ [ 43.073759, 11.5879057 ], [ 43.0732405, 11.5879015 ], [ 43.0686154, 11.5878636 ] ] ] } },
{ "type": "Feature", "properties": { "osm_id": "734998358", "code": "6101", "fclass": "rail", "name": "Chemin de fer d'Addis-Abeba - Djibouti", "layer": 0, "bridge": "F", "tunnel": "F", "path": "C:\\Users\\asus\\Documents\\Downloads\\djibouti-260214-free.shp\\gis_osm_railways_free_1.shp" }, "geometry": { "type": "MultiLineString", "coordinates": [ [ [ 42.8970149, 11.2712592 ], [ 42.8995611, 11.2712108 ], [ 42.9003373, 11.2711957 ], [ 42.9010816, 11.2711344 ], [ 42.9014932, 11.2710609 ], [ 42.9018437, 11.2709828 ], [ 42.9024407, 11.2707919 ] ] ] } },
{ "type": "Feature", "properties": { "osm_id": "734998359", "code": "6101", "fclass": "rail", "name": "Chemin de fer d'Addis-Abeba - Djibouti", "layer": 1, "bridge": "T", "tunnel": "F", "path": "C:\\Users\\asus\\Documents\\Downloads\\djibouti-260214-free.shp\\gis_osm_railways_free_1.shp" }, "geometry": { "type": "MultiLineString", "coordinates": [ [ [ 42.8951032, 11.2713024 ], [ 42.8970149, 11.2712592 ] ] ] } },
{ "type": "Feature", "properties": { "osm_id": "734998360", "code": "6101", "fclass": "rail", "name": "Chemin de fer d'Addis-Abeba - Djibouti", "layer": 0, "bridge": "F", "tunnel": "F", "path": "C:\\Users\\asus\\Documents\\Downloads\\djibouti-260214-free.shp\\gis_osm_railways_free_1.shp" }, "geometry": { "type": "MultiLineString", "coordinates": [ [ [ 42.8939316, 11.2712844 ], [ 42.8951032, 11.2713024 ] ] ] } },
{ "type": "Feature", "properties": { "osm_id": "734998361", "code": "6101", "fclass": "rail", "name": "Chemin de fer d'Addis-Abeba - Djibouti", "layer": 1, "bridge": "T", "tunnel": "F", "path": "C:\\Users\\asus\\Documents\\Downloads\\djibouti-260214-free.shp\\gis_osm_railways_free_1.shp" }, "geometry": { "type": "MultiLineString", "coordinates": [ [ [ 42.8918984, 11.2710859 ], [ 42.8925178, 11.2711581 ], [ 42.8930473, 11.2712215 ], [ 42.8939316, 11.2712844 ] ] ] } },
{ "type": "Feature", "properties": { "osm_id": "734998377", "code": "6101", "fclass": "rail", "name": "Chemin de fer d'Addis-Abeba - Djibouti", "layer": 1, "bridge": "T", "tunnel": "F", "path": "C:\\Users\\asus\\Documents\\Downloads\\djibouti-260214-free.shp\\gis_osm_railways_free_1.shp" }, "geometry": { "type": "MultiLineString", "coordinates": [ [ [ 42.8120718, 11.2232308 ], [ 42.8131187, 11.2240776 ] ] ] } },
{ "type": "Feature", "properties": { "osm_id": "734998378", "code": "6101", "fclass": "rail", "name": "Chemin de fer d'Addis-Abeba - Djibouti", "layer": 0, "bridge": "F", "tunnel": "F", "path": "C:\\Users\\asus\\Documents\\Downloads\\djibouti-260214-free.shp\\gis_osm_railways_free_1.shp" }, "geometry": { "type": "MultiLineString", "coordinates": [ [ [ 42.8131187, 11.2240776 ], [ 42.8345549, 11.2407891 ] ] ] } },
{ "type": "Feature", "properties": { "osm_id": "756547657", "code": "6101", "fclass": "rail", "name": "Chemin de fer d'Addis-Abeba - Djibouti", "layer": 1, "bridge": "T", "tunnel": "F", "path": "C:\\Users\\asus\\Documents\\Downloads\\djibouti-260214-free.shp\\gis_osm_railways_free_1.shp" }, "geometry": { "type": "MultiLineString", "coordinates": [ [ [ 43.1392777, 11.5499761 ], [ 43.1394131, 11.5497711 ] ] ] } },
{ "type": "Feature", "properties": { "osm_id": "756547658", "code": "6101", "fclass": "rail", "name": "Chemin de fer d'Addis-Abeba - Djibouti", "layer": 0, "bridge": "F", "tunnel": "F", "path": "C:\\Users\\asus\\Documents\\Downloads\\djibouti-260214-free.shp\\gis_osm_railways_free_1.shp" }, "geometry": { "type": "MultiLineString", "coordinates": [ [ [ 43.1394131, 11.5497711 ], [ 43.1396364, 11.5494328 ], [ 43.1398945, 11.5489664 ] ] ] } },
{ "type": "Feature", "properties": { "osm_id": "805132076", "code": "6101", "fclass": "rail", "name": "Chemin de fer d'Addis-Abeba - Djibouti ??? ???? ???? ????? - ??????", "layer": 0, "bridge": "F", "tunnel": "F", "path": "C:\\Users\\asus\\Documents\\Downloads\\djibouti-260214-free.shp\\gis_osm_railways_free_1.shp" }, "geometry": { "type": "MultiLineString", "coordinates": [ [ [ 42.7003253, 11.1247328 ], [ 42.7008518, 11.1248523 ], [ 42.7015482, 11.1250729 ], [ 42.7020569, 11.1252707 ], [ 42.7027215, 11.1255535 ], [ 42.7033913, 11.1258513 ], [ 42.7038332, 11.1261011 ], [ 42.7045176, 11.126493 ], [ 42.7053525, 11.1270096 ], [ 42.7199356, 11.1366342 ] ] ] } },
{ "type": "Feature", "properties": { "osm_id": "805132078", "code": "6101", "fclass": "rail", "name": "Chemin de fer d'Addis-Abeba - Djibouti ??? ???? ???? ????? - ??????", "layer": 0, "bridge": "F", "tunnel": "F", "path": "C:\\Users\\asus\\Documents\\Downloads\\djibouti-260214-free.shp\\gis_osm_railways_free_1.shp" }, "geometry": { "type": "MultiLineString", "coordinates": [ [ [ 42.7255825, 11.1403282 ], [ 42.7261494, 11.1406874 ], [ 42.7266721, 11.1410313 ], [ 42.7271792, 11.1414293 ], [ 42.7275655, 11.1417373 ], [ 42.7279488, 11.1420663 ] ] ] } },
{ "type": "Feature", "properties": { "osm_id": "805132079", "code": "6101", "fclass": "rail", "name": "Chemin de fer d'Addis-Abeba - Djibouti ??? ???? ???? ????? - ??????", "layer": 1, "bridge": "T", "tunnel": "F", "path": "C:\\Users\\asus\\Documents\\Downloads\\djibouti-260214-free.shp\\gis_osm_railways_free_1.shp" }, "geometry": { "type": "MultiLineString", "coordinates": [ [ [ 42.7199356, 11.1366342 ], [ 42.7199832, 11.1366636 ] ] ] } },
{ "type": "Feature", "properties": { "osm_id": "807477012", "code": "6101", "fclass": "rail", "name": "Chemin de fer d'Addis-Abeba - Djibouti ??? ???? ???? ????? - ??????", "layer": 0, "bridge": "F", "tunnel": "F", "path": "C:\\Users\\asus\\Documents\\Downloads\\djibouti-260214-free.shp\\gis_osm_railways_free_1.shp" }, "geometry": { "type": "MultiLineString", "coordinates": [ [ [ 42.7280776, 11.1421766 ], [ 42.7284947, 11.1425427 ], [ 42.7309514, 11.1446779 ], [ 42.7311055, 11.1448132 ], [ 42.7316968, 11.1453355 ] ] ] } },
{ "type": "Feature", "properties": { "osm_id": "807477013", "code": "6101", "fclass": "rail", "name": "Chemin de fer d'Addis-Abeba - Djibouti ??? ???? ???? ????? - ??????", "layer": 1, "bridge": "T", "tunnel": "F", "path": "C:\\Users\\asus\\Documents\\Downloads\\djibouti-260214-free.shp\\gis_osm_railways_free_1.shp" }, "geometry": { "type": "MultiLineString", "coordinates": [ [ [ 42.7279488, 11.1420663 ], [ 42.7280776, 11.1421766 ] ] ] } },
{ "type": "Feature", "properties": { "osm_id": "807723148", "code": "6101", "fclass": "rail", "name": "Chemin de fer d'Addis-Abeba - Djibouti", "layer": 0, "bridge": "F", "tunnel": "F", "path": "C:\\Users\\asus\\Documents\\Downloads\\djibouti-260214-free.shp\\gis_osm_railways_free_1.shp" }, "geometry": { "type": "MultiLineString", "coordinates": [ [ [ 42.845168, 11.2529446 ], [ 42.8454183, 11.2532246 ], [ 42.8460442, 11.2538221 ], [ 42.8465317, 11.2542343 ] ] ] } },
{ "type": "Feature", "properties": { "osm_id": "807723149", "code": "6101", "fclass": "rail", "name": "Chemin de fer d'Addis-Abeba - Djibouti", "layer": 1, "bridge": "T", "tunnel": "F", "path": "C:\\Users\\asus\\Documents\\Downloads\\djibouti-260214-free.shp\\gis_osm_railways_free_1.shp" }, "geometry": { "type": "MultiLineString", "coordinates": [ [ [ 42.8450976, 11.2528673 ], [ 42.845168, 11.2529446 ] ] ] } },
{ "type": "Feature", "properties": { "osm_id": "807723150", "code": "6101", "fclass": "rail", "name": "Chemin de fer d'Addis-Abeba - Djibouti", "layer": 0, "bridge": "F", "tunnel": "F", "path": "C:\\Users\\asus\\Documents\\Downloads\\djibouti-260214-free.shp\\gis_osm_railways_free_1.shp" }, "geometry": { "type": "MultiLineString", "coordinates": [ [ [ 42.846603, 11.2542838 ], [ 42.8468622, 11.2544857 ], [ 42.8471561, 11.2546934 ], [ 42.8475777, 11.2549878 ], [ 42.8481573, 11.2553275 ], [ 42.8495271, 11.2560796 ], [ 42.8559865, 11.2597892 ], [ 42.8611338, 11.2627897 ], [ 42.862091, 11.2632846 ], [ 42.8638999, 11.2640668 ], [ 42.8680999, 11.2661134 ], [ 42.8687142, 11.2664163 ], [ 42.8695079, 11.266728 ], [ 42.8707508, 11.2671379 ], [ 42.8775021, 11.2689224 ], [ 42.8790023, 11.2692487 ], [ 42.8802882, 11.2694538 ], [ 42.8918984, 11.2710859 ] ] ] } },
{ "type": "Feature", "properties": { "osm_id": "807723151", "code": "6101", "fclass": "rail", "name": "Chemin de fer d'Addis-Abeba - Djibouti", "layer": 1, "bridge": "T", "tunnel": "F", "path": "C:\\Users\\asus\\Documents\\Downloads\\djibouti-260214-free.shp\\gis_osm_railways_free_1.shp" }, "geometry": { "type": "MultiLineString", "coordinates": [ [ [ 42.8465317, 11.2542343 ], [ 42.846603, 11.2542838 ] ] ] } },
{ "type": "Feature", "properties": { "osm_id": "814471688", "code": "6101", "fclass": "rail", "name": "Chemin de fer d'Addis-Abeba - Djibouti ??? ???? ???? ????? - ??????", "layer": 1, "bridge": "T", "tunnel": "F", "path": "C:\\Users\\asus\\Documents\\Downloads\\djibouti-260214-free.shp\\gis_osm_railways_free_1.shp" }, "geometry": { "type": "MultiLineString", "coordinates": [ [ [ 42.7316968, 11.1453355 ], [ 42.7317503, 11.1453843 ] ] ] } },
{ "type": "Feature", "properties": { "osm_id": "814471689", "code": "6101", "fclass": "rail", "name": "Chemin de fer d'Addis-Abeba - Djibouti ??? ???? ???? ????? - ??????", "layer": 0, "bridge": "F", "tunnel": "F", "path": "C:\\Users\\asus\\Documents\\Downloads\\djibouti-260214-free.shp\\gis_osm_railways_free_1.shp" }, "geometry": { "type": "MultiLineString", "coordinates": [ [ [ 42.7317503, 11.1453843 ], [ 42.7318471, 11.1454684 ], [ 42.7335392, 11.1469367 ], [ 42.7337611, 11.1471293 ], [ 42.7407444, 11.153208 ], [ 42.7412018, 11.1536034 ], [ 42.7478378, 11.1594187 ], [ 42.7490318, 11.1604136 ], [ 42.7500816, 11.1611722 ], [ 42.7553409, 11.1649271 ] ] ] } },
{ "type": "Feature", "properties": { "osm_id": "822124631", "code": "6101", "fclass": "rail", "name": "Chemin de fer Addis-Abeba – Djibouti ??? ???? ???? ????? - ??????", "layer": 0, "bridge": "F", "tunnel": "F", "path": "C:\\Users\\asus\\Documents\\Downloads\\djibouti-260214-free.shp\\gis_osm_railways_free_1.shp" }, "geometry": { "type": "MultiLineString", "coordinates": [ [ [ 42.6418162, 11.0865041 ], [ 42.6407762, 11.0820724 ], [ 42.6405412, 11.0809803 ], [ 42.6403819, 11.079754 ], [ 42.6402584, 11.0774283 ], [ 42.6400885, 11.0763787 ], [ 42.6399461, 11.0757312 ], [ 42.6396326, 11.074872 ], [ 42.6392956, 11.0740876 ], [ 42.6367345, 11.0676382 ], [ 42.636313, 11.0664843 ] ] ] } },
{ "type": "Feature", "properties": { "osm_id": "822124632", "code": "6101", "fclass": "rail", "name": "Chemin de fer Addis-Abeba – Djibouti ??? ???? ???? ????? - ??????", "layer": 1, "bridge": "T", "tunnel": "F", "path": "C:\\Users\\asus\\Documents\\Downloads\\djibouti-260214-free.shp\\gis_osm_railways_free_1.shp" }, "geometry": { "type": "MultiLineString", "coordinates": [ [ [ 42.6418672, 11.086685 ], [ 42.6418162, 11.0865041 ] ] ] } },
{ "type": "Feature", "properties": { "osm_id": "946196806", "code": "6101", "fclass": "rail", "name": "Chemin de fer d'Addis-Abeba - Djibouti ??? ???? ???? ????? - ??????", "layer": 1, "bridge": "T", "tunnel": "F", "path": "C:\\Users\\asus\\Documents\\Downloads\\djibouti-260214-free.shp\\gis_osm_railways_free_1.shp" }, "geometry": { "type": "MultiLineString", "coordinates": [ [ [ 42.7255112, 11.1402847 ], [ 42.7255825, 11.1403282 ] ] ] } },
{ "type": "Feature", "properties": { "osm_id": "946196807", "code": "6101", "fclass": "rail", "name": "Chemin de fer d'Addis-Abeba - Djibouti ??? ???? ???? ????? - ??????", "layer": 0, "bridge": "F", "tunnel": "F", "path": "C:\\Users\\asus\\Documents\\Downloads\\djibouti-260214-free.shp\\gis_osm_railways_free_1.shp" }, "geometry": { "type": "MultiLineString", "coordinates": [ [ [ 42.7199832, 11.1366636 ], [ 42.7213834, 11.1375657 ], [ 42.7255112, 11.1402847 ] ] ] } },
{ "type": "Feature", "properties": { "osm_id": "966981477", "code": "6101", "fclass": "rail", "name": "Chemin de fer Addis-Abeba - Djibouti", "layer": 1, "bridge": "T", "tunnel": "F", "path": "C:\\Users\\asus\\Documents\\Downloads\\djibouti-260214-free.shp\\gis_osm_railways_free_1.shp" }, "geometry": { "type": "MultiLineString", "coordinates": [ [ [ 42.6827677, 11.1196609 ], [ 42.6828327, 11.1196826 ] ] ] } },
{ "type": "Feature", "properties": { "osm_id": "967469795", "code": "6101", "fclass": "rail", "name": "Chemin de fer Addis-Abeba - Djibouti", "layer": 0, "bridge": "F", "tunnel": "F", "path": "C:\\Users\\asus\\Documents\\Downloads\\djibouti-260214-free.shp\\gis_osm_railways_free_1.shp" }, "geometry": { "type": "MultiLineString", "coordinates": [ [ [ 42.6828327, 11.1196826 ], [ 42.6837023, 11.1199747 ], [ 42.6899122, 11.1221643 ], [ 42.691303, 11.1226126 ] ] ] } },
{ "type": "Feature", "properties": { "osm_id": "967469796", "code": "6101", "fclass": "rail", "name": "Chemin de fer Addis-Abeba - Djibouti", "layer": 0, "bridge": "F", "tunnel": "F", "path": "C:\\Users\\asus\\Documents\\Downloads\\djibouti-260214-free.shp\\gis_osm_railways_free_1.shp" }, "geometry": { "type": "MultiLineString", "coordinates": [ [ [ 42.6754134, 11.1170892 ], [ 42.6789409, 11.1183268 ], [ 42.6797804, 11.118599 ], [ 42.6799987, 11.1186702 ], [ 42.6802288, 11.1187453 ], [ 42.6811465, 11.1190814 ], [ 42.6821664, 11.1194556 ], [ 42.6827677, 11.1196609 ] ] ] } },
{ "type": "Feature", "properties": { "osm_id": "967769106", "code": "6101", "fclass": "rail", "name": "Chemin de fer Addis-Abeba – Djibouti ??? ???? ???? ????? - ??????", "layer": 0, "bridge": "F", "tunnel": "F", "path": "C:\\Users\\asus\\Documents\\Downloads\\djibouti-260214-free.shp\\gis_osm_railways_free_1.shp" }, "geometry": { "type": "MultiLineString", "coordinates": [ [ [ 42.644905, 11.0950008 ], [ 42.6440562, 11.0933928 ] ] ] } },
{ "type": "Feature", "properties": { "osm_id": "967769107", "code": "6101", "fclass": "rail", "name": "Chemin de fer Addis-Abeba – Djibouti ??? ???? ???? ????? - ??????", "layer": 1, "bridge": "T", "tunnel": "F", "path": "C:\\Users\\asus\\Documents\\Downloads\\djibouti-260214-free.shp\\gis_osm_railways_free_1.shp" }, "geometry": { "type": "MultiLineString", "coordinates": [ [ [ 42.6449343, 11.0950557 ], [ 42.644905, 11.0950008 ] ] ] } },
{ "type": "Feature", "properties": { "osm_id": "967769108", "code": "6101", "fclass": "rail", "name": "Chemin de fer Addis-Abeba – Djibouti ??? ???? ???? ????? - ??????", "layer": 0, "bridge": "F", "tunnel": "F", "path": "C:\\Users\\asus\\Documents\\Downloads\\djibouti-260214-free.shp\\gis_osm_railways_free_1.shp" }, "geometry": { "type": "MultiLineString", "coordinates": [ [ [ 42.6428908, 11.0909037 ], [ 42.6427406, 11.0902865 ], [ 42.6418672, 11.086685 ] ] ] } },
{ "type": "Feature", "properties": { "osm_id": "967769109", "code": "6101", "fclass": "rail", "name": "Chemin de fer Addis-Abeba – Djibouti ??? ???? ???? ????? - ??????", "layer": 0, "bridge": "F", "tunnel": "F", "path": "C:\\Users\\asus\\Documents\\Downloads\\djibouti-260214-free.shp\\gis_osm_railways_free_1.shp" }, "geometry": { "type": "MultiLineString", "coordinates": [ [ [ 42.6754134, 11.1170892 ], [ 42.6707389, 11.1154584 ], [ 42.6690231, 11.1149017 ], [ 42.6556336, 11.1101985 ], [ 42.6554591, 11.1101344 ], [ 42.6548539, 11.1098706 ], [ 42.6543397, 11.109589 ], [ 42.6537334, 11.1092115 ], [ 42.6531691, 11.1088382 ], [ 42.6526021, 11.1083668 ], [ 42.6521637, 11.1079448 ], [ 42.6517126, 11.1074553 ], [ 42.6511883, 11.1067559 ], [ 42.650778, 11.1060684 ], [ 42.6449343, 11.0950557 ] ] ] } },
{ "type": "Feature", "properties": { "osm_id": "1063949510", "code": "6101", "fclass": "rail", "name": "Chemin de fer d'Addis-Abeba - Djibouti", "layer": 0, "bridge": "F", "tunnel": "F", "path": "C:\\Users\\asus\\Documents\\Downloads\\djibouti-260214-free.shp\\gis_osm_railways_free_1.shp" }, "geometry": { "type": "MultiLineString", "coordinates": [ [ [ 42.7636091, 11.1720932 ], [ 42.7656927, 11.1742733 ], [ 42.7662859, 11.1747943 ], [ 42.7665538, 11.1750229 ], [ 42.766854, 11.1752568 ], [ 42.76701, 11.1753785 ], [ 42.7671603, 11.1755022 ], [ 42.7675021, 11.175782 ], [ 42.768276, 11.1764337 ], [ 42.7706806, 11.1783826 ], [ 42.7713279, 11.1789691 ], [ 42.7774443, 11.1846336 ], [ 42.7784749, 11.185684 ], [ 42.7792947, 11.186686 ], [ 42.7802464, 11.1881206 ], [ 42.781672, 11.1909149 ], [ 42.7822726, 11.1919063 ], [ 42.7829778, 11.1929697 ], [ 42.7882236, 11.2001253 ], [ 42.7887998, 11.2008924 ], [ 42.789276, 11.2014346 ], [ 42.7904882, 11.2026068 ], [ 42.7978317, 11.2094777 ], [ 42.8081622, 11.2199363 ], [ 42.8087925, 11.2205781 ], [ 42.8096074, 11.2213085 ], [ 42.8109587, 11.2223698 ], [ 42.8120718, 11.2232308 ] ] ] } },
{ "type": "Feature", "properties": { "osm_id": "1063949511", "code": "6101", "fclass": "rail", "name": "Chemin de fer d'Addis-Abeba - Djibouti", "layer": 0, "bridge": "F", "tunnel": "F", "path": "C:\\Users\\asus\\Documents\\Downloads\\djibouti-260214-free.shp\\gis_osm_railways_free_1.shp" }, "geometry": { "type": "MultiLineString", "coordinates": [ [ [ 42.7564217, 11.1657197 ], [ 42.7587907, 11.1674344 ], [ 42.7596722, 11.1681561 ], [ 42.7601963, 11.1686187 ], [ 42.7604851, 11.1689103 ], [ 42.7617119, 11.1701331 ], [ 42.7635364, 11.1720102 ] ] ] } },
{ "type": "Feature", "properties": { "osm_id": "1197034121", "code": "6101", "fclass": "rail", "name": "Chemin de fer Addis-Abeba – Djibouti ??? ???? ???? ????? - ??????", "layer": 0, "bridge": "F", "tunnel": "F", "path": "C:\\Users\\asus\\Documents\\Downloads\\djibouti-260214-free.shp\\gis_osm_railways_free_1.shp" }, "geometry": { "type": "MultiLineString", "coordinates": [ [ [ 42.6440562, 11.0933928 ], [ 42.6434433, 11.0922396 ], [ 42.6430651, 11.0914237 ], [ 42.6428908, 11.0909037 ] ] ] } },
{ "type": "Feature", "properties": { "osm_id": "1197063905", "code": "6101", "fclass": "rail", "name": "Chemin de fer d'Addis-Abeba - Djibouti / ??? ???? ???? ????? - ??????", "layer": 0, "bridge": "F", "tunnel": "F", "path": "C:\\Users\\asus\\Documents\\Downloads\\djibouti-260214-free.shp\\gis_osm_railways_free_1.shp" }, "geometry": { "type": "MultiLineString", "coordinates": [ [ [ 43.1355758, 11.5330132 ], [ 43.1353051, 11.5327604 ], [ 43.1350503, 11.5325113 ], [ 43.1347801, 11.5322171 ], [ 43.1341939, 11.5314975 ] ] ] } }
]
}
