{
"type": "FeatureCollection",
"name": "Eth_Dji_Rail",
"crs": { "type": "name", "properties": { "name": "urn:ogc:def:crs:OGC:1.3:CRS84" } },
"features": [
{ "type": "Feature", "properties": { "osm_id": "323505635", "code": "6101", "fclass": "rail", "name": "Addis Ababa – Djibouti Railway", "layer": 0, "bridge": "F", "tunnel": "F", "path": "F:\\AnimationData\\Rail\\EthioDjibouti\\Ethiopia_Rail.shp" }, "geometry": { "type": "MultiLineString", "coordinates": [ [ [ 40.7634326, 9.2259203 ], [ 40.7614765, 9.2239409 ], [ 40.760409, 9.2229931 ], [ 40.7592536, 9.2220605 ], [ 40.7586918, 9.2216558 ], [ 40.7580931, 9.2212362 ], [ 40.7569246, 9.220472 ], [ 40.7555823, 9.2197084 ], [ 40.754052, 9.2189064 ], [ 40.7526059, 9.2182625 ], [ 40.7510122, 9.217676 ], [ 40.7501015, 9.2173756 ], [ 40.7490706, 9.2170994 ] ] ] } },
{ "type": "Feature", "properties": { "osm_id": "352438087", "code": "6101", "fclass": "rail", "name": "Addis Ababa – Djibouti Railway", "layer": 0, "bridge": "F", "tunnel": "F", "path": "F:\\AnimationData\\Rail\\EthioDjibouti\\Ethiopia_Rail.shp" }, "geometry": { "type": "MultiLineString", "coordinates": [ [ [ 39.6218544, 8.9032928 ], [ 39.6228233, 8.9044097 ], [ 39.633852, 8.9165296 ], [ 39.6347394, 8.9174811 ], [ 39.6349258, 8.9176735 ], [ 39.6355316, 8.9182636 ], [ 39.6363899, 8.9191066 ], [ 39.6374603, 8.9200487 ], [ 39.6396415, 8.9218737 ], [ 39.6436035, 8.9251023 ], [ 39.6653705, 8.9430435 ], [ 39.6660441, 8.9435805 ], [ 39.6670755, 8.9443627 ], [ 39.6675656, 8.9447254 ], [ 39.6683746, 8.9452838 ], [ 39.66893, 8.9456419 ], [ 39.6693874, 8.9459087 ], [ 39.6701665, 8.946364 ], [ 39.6706076, 8.9466167 ], [ 39.6711999, 8.9469304 ], [ 39.672196, 8.9474301 ], [ 39.6729585, 8.9477739 ], [ 39.6734981, 8.9480165 ], [ 39.6742592, 8.9483296 ], [ 39.6757865, 8.9488716 ], [ 39.6777112, 8.9494286 ], [ 39.6785524, 8.9496382 ], [ 39.6796524, 8.9498734 ], [ 39.6990773, 8.9537904 ], [ 39.7000823, 8.953976 ], [ 39.7009127, 8.9541129 ], [ 39.701816, 8.9542312 ], [ 39.7023783, 8.954288 ], [ 39.7031379, 8.9543597 ], [ 39.7038694, 8.9544118 ], [ 39.7069465, 8.9545315 ], [ 39.7313782, 8.9554112 ], [ 39.7801448, 8.9571457 ], [ 39.7811477, 8.9571659 ], [ 39.7821825, 8.9571665 ], [ 39.7838748, 8.9570725 ], [ 39.7850947, 8.9569489 ], [ 39.7861144, 8.9568132 ], [ 39.787577, 8.9565568 ], [ 39.7887577, 8.9562894 ], [ 39.7898813, 8.9560123 ], [ 39.7911385, 8.9556461 ], [ 39.7929854, 8.9549826 ], [ 39.7948156, 8.9541992 ], [ 39.796616, 8.9532949 ], [ 39.7987424, 8.952081 ], [ 39.8000363, 8.9513929 ], [ 39.8393964, 8.9290872 ], [ 39.8409093, 8.9283373 ], [ 39.8423169, 8.927765 ], [ 39.8439158, 8.9271883 ], [ 39.8447086, 8.9269313 ], [ 39.8451635, 8.9267824 ], [ 39.8456081, 8.9266565 ], [ 39.8473351, 8.9262065 ], [ 39.8500675, 8.9256053 ], [ 39.89056, 8.9168843 ], [ 39.8998613, 8.9148655 ], [ 39.9003832, 8.9147694 ], [ 39.9009052, 8.9146959 ], [ 39.901366, 8.9146526 ], [ 39.9018618, 8.9146084 ], [ 39.9043204, 8.9146031 ], [ 39.9047502, 8.9145967 ], [ 39.9051215, 8.9145798 ], [ 39.9058245, 8.914479 ], [ 39.9066468, 8.9143312 ], [ 39.9073798, 8.9141686 ] ] ] } },
{ "type": "Feature", "properties": { "osm_id": "371569559", "code": "6101", "fclass": "rail", "name": "Addis Ababa – Djibouti Railway", "layer": 1, "bridge": "T", "tunnel": "F", "path": "F:\\AnimationData\\Rail\\EthioDjibouti\\Ethiopia_Rail.shp" }, "geometry": { "type": "MultiLineString", "coordinates": [ [ [ 42.6276914, 11.0393987 ], [ 42.6277085, 11.038033 ] ] ] } },
{ "type": "Feature", "properties": { "osm_id": "371569560", "code": "6101", "fclass": "rail", "name": "Addis Ababa – Djibouti Railway", "layer": 0, "bridge": "F", "tunnel": "F", "path": "F:\\AnimationData\\Rail\\EthioDjibouti\\Ethiopia_Rail.shp" }, "geometry": { "type": "MultiLineString", "coordinates": [ [ [ 42.6277085, 11.038033 ], [ 42.6276825, 11.036105 ], [ 42.6277168, 11.034727 ] ] ] } },
{ "type": "Feature", "properties": { "osm_id": "371569561", "code": "6101", "fclass": "rail", "name": null, "layer": 0, "bridge": "T", "tunnel": "F", "path": "F:\\AnimationData\\Rail\\EthioDjibouti\\Ethiopia_Rail.shp" }, "geometry": { "type": "MultiLineString", "coordinates": [ [ [ 42.6353993, 11.0089595 ], [ 42.6354307, 11.008627 ], [ 42.635472, 11.008168 ], [ 42.6354904, 11.0073813 ] ] ] } },
{ "type": "Feature", "properties": { "osm_id": "371569562", "code": "6101", "fclass": "rail", "name": "Addis Ababa – Djibouti Railway", "layer": 0, "bridge": "F", "tunnel": "F", "path": "F:\\AnimationData\\Rail\\EthioDjibouti\\Ethiopia_Rail.shp" }, "geometry": { "type": "MultiLineString", "coordinates": [ [ [ 42.6354904, 11.0073813 ], [ 42.6355077, 11.0067142 ], [ 42.6354011, 11.0051613 ], [ 42.6353127, 11.0041837 ], [ 42.635334, 11.0037279 ], [ 42.6353394, 11.0032524 ], [ 42.635413, 11.0025548 ], [ 42.6355837, 11.0017945 ], [ 42.6357869, 11.0011062 ], [ 42.6365384, 10.9992223 ], [ 42.6368319, 10.9982513 ], [ 42.6369981, 10.9974689 ], [ 42.6370394, 10.9967357 ], [ 42.6370013, 10.9959612 ], [ 42.6369121, 10.9952757 ], [ 42.6367491, 10.9946584 ], [ 42.6361632, 10.9926672 ], [ 42.6359765, 10.9919089 ], [ 42.6358642, 10.9913228 ], [ 42.635812, 10.9907411 ], [ 42.6357852, 10.9903549 ], [ 42.6358012, 10.9899478 ], [ 42.6359711, 10.9886863 ], [ 42.6360646, 10.9881157 ], [ 42.6361776, 10.9877656 ], [ 42.6372969, 10.9844467 ], [ 42.6375164, 10.9836284 ], [ 42.6377371, 10.9822226 ], [ 42.6380192, 10.9804786 ], [ 42.6381764, 10.9798485 ], [ 42.6386007, 10.9783631 ], [ 42.6391268, 10.9764773 ], [ 42.6395687, 10.9747552 ], [ 42.6406211, 10.9711183 ], [ 42.6407328, 10.9706633 ], [ 42.6408242, 10.9699972 ], [ 42.6408633, 10.9694158 ], [ 42.6408601, 10.9688554 ], [ 42.6407732, 10.9681513 ], [ 42.6405547, 10.9668675 ], [ 42.6404782, 10.9661534 ], [ 42.6403927, 10.9652287 ], [ 42.6404377, 10.9644553 ], [ 42.6404822, 10.9639947 ], [ 42.640565, 10.9635054 ], [ 42.6408412, 10.9624538 ], [ 42.6411009, 10.9613457 ], [ 42.6413655, 10.9602884 ], [ 42.6414895, 10.9593221 ] ] ] } },
{ "type": "Feature", "properties": { "osm_id": "371572601", "code": "6101", "fclass": "rail", "name": "Addis Ababa – Djibouti Railway", "layer": 0, "bridge": "F", "tunnel": "F", "path": "F:\\AnimationData\\Rail\\EthioDjibouti\\Ethiopia_Rail.shp" }, "geometry": { "type": "MultiLineString", "coordinates": [ [ [ 42.6369095, 10.9068074 ], [ 42.636303, 10.9062414 ], [ 42.6358151, 10.9056696 ], [ 42.6354401, 10.9051512 ], [ 42.6350936, 10.9045634 ] ] ] } },
{ "type": "Feature", "properties": { "osm_id": "371578488", "code": "6101", "fclass": "rail", "name": "Addis Ababa – Djibouti Railway", "layer": 0, "bridge": "F", "tunnel": "F", "path": "F:\\AnimationData\\Rail\\EthioDjibouti\\Ethiopia_Rail.shp" }, "geometry": { "type": "MultiLineString", "coordinates": [ [ [ 41.9965504, 10.1123681 ], [ 41.995052, 10.1096224 ], [ 41.9945258, 10.1086877 ], [ 41.993952, 10.1074651 ], [ 41.9929758, 10.1050414 ], [ 41.9447847, 9.983825 ], [ 41.9445951, 9.983348 ], [ 41.9411202, 9.9746092 ], [ 41.9409676, 9.9742254 ], [ 41.9405587, 9.9731972 ], [ 41.9399777, 9.9717189 ], [ 41.9395546, 9.9707696 ], [ 41.9388433, 9.9696564 ], [ 41.9381866, 9.9688049 ], [ 41.9374599, 9.9679487 ], [ 41.9364361, 9.9671085 ], [ 41.9353172, 9.9662172 ], [ 41.9300602, 9.9621094 ] ] ] } },
{ "type": "Feature", "properties": { "osm_id": "371578490", "code": "6101", "fclass": "rail", "name": "Addis Ababa – Djibouti Railway", "layer": 0, "bridge": "F", "tunnel": "F", "path": "F:\\AnimationData\\Rail\\EthioDjibouti\\Ethiopia_Rail.shp" }, "geometry": { "type": "MultiLineString", "coordinates": [ [ [ 41.9285989, 9.9609553 ], [ 41.9203692, 9.9544713 ], [ 41.9190336, 9.9534093 ], [ 41.9177055, 9.952221 ], [ 41.9166242, 9.9510685 ], [ 41.9156406, 9.9498857 ], [ 41.9147045, 9.9485365 ], [ 41.9136417, 9.9467585 ], [ 41.9129016, 9.9452869 ], [ 41.9124748, 9.9442137 ], [ 41.9121786, 9.943404 ], [ 41.9115347, 9.941749 ], [ 41.910397, 9.938902 ], [ 41.9085069, 9.9337699 ], [ 41.9066386, 9.9288743 ], [ 41.904776, 9.9240546 ], [ 41.900581, 9.913049 ], [ 41.8973699, 9.904693 ], [ 41.8930345, 9.8933274 ], [ 41.8873834, 9.8785196 ], [ 41.8842103, 9.8703035 ], [ 41.8784197, 9.855125 ], [ 41.8765881, 9.850348 ], [ 41.8757181, 9.8480919 ] ] ] } },
{ "type": "Feature", "properties": { "osm_id": "371578492", "code": "6101", "fclass": "rail", "name": "Addis Ababa – Djibouti Railway", "layer": 0, "bridge": "T", "tunnel": "F", "path": "F:\\AnimationData\\Rail\\EthioDjibouti\\Ethiopia_Rail.shp" }, "geometry": { "type": "MultiLineString", "coordinates": [ [ [ 41.8705464, 9.74201 ], [ 41.8700679, 9.7414884 ] ] ] } },
{ "type": "Feature", "properties": { "osm_id": "371578494", "code": "6101", "fclass": "rail", "name": "Addis Ababa – Djibouti Railway", "layer": 0, "bridge": "F", "tunnel": "F", "path": "F:\\AnimationData\\Rail\\EthioDjibouti\\Ethiopia_Rail.shp" }, "geometry": { "type": "MultiLineString", "coordinates": [ [ [ 41.8700679, 9.7414884 ], [ 41.8692655, 9.7405988 ], [ 41.8687008, 9.7398644 ], [ 41.868474, 9.7394877 ], [ 41.8682069, 9.7389364 ], [ 41.8677652, 9.7378859 ], [ 41.867554, 9.736788 ], [ 41.8674989, 9.7358582 ], [ 41.8676014, 9.7346255 ], [ 41.8678651, 9.7333122 ], [ 41.8686567, 9.729428 ], [ 41.868877, 9.728344 ], [ 41.8690026, 9.7274609 ], [ 41.8690557, 9.7266002 ], [ 41.8691039, 9.718268 ], [ 41.869078, 9.716474 ], [ 41.8690091, 9.7156582 ], [ 41.8688566, 9.7148543 ], [ 41.8685699, 9.7137251 ], [ 41.8685193, 9.7135144 ], [ 41.8680624, 9.7124463 ], [ 41.8675407, 9.7115072 ], [ 41.8669772, 9.7106974 ], [ 41.8659956, 9.709595 ], [ 41.8650245, 9.70871 ], [ 41.8638698, 9.707881 ], [ 41.837501, 9.6901913 ] ] ] } },
{ "type": "Feature", "properties": { "osm_id": "375235630", "code": "6108", "fclass": "funicular", "name": null, "layer": 0, "bridge": "F", "tunnel": "F", "path": "F:\\AnimationData\\Rail\\EthioDjibouti\\Ethiopia_Rail.shp" }, "geometry": { "type": "MultiLineString", "coordinates": [ [ [ 38.6917606, 7.5916543 ], [ 38.6914558, 7.5918992 ] ] ] } },
{ "type": "Feature", "properties": { "osm_id": "375709842", "code": "6101", "fclass": "rail", "name": "Addis Ababa – Djibouti Railway", "layer": 0, "bridge": "F", "tunnel": "F", "path": "F:\\AnimationData\\Rail\\EthioDjibouti\\Ethiopia_Rail.shp" }, "geometry": { "type": "MultiLineString", "coordinates": [ [ [ 38.5919106, 8.897381 ], [ 38.5923977, 8.8975074 ], [ 38.593102, 8.8977398 ], [ 38.5936926, 8.8979658 ], [ 38.5943465, 8.8982466 ], [ 38.5993556, 8.9006698 ], [ 38.6000774, 8.9010015 ], [ 38.6008358, 8.9013085 ], [ 38.6015082, 8.9015539 ], [ 38.6019653, 8.9017101 ], [ 38.6024286, 8.9018399 ], [ 38.602873, 8.9019448 ], [ 38.6034211, 8.9020592 ], [ 38.6040606, 8.9021781 ], [ 38.6047409, 8.9022664 ], [ 38.6051292, 8.902302 ], [ 38.6056038, 8.9023309 ], [ 38.6063945, 8.9023576 ], [ 38.6114701, 8.9023795 ], [ 38.6122518, 8.9024039 ], [ 38.6130172, 8.9024447 ], [ 38.6136216, 8.9025028 ], [ 38.6143126, 8.9026115 ], [ 38.6147925, 8.9026973 ], [ 38.6150998, 8.9027549 ], [ 38.6155697, 8.9028749 ], [ 38.6162138, 8.9030562 ], [ 38.6168289, 8.9032655 ], [ 38.6173081, 8.9034486 ], [ 38.6177323, 8.9036251 ], [ 38.6182007, 8.9038503 ], [ 38.6186336, 8.9040625 ], [ 38.6191045, 8.9043057 ], [ 38.6210184, 8.9053316 ], [ 38.6309818, 8.9106954 ] ] ] } },
{ "type": "Feature", "properties": { "osm_id": "375709847", "code": "6101", "fclass": "rail", "name": "Addis Ababa – Djibouti Railway", "layer": 0, "bridge": "F", "tunnel": "F", "path": "F:\\AnimationData\\Rail\\EthioDjibouti\\Ethiopia_Rail.shp" }, "geometry": { "type": "MultiLineString", "coordinates": [ [ [ 39.083638, 8.6685814 ], [ 39.085877, 8.6588672 ], [ 39.0863315, 8.6573367 ], [ 39.0870217, 8.6554686 ], [ 39.0876666, 8.6540353 ], [ 39.0883899, 8.6526181 ], [ 39.0893207, 8.6511441 ], [ 39.0901837, 8.6499203 ], [ 39.0907379, 8.6491483 ], [ 39.0917104, 8.6479803 ], [ 39.111357, 8.6261549 ], [ 39.1121976, 8.6253112 ], [ 39.1129583, 8.6247394 ], [ 39.1138661, 8.6241683 ], [ 39.1150547, 8.6236204 ] ] ] } },
{ "type": "Feature", "properties": { "osm_id": "375716854", "code": "6101", "fclass": "rail", "name": "Addis Ababa – Djibouti Railway", "layer": 0, "bridge": "F", "tunnel": "F", "path": "F:\\AnimationData\\Rail\\EthioDjibouti\\Ethiopia_Rail.shp" }, "geometry": { "type": "MultiLineString", "coordinates": [ [ [ 39.1394253, 8.5657249 ], [ 39.1391806, 8.5652906 ], [ 39.1389716, 8.5649049 ], [ 39.1387924, 8.5645093 ], [ 39.1386493, 8.5641265 ], [ 39.1385234, 8.5637399 ], [ 39.1384154, 8.5632944 ], [ 39.1383373, 8.5629047 ] ] ] } },
{ "type": "Feature", "properties": { "osm_id": "378326772", "code": "6101", "fclass": "rail", "name": "Addis Ababa – Djibouti Railway", "layer": 0, "bridge": "F", "tunnel": "F", "path": "F:\\AnimationData\\Rail\\EthioDjibouti\\Ethiopia_Rail.shp" }, "geometry": { "type": "MultiLineString", "coordinates": [ [ [ 41.5794658, 9.6052138 ], [ 41.5703316, 9.6026617 ], [ 41.5695709, 9.6024385 ], [ 41.5688176, 9.6021422 ], [ 41.5675156, 9.6014555 ], [ 41.5652225, 9.6000051 ], [ 41.5644564, 9.5995469 ], [ 41.5636557, 9.5991689 ], [ 41.5630676, 9.5989214 ], [ 41.562259, 9.5986614 ], [ 41.5614144, 9.5984348 ], [ 41.560423, 9.5982281 ], [ 41.556854, 9.5975036 ] ] ] } },
{ "type": "Feature", "properties": { "osm_id": "378326773", "code": "6101", "fclass": "rail", "name": "Addis Ababa – Djibouti Railway", "layer": 0, "bridge": "T", "tunnel": "F", "path": "F:\\AnimationData\\Rail\\EthioDjibouti\\Ethiopia_Rail.shp" }, "geometry": { "type": "MultiLineString", "coordinates": [ [ [ 41.6014556, 9.6120293 ], [ 41.6004872, 9.611723 ] ] ] } },
{ "type": "Feature", "properties": { "osm_id": "378326774", "code": "6101", "fclass": "rail", "name": "Addis Ababa – Djibouti Railway", "layer": 0, "bridge": "T", "tunnel": "F", "path": "F:\\AnimationData\\Rail\\EthioDjibouti\\Ethiopia_Rail.shp" }, "geometry": { "type": "MultiLineString", "coordinates": [ [ [ 41.556854, 9.5975036 ], [ 41.5562629, 9.5973836 ] ] ] } },
{ "type": "Feature", "properties": { "osm_id": "378326775", "code": "6101", "fclass": "rail", "name": "Addis Ababa – Djibouti Railway", "layer": 1, "bridge": "T", "tunnel": "F", "path": "F:\\AnimationData\\Rail\\EthioDjibouti\\Ethiopia_Rail.shp" }, "geometry": { "type": "MultiLineString", "coordinates": [ [ [ 41.5799606, 9.6053421 ], [ 41.5794658, 9.6052138 ] ] ] } },
{ "type": "Feature", "properties": { "osm_id": "378326776", "code": "6101", "fclass": "rail", "name": "Addis Ababa – Djibouti Railway", "layer": 0, "bridge": "F", "tunnel": "F", "path": "F:\\AnimationData\\Rail\\EthioDjibouti\\Ethiopia_Rail.shp" }, "geometry": { "type": "MultiLineString", "coordinates": [ [ [ 41.5562629, 9.5973836 ], [ 41.5386753, 9.5938447 ], [ 41.5379436, 9.5937272 ], [ 41.5373855, 9.5936864 ], [ 41.5366962, 9.5936984 ], [ 41.536043, 9.5937639 ], [ 41.5354215, 9.5939007 ], [ 41.5348038, 9.5940679 ], [ 41.53391, 9.5944073 ], [ 41.5307134, 9.595848 ], [ 41.5288749, 9.5966912 ], [ 41.527982, 9.5971406 ], [ 41.5271388, 9.5975905 ], [ 41.5255308, 9.5985934 ], [ 41.5208202, 9.6018444 ], [ 41.5201233, 9.602242 ], [ 41.519362, 9.602549 ], [ 41.5189042, 9.602701 ], [ 41.518348, 9.602831 ], [ 41.5174983, 9.6029272 ], [ 41.516674, 9.6029408 ], [ 41.515934, 9.6028827 ], [ 41.5150922, 9.6027589 ], [ 41.5112039, 9.6020485 ] ] ] } },
{ "type": "Feature", "properties": { "osm_id": "378326777", "code": "6101", "fclass": "rail", "name": "Addis Ababa – Djibouti Railway", "layer": 0, "bridge": "F", "tunnel": "F", "path": "F:\\AnimationData\\Rail\\EthioDjibouti\\Ethiopia_Rail.shp" }, "geometry": { "type": "MultiLineString", "coordinates": [ [ [ 41.6004872, 9.611723 ], [ 41.5876773, 9.6075431 ], [ 41.5864682, 9.6071303 ], [ 41.5852024, 9.6067645 ], [ 41.5799606, 9.6053421 ] ] ] } },
{ "type": "Feature", "properties": { "osm_id": "385552051", "code": "6101", "fclass": "rail", "name": "Addis Ababa – Djibouti Railway", "layer": 0, "bridge": "F", "tunnel": "F", "path": "F:\\AnimationData\\Rail\\EthioDjibouti\\Ethiopia_Rail.shp" }, "geometry": { "type": "MultiLineString", "coordinates": [ [ [ 41.834191, 9.6863331 ], [ 41.8339826, 9.6856996 ], [ 41.8338397, 9.6849883 ], [ 41.8336069, 9.681927 ], [ 41.8335067, 9.6811751 ], [ 41.8332677, 9.6803325 ], [ 41.8329402, 9.6795054 ], [ 41.8325537, 9.6787894 ], [ 41.8318724, 9.6777647 ], [ 41.805545, 9.6396436 ] ] ] } },
{ "type": "Feature", "properties": { "osm_id": "385552052", "code": "6101", "fclass": "rail", "name": "Addis Ababa – Djibouti Railway", "layer": 1, "bridge": "T", "tunnel": "F", "path": "F:\\AnimationData\\Rail\\EthioDjibouti\\Ethiopia_Rail.shp" }, "geometry": { "type": "MultiLineString", "coordinates": [ [ [ 41.837501, 9.6901913 ], [ 41.8368062, 9.6897163 ], [ 41.8363508, 9.6893545 ], [ 41.8358851, 9.6889469 ], [ 41.8356998, 9.6887493 ], [ 41.8353712, 9.6883774 ], [ 41.8349812, 9.6878868 ], [ 41.8347116, 9.6874658 ], [ 41.8344659, 9.6869863 ], [ 41.834191, 9.6863331 ] ] ] } },
{ "type": "Feature", "properties": { "osm_id": "385555379", "code": "6101", "fclass": "rail", "name": "Addis Ababa – Djibouti Railway", "layer": 0, "bridge": "F", "tunnel": "F", "path": "F:\\AnimationData\\Rail\\EthioDjibouti\\Ethiopia_Rail.shp" }, "geometry": { "type": "MultiLineString", "coordinates": [ [ [ 40.8775425, 9.3172343 ], [ 40.8765477, 9.3162472 ], [ 40.852157, 9.2947924 ], [ 40.8483907, 9.291431 ], [ 40.846906, 9.2902323 ], [ 40.8460269, 9.2895773 ], [ 40.8450109, 9.2888678 ], [ 40.8424039, 9.2872205 ], [ 40.839208, 9.2852169 ] ] ] } },
{ "type": "Feature", "properties": { "osm_id": "385555380", "code": "6101", "fclass": "rail", "name": "Addis Ababa – Djibouti Railway", "layer": 1, "bridge": "T", "tunnel": "F", "path": "F:\\AnimationData\\Rail\\EthioDjibouti\\Ethiopia_Rail.shp" }, "geometry": { "type": "MultiLineString", "coordinates": [ [ [ 40.7678252, 9.2321189 ], [ 40.7669352, 9.2306421 ] ] ] } },
{ "type": "Feature", "properties": { "osm_id": "385559815", "code": "6101", "fclass": "rail", "name": "Addis Ababa – Djibouti Railway", "layer": 1, "bridge": "T", "tunnel": "F", "path": "F:\\AnimationData\\Rail\\EthioDjibouti\\Ethiopia_Rail.shp" }, "geometry": { "type": "MultiLineString", "coordinates": [ [ [ 40.1826771, 9.0286944 ], [ 40.1814675, 9.0279619 ] ] ] } },
{ "type": "Feature", "properties": { "osm_id": "385567322", "code": "6101", "fclass": "rail", "name": "Addis Ababa – Djibouti Railway", "layer": 0, "bridge": "F", "tunnel": "F", "path": "F:\\AnimationData\\Rail\\EthioDjibouti\\Ethiopia_Rail.shp" }, "geometry": { "type": "MultiLineString", "coordinates": [ [ [ 38.7804406, 8.847412 ], [ 38.7847147, 8.8449452 ], [ 38.7853484, 8.8445954 ], [ 38.7858927, 8.8443172 ], [ 38.786333, 8.8441041 ], [ 38.7870247, 8.8438067 ], [ 38.7877368, 8.8435308 ], [ 38.7903093, 8.8426169 ], [ 38.7910807, 8.8423339 ], [ 38.7919805, 8.8419513 ], [ 38.7929061, 8.8414894 ], [ 38.7936778, 8.8410392 ], [ 38.7945758, 8.8404713 ], [ 38.8010818, 8.8362779 ], [ 38.8070956, 8.8324096 ], [ 38.809477, 8.8308399 ], [ 38.810082, 8.8305063 ], [ 38.8106966, 8.8302128 ], [ 38.8113101, 8.8300043 ], [ 38.8119255, 8.8298502 ], [ 38.8125803, 8.8297476 ], [ 38.8131671, 8.8297089 ], [ 38.8138587, 8.8297216 ], [ 38.8145455, 8.8298214 ], [ 38.8152494, 8.8299647 ], [ 38.8223268, 8.8317364 ], [ 38.8233758, 8.8320081 ], [ 38.8242791, 8.8322186 ], [ 38.8252264, 8.8323781 ], [ 38.8263609, 8.8324967 ], [ 38.8270304, 8.8325277 ], [ 38.8275116, 8.8325443 ], [ 38.8279709, 8.8325361 ], [ 38.8327164, 8.8323325 ], [ 38.8336068, 8.8322663 ], [ 38.8341032, 8.8322291 ], [ 38.8347146, 8.8321443 ], [ 38.8353372, 8.8320359 ], [ 38.8359545, 8.8318983 ], [ 38.8370264, 8.8316139 ], [ 38.8379439, 8.8313006 ], [ 38.838864, 8.8309162 ], [ 38.839682, 8.8305648 ], [ 38.8459658, 8.8273689 ], [ 38.8516266, 8.8245046 ], [ 38.852436, 8.8240896 ], [ 38.8533785, 8.8236416 ], [ 38.8541467, 8.8233235 ] ] ] } },
{ "type": "Feature", "properties": { "osm_id": "388753853", "code": "6101", "fclass": "rail", "name": "Addis Ababa – Djibouti Railway", "layer": 0, "bridge": "T", "tunnel": "F", "path": "F:\\AnimationData\\Rail\\EthioDjibouti\\Ethiopia_Rail.shp" }, "geometry": { "type": "MultiLineString", "coordinates": [ [ [ 41.9300602, 9.9621094 ], [ 41.9285989, 9.9609553 ] ] ] } },
{ "type": "Feature", "properties": { "osm_id": "389178529", "code": "6101", "fclass": "rail", "name": "Addis Ababa – Djibouti Railway", "layer": 0, "bridge": "F", "tunnel": "F", "path": "F:\\AnimationData\\Rail\\EthioDjibouti\\Ethiopia_Rail.shp" }, "geometry": { "type": "MultiLineString", "coordinates": [ [ [ 40.7669352, 9.2306421 ], [ 40.7661805, 9.229419 ], [ 40.7653081, 9.2282031 ] ] ] } },
{ "type": "Feature", "properties": { "osm_id": "389178530", "code": "6101", "fclass": "rail", "name": "Addis Ababa – Djibouti Railway", "layer": 1, "bridge": "T", "tunnel": "F", "path": "F:\\AnimationData\\Rail\\EthioDjibouti\\Ethiopia_Rail.shp" }, "geometry": { "type": "MultiLineString", "coordinates": [ [ [ 40.7653081, 9.2282031 ], [ 40.7643798, 9.2270566 ], [ 40.7634326, 9.2259203 ] ] ] } },
{ "type": "Feature", "properties": { "osm_id": "391520479", "code": "6101", "fclass": "rail", "name": "Addis Ababa – Djibouti Railway", "layer": 1, "bridge": "T", "tunnel": "F", "path": "F:\\AnimationData\\Rail\\EthioDjibouti\\Ethiopia_Rail.shp" }, "geometry": { "type": "MultiLineString", "coordinates": [ [ [ 38.7804406, 8.847412 ], [ 38.7789773, 8.8482582 ] ] ] } },
{ "type": "Feature", "properties": { "osm_id": "391520480", "code": "6101", "fclass": "rail", "name": "Addis Ababa – Djibouti Railway", "layer": 0, "bridge": "F", "tunnel": "F", "path": "F:\\AnimationData\\Rail\\EthioDjibouti\\Ethiopia_Rail.shp" }, "geometry": { "type": "MultiLineString", "coordinates": [ [ [ 38.7789773, 8.8482582 ], [ 38.7705245, 8.8531141 ], [ 38.7697638, 8.8535511 ], [ 38.7695623, 8.8536705 ], [ 38.7685443, 8.8542619 ], [ 38.7682955, 8.8544065 ], [ 38.7601279, 8.8591055 ], [ 38.7598689, 8.8592545 ], [ 38.7596569, 8.8593717 ], [ 38.7589833, 8.8597737 ], [ 38.7583129, 8.8601504 ], [ 38.7578, 8.860439 ], [ 38.7546363, 8.8622697 ] ] ] } },
{ "type": "Feature", "properties": { "osm_id": "391520482", "code": "6101", "fclass": "rail", "name": "Addis Ababa – Djibouti Railway", "layer": 0, "bridge": "F", "tunnel": "F", "path": "F:\\AnimationData\\Rail\\EthioDjibouti\\Ethiopia_Rail.shp" }, "geometry": { "type": "MultiLineString", "coordinates": [ [ [ 38.7544695, 8.8623711 ], [ 38.7514633, 8.8641105 ], [ 38.7509015, 8.8643921 ], [ 38.7503272, 8.8646268 ], [ 38.7498624, 8.8647858 ], [ 38.7493361, 8.8649128 ], [ 38.7487953, 8.865007 ], [ 38.7483139, 8.8650602 ], [ 38.7478597, 8.8650844 ], [ 38.747431, 8.8650832 ], [ 38.7469698, 8.8650399 ], [ 38.746571, 8.8649768 ], [ 38.7459781, 8.8648444 ], [ 38.745345, 8.8646619 ], [ 38.7439999, 8.8642267 ], [ 38.7354584, 8.8612727 ] ] ] } },
{ "type": "Feature", "properties": { "osm_id": "391520483", "code": "6101", "fclass": "rail", "name": "Addis Ababa – Djibouti Railway", "layer": 1, "bridge": "T", "tunnel": "F", "path": "F:\\AnimationData\\Rail\\EthioDjibouti\\Ethiopia_Rail.shp" }, "geometry": { "type": "MultiLineString", "coordinates": [ [ [ 38.7354584, 8.8612727 ], [ 38.735102, 8.8611395 ] ] ] } },
{ "type": "Feature", "properties": { "osm_id": "407539637", "code": "6101", "fclass": "rail", "name": "Addis Ababa – Djibouti Railway", "layer": 1, "bridge": "T", "tunnel": "F", "path": "F:\\AnimationData\\Rail\\EthioDjibouti\\Ethiopia_Rail.shp" }, "geometry": { "type": "MultiLineString", "coordinates": [ [ [ 38.9974903, 8.7941725 ], [ 38.9978412, 8.7941547 ], [ 38.9982941, 8.7941149 ] ] ] } },
{ "type": "Feature", "properties": { "osm_id": "422484635", "code": "6101", "fclass": "rail", "name": "Addis Ababa – Djibouti Railway", "layer": 0, "bridge": "F", "tunnel": "F", "path": "F:\\AnimationData\\Rail\\EthioDjibouti\\Ethiopia_Rail.shp" }, "geometry": { "type": "MultiLineString", "coordinates": [ [ [ 38.7219179, 8.8778988 ], [ 38.7216955, 8.8768886 ], [ 38.7215032, 8.8762943 ], [ 38.7211826, 8.8755858 ], [ 38.7197885, 8.8731493 ], [ 38.7192825, 8.8723396 ], [ 38.7188671, 8.8717484 ], [ 38.7184858, 8.8713149 ], [ 38.7180505, 8.8709185 ], [ 38.7173936, 8.8704209 ], [ 38.7165228, 8.8699277 ], [ 38.7160187, 8.8696585 ], [ 38.7153708, 8.8693689 ], [ 38.7119772, 8.8679869 ], [ 38.7109911, 8.8675828 ], [ 38.709978, 8.8669578 ], [ 38.7092207, 8.8663521 ], [ 38.708729, 8.8658841 ], [ 38.7080517, 8.8650148 ], [ 38.7076275, 8.8642894 ], [ 38.707293, 8.8635047 ], [ 38.7070508, 8.8626409 ], [ 38.7069328, 8.861935 ], [ 38.7065974, 8.8586161 ], [ 38.7065535, 8.8579822 ], [ 38.706583, 8.8571411 ], [ 38.7066678, 8.8563969 ], [ 38.7068638, 8.8556121 ], [ 38.7071199, 8.8549048 ], [ 38.7074497, 8.8542466 ], [ 38.7078223, 8.8536402 ], [ 38.7082553, 8.8530597 ] ] ] } },
{ "type": "Feature", "properties": { "osm_id": "422484636", "code": "6101", "fclass": "rail", "name": "Addis Ababa – Djibouti Railway", "layer": 1, "bridge": "T", "tunnel": "F", "path": "F:\\AnimationData\\Rail\\EthioDjibouti\\Ethiopia_Rail.shp" }, "geometry": { "type": "MultiLineString", "coordinates": [ [ [ 38.7219637, 8.8795489 ], [ 38.722011, 8.8789691 ], [ 38.7220121, 8.8784794 ], [ 38.7219179, 8.8778988 ] ] ] } },
{ "type": "Feature", "properties": { "osm_id": "422535063", "code": "6101", "fclass": "rail", "name": "Addis Ababa – Djibouti Railway", "layer": 1, "bridge": "T", "tunnel": "F", "path": "F:\\AnimationData\\Rail\\EthioDjibouti\\Ethiopia_Rail.shp" }, "geometry": { "type": "MultiLineString", "coordinates": [ [ [ 41.2871338, 9.507172 ], [ 41.2864564, 9.506724 ] ] ] } },
{ "type": "Feature", "properties": { "osm_id": "422535064", "code": "6101", "fclass": "rail", "name": "Addis Ababa – Djibouti Railway", "layer": 0, "bridge": "F", "tunnel": "F", "path": "F:\\AnimationData\\Rail\\EthioDjibouti\\Ethiopia_Rail.shp" }, "geometry": { "type": "MultiLineString", "coordinates": [ [ [ 41.2864564, 9.506724 ], [ 41.2856497, 9.5060722 ], [ 41.2846869, 9.5051676 ], [ 41.28156, 9.5019883 ], [ 41.2811076, 9.5015325 ], [ 41.2806526, 9.5011259 ], [ 41.2798682, 9.5005435 ], [ 41.2792366, 9.5001997 ], [ 41.2786682, 9.4999434 ], [ 41.2780104, 9.4997152 ], [ 41.2774055, 9.4995631 ], [ 41.2767965, 9.4994671 ], [ 41.2762144, 9.4994327 ], [ 41.2755104, 9.4994344 ], [ 41.2749682, 9.4995041 ], [ 41.2743666, 9.4996059 ], [ 41.2738564, 9.4997376 ], [ 41.2733628, 9.499916 ], [ 41.2727026, 9.5002063 ] ] ] } },
{ "type": "Feature", "properties": { "osm_id": "422535065", "code": "6101", "fclass": "rail", "name": "Addis Ababa – Djibouti Railway", "layer": 0, "bridge": "F", "tunnel": "F", "path": "F:\\AnimationData\\Rail\\EthioDjibouti\\Ethiopia_Rail.shp" }, "geometry": { "type": "MultiLineString", "coordinates": [ [ [ 41.2928468, 9.5093758 ], [ 41.2911049, 9.5089354 ], [ 41.2902854, 9.5086825 ], [ 41.2893174, 9.5083211 ], [ 41.2884888, 9.5079324 ], [ 41.2876932, 9.5075023 ], [ 41.2871338, 9.507172 ] ] ] } },
{ "type": "Feature", "properties": { "osm_id": "422535066", "code": "6101", "fclass": "rail", "name": "Addis Ababa – Djibouti Railway", "layer": 1, "bridge": "T", "tunnel": "F", "path": "F:\\AnimationData\\Rail\\EthioDjibouti\\Ethiopia_Rail.shp" }, "geometry": { "type": "MultiLineString", "coordinates": [ [ [ 41.2935188, 9.5095272 ], [ 41.2928468, 9.5093758 ] ] ] } },
{ "type": "Feature", "properties": { "osm_id": "422535067", "code": "6101", "fclass": "rail", "name": "Addis Ababa – Djibouti Railway", "layer": 1, "bridge": "T", "tunnel": "F", "path": "F:\\AnimationData\\Rail\\EthioDjibouti\\Ethiopia_Rail.shp" }, "geometry": { "type": "MultiLineString", "coordinates": [ [ [ 41.3108709, 9.5139293 ], [ 41.3099885, 9.5135929 ] ] ] } },
{ "type": "Feature", "properties": { "osm_id": "422535068", "code": "6101", "fclass": "rail", "name": "Addis Ababa – Djibouti Railway", "layer": 0, "bridge": "F", "tunnel": "F", "path": "F:\\AnimationData\\Rail\\EthioDjibouti\\Ethiopia_Rail.shp" }, "geometry": { "type": "MultiLineString", "coordinates": [ [ [ 41.3099885, 9.5135929 ], [ 41.3093087, 9.5133262 ], [ 41.3085327, 9.5130455 ], [ 41.3073611, 9.5127459 ], [ 41.2935188, 9.5095272 ] ] ] } },
{ "type": "Feature", "properties": { "osm_id": "422535069", "code": "6101", "fclass": "rail", "name": "Addis Ababa – Djibouti Railway", "layer": 0, "bridge": "F", "tunnel": "F", "path": "F:\\AnimationData\\Rail\\EthioDjibouti\\Ethiopia_Rail.shp" }, "geometry": { "type": "MultiLineString", "coordinates": [ [ [ 41.3421247, 9.5318864 ], [ 41.338002, 9.5303345 ], [ 41.3366979, 9.5297346 ], [ 41.3361363, 9.5294293 ], [ 41.3356622, 9.5291231 ], [ 41.33514, 9.5287652 ], [ 41.3345351, 9.5282949 ], [ 41.3338065, 9.5275891 ], [ 41.3332818, 9.5269759 ], [ 41.3324643, 9.525875 ], [ 41.3303581, 9.5232458 ], [ 41.3296776, 9.5223737 ], [ 41.3290051, 9.5216354 ], [ 41.3282771, 9.5209695 ], [ 41.3274628, 9.5204261 ], [ 41.3263034, 9.5197714 ], [ 41.3251322, 9.5192628 ], [ 41.3108709, 9.5139293 ] ] ] } },
{ "type": "Feature", "properties": { "osm_id": "422535070", "code": "6101", "fclass": "rail", "name": "Addis Ababa – Djibouti Railway", "layer": 1, "bridge": "T", "tunnel": "F", "path": "F:\\AnimationData\\Rail\\EthioDjibouti\\Ethiopia_Rail.shp" }, "geometry": { "type": "MultiLineString", "coordinates": [ [ [ 41.3436222, 9.5324569 ], [ 41.3421247, 9.5318864 ] ] ] } },
{ "type": "Feature", "properties": { "osm_id": "422539082", "code": "6101", "fclass": "rail", "name": "Addis Ababa – Djibouti Railway", "layer": 0, "bridge": "T", "tunnel": "F", "path": "F:\\AnimationData\\Rail\\EthioDjibouti\\Ethiopia_Rail.shp" }, "geometry": { "type": "MultiLineString", "coordinates": [ [ [ 41.3535396, 9.5424899 ], [ 41.3530485, 9.5421583 ] ] ] } },
{ "type": "Feature", "properties": { "osm_id": "422539083", "code": "6101", "fclass": "rail", "name": "Addis Ababa – Djibouti Railway", "layer": 0, "bridge": "F", "tunnel": "F", "path": "F:\\AnimationData\\Rail\\EthioDjibouti\\Ethiopia_Rail.shp" }, "geometry": { "type": "MultiLineString", "coordinates": [ [ [ 41.3530485, 9.5421583 ], [ 41.3519597, 9.5413651 ], [ 41.3511551, 9.540719 ], [ 41.3503114, 9.5398864 ], [ 41.3498912, 9.5394464 ], [ 41.3495244, 9.5390115 ], [ 41.3491623, 9.5385285 ], [ 41.3488607, 9.5381398 ], [ 41.3472043, 9.5357837 ], [ 41.3463359, 9.5345604 ], [ 41.3458593, 9.5340693 ], [ 41.345397, 9.5336312 ], [ 41.3450233, 9.5333095 ], [ 41.3446181, 9.5329878 ], [ 41.3440733, 9.5326612 ], [ 41.3436222, 9.5324569 ] ] ] } },
{ "type": "Feature", "properties": { "osm_id": "422539084", "code": "6101", "fclass": "rail", "name": "Addis Ababa – Djibouti Railway", "layer": 0, "bridge": "T", "tunnel": "F", "path": "F:\\AnimationData\\Rail\\EthioDjibouti\\Ethiopia_Rail.shp" }, "geometry": { "type": "MultiLineString", "coordinates": [ [ [ 41.3708562, 9.5530689 ], [ 41.3699734, 9.5526378 ], [ 41.369094, 9.5521641 ] ] ] } },
{ "type": "Feature", "properties": { "osm_id": "422539085", "code": "6101", "fclass": "rail", "name": "Addis Ababa – Djibouti Railway", "layer": 0, "bridge": "F", "tunnel": "F", "path": "F:\\AnimationData\\Rail\\EthioDjibouti\\Ethiopia_Rail.shp" }, "geometry": { "type": "MultiLineString", "coordinates": [ [ [ 41.369094, 9.5521641 ], [ 41.365769, 9.5504279 ], [ 41.3645376, 9.5497799 ], [ 41.3634604, 9.5491507 ], [ 41.3591989, 9.5463032 ], [ 41.3535396, 9.5424899 ] ] ] } },
{ "type": "Feature", "properties": { "osm_id": "422539086", "code": "6101", "fclass": "rail", "name": "Addis Ababa – Djibouti Railway", "layer": 0, "bridge": "F", "tunnel": "F", "path": "F:\\AnimationData\\Rail\\EthioDjibouti\\Ethiopia_Rail.shp" }, "geometry": { "type": "MultiLineString", "coordinates": [ [ [ 41.3753177, 9.5553676 ], [ 41.3743411, 9.5548303 ], [ 41.3724219, 9.5538475 ], [ 41.3708562, 9.5530689 ] ] ] } },
{ "type": "Feature", "properties": { "osm_id": "422539087", "code": "6101", "fclass": "rail", "name": "Addis Ababa – Djibouti Railway", "layer": 0, "bridge": "T", "tunnel": "F", "path": "F:\\AnimationData\\Rail\\EthioDjibouti\\Ethiopia_Rail.shp" }, "geometry": { "type": "MultiLineString", "coordinates": [ [ [ 41.3762218, 9.5559481 ], [ 41.3753177, 9.5553676 ] ] ] } },
{ "type": "Feature", "properties": { "osm_id": "422539089", "code": "6101", "fclass": "rail", "name": "Addis Ababa – Djibouti Railway", "layer": 0, "bridge": "F", "tunnel": "F", "path": "F:\\AnimationData\\Rail\\EthioDjibouti\\Ethiopia_Rail.shp" }, "geometry": { "type": "MultiLineString", "coordinates": [ [ [ 41.2718522, 9.5006887 ], [ 41.2708733, 9.501296 ], [ 41.257712, 9.5100336 ] ] ] } },
{ "type": "Feature", "properties": { "osm_id": "422539090", "code": "6101", "fclass": "rail", "name": "Addis Ababa – Djibouti Railway", "layer": 1, "bridge": "T", "tunnel": "F", "path": "F:\\AnimationData\\Rail\\EthioDjibouti\\Ethiopia_Rail.shp" }, "geometry": { "type": "MultiLineString", "coordinates": [ [ [ 41.2727026, 9.5002063 ], [ 41.2722944, 9.5004027 ], [ 41.2718522, 9.5006887 ] ] ] } },
{ "type": "Feature", "properties": { "osm_id": "422539092", "code": "6101", "fclass": "rail", "name": "Addis Ababa – Djibouti Railway", "layer": 1, "bridge": "T", "tunnel": "F", "path": "F:\\AnimationData\\Rail\\EthioDjibouti\\Ethiopia_Rail.shp" }, "geometry": { "type": "MultiLineString", "coordinates": [ [ [ 41.257712, 9.5100336 ], [ 41.2568588, 9.5105911 ] ] ] } },
{ "type": "Feature", "properties": { "osm_id": "422539093", "code": "6101", "fclass": "rail", "name": "Addis Ababa – Djibouti Railway", "layer": 0, "bridge": "F", "tunnel": "F", "path": "F:\\AnimationData\\Rail\\EthioDjibouti\\Ethiopia_Rail.shp" }, "geometry": { "type": "MultiLineString", "coordinates": [ [ [ 41.2568588, 9.5105911 ], [ 41.2555373, 9.5114652 ], [ 41.2546907, 9.5119606 ], [ 41.2537314, 9.5124305 ], [ 41.2524568, 9.5129172 ], [ 41.2511393, 9.5133072 ], [ 41.2446103, 9.5146893 ], [ 41.2438567, 9.5148962 ], [ 41.2425727, 9.5153665 ], [ 41.2418021, 9.5157564 ], [ 41.2413267, 9.5160433 ], [ 41.2407888, 9.5163661 ], [ 41.2399776, 9.5169769 ], [ 41.2392766, 9.5176263 ], [ 41.2387818, 9.5181522 ], [ 41.2381693, 9.5189216 ], [ 41.2377319, 9.5195651 ], [ 41.2372254, 9.520413 ], [ 41.2365863, 9.5215339 ], [ 41.2350958, 9.5241529 ], [ 41.232715, 9.5282936 ], [ 41.2320846, 9.529423 ], [ 41.2313177, 9.530582 ], [ 41.2306603, 9.5314614 ], [ 41.2298892, 9.5323864 ], [ 41.2291096, 9.533171 ], [ 41.2282846, 9.5339376 ], [ 41.226753, 9.5351362 ], [ 41.2253799, 9.5361011 ], [ 41.2232469, 9.5376409 ] ] ] } },
{ "type": "Feature", "properties": { "osm_id": "422539097", "code": "6101", "fclass": "rail", "name": "Addis Ababa – Djibouti Railway", "layer": 0, "bridge": "F", "tunnel": "F", "path": "F:\\AnimationData\\Rail\\EthioDjibouti\\Ethiopia_Rail.shp" }, "geometry": { "type": "MultiLineString", "coordinates": [ [ [ 41.2105294, 9.5471967 ], [ 41.2040283, 9.5486996 ], [ 41.2009875, 9.5494226 ], [ 41.1995725, 9.5497624 ], [ 41.1989961, 9.5499008 ], [ 41.1985723, 9.5500025 ], [ 41.1918632, 9.551554 ], [ 41.1893606, 9.5521487 ], [ 41.1887687, 9.5522894 ], [ 41.1873139, 9.5526351 ], [ 41.1865516, 9.5528079 ], [ 41.1858215, 9.5529059 ], [ 41.1851965, 9.5529591 ], [ 41.1845316, 9.5529434 ], [ 41.183887, 9.5528645 ], [ 41.1832865, 9.552751 ], [ 41.1821916, 9.5524035 ], [ 41.1815816, 9.5521166 ], [ 41.1807259, 9.5516301 ], [ 41.1774124, 9.549688 ], [ 41.1759659, 9.5488499 ], [ 41.1749351, 9.5482376 ], [ 41.1741745, 9.5478782 ], [ 41.173515, 9.5476627 ], [ 41.1726602, 9.5474693 ], [ 41.1717542, 9.5473808 ], [ 41.1706526, 9.547386 ], [ 41.1589689, 9.5476924 ], [ 41.1580915, 9.5476902 ], [ 41.1569458, 9.5476248 ], [ 41.1558143, 9.5474172 ], [ 41.1545933, 9.5470797 ], [ 41.1537856, 9.5467537 ] ] ] } },
{ "type": "Feature", "properties": { "osm_id": "422539098", "code": "6101", "fclass": "rail", "name": "Addis Ababa – Djibouti Railway", "layer": 1, "bridge": "T", "tunnel": "F", "path": "F:\\AnimationData\\Rail\\EthioDjibouti\\Ethiopia_Rail.shp" }, "geometry": { "type": "MultiLineString", "coordinates": [ [ [ 41.2232469, 9.5376409 ], [ 41.2223156, 9.5383207 ] ] ] } },
{ "type": "Feature", "properties": { "osm_id": "422539101", "code": "6101", "fclass": "rail", "name": null, "layer": 0, "bridge": "F", "tunnel": "F", "path": "F:\\AnimationData\\Rail\\EthioDjibouti\\Ethiopia_Rail.shp" }, "geometry": { "type": "MultiLineString", "coordinates": [ [ [ 41.1965422, 9.5509284 ], [ 41.1979639, 9.5505935 ], [ 41.1982618, 9.550491 ], [ 41.1985562, 9.5503475 ], [ 41.1989034, 9.5501172 ], [ 41.1992145, 9.5499581 ], [ 41.1995909, 9.5498099 ] ] ] } },
{ "type": "Feature", "properties": { "osm_id": "422539102", "code": "6101", "fclass": "rail", "name": "Addis Ababa – Djibouti Railway", "layer": 1, "bridge": "T", "tunnel": "F", "path": "F:\\AnimationData\\Rail\\EthioDjibouti\\Ethiopia_Rail.shp" }, "geometry": { "type": "MultiLineString", "coordinates": [ [ [ 41.1537856, 9.5467537 ], [ 41.1532088, 9.5464738 ], [ 41.152624, 9.546158 ] ] ] } },
{ "type": "Feature", "properties": { "osm_id": "422539103", "code": "6101", "fclass": "rail", "name": "Addis Ababa – Djibouti Railway", "layer": 0, "bridge": "F", "tunnel": "F", "path": "F:\\AnimationData\\Rail\\EthioDjibouti\\Ethiopia_Rail.shp" }, "geometry": { "type": "MultiLineString", "coordinates": [ [ [ 41.152624, 9.546158 ], [ 41.1523307, 9.5459968 ], [ 41.1490718, 9.543594 ], [ 41.1483873, 9.5431495 ], [ 41.147655, 9.5427641 ], [ 41.1465159, 9.542284 ], [ 41.1453948, 9.5419503 ], [ 41.1443541, 9.5417622 ], [ 41.1434617, 9.541672 ], [ 41.1426717, 9.5416533 ], [ 41.1414962, 9.5417109 ], [ 41.1399867, 9.5418723 ], [ 41.133193, 9.5425623 ] ] ] } },
{ "type": "Feature", "properties": { "osm_id": "422539106", "code": "6101", "fclass": "rail", "name": "Addis Ababa – Djibouti Railway", "layer": 0, "bridge": "F", "tunnel": "F", "path": "F:\\AnimationData\\Rail\\EthioDjibouti\\Ethiopia_Rail.shp" }, "geometry": { "type": "MultiLineString", "coordinates": [ [ [ 41.1327375, 9.5425961 ], [ 41.1312542, 9.5426477 ], [ 41.1293444, 9.5425783 ], [ 41.1273026, 9.542343 ], [ 41.1256281, 9.5420849 ], [ 41.124372, 9.5417976 ], [ 41.1153032, 9.5395775 ], [ 41.1142643, 9.5392014 ], [ 41.1137445, 9.5389668 ], [ 41.1132129, 9.5386614 ], [ 41.1125693, 9.5381879 ], [ 41.1119938, 9.5376729 ], [ 41.1111986, 9.5368011 ], [ 41.1087264, 9.5339644 ], [ 41.1076712, 9.532947 ] ] ] } },
{ "type": "Feature", "properties": { "osm_id": "422539107", "code": "6101", "fclass": "rail", "name": "Addis Ababa – Djibouti Railway", "layer": 1, "bridge": "T", "tunnel": "F", "path": "F:\\AnimationData\\Rail\\EthioDjibouti\\Ethiopia_Rail.shp" }, "geometry": { "type": "MultiLineString", "coordinates": [ [ [ 41.133193, 9.5425623 ], [ 41.1327375, 9.5425961 ] ] ] } },
{ "type": "Feature", "properties": { "osm_id": "422539109", "code": "6101", "fclass": "rail", "name": "Addis Ababa – Djibouti Railway", "layer": 0, "bridge": "F", "tunnel": "F", "path": "F:\\AnimationData\\Rail\\EthioDjibouti\\Ethiopia_Rail.shp" }, "geometry": { "type": "MultiLineString", "coordinates": [ [ [ 41.1073891, 9.5327081 ], [ 41.1067418, 9.5321921 ], [ 41.1028488, 9.5292389 ], [ 41.1016687, 9.5283383 ], [ 41.1006692, 9.5274565 ], [ 41.099897, 9.5266846 ], [ 41.0987001, 9.5253843 ], [ 41.0964345, 9.5229954 ] ] ] } },
{ "type": "Feature", "properties": { "osm_id": "422539110", "code": "6101", "fclass": "rail", "name": "Addis Ababa – Djibouti Railway", "layer": 1, "bridge": "T", "tunnel": "F", "path": "F:\\AnimationData\\Rail\\EthioDjibouti\\Ethiopia_Rail.shp" }, "geometry": { "type": "MultiLineString", "coordinates": [ [ [ 41.1076712, 9.532947 ], [ 41.1073891, 9.5327081 ] ] ] } },
{ "type": "Feature", "properties": { "osm_id": "422539112", "code": "6101", "fclass": "rail", "name": "Addis Ababa – Djibouti Railway", "layer": 0, "bridge": "F", "tunnel": "F", "path": "F:\\AnimationData\\Rail\\EthioDjibouti\\Ethiopia_Rail.shp" }, "geometry": { "type": "MultiLineString", "coordinates": [ [ [ 41.0898768, 9.5195462 ], [ 41.0889684, 9.5193937 ], [ 41.0883848, 9.5192931 ], [ 41.0876886, 9.5191048 ], [ 41.0868197, 9.5188037 ], [ 41.0858778, 9.5184068 ], [ 41.0799215, 9.5156915 ], [ 41.0786523, 9.5150315 ], [ 41.0776633, 9.5144474 ], [ 41.0741646, 9.5121692 ], [ 41.0718468, 9.5106683 ], [ 41.0708372, 9.5100929 ], [ 41.0696414, 9.5094543 ], [ 41.0601381, 9.5051371 ] ] ] } },
{ "type": "Feature", "properties": { "osm_id": "422539113", "code": "6101", "fclass": "rail", "name": "Addis Ababa – Djibouti Railway", "layer": 1, "bridge": "T", "tunnel": "F", "path": "F:\\AnimationData\\Rail\\EthioDjibouti\\Ethiopia_Rail.shp" }, "geometry": { "type": "MultiLineString", "coordinates": [ [ [ 41.0907224, 9.5196713 ], [ 41.0898768, 9.5195462 ] ] ] } },
{ "type": "Feature", "properties": { "osm_id": "422539115", "code": "6101", "fclass": "rail", "name": "Addis Ababa – Djibouti Railway", "layer": 0, "bridge": "F", "tunnel": "F", "path": "F:\\AnimationData\\Rail\\EthioDjibouti\\Ethiopia_Rail.shp" }, "geometry": { "type": "MultiLineString", "coordinates": [ [ [ 41.0937757, 9.5206449 ], [ 41.0932604, 9.5203794 ], [ 41.0923794, 9.5200101 ], [ 41.0919087, 9.5198878 ], [ 41.0914137, 9.5197751 ], [ 41.0907224, 9.5196713 ] ] ] } },
{ "type": "Feature", "properties": { "osm_id": "422539116", "code": "6101", "fclass": "rail", "name": "Addis Ababa – Djibouti Railway", "layer": 1, "bridge": "T", "tunnel": "F", "path": "F:\\AnimationData\\Rail\\EthioDjibouti\\Ethiopia_Rail.shp" }, "geometry": { "type": "MultiLineString", "coordinates": [ [ [ 41.0943744, 9.5210154 ], [ 41.0937757, 9.5206449 ] ] ] } },
{ "type": "Feature", "properties": { "osm_id": "422539118", "code": "6101", "fclass": "rail", "name": "Addis Ababa – Djibouti Railway", "layer": 0, "bridge": "F", "tunnel": "F", "path": "F:\\AnimationData\\Rail\\EthioDjibouti\\Ethiopia_Rail.shp" }, "geometry": { "type": "MultiLineString", "coordinates": [ [ [ 41.0516747, 9.5012569 ], [ 41.0510637, 9.5008709 ], [ 41.0504143, 9.5003863 ], [ 41.0496866, 9.4997075 ], [ 41.0487429, 9.498823 ], [ 41.0477169, 9.4978898 ], [ 41.0467085, 9.4971897 ], [ 41.0458127, 9.4967462 ], [ 41.0452254, 9.4965277 ], [ 41.0446953, 9.4963946 ], [ 41.0440431, 9.4962686 ], [ 41.0433909, 9.4962 ], [ 41.0426165, 9.4961903 ], [ 41.0416882, 9.4962898 ], [ 41.0399343, 9.496556 ], [ 41.0389649, 9.4966361 ], [ 41.0377766, 9.4966076 ], [ 41.0367307, 9.496429 ], [ 41.0358096, 9.4961137 ], [ 41.0348538, 9.4956373 ], [ 41.0341348, 9.4951506 ], [ 41.0333919, 9.4945407 ], [ 41.0318393, 9.4932545 ], [ 41.0313311, 9.4928641 ] ] ] } },
{ "type": "Feature", "properties": { "osm_id": "422539119", "code": "6101", "fclass": "rail", "name": "Addis Ababa – Djibouti Railway", "layer": 1, "bridge": "T", "tunnel": "F", "path": "F:\\AnimationData\\Rail\\EthioDjibouti\\Ethiopia_Rail.shp" }, "geometry": { "type": "MultiLineString", "coordinates": [ [ [ 41.051994, 9.5014158 ], [ 41.0516747, 9.5012569 ] ] ] } },
{ "type": "Feature", "properties": { "osm_id": "422539120", "code": "6101", "fclass": "rail", "name": "Addis Ababa – Djibouti Railway", "layer": 0, "bridge": "F", "tunnel": "F", "path": "F:\\AnimationData\\Rail\\EthioDjibouti\\Ethiopia_Rail.shp" }, "geometry": { "type": "MultiLineString", "coordinates": [ [ [ 41.0582547, 9.5043014 ], [ 41.051994, 9.5014158 ] ] ] } },
{ "type": "Feature", "properties": { "osm_id": "422539121", "code": "6101", "fclass": "rail", "name": "Addis Ababa – Djibouti Railway", "layer": 0, "bridge": "T", "tunnel": "F", "path": "F:\\AnimationData\\Rail\\EthioDjibouti\\Ethiopia_Rail.shp" }, "geometry": { "type": "MultiLineString", "coordinates": [ [ [ 41.0601381, 9.5051371 ], [ 41.0582547, 9.5043014 ] ] ] } },
{ "type": "Feature", "properties": { "osm_id": "422541054", "code": "6101", "fclass": "rail", "name": "Addis Ababa – Djibouti Railway", "layer": 0, "bridge": "F", "tunnel": "F", "path": "F:\\AnimationData\\Rail\\EthioDjibouti\\Ethiopia_Rail.shp" }, "geometry": { "type": "MultiLineString", "coordinates": [ [ [ 41.0313311, 9.4928641 ], [ 41.0308316, 9.492534 ], [ 41.0302813, 9.4922379 ], [ 41.0292594, 9.4918481 ], [ 41.0251628, 9.4905925 ], [ 41.0243855, 9.4903085 ], [ 41.0237078, 9.4900388 ], [ 41.0230252, 9.4896786 ], [ 41.0224887, 9.4893294 ], [ 41.0220352, 9.4889639 ], [ 41.021481, 9.4884164 ], [ 41.0209039, 9.4877298 ], [ 41.01457, 9.4795681 ], [ 41.0139931, 9.4789077 ], [ 41.0134013, 9.4783225 ], [ 41.0129116, 9.4778925 ], [ 41.0127332, 9.4777465 ] ] ] } },
{ "type": "Feature", "properties": { "osm_id": "422541056", "code": "6101", "fclass": "rail", "name": "Addis Ababa – Djibouti Railway", "layer": 0, "bridge": "T", "tunnel": "F", "path": "F:\\AnimationData\\Rail\\EthioDjibouti\\Ethiopia_Rail.shp" }, "geometry": { "type": "MultiLineString", "coordinates": [ [ [ 41.0127332, 9.4777465 ], [ 41.0123959, 9.477458 ] ] ] } },
{ "type": "Feature", "properties": { "osm_id": "422541057", "code": "6101", "fclass": "rail", "name": "Addis Ababa – Djibouti Railway", "layer": 0, "bridge": "F", "tunnel": "F", "path": "F:\\AnimationData\\Rail\\EthioDjibouti\\Ethiopia_Rail.shp" }, "geometry": { "type": "MultiLineString", "coordinates": [ [ [ 41.0037828, 9.4702805 ], [ 40.9992289, 9.4660304 ], [ 40.998923, 9.4657249 ], [ 40.9984779, 9.4652447 ], [ 40.9982544, 9.464968 ], [ 40.9979085, 9.4644976 ], [ 40.9976516, 9.4640594 ], [ 40.997523, 9.463818 ], [ 40.9974881, 9.4637412 ], [ 40.9972168, 9.463164 ], [ 40.9970462, 9.4626423 ], [ 40.9969101, 9.4621675 ], [ 40.9963752, 9.4602199 ], [ 40.9961933, 9.4595549 ], [ 40.9959073, 9.45861 ], [ 40.9957282, 9.4581445 ], [ 40.9955089, 9.4576553 ], [ 40.995346, 9.4573364 ], [ 40.9951015, 9.4569436 ], [ 40.9948998, 9.4566419 ], [ 40.9943682, 9.4559946 ], [ 40.993091, 9.454739 ], [ 40.9921728, 9.4537795 ], [ 40.9915586, 9.4529082 ], [ 40.9911774, 9.4521965 ], [ 40.9908653, 9.4513915 ], [ 40.9891037, 9.4450932 ], [ 40.9888871, 9.4440049 ], [ 40.9887797, 9.4429957 ], [ 40.9886068, 9.4408705 ], [ 40.9884801, 9.4396587 ], [ 40.9883188, 9.4388457 ], [ 40.988069, 9.4380533 ], [ 40.9871183, 9.4358796 ], [ 40.9868337, 9.4351377 ], [ 40.9866601, 9.4344366 ], [ 40.9865598, 9.4337292 ], [ 40.9865043, 9.4329102 ], [ 40.9866391, 9.4291426 ], [ 40.9865866, 9.4285323 ], [ 40.9864962, 9.4278464 ], [ 40.9845591, 9.4201578 ], [ 40.9841752, 9.4191311 ], [ 40.9837065, 9.4183176 ] ] ] } },
{ "type": "Feature", "properties": { "osm_id": "422541058", "code": "6101", "fclass": "rail", "name": "Addis Ababa – Djibouti Railway", "layer": 0, "bridge": "F", "tunnel": "F", "path": "F:\\AnimationData\\Rail\\EthioDjibouti\\Ethiopia_Rail.shp" }, "geometry": { "type": "MultiLineString", "coordinates": [ [ [ 40.9315974, 9.3741347 ], [ 40.9303589, 9.372879 ], [ 40.9270196, 9.3695709 ] ] ] } },
{ "type": "Feature", "properties": { "osm_id": "422541059", "code": "6101", "fclass": "rail", "name": "Addis Ababa – Djibouti Railway", "layer": 1, "bridge": "T", "tunnel": "F", "path": "F:\\AnimationData\\Rail\\EthioDjibouti\\Ethiopia_Rail.shp" }, "geometry": { "type": "MultiLineString", "coordinates": [ [ [ 40.9318594, 9.3743965 ], [ 40.9315974, 9.3741347 ] ] ] } },
{ "type": "Feature", "properties": { "osm_id": "422541062", "code": "6101", "fclass": "rail", "name": "Addis Ababa – Djibouti Railway", "layer": 0, "bridge": "F", "tunnel": "F", "path": "F:\\AnimationData\\Rail\\EthioDjibouti\\Ethiopia_Rail.shp" }, "geometry": { "type": "MultiLineString", "coordinates": [ [ [ 40.9401749, 9.3897835 ], [ 40.9396642, 9.3886332 ], [ 40.939345, 9.3876632 ], [ 40.9380846, 9.3827069 ], [ 40.9376636, 9.3814671 ], [ 40.9372053, 9.3804467 ], [ 40.9369183, 9.3799423 ], [ 40.9365953, 9.3794308 ], [ 40.9362918, 9.3789891 ], [ 40.9358522, 9.3784181 ], [ 40.9353067, 9.3778235 ], [ 40.9348334, 9.3773571 ], [ 40.933725, 9.3762199 ], [ 40.9318594, 9.3743965 ] ] ] } },
{ "type": "Feature", "properties": { "osm_id": "422541063", "code": "6101", "fclass": "rail", "name": "Addis Ababa – Djibouti Railway", "layer": 0, "bridge": "T", "tunnel": "F", "path": "F:\\AnimationData\\Rail\\EthioDjibouti\\Ethiopia_Rail.shp" }, "geometry": { "type": "MultiLineString", "coordinates": [ [ [ 40.9403543, 9.3901394 ], [ 40.9401749, 9.3897835 ] ] ] } },
{ "type": "Feature", "properties": { "osm_id": "422541064", "code": "6101", "fclass": "rail", "name": "Addis Ababa – Djibouti Railway", "layer": 0, "bridge": "F", "tunnel": "F", "path": "F:\\AnimationData\\Rail\\EthioDjibouti\\Ethiopia_Rail.shp" }, "geometry": { "type": "MultiLineString", "coordinates": [ [ [ 40.9264567, 9.3690089 ], [ 40.9102225, 9.3528336 ], [ 40.9092879, 9.3519115 ], [ 40.9083157, 9.3510142 ], [ 40.9033576, 9.3470623 ] ] ] } },
{ "type": "Feature", "properties": { "osm_id": "422541065", "code": "6101", "fclass": "rail", "name": "Addis Ababa – Djibouti Railway", "layer": 0, "bridge": "T", "tunnel": "F", "path": "F:\\AnimationData\\Rail\\EthioDjibouti\\Ethiopia_Rail.shp" }, "geometry": { "type": "MultiLineString", "coordinates": [ [ [ 40.9270196, 9.3695709 ], [ 40.9264567, 9.3690089 ] ] ] } },
{ "type": "Feature", "properties": { "osm_id": "422541067", "code": "6101", "fclass": "rail", "name": null, "layer": 0, "bridge": "T", "tunnel": "F", "path": "F:\\AnimationData\\Rail\\EthioDjibouti\\Ethiopia_Rail.shp" }, "geometry": { "type": "MultiLineString", "coordinates": [ [ [ 40.9033576, 9.3470623 ], [ 40.9030439, 9.3467829 ] ] ] } },
{ "type": "Feature", "properties": { "osm_id": "422547469", "code": "6101", "fclass": "rail", "name": "Addis Ababa – Djibouti Railway", "layer": 0, "bridge": "T", "tunnel": "F", "path": "F:\\AnimationData\\Rail\\EthioDjibouti\\Ethiopia_Rail.shp" }, "geometry": { "type": "MultiLineString", "coordinates": [ [ [ 41.5112039, 9.6020485 ], [ 41.5105285, 9.6019137 ] ] ] } },
{ "type": "Feature", "properties": { "osm_id": "422547470", "code": "6101", "fclass": "rail", "name": "Addis Ababa – Djibouti Railway", "layer": 0, "bridge": "F", "tunnel": "F", "path": "F:\\AnimationData\\Rail\\EthioDjibouti\\Ethiopia_Rail.shp" }, "geometry": { "type": "MultiLineString", "coordinates": [ [ [ 41.5105285, 9.6019137 ], [ 41.5097514, 9.6017636 ], [ 41.5088416, 9.6016295 ], [ 41.5081199, 9.6015915 ], [ 41.5073279, 9.6016385 ], [ 41.5065936, 9.6017586 ], [ 41.5060769, 9.6018926 ], [ 41.5056105, 9.6020402 ], [ 41.5031011, 9.6028728 ], [ 41.5013316, 9.6034861 ], [ 41.5003, 9.6037993 ], [ 41.499469, 9.6039787 ], [ 41.4987209, 9.6040905 ], [ 41.497939, 9.6041566 ], [ 41.4933956, 9.6044202 ], [ 41.4891623, 9.6046576 ], [ 41.4880439, 9.6046571 ], [ 41.4870639, 9.6045221 ], [ 41.4863721, 9.6043539 ] ] ] } },
{ "type": "Feature", "properties": { "osm_id": "422551382", "code": "6101", "fclass": "rail", "name": "Addis Ababa – Djibouti Railway", "layer": 1, "bridge": "T", "tunnel": "F", "path": "F:\\AnimationData\\Rail\\EthioDjibouti\\Ethiopia_Rail.shp" }, "geometry": { "type": "MultiLineString", "coordinates": [ [ [ 39.1406424, 8.5679698 ], [ 39.1404722, 8.5676243 ], [ 39.1403374, 8.5673545 ], [ 39.1401956, 8.5670907 ], [ 39.1394253, 8.5657249 ] ] ] } },
{ "type": "Feature", "properties": { "osm_id": "422554723", "code": "6101", "fclass": "rail", "name": "Addis Ababa – Djibouti Railway", "layer": 1, "bridge": "T", "tunnel": "F", "path": "F:\\AnimationData\\Rail\\EthioDjibouti\\Ethiopia_Rail.shp" }, "geometry": { "type": "MultiLineString", "coordinates": [ [ [ 38.6309818, 8.9106954 ], [ 38.6325433, 8.9115361 ], [ 38.6330735, 8.9118084 ], [ 38.6338518, 8.9121534 ] ] ] } },
{ "type": "Feature", "properties": { "osm_id": "422554724", "code": "6101", "fclass": "rail", "name": "Addis Ababa – Djibouti Railway", "layer": 0, "bridge": "F", "tunnel": "F", "path": "F:\\AnimationData\\Rail\\EthioDjibouti\\Ethiopia_Rail.shp" }, "geometry": { "type": "MultiLineString", "coordinates": [ [ [ 38.6338518, 8.9121534 ], [ 38.6345787, 8.9124489 ], [ 38.6351427, 8.9126756 ], [ 38.6356948, 8.9128832 ], [ 38.6368805, 8.9133168 ], [ 38.6391954, 8.9140674 ], [ 38.6455591, 8.9160341 ], [ 38.6467297, 8.9163867 ], [ 38.6513907, 8.9178594 ], [ 38.6523931, 8.9181959 ], [ 38.6530285, 8.918439 ], [ 38.6537523, 8.9187695 ], [ 38.6545242, 8.919169 ], [ 38.6552072, 8.9196059 ], [ 38.6558292, 8.9200467 ], [ 38.6565368, 8.9205889 ], [ 38.6570982, 8.9210524 ], [ 38.6595136, 8.9232701 ] ] ] } },
{ "type": "Feature", "properties": { "osm_id": "446655392", "code": "6101", "fclass": "rail", "name": "Addis Ababa – Djibouti Railway", "layer": 1, "bridge": "T", "tunnel": "F", "path": "F:\\AnimationData\\Rail\\EthioDjibouti\\Ethiopia_Rail.shp" }, "geometry": { "type": "MultiLineString", "coordinates": [ [ [ 42.0192736, 10.153947 ], [ 42.0182319, 10.1520274 ] ] ] } },
{ "type": "Feature", "properties": { "osm_id": "446655396", "code": "6101", "fclass": "rail", "name": "Addis Ababa – Djibouti Railway", "layer": 0, "bridge": "F", "tunnel": "F", "path": "F:\\AnimationData\\Rail\\EthioDjibouti\\Ethiopia_Rail.shp" }, "geometry": { "type": "MultiLineString", "coordinates": [ [ [ 42.6414895, 10.9593221 ], [ 42.6415826, 10.9584129 ], [ 42.6416839, 10.9561732 ], [ 42.6416899, 10.955429 ], [ 42.6416059, 10.9546458 ], [ 42.6413844, 10.9534907 ], [ 42.6408711, 10.9515094 ], [ 42.6406853, 10.9507252 ], [ 42.6405185, 10.9496888 ], [ 42.6404925, 10.9484215 ], [ 42.640679, 10.9473836 ], [ 42.6409729, 10.9463712 ], [ 42.6412164, 10.9457714 ], [ 42.641642, 10.9449788 ], [ 42.6429153, 10.9430664 ], [ 42.6433538, 10.942272 ], [ 42.6436147, 10.9416798 ], [ 42.6438304, 10.9410966 ], [ 42.6439873, 10.9405986 ], [ 42.6440988, 10.9399998 ], [ 42.64425, 10.9374977 ], [ 42.6445461, 10.9348556 ], [ 42.6447678, 10.9335302 ], [ 42.6450811, 10.9324982 ], [ 42.6455239, 10.9314205 ], [ 42.6458923, 10.9303783 ], [ 42.6462422, 10.9291683 ], [ 42.6463499, 10.9284672 ], [ 42.6463941, 10.9277483 ], [ 42.6462458, 10.926536 ], [ 42.6459529, 10.9254308 ], [ 42.6455804, 10.9245298 ], [ 42.6448837, 10.9230046 ], [ 42.6446169, 10.9224357 ], [ 42.6443075, 10.9215773 ], [ 42.6440871, 10.9205781 ], [ 42.6437275, 10.9177211 ], [ 42.6434624, 10.9152105 ], [ 42.6432547, 10.91378 ], [ 42.643172, 10.9133562 ], [ 42.6430054, 10.9127918 ], [ 42.6425966, 10.9118676 ] ] ] } },
{ "type": "Feature", "properties": { "osm_id": "492986247", "code": "6101", "fclass": "rail", "name": null, "layer": 0, "bridge": "F", "tunnel": "F", "path": "F:\\AnimationData\\Rail\\EthioDjibouti\\Ethiopia_Rail.shp" }, "geometry": { "type": "MultiLineString", "coordinates": [ [ [ 40.9799532, 11.7175517 ], [ 40.9797869, 11.7175044 ], [ 40.9808947, 11.7179535 ], [ 40.9812112, 11.7181453 ], [ 40.981635, 11.718316 ], [ 40.9821902, 11.7185392 ], [ 40.9826301, 11.7187624 ], [ 40.9829251, 11.7188938 ] ] ] } },
{ "type": "Feature", "properties": { "osm_id": "568000796", "code": "6101", "fclass": "rail", "name": "Addis Ababa – Djibouti Railway", "layer": 0, "bridge": "F", "tunnel": "F", "path": "F:\\AnimationData\\Rail\\EthioDjibouti\\Ethiopia_Rail.shp" }, "geometry": { "type": "MultiLineString", "coordinates": [ [ [ 38.9379474, 8.7977059 ], [ 38.9593168, 8.7925003 ], [ 38.9605466, 8.7922558 ], [ 38.9615298, 8.7920964 ], [ 38.9627733, 8.7919508 ], [ 38.9637811, 8.7918782 ], [ 38.9652462, 8.7918515 ], [ 38.9666269, 8.7918991 ], [ 38.9683033, 8.7920038 ], [ 38.9911105, 8.7938084 ], [ 38.9946789, 8.7940954 ], [ 38.9958984, 8.7941832 ], [ 38.9968167, 8.7941973 ], [ 38.9974903, 8.7941725 ] ] ] } },
{ "type": "Feature", "properties": { "osm_id": "568000797", "code": "6101", "fclass": "rail", "name": "Addis Ababa – Djibouti Railway", "layer": 1, "bridge": "T", "tunnel": "F", "path": "F:\\AnimationData\\Rail\\EthioDjibouti\\Ethiopia_Rail.shp" }, "geometry": { "type": "MultiLineString", "coordinates": [ [ [ 38.9377087, 8.7977642 ], [ 38.9379474, 8.7977059 ] ] ] } },
{ "type": "Feature", "properties": { "osm_id": "568000807", "code": "6101", "fclass": "rail", "name": "Addis Ababa – Djibouti Railway", "layer": 1, "bridge": "T", "tunnel": "F", "path": "F:\\AnimationData\\Rail\\EthioDjibouti\\Ethiopia_Rail.shp" }, "geometry": { "type": "MultiLineString", "coordinates": [ [ [ 39.0834107, 8.6697002 ], [ 39.083638, 8.6685814 ] ] ] } },
{ "type": "Feature", "properties": { "osm_id": "568000808", "code": "6101", "fclass": "rail", "name": "Addis Ababa – Djibouti Railway", "layer": 0, "bridge": "F", "tunnel": "F", "path": "F:\\AnimationData\\Rail\\EthioDjibouti\\Ethiopia_Rail.shp" }, "geometry": { "type": "MultiLineString", "coordinates": [ [ [ 38.9982941, 8.7941149 ], [ 38.9992105, 8.7939917 ], [ 38.9999137, 8.7938494 ], [ 39.000512, 8.7936941 ], [ 39.0010693, 8.7935121 ], [ 39.0019072, 8.7932183 ], [ 39.0028858, 8.7927933 ], [ 39.0039734, 8.7922217 ], [ 39.0051016, 8.7914947 ], [ 39.0059348, 8.7908783 ], [ 39.0067183, 8.7902084 ], [ 39.0075131, 8.7894321 ], [ 39.0081772, 8.7886373 ], [ 39.0086175, 8.7880232 ], [ 39.0090424, 8.7874256 ], [ 39.0095468, 8.7865728 ], [ 39.0100133, 8.7856415 ], [ 39.0104009, 8.7846699 ], [ 39.0107084, 8.7836869 ], [ 39.0109781, 8.7825926 ], [ 39.0122665, 8.7767975 ], [ 39.0125072, 8.7757893 ], [ 39.0128097, 8.7749263 ], [ 39.0131743, 8.7740467 ], [ 39.0137456, 8.7730306 ], [ 39.0144636, 8.7719201 ], [ 39.0152594, 8.7707006 ] ] ] } },
{ "type": "Feature", "properties": { "osm_id": "568000812", "code": "6101", "fclass": "rail", "name": "Addis Ababa – Djibouti Railway", "layer": 1, "bridge": "T", "tunnel": "F", "path": "F:\\AnimationData\\Rail\\EthioDjibouti\\Ethiopia_Rail.shp" }, "geometry": { "type": "MultiLineString", "coordinates": [ [ [ 39.2284678, 8.5129932 ], [ 39.2291238, 8.5134463 ] ] ] } },
{ "type": "Feature", "properties": { "osm_id": "568000817", "code": "6101", "fclass": "rail", "name": null, "layer": 0, "bridge": "F", "tunnel": "F", "path": "F:\\AnimationData\\Rail\\EthioDjibouti\\Ethiopia_Rail.shp" }, "geometry": { "type": "MultiLineString", "coordinates": [ [ [ 41.776768, 9.6275126 ], [ 41.7782646, 9.629012 ], [ 41.778388, 9.6291363 ], [ 41.7786482, 9.6293241 ], [ 41.7790532, 9.6295065 ], [ 41.7793402, 9.6295779 ], [ 41.7794524, 9.629597 ], [ 41.7796391, 9.6296356 ] ] ] } },
{ "type": "Feature", "properties": { "osm_id": "570641850", "code": "6101", "fclass": "rail", "name": null, "layer": 0, "bridge": "F", "tunnel": "F", "path": "F:\\AnimationData\\Rail\\EthioDjibouti\\Ethiopia_Rail.shp" }, "geometry": { "type": "MultiLineString", "coordinates": [ [ [ 38.7578463, 8.8602014 ], [ 38.7580474, 8.8600024 ], [ 38.7582043, 8.8598336 ], [ 38.7583418, 8.8596231 ], [ 38.7584414, 8.8594303 ], [ 38.7585201, 8.8591621 ], [ 38.7585703, 8.8588759 ], [ 38.7588989, 8.8569633 ], [ 38.7589251, 8.856806 ] ] ] } },
{ "type": "Feature", "properties": { "osm_id": "570641852", "code": "6101", "fclass": "rail", "name": null, "layer": 0, "bridge": "F", "tunnel": "F", "path": "F:\\AnimationData\\Rail\\EthioDjibouti\\Ethiopia_Rail.shp" }, "geometry": { "type": "MultiLineString", "coordinates": [ [ [ 38.7574931, 8.8604514 ], [ 38.7577311, 8.8602905 ], [ 38.7578463, 8.8602014 ], [ 38.7581264, 8.8600196 ], [ 38.7583809, 8.8598196 ], [ 38.7586068, 8.8596114 ], [ 38.7587833, 8.8593933 ], [ 38.7589015, 8.8592205 ], [ 38.7590803, 8.8589265 ], [ 38.7591948, 8.8586221 ], [ 38.7593974, 8.8578832 ], [ 38.7594838, 8.8576549 ], [ 38.7595759, 8.8574358 ], [ 38.7596791, 8.8572485 ], [ 38.7597854, 8.8570797 ], [ 38.7599232, 8.8568982 ], [ 38.7600757, 8.8567451 ], [ 38.7602281, 8.8566221 ], [ 38.7603804, 8.8565113 ], [ 38.7605514, 8.8563958 ], [ 38.7664701, 8.8529712 ] ] ] } },
{ "type": "Feature", "properties": { "osm_id": "570647147", "code": "6101", "fclass": "rail", "name": null, "layer": 0, "bridge": "F", "tunnel": "F", "path": "F:\\AnimationData\\Rail\\EthioDjibouti\\Ethiopia_Rail.shp" }, "geometry": { "type": "MultiLineString", "coordinates": [ [ [ 38.7737122, 8.8434854 ], [ 38.7733159, 8.8431614 ], [ 38.7730694, 8.8429724 ], [ 38.7727348, 8.842723 ], [ 38.7719126, 8.8421734 ], [ 38.7715046, 8.8418917 ], [ 38.7710752, 8.8416125 ], [ 38.7708038, 8.8414263 ], [ 38.7698468, 8.8407698 ] ] ] } },
{ "type": "Feature", "properties": { "osm_id": "570647149", "code": "6101", "fclass": "rail", "name": null, "layer": 0, "bridge": "F", "tunnel": "F", "path": "F:\\AnimationData\\Rail\\EthioDjibouti\\Ethiopia_Rail.shp" }, "geometry": { "type": "MultiLineString", "coordinates": [ [ [ 38.7722657, 8.8422303 ], [ 38.7721007, 8.8419979 ], [ 38.771888, 8.8417573 ], [ 38.771653, 8.8415316 ], [ 38.7714205, 8.8413451 ], [ 38.771168, 8.8411776 ] ] ] } },
{ "type": "Feature", "properties": { "osm_id": "570647152", "code": "6101", "fclass": "rail", "name": null, "layer": 0, "bridge": "F", "tunnel": "F", "path": "F:\\AnimationData\\Rail\\EthioDjibouti\\Ethiopia_Rail.shp" }, "geometry": { "type": "MultiLineString", "coordinates": [ [ [ 38.7711307, 8.8412314 ], [ 38.7714329, 8.8414228 ], [ 38.7716235, 8.8415712 ], [ 38.7718568, 8.8417885 ], [ 38.7720981, 8.8420588 ] ] ] } },
{ "type": "Feature", "properties": { "osm_id": "570647353", "code": "6101", "fclass": "rail", "name": null, "layer": 0, "bridge": "F", "tunnel": "F", "path": "F:\\AnimationData\\Rail\\EthioDjibouti\\Ethiopia_Rail.shp" }, "geometry": { "type": "MultiLineString", "coordinates": [ [ [ 38.7728834, 8.8429484 ], [ 38.7726102, 8.8428114 ], [ 38.7723977, 8.8427098 ], [ 38.7721409, 8.8426295 ], [ 38.7719604, 8.8425613 ], [ 38.7717681, 8.8424739 ], [ 38.7715739, 8.8423515 ], [ 38.7683568, 8.8401966 ] ] ] } },
{ "type": "Feature", "properties": { "osm_id": "570647354", "code": "6101", "fclass": "rail", "name": null, "layer": 0, "bridge": "F", "tunnel": "F", "path": "F:\\AnimationData\\Rail\\EthioDjibouti\\Ethiopia_Rail.shp" }, "geometry": { "type": "MultiLineString", "coordinates": [ [ [ 38.7683849, 8.8401482 ], [ 38.7717393, 8.8423795 ], [ 38.7719085, 8.8424623 ], [ 38.7721831, 8.8426003 ], [ 38.7723977, 8.8427098 ] ] ] } },
{ "type": "Feature", "properties": { "osm_id": "570650051", "code": "6101", "fclass": "rail", "name": "Addis Ababa – Djibouti Railway", "layer": 1, "bridge": "T", "tunnel": "F", "path": "F:\\AnimationData\\Rail\\EthioDjibouti\\Ethiopia_Rail.shp" }, "geometry": { "type": "MultiLineString", "coordinates": [ [ [ 38.7546363, 8.8622697 ], [ 38.7544695, 8.8623711 ] ] ] } },
{ "type": "Feature", "properties": { "osm_id": "570672620", "code": "6101", "fclass": "rail", "name": null, "layer": 0, "bridge": "F", "tunnel": "F", "path": "F:\\AnimationData\\Rail\\EthioDjibouti\\Ethiopia_Rail.shp" }, "geometry": { "type": "MultiLineString", "coordinates": [ [ [ 39.2701541, 8.5045613 ], [ 39.2698236, 8.5046549 ], [ 39.2693531, 8.504915 ], [ 39.2674936, 8.5065269 ] ] ] } },
{ "type": "Feature", "properties": { "osm_id": "570675018", "code": "6101", "fclass": "rail", "name": "Addis Ababa – Djibouti Railway", "layer": 0, "bridge": "T", "tunnel": "F", "path": "F:\\AnimationData\\Rail\\EthioDjibouti\\Ethiopia_Rail.shp" }, "geometry": { "type": "MultiLineString", "coordinates": [ [ [ 41.7917379, 9.6305439 ], [ 41.7912519, 9.6305051 ] ] ] } },
{ "type": "Feature", "properties": { "osm_id": "570675019", "code": "6101", "fclass": "rail", "name": "Addis Ababa – Djibouti Railway", "layer": 0, "bridge": "F", "tunnel": "F", "path": "F:\\AnimationData\\Rail\\EthioDjibouti\\Ethiopia_Rail.shp" }, "geometry": { "type": "MultiLineString", "coordinates": [ [ [ 41.795842, 9.6311955 ], [ 41.7948286, 9.6309255 ], [ 41.7943179, 9.6308243 ], [ 41.7936796, 9.6307179 ], [ 41.7930154, 9.6306352 ], [ 41.7924206, 9.6305868 ], [ 41.7917379, 9.6305439 ] ] ] } },
{ "type": "Feature", "properties": { "osm_id": "570675020", "code": "6101", "fclass": "rail", "name": "Addis Ababa – Djibouti Railway", "layer": 1, "bridge": "T", "tunnel": "F", "path": "F:\\AnimationData\\Rail\\EthioDjibouti\\Ethiopia_Rail.shp" }, "geometry": { "type": "MultiLineString", "coordinates": [ [ [ 41.7962559, 9.631334 ], [ 41.7960477, 9.6312591 ], [ 41.795842, 9.6311955 ] ] ] } },
{ "type": "Feature", "properties": { "osm_id": "570675021", "code": "6101", "fclass": "rail", "name": "Addis Ababa – Djibouti Railway", "layer": 0, "bridge": "F", "tunnel": "F", "path": "F:\\AnimationData\\Rail\\EthioDjibouti\\Ethiopia_Rail.shp" }, "geometry": { "type": "MultiLineString", "coordinates": [ [ [ 41.8016764, 9.6345999 ], [ 41.8013669, 9.6343027 ], [ 41.8007915, 9.6338223 ], [ 41.8002373, 9.6334015 ], [ 41.7996873, 9.6330158 ], [ 41.7990698, 9.6326213 ], [ 41.7984424, 9.6322773 ], [ 41.7977915, 9.6319506 ], [ 41.7974012, 9.6317734 ], [ 41.7968901, 9.6315668 ], [ 41.7962559, 9.631334 ] ] ] } },
{ "type": "Feature", "properties": { "osm_id": "570675022", "code": "6101", "fclass": "rail", "name": "Addis Ababa – Djibouti Railway", "layer": 1, "bridge": "T", "tunnel": "F", "path": "F:\\AnimationData\\Rail\\EthioDjibouti\\Ethiopia_Rail.shp" }, "geometry": { "type": "MultiLineString", "coordinates": [ [ [ 41.805545, 9.6396436 ], [ 41.8051215, 9.6390366 ] ] ] } },
{ "type": "Feature", "properties": { "osm_id": "585717564", "code": "6101", "fclass": "rail", "name": "Addis Ababa – Djibouti Railway", "layer": 0, "bridge": "F", "tunnel": "F", "path": "F:\\AnimationData\\Rail\\EthioDjibouti\\Ethiopia_Rail.shp" }, "geometry": { "type": "MultiLineString", "coordinates": [ [ [ 39.2291238, 8.5134463 ], [ 39.2296174, 8.5137737 ], [ 39.2303622, 8.5142102 ] ] ] } },
{ "type": "Feature", "properties": { "osm_id": "594516385", "code": "6101", "fclass": "rail", "name": "Awash–Weldiya Railway", "layer": 0, "bridge": "F", "tunnel": "F", "path": "F:\\AnimationData\\Rail\\EthioDjibouti\\Ethiopia_Rail.shp" }, "geometry": { "type": "MultiLineString", "coordinates": [ [ [ 39.7021995, 11.1009435 ], [ 39.7022838, 11.1005472 ], [ 39.7023576, 11.1002529 ], [ 39.7024463, 11.0999385 ], [ 39.7025715, 11.0996577 ], [ 39.7027419, 11.0993576 ], [ 39.702984, 11.0989861 ], [ 39.7031979, 11.0986841 ], [ 39.7034735, 11.0984116 ], [ 39.7037887, 11.0981544 ], [ 39.7041229, 11.0979465 ], [ 39.7045096, 11.0977812 ], [ 39.7049766, 11.0976044 ], [ 39.7061029, 11.0972833 ], [ 39.706488, 11.0971591 ], [ 39.7068395, 11.097017 ], [ 39.7071916, 11.0968395 ], [ 39.7075045, 11.0966407 ], [ 39.7078249, 11.0964025 ], [ 39.7080519, 11.0961918 ], [ 39.7082565, 11.0959765 ], [ 39.7084767, 11.0956795 ], [ 39.7086973, 11.0953093 ], [ 39.7088722, 11.0949719 ], [ 39.7089779, 11.0946472 ], [ 39.7090222, 11.0942864 ], [ 39.7090317, 11.0939344 ], [ 39.7090069, 11.093541 ], [ 39.7089571, 11.0931984 ], [ 39.7088946, 11.0928424 ], [ 39.7088094, 11.0924917 ], [ 39.7083999, 11.0913147 ] ] ] } },
{ "type": "Feature", "properties": { "osm_id": "594806210", "code": "6101", "fclass": "rail", "name": "Awash–Weldiya Railway", "layer": 0, "bridge": "F", "tunnel": "F", "path": "F:\\AnimationData\\Rail\\EthioDjibouti\\Ethiopia_Rail.shp" }, "geometry": { "type": "MultiLineString", "coordinates": [ [ [ 39.7221988, 11.0684601 ], [ 39.7219132, 11.068659 ], [ 39.7216471, 11.0688258 ], [ 39.7214423, 11.068943 ], [ 39.7211871, 11.0690764 ], [ 39.720892, 11.0692143 ], [ 39.7091422, 11.0736644 ], [ 39.7087126, 11.0738309 ], [ 39.7083689, 11.0739827 ], [ 39.7079323, 11.0742214 ], [ 39.7074238, 11.0745586 ], [ 39.7070733, 11.0748438 ], [ 39.7067091, 11.0751818 ], [ 39.7064251, 11.0754831 ], [ 39.7062103, 11.0757444 ], [ 39.7059567, 11.0760883 ], [ 39.7056775, 11.0766063 ] ] ] } },
{ "type": "Feature", "properties": { "osm_id": "594806218", "code": "6101", "fclass": "rail", "name": "Awash–Weldiya Railway", "layer": -1, "bridge": "F", "tunnel": "T", "path": "F:\\AnimationData\\Rail\\EthioDjibouti\\Ethiopia_Rail.shp" }, "geometry": { "type": "MultiLineString", "coordinates": [ [ [ 39.7242318, 11.0660591 ], [ 39.7239945, 11.0664904 ], [ 39.723741, 11.0668818 ], [ 39.7235055, 11.0671988 ], [ 39.7232138, 11.0675438 ], [ 39.7229011, 11.0678671 ], [ 39.7225371, 11.0681947 ], [ 39.7221988, 11.0684601 ] ] ] } },
{ "type": "Feature", "properties": { "osm_id": "594806222", "code": "6101", "fclass": "rail", "name": "Awash–Weldiya Railway", "layer": 1, "bridge": "T", "tunnel": "F", "path": "F:\\AnimationData\\Rail\\EthioDjibouti\\Ethiopia_Rail.shp" }, "geometry": { "type": "MultiLineString", "coordinates": [ [ [ 39.7056775, 11.0766063 ], [ 39.705527, 11.0768779 ] ] ] } },
{ "type": "Feature", "properties": { "osm_id": "594806223", "code": "6101", "fclass": "rail", "name": "Awash–Weldiya Railway", "layer": 0, "bridge": "F", "tunnel": "F", "path": "F:\\AnimationData\\Rail\\EthioDjibouti\\Ethiopia_Rail.shp" }, "geometry": { "type": "MultiLineString", "coordinates": [ [ [ 39.705527, 11.0768779 ], [ 39.7054366, 11.0770639 ], [ 39.7053508, 11.0772407 ], [ 39.7052157, 11.0775273 ], [ 39.7051109, 11.0778454 ], [ 39.7050149, 11.0782114 ], [ 39.7049333, 11.0786285 ], [ 39.7048697, 11.0790514 ], [ 39.7048378, 11.0794681 ], [ 39.7048245, 11.0798117 ], [ 39.7048337, 11.0802443 ], [ 39.7048739, 11.0806621 ] ] ] } },
{ "type": "Feature", "properties": { "osm_id": "594806224", "code": "6101", "fclass": "rail", "name": "Awash–Weldiya Railway", "layer": 1, "bridge": "T", "tunnel": "F", "path": "F:\\AnimationData\\Rail\\EthioDjibouti\\Ethiopia_Rail.shp" }, "geometry": { "type": "MultiLineString", "coordinates": [ [ [ 39.7048739, 11.0806621 ], [ 39.7049738, 11.0811752 ] ] ] } },
{ "type": "Feature", "properties": { "osm_id": "594941245", "code": "6101", "fclass": "rail", "name": "Addis Ababa – Djibouti Railway", "layer": 1, "bridge": "T", "tunnel": "F", "path": "F:\\AnimationData\\Rail\\EthioDjibouti\\Ethiopia_Rail.shp" }, "geometry": { "type": "MultiLineString", "coordinates": [ [ [ 39.2829224, 8.504633 ], [ 39.2835171, 8.505033 ] ] ] } },
{ "type": "Feature", "properties": { "osm_id": "594941249", "code": "6101", "fclass": "rail", "name": "Addis Ababa – Djibouti Railway", "layer": 0, "bridge": "F", "tunnel": "F", "path": "F:\\AnimationData\\Rail\\EthioDjibouti\\Ethiopia_Rail.shp" }, "geometry": { "type": "MultiLineString", "coordinates": [ [ [ 39.2835171, 8.505033 ], [ 39.2877668, 8.5078087 ], [ 39.2894144, 8.5088933 ], [ 39.2898153, 8.5091857 ], [ 39.2904193, 8.5096406 ], [ 39.2909221, 8.5100666 ], [ 39.2912626, 8.5103703 ], [ 39.2916437, 8.5107419 ], [ 39.2921799, 8.5112647 ], [ 39.2926836, 8.5118382 ], [ 39.2932191, 8.512537 ], [ 39.2937412, 8.5133076 ], [ 39.2942395, 8.5142012 ], [ 39.2958903, 8.5177013 ], [ 39.2961373, 8.5182791 ], [ 39.2963037, 8.5186902 ], [ 39.2964711, 8.5191763 ], [ 39.2966465, 8.5197529 ], [ 39.2968344, 8.5204573 ], [ 39.2969454, 8.5209465 ], [ 39.2970311, 8.5214284 ], [ 39.2971035, 8.5219876 ], [ 39.2971779, 8.5227335 ], [ 39.2973987, 8.5263353 ], [ 39.2974574, 8.527131 ], [ 39.2975216, 8.5278211 ], [ 39.2976678, 8.5286879 ], [ 39.2977813, 8.5292183 ], [ 39.2979636, 8.5299157 ], [ 39.2981395, 8.5305037 ], [ 39.2983352, 8.5310644 ], [ 39.2985818, 8.5317084 ], [ 39.2988947, 8.5324114 ], [ 39.2992339, 8.5330697 ], [ 39.2996637, 8.5338669 ], [ 39.3020312, 8.5381237 ], [ 39.3024283, 8.5389109 ], [ 39.3027449, 8.5396231 ], [ 39.3029637, 8.5401411 ], [ 39.303197, 8.5408643 ], [ 39.303395, 8.5415849 ], [ 39.3035897, 8.5424608 ], [ 39.3049716, 8.5496096 ], [ 39.305232, 8.5506309 ], [ 39.3055355, 8.5515719 ], [ 39.3058905, 8.5524054 ], [ 39.3062629, 8.5531906 ], [ 39.3066142, 8.5538289 ], [ 39.3071095, 8.5545906 ], [ 39.3075882, 8.5552647 ], [ 39.3081878, 8.5560098 ], [ 39.3088606, 8.5567368 ], [ 39.3094366, 8.5572879 ], [ 39.3100313, 8.5578016 ], [ 39.311459, 8.5589472 ], [ 39.3281321, 8.5724106 ], [ 39.3386988, 8.5809429 ], [ 39.3581729, 8.596667 ], [ 39.3612048, 8.5991717 ], [ 39.3633838, 8.6009935 ], [ 39.3641604, 8.6016949 ], [ 39.3655523, 8.6030122 ], [ 39.3674863, 8.6050477 ], [ 39.3688873, 8.6066764 ], [ 39.3696185, 8.6075285 ], [ 39.3773206, 8.6166602 ] ] ] } },
{ "type": "Feature", "properties": { "osm_id": "594941256", "code": "6101", "fclass": "rail", "name": "Addis Ababa – Djibouti Railway", "layer": 1, "bridge": "T", "tunnel": "F", "path": "F:\\AnimationData\\Rail\\EthioDjibouti\\Ethiopia_Rail.shp" }, "geometry": { "type": "MultiLineString", "coordinates": [ [ [ 39.3774718, 8.6168386 ], [ 39.3773206, 8.6166602 ] ] ] } },
{ "type": "Feature", "properties": { "osm_id": "594941259", "code": "6101", "fclass": "rail", "name": "Addis Ababa – Djibouti Railway", "layer": 0, "bridge": "F", "tunnel": "F", "path": "F:\\AnimationData\\Rail\\EthioDjibouti\\Ethiopia_Rail.shp" }, "geometry": { "type": "MultiLineString", "coordinates": [ [ [ 39.5435257, 8.7049649 ], [ 39.5435604, 8.7023778 ], [ 39.5435035, 8.7002813 ], [ 39.5429246, 8.693661 ], [ 39.5428391, 8.69273 ], [ 39.5426661, 8.6917857 ], [ 39.5424574, 8.6908678 ], [ 39.5421466, 8.6896693 ], [ 39.5418705, 8.6889366 ], [ 39.5414369, 8.6879892 ], [ 39.5408526, 8.6869013 ], [ 39.5403482, 8.6861011 ], [ 39.5399459, 8.685541 ], [ 39.5368218, 8.6818711 ], [ 39.5366552, 8.681675 ], [ 39.5305473, 8.6744874 ], [ 39.5303024, 8.6741992 ], [ 39.5264571, 8.6696741 ], [ 39.5251403, 8.6683575 ], [ 39.5243472, 8.667751 ], [ 39.5235541, 8.6673368 ], [ 39.5227519, 8.6670139 ], [ 39.5220227, 8.6668091 ], [ 39.5211641, 8.6666867 ], [ 39.5203219, 8.6666563 ], [ 39.5194631, 8.6667476 ], [ 39.5185936, 8.6669613 ], [ 39.517344, 8.6673812 ], [ 39.5096717, 8.6707441 ], [ 39.5084338, 8.6712817 ], [ 39.5071279, 8.6716942 ], [ 39.5062609, 8.6719194 ], [ 39.5054847, 8.6720236 ], [ 39.5046738, 8.6720484 ], [ 39.5037393, 8.6719251 ], [ 39.5029744, 8.6717352 ], [ 39.502193, 8.6714731 ], [ 39.5013708, 8.6710515 ], [ 39.5003624, 8.6703382 ], [ 39.49601, 8.6669052 ], [ 39.4952344, 8.6663006 ], [ 39.4950169, 8.6661679 ], [ 39.4947991, 8.666035 ], [ 39.4941499, 8.6656948 ], [ 39.4931174, 8.6652954 ], [ 39.4924273, 8.6651483 ], [ 39.4917906, 8.6650537 ], [ 39.4909626, 8.6649847 ], [ 39.4901139, 8.6650608 ], [ 39.4892752, 8.6652122 ], [ 39.4884073, 8.6654643 ], [ 39.4876633, 8.6658022 ], [ 39.4865377, 8.6665364 ], [ 39.4859839, 8.6669787 ], [ 39.4855702, 8.6674164 ], [ 39.4850557, 8.6680851 ], [ 39.4845566, 8.6689424 ], [ 39.4844305, 8.6692169 ], [ 39.4818482, 8.6746041 ], [ 39.4813579, 8.6754494 ], [ 39.4810439, 8.6758551 ], [ 39.4808316, 8.6760977 ], [ 39.4802321, 8.6766859 ], [ 39.4794252, 8.6773173 ], [ 39.4786955, 8.6777467 ], [ 39.4779529, 8.6780783 ], [ 39.4772801, 8.6782915 ], [ 39.4766011, 8.6784359 ], [ 39.475883, 8.6785251 ], [ 39.4733083, 8.678721 ], [ 39.4712276, 8.6788649 ], [ 39.4704809, 8.6789545 ], [ 39.469603, 8.6790813 ], [ 39.4686835, 8.679247 ], [ 39.4676761, 8.6794618 ], [ 39.4599905, 8.681346 ], [ 39.4583147, 8.6816525 ], [ 39.4570032, 8.6817473 ], [ 39.4558131, 8.6817158 ], [ 39.4550421, 8.6816559 ], [ 39.4542634, 8.6815444 ], [ 39.4536796, 8.681445 ], [ 39.4530843, 8.681309 ], [ 39.4520411, 8.6810094 ], [ 39.4520025, 8.6809947 ], [ 39.451388, 8.680761 ], [ 39.4413671, 8.6767699 ], [ 39.4297399, 8.6720895 ], [ 39.4270994, 8.6710204 ], [ 39.4258359, 8.6704383 ], [ 39.4250136, 8.669968 ], [ 39.424592, 8.6696945 ], [ 39.42332, 8.6687477 ], [ 39.4225383, 8.6680614 ], [ 39.4177765, 8.663507 ], [ 39.4144944, 8.6603703 ], [ 39.4134737, 8.6593244 ], [ 39.4124069, 8.6581274 ], [ 39.4109793, 8.6564405 ], [ 39.4057373, 8.65033 ], [ 39.3883313, 8.6297062 ], [ 39.3775219, 8.6168979 ], [ 39.3774718, 8.6168386 ] ] ] } },
{ "type": "Feature", "properties": { "osm_id": "594941266", "code": "6101", "fclass": "rail", "name": "Addis Ababa – Djibouti Railway", "layer": 1, "bridge": "T", "tunnel": "F", "path": "F:\\AnimationData\\Rail\\EthioDjibouti\\Ethiopia_Rail.shp" }, "geometry": { "type": "MultiLineString", "coordinates": [ [ [ 39.5504245, 8.7526584 ], [ 39.550278, 8.7519713 ] ] ] } },
{ "type": "Feature", "properties": { "osm_id": "594941271", "code": "6101", "fclass": "rail", "name": "Addis Ababa – Djibouti Railway", "layer": 0, "bridge": "F", "tunnel": "F", "path": "F:\\AnimationData\\Rail\\EthioDjibouti\\Ethiopia_Rail.shp" }, "geometry": { "type": "MultiLineString", "coordinates": [ [ [ 39.5565097, 8.7651811 ], [ 39.5551748, 8.7618706 ], [ 39.5549655, 8.7613531 ], [ 39.5546539, 8.7607076 ], [ 39.5542891, 8.7600041 ], [ 39.5536867, 8.7589522 ], [ 39.5522847, 8.7567635 ], [ 39.5516302, 8.7557188 ], [ 39.5511672, 8.7548479 ], [ 39.5509374, 8.7543131 ], [ 39.5506711, 8.7535548 ], [ 39.5505323, 8.7531031 ], [ 39.5504245, 8.7526584 ] ] ] } },
{ "type": "Feature", "properties": { "osm_id": "594941275", "code": "6101", "fclass": "rail", "name": "Addis Ababa – Djibouti Railway", "layer": 1, "bridge": "T", "tunnel": "F", "path": "F:\\AnimationData\\Rail\\EthioDjibouti\\Ethiopia_Rail.shp" }, "geometry": { "type": "MultiLineString", "coordinates": [ [ [ 39.5685454, 8.7950964 ], [ 39.5681962, 8.7942069 ] ] ] } },
{ "type": "Feature", "properties": { "osm_id": "594941276", "code": "6101", "fclass": "rail", "name": "Addis Ababa – Djibouti Railway", "layer": 1, "bridge": "T", "tunnel": "F", "path": "F:\\AnimationData\\Rail\\EthioDjibouti\\Ethiopia_Rail.shp" }, "geometry": { "type": "MultiLineString", "coordinates": [ [ [ 39.5777966, 8.818123 ], [ 39.5776838, 8.8178371 ] ] ] } },
{ "type": "Feature", "properties": { "osm_id": "594941277", "code": "6101", "fclass": "rail", "name": "Addis Ababa – Djibouti Railway", "layer": 0, "bridge": "F", "tunnel": "F", "path": "F:\\AnimationData\\Rail\\EthioDjibouti\\Ethiopia_Rail.shp" }, "geometry": { "type": "MultiLineString", "coordinates": [ [ [ 39.5776838, 8.8178371 ], [ 39.5685454, 8.7950964 ] ] ] } },
{ "type": "Feature", "properties": { "osm_id": "594941279", "code": "6101", "fclass": "rail", "name": "Addis Ababa – Djibouti Railway", "layer": 1, "bridge": "T", "tunnel": "F", "path": "F:\\AnimationData\\Rail\\EthioDjibouti\\Ethiopia_Rail.shp" }, "geometry": { "type": "MultiLineString", "coordinates": [ [ [ 40.1915927, 9.0314786 ], [ 40.191085, 9.0314876 ], [ 40.1905084, 9.0314775 ], [ 40.1898359, 9.0314152 ], [ 40.189157, 9.0313257 ], [ 40.1885564, 9.0312126 ], [ 40.1878575, 9.0310537 ], [ 40.1871925, 9.0308647 ] ] ] } },
{ "type": "Feature", "properties": { "osm_id": "594941283", "code": "6101", "fclass": "rail", "name": "Addis Ababa – Djibouti Railway", "layer": 0, "bridge": "F", "tunnel": "F", "path": "F:\\AnimationData\\Rail\\EthioDjibouti\\Ethiopia_Rail.shp" }, "geometry": { "type": "MultiLineString", "coordinates": [ [ [ 40.1871925, 9.0308647 ], [ 40.1864464, 9.0306263 ] ] ] } },
{ "type": "Feature", "properties": { "osm_id": "594941287", "code": "6101", "fclass": "rail", "name": "Addis Ababa – Djibouti Railway", "layer": 0, "bridge": "F", "tunnel": "F", "path": "F:\\AnimationData\\Rail\\EthioDjibouti\\Ethiopia_Rail.shp" }, "geometry": { "type": "MultiLineString", "coordinates": [ [ [ 40.1854508, 9.0302276 ], [ 40.184919, 9.0299761 ], [ 40.1844759, 9.0297502 ], [ 40.1838057, 9.0293605 ], [ 40.1826771, 9.0286944 ] ] ] } },
{ "type": "Feature", "properties": { "osm_id": "594941293", "code": "6101", "fclass": "rail", "name": "Addis Ababa – Djibouti Railway", "layer": 0, "bridge": "F", "tunnel": "F", "path": "F:\\AnimationData\\Rail\\EthioDjibouti\\Ethiopia_Rail.shp" }, "geometry": { "type": "MultiLineString", "coordinates": [ [ [ 40.2289509, 9.0127901 ], [ 40.2258321, 9.013426 ], [ 40.2215784, 9.0143306 ], [ 40.2208305, 9.0145215 ], [ 40.220023, 9.0147652 ], [ 40.2181691, 9.0153921 ], [ 40.2172374, 9.0157487 ], [ 40.2165311, 9.0160471 ], [ 40.2158031, 9.0163549 ], [ 40.2150487, 9.0167413 ], [ 40.2134921, 9.0175605 ], [ 40.2120245, 9.0184792 ], [ 40.2110786, 9.0191496 ], [ 40.2101865, 9.0197901 ], [ 40.2093273, 9.0204727 ], [ 40.2080089, 9.0215794 ], [ 40.2010031, 9.0278339 ], [ 40.2002891, 9.0284109 ], [ 40.1992878, 9.0291156 ], [ 40.1984669, 9.0296101 ], [ 40.1975928, 9.0300516 ], [ 40.1969441, 9.0303425 ], [ 40.1962785, 9.030597 ], [ 40.1955476, 9.0308323 ], [ 40.1948757, 9.0310229 ], [ 40.1936284, 9.0312791 ], [ 40.1924119, 9.031427 ], [ 40.1915927, 9.0314786 ] ] ] } },
{ "type": "Feature", "properties": { "osm_id": "594941298", "code": "6101", "fclass": "rail", "name": "Addis Ababa – Djibouti Railway", "layer": 1, "bridge": "T", "tunnel": "F", "path": "F:\\AnimationData\\Rail\\EthioDjibouti\\Ethiopia_Rail.shp" }, "geometry": { "type": "MultiLineString", "coordinates": [ [ [ 40.2303919, 9.0125075 ], [ 40.2289509, 9.0127901 ] ] ] } },
{ "type": "Feature", "properties": { "osm_id": "594941302", "code": "6101", "fclass": "rail", "name": "Addis Ababa – Djibouti Railway", "layer": 0, "bridge": "F", "tunnel": "F", "path": "F:\\AnimationData\\Rail\\EthioDjibouti\\Ethiopia_Rail.shp" }, "geometry": { "type": "MultiLineString", "coordinates": [ [ [ 40.2482277, 9.0090326 ], [ 40.2303919, 9.0125075 ] ] ] } },
{ "type": "Feature", "properties": { "osm_id": "594941304", "code": "6101", "fclass": "rail", "name": "Addis Ababa – Djibouti Railway", "layer": 1, "bridge": "T", "tunnel": "F", "path": "F:\\AnimationData\\Rail\\EthioDjibouti\\Ethiopia_Rail.shp" }, "geometry": { "type": "MultiLineString", "coordinates": [ [ [ 40.2492632, 9.0088292 ], [ 40.2482277, 9.0090326 ] ] ] } },
{ "type": "Feature", "properties": { "osm_id": "594941305", "code": "6101", "fclass": "rail", "name": "Addis Ababa – Djibouti Railway", "layer": 0, "bridge": "F", "tunnel": "F", "path": "F:\\AnimationData\\Rail\\EthioDjibouti\\Ethiopia_Rail.shp" }, "geometry": { "type": "MultiLineString", "coordinates": [ [ [ 40.2558645, 9.0074978 ], [ 40.2492632, 9.0088292 ] ] ] } },
{ "type": "Feature", "properties": { "osm_id": "594941306", "code": "6101", "fclass": "rail", "name": "Addis Ababa – Djibouti Railway", "layer": 1, "bridge": "T", "tunnel": "F", "path": "F:\\AnimationData\\Rail\\EthioDjibouti\\Ethiopia_Rail.shp" }, "geometry": { "type": "MultiLineString", "coordinates": [ [ [ 40.2571822, 9.0072383 ], [ 40.2558645, 9.0074978 ] ] ] } },
{ "type": "Feature", "properties": { "osm_id": "594941307", "code": "6101", "fclass": "rail", "name": "Addis Ababa – Djibouti Railway", "layer": 0, "bridge": "F", "tunnel": "F", "path": "F:\\AnimationData\\Rail\\EthioDjibouti\\Ethiopia_Rail.shp" }, "geometry": { "type": "MultiLineString", "coordinates": [ [ [ 40.4649106, 9.0770567 ], [ 40.4566812, 9.076067 ], [ 40.4541278, 9.075728 ], [ 40.4519498, 9.0753254 ], [ 40.4498041, 9.0747771 ], [ 40.4479802, 9.0741812 ], [ 40.446167, 9.0734766 ], [ 40.4444182, 9.0726555 ], [ 40.4427069, 9.0717497 ], [ 40.4411678, 9.0707662 ], [ 40.439558, 9.069644 ], [ 40.4376747, 9.0680838 ], [ 40.4368401, 9.0673365 ], [ 40.4363887, 9.0668917 ], [ 40.4352343, 9.0656842 ], [ 40.4337841, 9.0639793 ], [ 40.4327546, 9.0625808 ], [ 40.4314672, 9.0606369 ], [ 40.4303426, 9.058841 ], [ 40.4276525, 9.0544479 ], [ 40.4274304, 9.0540915 ], [ 40.4253081, 9.050687 ], [ 40.4232325, 9.0473834 ], [ 40.4229124, 9.0468718 ], [ 40.4202717, 9.0430901 ] ] ] } },
{ "type": "Feature", "properties": { "osm_id": "594941308", "code": "6101", "fclass": "rail", "name": "Addis Ababa – Djibouti Railway", "layer": 0, "bridge": "T", "tunnel": "F", "path": "F:\\AnimationData\\Rail\\EthioDjibouti\\Ethiopia_Rail.shp" }, "geometry": { "type": "MultiLineString", "coordinates": [ [ [ 40.4962662, 9.0899207 ], [ 40.4953274, 9.0894556 ] ] ] } },
{ "type": "Feature", "properties": { "osm_id": "594941309", "code": "6101", "fclass": "rail", "name": "Addis Ababa – Djibouti Railway", "layer": 0, "bridge": "F", "tunnel": "F", "path": "F:\\AnimationData\\Rail\\EthioDjibouti\\Ethiopia_Rail.shp" }, "geometry": { "type": "MultiLineString", "coordinates": [ [ [ 40.5149028, 9.0979715 ], [ 40.514109, 9.0976795 ] ] ] } },
{ "type": "Feature", "properties": { "osm_id": "594941310", "code": "6101", "fclass": "rail", "name": "Addis Ababa – Djibouti Railway", "layer": 1, "bridge": "T", "tunnel": "F", "path": "F:\\AnimationData\\Rail\\EthioDjibouti\\Ethiopia_Rail.shp" }, "geometry": { "type": "MultiLineString", "coordinates": [ [ [ 40.5158628, 9.098319 ], [ 40.5149028, 9.0979715 ] ] ] } },
{ "type": "Feature", "properties": { "osm_id": "594941311", "code": "6101", "fclass": "rail", "name": "Addis Ababa – Djibouti Railway", "layer": 0, "bridge": "F", "tunnel": "F", "path": "F:\\AnimationData\\Rail\\EthioDjibouti\\Ethiopia_Rail.shp" }, "geometry": { "type": "MultiLineString", "coordinates": [ [ [ 40.5174778, 9.0988476 ], [ 40.5158628, 9.098319 ] ] ] } },
{ "type": "Feature", "properties": { "osm_id": "594941313", "code": "6101", "fclass": "rail", "name": "Addis Ababa – Djibouti Railway", "layer": 0, "bridge": "F", "tunnel": "F", "path": "F:\\AnimationData\\Rail\\EthioDjibouti\\Ethiopia_Rail.shp" }, "geometry": { "type": "MultiLineString", "coordinates": [ [ [ 40.514109, 9.0976795 ], [ 40.5070554, 9.0950877 ], [ 40.5061752, 9.0947459 ], [ 40.5053657, 9.0943761 ], [ 40.5036333, 9.093575 ], [ 40.4962662, 9.0899207 ] ] ] } },
{ "type": "Feature", "properties": { "osm_id": "594941314", "code": "6101", "fclass": "rail", "name": "Addis Ababa – Djibouti Railway", "layer": 0, "bridge": "F", "tunnel": "F", "path": "F:\\AnimationData\\Rail\\EthioDjibouti\\Ethiopia_Rail.shp" }, "geometry": { "type": "MultiLineString", "coordinates": [ [ [ 40.5785592, 9.0975928 ], [ 40.5751917, 9.0972272 ], [ 40.5688305, 9.0966187 ], [ 40.5643219, 9.0961439 ], [ 40.5615831, 9.0959009 ], [ 40.5611349, 9.0958629 ], [ 40.5599961, 9.0958483 ], [ 40.55884, 9.0958814 ], [ 40.5575194, 9.0959515 ], [ 40.5554675, 9.0961529 ], [ 40.5533618, 9.0964908 ], [ 40.5518892, 9.0968383 ], [ 40.5441047, 9.0989489 ], [ 40.5427047, 9.0992376 ], [ 40.5411549, 9.0994346 ], [ 40.5303481, 9.1001413 ], [ 40.5288966, 9.100229 ], [ 40.5269626, 9.100246 ], [ 40.5256564, 9.100223 ], [ 40.5243072, 9.1001577 ], [ 40.5227301, 9.0999845 ], [ 40.5215082, 9.099816 ], [ 40.5204472, 9.0996104 ], [ 40.5194771, 9.0994065 ], [ 40.5187315, 9.0992146 ], [ 40.5174778, 9.0988476 ] ] ] } },
{ "type": "Feature", "properties": { "osm_id": "594941315", "code": "6101", "fclass": "rail", "name": "Addis Ababa – Djibouti Railway", "layer": 0, "bridge": "T", "tunnel": "F", "path": "F:\\AnimationData\\Rail\\EthioDjibouti\\Ethiopia_Rail.shp" }, "geometry": { "type": "MultiLineString", "coordinates": [ [ [ 40.6017687, 9.1033017 ], [ 40.6012911, 9.1030377 ] ] ] } },
{ "type": "Feature", "properties": { "osm_id": "594941317", "code": "6101", "fclass": "rail", "name": "Addis Ababa – Djibouti Railway", "layer": 0, "bridge": "F", "tunnel": "F", "path": "F:\\AnimationData\\Rail\\EthioDjibouti\\Ethiopia_Rail.shp" }, "geometry": { "type": "MultiLineString", "coordinates": [ [ [ 40.6122388, 9.1114749 ], [ 40.6118298, 9.1108313 ], [ 40.6109667, 9.1096451 ], [ 40.6102579, 9.1088803 ], [ 40.6097481, 9.1083697 ], [ 40.6092019, 9.1078921 ], [ 40.6082572, 9.1071683 ], [ 40.606763, 9.1062492 ], [ 40.6017687, 9.1033017 ] ] ] } },
{ "type": "Feature", "properties": { "osm_id": "594941318", "code": "6101", "fclass": "rail", "name": "Addis Ababa – Djibouti Railway", "layer": 1, "bridge": "T", "tunnel": "F", "path": "F:\\AnimationData\\Rail\\EthioDjibouti\\Ethiopia_Rail.shp" }, "geometry": { "type": "MultiLineString", "coordinates": [ [ [ 40.6135456, 9.1142071 ], [ 40.6131743, 9.1133158 ], [ 40.6126731, 9.112267 ], [ 40.6122388, 9.1114749 ] ] ] } },
{ "type": "Feature", "properties": { "osm_id": "594941319", "code": "6101", "fclass": "rail", "name": "Addis Ababa – Djibouti Railway", "layer": 1, "bridge": "T", "tunnel": "F", "path": "F:\\AnimationData\\Rail\\EthioDjibouti\\Ethiopia_Rail.shp" }, "geometry": { "type": "MultiLineString", "coordinates": [ [ [ 40.6140902, 9.1246111 ], [ 40.6142531, 9.1215245 ] ] ] } },
{ "type": "Feature", "properties": { "osm_id": "594941321", "code": "6101", "fclass": "rail", "name": "Addis Ababa – Djibouti Railway", "layer": 0, "bridge": "F", "tunnel": "F", "path": "F:\\AnimationData\\Rail\\EthioDjibouti\\Ethiopia_Rail.shp" }, "geometry": { "type": "MultiLineString", "coordinates": [ [ [ 40.6142531, 9.1215245 ], [ 40.6143705, 9.1191897 ], [ 40.6143378, 9.1180063 ], [ 40.6142205, 9.1168352 ], [ 40.6140026, 9.1157834 ], [ 40.6137534, 9.114801 ], [ 40.6135456, 9.1142071 ] ] ] } },
{ "type": "Feature", "properties": { "osm_id": "594941322", "code": "6101", "fclass": "rail", "name": "Addis Ababa – Djibouti Railway", "layer": 1, "bridge": "T", "tunnel": "F", "path": "F:\\AnimationData\\Rail\\EthioDjibouti\\Ethiopia_Rail.shp" }, "geometry": { "type": "MultiLineString", "coordinates": [ [ [ 40.6116399, 9.1358641 ], [ 40.612225, 9.1351891 ], [ 40.6124731, 9.1348411 ], [ 40.6127099, 9.1344772 ], [ 40.6130749, 9.1337856 ], [ 40.6133491, 9.1330851 ], [ 40.6135251, 9.1324866 ], [ 40.6136524, 9.1318491 ] ] ] } },
{ "type": "Feature", "properties": { "osm_id": "594941323", "code": "6101", "fclass": "rail", "name": "Addis Ababa – Djibouti Railway", "layer": 0, "bridge": "F", "tunnel": "F", "path": "F:\\AnimationData\\Rail\\EthioDjibouti\\Ethiopia_Rail.shp" }, "geometry": { "type": "MultiLineString", "coordinates": [ [ [ 40.6136524, 9.1318491 ], [ 40.613743, 9.1310192 ], [ 40.613835, 9.1293737 ] ] ] } },
{ "type": "Feature", "properties": { "osm_id": "594941324", "code": "6101", "fclass": "rail", "name": "Addis Ababa – Djibouti Railway", "layer": 0, "bridge": "F", "tunnel": "F", "path": "F:\\AnimationData\\Rail\\EthioDjibouti\\Ethiopia_Rail.shp" }, "geometry": { "type": "MultiLineString", "coordinates": [ [ [ 40.613835, 9.1293737 ], [ 40.6140902, 9.1246111 ] ] ] } },
{ "type": "Feature", "properties": { "osm_id": "594941325", "code": "6101", "fclass": "rail", "name": "Addis Ababa – Djibouti Railway", "layer": 0, "bridge": "F", "tunnel": "F", "path": "F:\\AnimationData\\Rail\\EthioDjibouti\\Ethiopia_Rail.shp" }, "geometry": { "type": "MultiLineString", "coordinates": [ [ [ 40.6107665, 9.1368583 ], [ 40.6116399, 9.1358641 ] ] ] } },
{ "type": "Feature", "properties": { "osm_id": "595057652", "code": "6101", "fclass": "rail", "name": "Addis Ababa – Djibouti Railway", "layer": 0, "bridge": "T", "tunnel": "F", "path": "F:\\AnimationData\\Rail\\EthioDjibouti\\Ethiopia_Rail.shp" }, "geometry": { "type": "MultiLineString", "coordinates": [ [ [ 40.7490706, 9.2170994 ], [ 40.7483222, 9.2169099 ] ] ] } },
{ "type": "Feature", "properties": { "osm_id": "595057653", "code": "6101", "fclass": "rail", "name": "Addis Ababa – Djibouti Railway", "layer": 0, "bridge": "F", "tunnel": "F", "path": "F:\\AnimationData\\Rail\\EthioDjibouti\\Ethiopia_Rail.shp" }, "geometry": { "type": "MultiLineString", "coordinates": [ [ [ 40.7483222, 9.2169099 ], [ 40.7467758, 9.216547 ], [ 40.7448788, 9.2162418 ], [ 40.7378432, 9.2152452 ], [ 40.7375386, 9.2152026 ], [ 40.7373547, 9.2151769 ], [ 40.7355518, 9.2149247 ] ] ] } },
{ "type": "Feature", "properties": { "osm_id": "595057654", "code": "6101", "fclass": "rail", "name": "Addis Ababa – Djibouti Railway", "layer": 1, "bridge": "T", "tunnel": "F", "path": "F:\\AnimationData\\Rail\\EthioDjibouti\\Ethiopia_Rail.shp" }, "geometry": { "type": "MultiLineString", "coordinates": [ [ [ 40.7905438, 9.2576448 ], [ 40.7896453, 9.2571299 ] ] ] } },
{ "type": "Feature", "properties": { "osm_id": "595057655", "code": "6101", "fclass": "rail", "name": "Addis Ababa – Djibouti Railway", "layer": 0, "bridge": "F", "tunnel": "F", "path": "F:\\AnimationData\\Rail\\EthioDjibouti\\Ethiopia_Rail.shp" }, "geometry": { "type": "MultiLineString", "coordinates": [ [ [ 40.7896453, 9.2571299 ], [ 40.7800374, 9.2513955 ], [ 40.779153, 9.2509649 ], [ 40.7778025, 9.2503741 ], [ 40.7756017, 9.2494357 ], [ 40.7744674, 9.2487364 ], [ 40.7735945, 9.2479843 ], [ 40.7728826, 9.2471581 ], [ 40.7721648, 9.2460031 ], [ 40.7715854, 9.244625 ], [ 40.7713492, 9.2436653 ], [ 40.7704755, 9.2394813 ], [ 40.7694311, 9.2358753 ], [ 40.7689422, 9.2345834 ], [ 40.7683885, 9.2333333 ], [ 40.7678252, 9.2321189 ] ] ] } },
{ "type": "Feature", "properties": { "osm_id": "595057669", "code": "6101", "fclass": "rail", "name": "Addis Ababa – Djibouti Railway", "layer": 1, "bridge": "T", "tunnel": "F", "path": "F:\\AnimationData\\Rail\\EthioDjibouti\\Ethiopia_Rail.shp" }, "geometry": { "type": "MultiLineString", "coordinates": [ [ [ 40.8249782, 9.2761595 ], [ 40.8241552, 9.2756225 ] ] ] } },
{ "type": "Feature", "properties": { "osm_id": "595057670", "code": "6101", "fclass": "rail", "name": "Addis Ababa – Djibouti Railway", "layer": 0, "bridge": "F", "tunnel": "F", "path": "F:\\AnimationData\\Rail\\EthioDjibouti\\Ethiopia_Rail.shp" }, "geometry": { "type": "MultiLineString", "coordinates": [ [ [ 40.8241552, 9.2756225 ], [ 40.8230423, 9.2749738 ], [ 40.8223874, 9.2746875 ], [ 40.8218462, 9.2745013 ], [ 40.8213518, 9.2743915 ], [ 40.820817, 9.2742958 ], [ 40.8202666, 9.2742465 ], [ 40.8198281, 9.2742316 ], [ 40.8193939, 9.2742623 ], [ 40.8189285, 9.2743101 ], [ 40.8183401, 9.2744058 ], [ 40.8176203, 9.2745553 ], [ 40.8154085, 9.2750668 ], [ 40.8136468, 9.2754723 ], [ 40.8129315, 9.275583 ], [ 40.8122265, 9.2756193 ], [ 40.8114588, 9.2755989 ], [ 40.8108428, 9.2755186 ], [ 40.8102898, 9.275403 ], [ 40.8094479, 9.2751262 ], [ 40.808868, 9.2748695 ], [ 40.8083005, 9.2745574 ], [ 40.8076767, 9.2741346 ], [ 40.8072369, 9.2737565 ], [ 40.8068326, 9.2733656 ], [ 40.8039193, 9.270335 ], [ 40.8019923, 9.268173 ], [ 40.8014451, 9.267548 ], [ 40.8011002, 9.2671008 ], [ 40.800742, 9.2665407 ], [ 40.8003316, 9.2658614 ], [ 40.7989773, 9.2636097 ], [ 40.7985421, 9.2629529 ], [ 40.7980016, 9.2623302 ], [ 40.7975904, 9.2619364 ], [ 40.7972068, 9.261646 ], [ 40.7963138, 9.2610274 ], [ 40.7905438, 9.2576448 ] ] ] } },
{ "type": "Feature", "properties": { "osm_id": "595057671", "code": "6101", "fclass": "rail", "name": "Addis Ababa – Djibouti Railway", "layer": 1, "bridge": "T", "tunnel": "F", "path": "F:\\AnimationData\\Rail\\EthioDjibouti\\Ethiopia_Rail.shp" }, "geometry": { "type": "MultiLineString", "coordinates": [ [ [ 40.839208, 9.2852169 ], [ 40.8385104, 9.2847562 ] ] ] } },
{ "type": "Feature", "properties": { "osm_id": "595057672", "code": "6101", "fclass": "rail", "name": "Addis Ababa – Djibouti Railway", "layer": 0, "bridge": "F", "tunnel": "F", "path": "F:\\AnimationData\\Rail\\EthioDjibouti\\Ethiopia_Rail.shp" }, "geometry": { "type": "MultiLineString", "coordinates": [ [ [ 40.8385104, 9.2847562 ], [ 40.8249782, 9.2761595 ] ] ] } },
{ "type": "Feature", "properties": { "osm_id": "595057673", "code": "6101", "fclass": "rail", "name": "Addis Ababa – Djibouti Railway", "layer": 0, "bridge": "F", "tunnel": "F", "path": "F:\\AnimationData\\Rail\\EthioDjibouti\\Ethiopia_Rail.shp" }, "geometry": { "type": "MultiLineString", "coordinates": [ [ [ 41.6239817, 9.618079 ], [ 41.6216597, 9.6178352 ], [ 41.6203565, 9.6176757 ], [ 41.6188575, 9.6174269 ], [ 41.6177155, 9.6171888 ], [ 41.6168536, 9.6169756 ], [ 41.6157083, 9.6166221 ], [ 41.6014556, 9.6120293 ] ] ] } },
{ "type": "Feature", "properties": { "osm_id": "595057674", "code": "6101", "fclass": "rail", "name": "Addis Ababa – Djibouti Railway", "layer": 1, "bridge": "T", "tunnel": "F", "path": "F:\\AnimationData\\Rail\\EthioDjibouti\\Ethiopia_Rail.shp" }, "geometry": { "type": "MultiLineString", "coordinates": [ [ [ 41.6247429, 9.618162 ], [ 41.6239817, 9.618079 ] ] ] } },
{ "type": "Feature", "properties": { "osm_id": "595057677", "code": "6101", "fclass": "rail", "name": "Addis Ababa – Djibouti Railway", "layer": 1, "bridge": "T", "tunnel": "F", "path": "F:\\AnimationData\\Rail\\EthioDjibouti\\Ethiopia_Rail.shp" }, "geometry": { "type": "MultiLineString", "coordinates": [ [ [ 41.645466, 9.62036 ], [ 41.6446975, 9.6202689 ] ] ] } },
{ "type": "Feature", "properties": { "osm_id": "595057681", "code": "6101", "fclass": "rail", "name": "Addis Ababa – Djibouti Railway", "layer": 0, "bridge": "F", "tunnel": "F", "path": "F:\\AnimationData\\Rail\\EthioDjibouti\\Ethiopia_Rail.shp" }, "geometry": { "type": "MultiLineString", "coordinates": [ [ [ 41.6446975, 9.6202689 ], [ 41.6247429, 9.618162 ] ] ] } },
{ "type": "Feature", "properties": { "osm_id": "595057685", "code": "6101", "fclass": "rail", "name": "Addis Ababa – Djibouti Railway", "layer": 0, "bridge": "F", "tunnel": "F", "path": "F:\\AnimationData\\Rail\\EthioDjibouti\\Ethiopia_Rail.shp" }, "geometry": { "type": "MultiLineString", "coordinates": [ [ [ 41.6528409, 9.6211744 ], [ 41.645466, 9.62036 ] ] ] } },
{ "type": "Feature", "properties": { "osm_id": "595057689", "code": "6101", "fclass": "rail", "name": "Addis Ababa – Djibouti Railway", "layer": 1, "bridge": "T", "tunnel": "F", "path": "F:\\AnimationData\\Rail\\EthioDjibouti\\Ethiopia_Rail.shp" }, "geometry": { "type": "MultiLineString", "coordinates": [ [ [ 41.6532598, 9.6212223 ], [ 41.6528409, 9.6211744 ] ] ] } },
{ "type": "Feature", "properties": { "osm_id": "595057693", "code": "6101", "fclass": "rail", "name": "Addis Ababa – Djibouti Railway", "layer": 0, "bridge": "F", "tunnel": "F", "path": "F:\\AnimationData\\Rail\\EthioDjibouti\\Ethiopia_Rail.shp" }, "geometry": { "type": "MultiLineString", "coordinates": [ [ [ 41.6648244, 9.6211327 ], [ 41.6588219, 9.621417 ], [ 41.6574293, 9.6214621 ], [ 41.6563626, 9.6214564 ], [ 41.6556887, 9.6214229 ], [ 41.6546076, 9.6213521 ], [ 41.6532598, 9.6212223 ] ] ] } },
{ "type": "Feature", "properties": { "osm_id": "595057696", "code": "6101", "fclass": "rail", "name": "Addis Ababa – Djibouti Railway", "layer": 0, "bridge": "T", "tunnel": "F", "path": "F:\\AnimationData\\Rail\\EthioDjibouti\\Ethiopia_Rail.shp" }, "geometry": { "type": "MultiLineString", "coordinates": [ [ [ 41.664954, 9.6211267 ], [ 41.6648244, 9.6211327 ] ] ] } },
{ "type": "Feature", "properties": { "osm_id": "595057700", "code": "6101", "fclass": "rail", "name": "Addis Ababa – Djibouti Railway", "layer": 0, "bridge": "T", "tunnel": "F", "path": "F:\\AnimationData\\Rail\\EthioDjibouti\\Ethiopia_Rail.shp" }, "geometry": { "type": "MultiLineString", "coordinates": [ [ [ 41.6875165, 9.620216 ], [ 41.687123, 9.620189 ] ] ] } },
{ "type": "Feature", "properties": { "osm_id": "595057705", "code": "6101", "fclass": "rail", "name": "Addis Ababa – Djibouti Railway", "layer": 0, "bridge": "F", "tunnel": "F", "path": "F:\\AnimationData\\Rail\\EthioDjibouti\\Ethiopia_Rail.shp" }, "geometry": { "type": "MultiLineString", "coordinates": [ [ [ 41.687123, 9.620189 ], [ 41.6865519, 9.6201504 ], [ 41.6859652, 9.6201568 ], [ 41.6847215, 9.620181 ], [ 41.664954, 9.6211267 ] ] ] } },
{ "type": "Feature", "properties": { "osm_id": "595057709", "code": "6101", "fclass": "rail", "name": "Addis Ababa – Djibouti Railway", "layer": 0, "bridge": "F", "tunnel": "F", "path": "F:\\AnimationData\\Rail\\EthioDjibouti\\Ethiopia_Rail.shp" }, "geometry": { "type": "MultiLineString", "coordinates": [ [ [ 41.7046426, 9.623348 ], [ 41.694803, 9.6219695 ], [ 41.6938318, 9.621829 ], [ 41.6929567, 9.6216445 ], [ 41.6924451, 9.6215295 ], [ 41.6915693, 9.6212791 ], [ 41.689645, 9.6206637 ], [ 41.6889426, 9.6204637 ], [ 41.6881605, 9.6202945 ], [ 41.6875165, 9.620216 ] ] ] } },
{ "type": "Feature", "properties": { "osm_id": "595057713", "code": "6101", "fclass": "rail", "name": "Addis Ababa – Djibouti Railway", "layer": 1, "bridge": "T", "tunnel": "F", "path": "F:\\AnimationData\\Rail\\EthioDjibouti\\Ethiopia_Rail.shp" }, "geometry": { "type": "MultiLineString", "coordinates": [ [ [ 41.7047587, 9.6233644 ], [ 41.7046426, 9.623348 ] ] ] } },
{ "type": "Feature", "properties": { "osm_id": "595057716", "code": "6101", "fclass": "rail", "name": "Addis Ababa – Djibouti Railway", "layer": 1, "bridge": "T", "tunnel": "F", "path": "F:\\AnimationData\\Rail\\EthioDjibouti\\Ethiopia_Rail.shp" }, "geometry": { "type": "MultiLineString", "coordinates": [ [ [ 41.7454794, 9.6272455 ], [ 41.7439483, 9.6271418 ] ] ] } },
{ "type": "Feature", "properties": { "osm_id": "595057720", "code": "6101", "fclass": "rail", "name": "Addis Ababa – Djibouti Railway", "layer": 0, "bridge": "F", "tunnel": "F", "path": "F:\\AnimationData\\Rail\\EthioDjibouti\\Ethiopia_Rail.shp" }, "geometry": { "type": "MultiLineString", "coordinates": [ [ [ 41.7439483, 9.6271418 ], [ 41.7421862, 9.6270113 ], [ 41.7409848, 9.6270389 ], [ 41.7258079, 9.6285558 ], [ 41.7251583, 9.6286058 ], [ 41.7243533, 9.6286326 ], [ 41.7233326, 9.628571 ], [ 41.722771, 9.6284954 ], [ 41.7221524, 9.6283793 ], [ 41.7213645, 9.6281779 ], [ 41.7204174, 9.6278749 ], [ 41.7102321, 9.6244285 ], [ 41.7094116, 9.6241634 ], [ 41.7085761, 9.6239346 ], [ 41.7079955, 9.6238195 ], [ 41.7073493, 9.6237185 ], [ 41.7047587, 9.6233644 ] ] ] } },
{ "type": "Feature", "properties": { "osm_id": "595057724", "code": "6101", "fclass": "rail", "name": "Addis Ababa – Djibouti Railway", "layer": 1, "bridge": "T", "tunnel": "F", "path": "F:\\AnimationData\\Rail\\EthioDjibouti\\Ethiopia_Rail.shp" }, "geometry": { "type": "MultiLineString", "coordinates": [ [ [ 41.7582002, 9.6281534 ], [ 41.7571764, 9.6280825 ] ] ] } },
{ "type": "Feature", "properties": { "osm_id": "595057729", "code": "6101", "fclass": "rail", "name": "Addis Ababa – Djibouti Railway", "layer": 0, "bridge": "F", "tunnel": "F", "path": "F:\\AnimationData\\Rail\\EthioDjibouti\\Ethiopia_Rail.shp" }, "geometry": { "type": "MultiLineString", "coordinates": [ [ [ 41.7571764, 9.6280825 ], [ 41.7454794, 9.6272455 ] ] ] } },
{ "type": "Feature", "properties": { "osm_id": "595057732", "code": "6101", "fclass": "rail", "name": null, "layer": 0, "bridge": "F", "tunnel": "F", "path": "F:\\AnimationData\\Rail\\EthioDjibouti\\Ethiopia_Rail.shp" }, "geometry": { "type": "MultiLineString", "coordinates": [ [ [ 41.7598919, 9.6193182 ], [ 41.7599125, 9.6235567 ], [ 41.7599502, 9.6250594 ], [ 41.7599902, 9.6254002 ], [ 41.76006, 9.6257337 ], [ 41.7601872, 9.6261085 ], [ 41.7603396, 9.626454 ], [ 41.7604943, 9.6267277 ], [ 41.760624, 9.626941 ], [ 41.7608225, 9.6271926 ], [ 41.7610506, 9.6274261 ], [ 41.7613657, 9.6276893 ], [ 41.7614121, 9.6277269 ], [ 41.7616327, 9.627873 ], [ 41.7620726, 9.6281031 ], [ 41.7623596, 9.6282274 ], [ 41.7627029, 9.6283305 ], [ 41.7629738, 9.6283808 ], [ 41.7632983, 9.6284151 ], [ 41.7636148, 9.6284442 ], [ 41.7643093, 9.6284945 ], [ 41.7648028, 9.6285342 ], [ 41.7655862, 9.6285797 ] ] ] } },
{ "type": "Feature", "properties": { "osm_id": "595057735", "code": "6101", "fclass": "rail", "name": null, "layer": 0, "bridge": "F", "tunnel": "F", "path": "F:\\AnimationData\\Rail\\EthioDjibouti\\Ethiopia_Rail.shp" }, "geometry": { "type": "MultiLineString", "coordinates": [ [ [ 41.7648028, 9.6285342 ], [ 41.7655515, 9.6286356 ] ] ] } },
{ "type": "Feature", "properties": { "osm_id": "595057738", "code": "6101", "fclass": "rail", "name": null, "layer": 0, "bridge": "F", "tunnel": "F", "path": "F:\\AnimationData\\Rail\\EthioDjibouti\\Ethiopia_Rail.shp" }, "geometry": { "type": "MultiLineString", "coordinates": [ [ [ 41.7666503, 9.628758 ], [ 41.7671086, 9.6288375 ], [ 41.7678622, 9.6288957 ], [ 41.7713192, 9.6291386 ], [ 41.7758494, 9.6294596 ], [ 41.777264, 9.6295611 ], [ 41.7776952, 9.6295479 ] ] ] } },
{ "type": "Feature", "properties": { "osm_id": "595057740", "code": "6101", "fclass": "rail", "name": null, "layer": 0, "bridge": "F", "tunnel": "F", "path": "F:\\AnimationData\\Rail\\EthioDjibouti\\Ethiopia_Rail.shp" }, "geometry": { "type": "MultiLineString", "coordinates": [ [ [ 41.7678622, 9.6288957 ], [ 41.7681706, 9.6289581 ], [ 41.7689136, 9.6291022 ], [ 41.7695113, 9.6291929 ], [ 41.7771506, 9.6297395 ] ] ] } },
{ "type": "Feature", "properties": { "osm_id": "595057742", "code": "6101", "fclass": "rail", "name": null, "layer": 0, "bridge": "F", "tunnel": "F", "path": "F:\\AnimationData\\Rail\\EthioDjibouti\\Ethiopia_Rail.shp" }, "geometry": { "type": "MultiLineString", "coordinates": [ [ [ 41.7682419, 9.628822 ], [ 41.7685392, 9.6288308 ], [ 41.7688029, 9.6288325 ], [ 41.7689471, 9.6288395 ], [ 41.7691285, 9.6288517 ], [ 41.7700637, 9.6289154 ], [ 41.7725207, 9.6290894 ], [ 41.7743886, 9.6292216 ], [ 41.7763705, 9.6293681 ], [ 41.7767155, 9.6293934 ], [ 41.7769004, 9.6294146 ], [ 41.7771723, 9.6294597 ] ] ] } },
{ "type": "Feature", "properties": { "osm_id": "595057750", "code": "6101", "fclass": "rail", "name": null, "layer": 0, "bridge": "F", "tunnel": "F", "path": "F:\\AnimationData\\Rail\\EthioDjibouti\\Ethiopia_Rail.shp" }, "geometry": { "type": "MultiLineString", "coordinates": [ [ [ 41.7787451, 9.6297341 ], [ 41.7785154, 9.6297072 ], [ 41.7779248, 9.6296712 ] ] ] } },
{ "type": "Feature", "properties": { "osm_id": "595057752", "code": "6101", "fclass": "rail", "name": null, "layer": 0, "bridge": "F", "tunnel": "F", "path": "F:\\AnimationData\\Rail\\EthioDjibouti\\Ethiopia_Rail.shp" }, "geometry": { "type": "MultiLineString", "coordinates": [ [ [ 41.7787286, 9.6296209 ], [ 41.7789951, 9.629612 ], [ 41.7792768, 9.62961 ] ] ] } },
{ "type": "Feature", "properties": { "osm_id": "595057754", "code": "6101", "fclass": "rail", "name": null, "layer": 0, "bridge": "F", "tunnel": "F", "path": "F:\\AnimationData\\Rail\\EthioDjibouti\\Ethiopia_Rail.shp" }, "geometry": { "type": "MultiLineString", "coordinates": [ [ [ 41.7789334, 9.6297698 ], [ 41.7792532, 9.6298295 ], [ 41.7793965, 9.6298496 ], [ 41.779556, 9.6298636 ], [ 41.7800094, 9.6298942 ] ] ] } },
{ "type": "Feature", "properties": { "osm_id": "596120311", "code": "6101", "fclass": "rail", "name": "Addis Ababa – Djibouti Railway", "layer": 1, "bridge": "T", "tunnel": "F", "path": "F:\\AnimationData\\Rail\\EthioDjibouti\\Ethiopia_Rail.shp" }, "geometry": { "type": "MultiLineString", "coordinates": [ [ [ 38.7029978, 8.9285247 ], [ 38.7032287, 8.928474 ] ] ] } },
{ "type": "Feature", "properties": { "osm_id": "596120315", "code": "6101", "fclass": "rail", "name": "Addis Ababa – Djibouti Railway", "layer": 0, "bridge": "F", "tunnel": "F", "path": "F:\\AnimationData\\Rail\\EthioDjibouti\\Ethiopia_Rail.shp" }, "geometry": { "type": "MultiLineString", "coordinates": [ [ [ 38.7032287, 8.928474 ], [ 38.7038781, 8.9283248 ], [ 38.7045129, 8.9281576 ], [ 38.7052044, 8.9279552 ], [ 38.7058804, 8.9277122 ], [ 38.7064509, 8.9274767 ], [ 38.7070813, 8.9271686 ], [ 38.7076605, 8.9268569 ], [ 38.7081785, 8.9265534 ], [ 38.7104828, 8.9251916 ], [ 38.7110899, 8.9247723 ], [ 38.7116511, 8.9243278 ], [ 38.712128, 8.9238586 ], [ 38.7125828, 8.9233326 ], [ 38.713012, 8.9227534 ], [ 38.7133757, 8.9221549 ], [ 38.7136912, 8.9214881 ], [ 38.7138549, 8.9210383 ], [ 38.7161792, 8.9156728 ], [ 38.7169572, 8.9139051 ], [ 38.7172039, 8.9131725 ], [ 38.7173935, 8.9125153 ], [ 38.7174972, 8.9118643 ], [ 38.7175641, 8.9111716 ], [ 38.7175661, 8.9105536 ], [ 38.7175266, 8.9100349 ], [ 38.7174217, 8.9094914 ], [ 38.7172746, 8.9089059 ], [ 38.7170898, 8.9083394 ], [ 38.716843, 8.9077898 ], [ 38.7160109, 8.9059613 ], [ 38.7158266, 8.90549 ], [ 38.7156819, 8.9050137 ], [ 38.7156339, 8.9048456 ], [ 38.7155846, 8.9046575 ], [ 38.715536, 8.9044574 ], [ 38.7154895, 8.9042241 ], [ 38.7154528, 8.9040294 ], [ 38.7154245, 8.9038189 ], [ 38.7154032, 8.9036187 ], [ 38.7153866, 8.9033841 ], [ 38.7153764, 8.9031656 ], [ 38.7153782, 8.902909 ], [ 38.7153818, 8.9026767 ], [ 38.7153988, 8.9023877 ], [ 38.7154161, 8.9022204 ], [ 38.7154452, 8.9020109 ], [ 38.7154723, 8.9018477 ], [ 38.7155005, 8.901685 ], [ 38.7155746, 8.9014123 ] ] ] } },
{ "type": "Feature", "properties": { "osm_id": "596120319", "code": "6101", "fclass": "rail", "name": "Addis Ababa – Djibouti Railway", "layer": 0, "bridge": "F", "tunnel": "F", "path": "F:\\AnimationData\\Rail\\EthioDjibouti\\Ethiopia_Rail.shp" }, "geometry": { "type": "MultiLineString", "coordinates": [ [ [ 38.7160894, 8.899883 ], [ 38.7162769, 8.8994853 ], [ 38.7164824, 8.8991356 ], [ 38.7167301, 8.8987481 ], [ 38.7170488, 8.8983225 ], [ 38.7176869, 8.8975544 ] ] ] } },
{ "type": "Feature", "properties": { "osm_id": "596120320", "code": "6101", "fclass": "rail", "name": "Addis Ababa – Djibouti Railway", "layer": 1, "bridge": "T", "tunnel": "F", "path": "F:\\AnimationData\\Rail\\EthioDjibouti\\Ethiopia_Rail.shp" }, "geometry": { "type": "MultiLineString", "coordinates": [ [ [ 38.7155746, 8.9014123 ], [ 38.7156224, 8.9012146 ], [ 38.7156952, 8.9009548 ], [ 38.7158273, 8.9005948 ], [ 38.7159612, 8.9002063 ], [ 38.7160894, 8.899883 ] ] ] } },
{ "type": "Feature", "properties": { "osm_id": "604059116", "code": "6101", "fclass": "rail", "name": "Awash–Weldiya Railway", "layer": 1, "bridge": "T", "tunnel": "F", "path": "F:\\AnimationData\\Rail\\EthioDjibouti\\Ethiopia_Rail.shp" }, "geometry": { "type": "MultiLineString", "coordinates": [ [ [ 39.7019476, 11.1029094 ], [ 39.7021995, 11.1009435 ] ] ] } },
{ "type": "Feature", "properties": { "osm_id": "604246161", "code": "6101", "fclass": "rail", "name": "Addis Ababa – Djibouti Railway", "layer": 0, "bridge": "F", "tunnel": "F", "path": "F:\\AnimationData\\Rail\\EthioDjibouti\\Ethiopia_Rail.shp" }, "geometry": { "type": "MultiLineString", "coordinates": [ [ [ 39.1391831, 8.5791648 ], [ 39.1393429, 8.5781295 ], [ 39.1394273, 8.5776434 ], [ 39.1395168, 8.5771809 ], [ 39.1396378, 8.5767037 ], [ 39.1397847, 8.5762204 ], [ 39.1399264, 8.5757963 ], [ 39.1404742, 8.5744067 ], [ 39.1407699, 8.5736647 ], [ 39.1409466, 8.5731514 ], [ 39.1410682, 8.5727573 ], [ 39.1411603, 8.5723379 ], [ 39.1412216, 8.571932 ], [ 39.1412623, 8.5714899 ], [ 39.1412807, 8.5710512 ], [ 39.1412732, 8.5705951 ], [ 39.1412403, 8.5701565 ], [ 39.1411697, 8.5696805 ], [ 39.1410752, 8.5692503 ], [ 39.1409672, 8.5688569 ], [ 39.1408249, 8.5684127 ], [ 39.1406424, 8.5679698 ] ] ] } },
{ "type": "Feature", "properties": { "osm_id": "604246162", "code": "6101", "fclass": "rail", "name": "Addis Ababa – Djibouti Railway", "layer": 1, "bridge": "T", "tunnel": "F", "path": "F:\\AnimationData\\Rail\\EthioDjibouti\\Ethiopia_Rail.shp" }, "geometry": { "type": "MultiLineString", "coordinates": [ [ [ 39.1375941, 8.5899907 ], [ 39.1376427, 8.589668 ] ] ] } },
{ "type": "Feature", "properties": { "osm_id": "627529044", "code": "6101", "fclass": "rail", "name": null, "layer": -1, "bridge": "F", "tunnel": "T", "path": "F:\\AnimationData\\Rail\\EthioDjibouti\\Ethiopia_Rail.shp" }, "geometry": { "type": "MultiLineString", "coordinates": [ [ [ 41.7800094, 9.6298942 ], [ 41.7803874, 9.6299197 ] ] ] } },
{ "type": "Feature", "properties": { "osm_id": "627529045", "code": "6101", "fclass": "rail", "name": null, "layer": -1, "bridge": "F", "tunnel": "T", "path": "F:\\AnimationData\\Rail\\EthioDjibouti\\Ethiopia_Rail.shp" }, "geometry": { "type": "MultiLineString", "coordinates": [ [ [ 41.7800119, 9.6298557 ], [ 41.7803962, 9.6298838 ] ] ] } },
{ "type": "Feature", "properties": { "osm_id": "629008447", "code": "6101", "fclass": "rail", "name": "Addis Ababa – Djibouti Railway ??? ???? ???? ????? - ??????", "layer": 0, "bridge": "F", "tunnel": "F", "path": "F:\\AnimationData\\Rail\\EthioDjibouti\\Ethiopia_Rail.shp" }, "geometry": { "type": "MultiLineString", "coordinates": [ [ [ 42.6303215, 11.0514442 ], [ 42.6297705, 11.0501416 ], [ 42.6293064, 11.0485541 ], [ 42.6285717, 11.0453518 ], [ 42.6281436, 11.0432011 ], [ 42.6279143, 11.042134 ], [ 42.6278204, 11.0414552 ], [ 42.6277211, 11.0406094 ], [ 42.6276914, 11.0393987 ] ] ] } },
{ "type": "Feature", "properties": { "osm_id": "629008452", "code": "6101", "fclass": "rail", "name": "Addis Ababa – Djibouti Railway ??? ???? ???? ????? - ??????", "layer": 1, "bridge": "T", "tunnel": "F", "path": "F:\\AnimationData\\Rail\\EthioDjibouti\\Ethiopia_Rail.shp" }, "geometry": { "type": "MultiLineString", "coordinates": [ [ [ 42.6304186, 11.0516688 ], [ 42.6303215, 11.0514442 ] ] ] } },
{ "type": "Feature", "properties": { "osm_id": "629053438", "code": "6101", "fclass": "rail", "name": "Addis Ababa – Djibouti Railway", "layer": 0, "bridge": "F", "tunnel": "F", "path": "F:\\AnimationData\\Rail\\EthioDjibouti\\Ethiopia_Rail.shp" }, "geometry": { "type": "MultiLineString", "coordinates": [ [ [ 42.6277168, 11.034727 ], [ 42.6276814, 11.0328845 ], [ 42.6277057, 11.031111 ], [ 42.6277934, 11.0301733 ], [ 42.6279243, 11.0293081 ], [ 42.6281114, 11.0286458 ], [ 42.6283215, 11.028096 ], [ 42.6285574, 11.0275138 ], [ 42.6288032, 11.0269184 ], [ 42.6290294, 11.0264968 ], [ 42.6293834, 11.0258896 ], [ 42.6324985, 11.0207187 ], [ 42.6329745, 11.0198534 ], [ 42.6333903, 11.018816 ], [ 42.6336215, 11.0180056 ], [ 42.6352641, 11.0099587 ], [ 42.6353993, 11.0089595 ], [ 42.6354307, 11.008627 ], [ 42.635472, 11.008168 ], [ 42.6354904, 11.0073813 ] ] ] } },
{ "type": "Feature", "properties": { "osm_id": "629151533", "code": "6101", "fclass": "rail", "name": "Addis Ababa – Djibouti Railway", "layer": 0, "bridge": "F", "tunnel": "F", "path": "F:\\AnimationData\\Rail\\EthioDjibouti\\Ethiopia_Rail.shp" }, "geometry": { "type": "MultiLineString", "coordinates": [ [ [ 39.9247616, 8.9134809 ], [ 39.9252637, 8.913482 ], [ 39.9257755, 8.9134786 ], [ 39.9281089, 8.913463 ], [ 39.959275, 8.9133082 ], [ 40.0033796, 8.9131214 ], [ 40.0048264, 8.913101 ], [ 40.0056708, 8.9130984 ], [ 40.006597, 8.9131715 ], [ 40.0073632, 8.913235 ], [ 40.0081092, 8.9133335 ], [ 40.0099683, 8.9136245 ], [ 40.0113054, 8.9137863 ], [ 40.0131217, 8.9140573 ], [ 40.0158687, 8.9144326 ], [ 40.0177008, 8.9147185 ], [ 40.0191578, 8.9149089 ], [ 40.0210288, 8.9151984 ], [ 40.0221066, 8.9154166 ], [ 40.023258, 8.9156866 ], [ 40.0241913, 8.9159481 ], [ 40.0252731, 8.9162719 ], [ 40.0266657, 8.9167209 ], [ 40.0285195, 8.917437 ], [ 40.0293113, 8.9177576 ], [ 40.0433833, 8.9236501 ], [ 40.0892585, 8.9427711 ], [ 40.0903698, 8.9432808 ], [ 40.0924448, 8.9442986 ], [ 40.0941751, 8.9452905 ], [ 40.0956429, 8.9461703 ], [ 40.0974789, 8.947367 ], [ 40.0990935, 8.9484828 ], [ 40.1008025, 8.9497979 ], [ 40.1025691, 8.9512543 ], [ 40.1036593, 8.9522166 ], [ 40.1046892, 8.953187 ], [ 40.1067618, 8.9552838 ], [ 40.1087605, 8.9573974 ], [ 40.1169739, 8.965165 ], [ 40.117801, 8.9659817 ], [ 40.1189348, 8.967202 ], [ 40.1196003, 8.9679725 ], [ 40.1233777, 8.9724276 ], [ 40.1268875, 8.9766816 ], [ 40.1277356, 8.9777323 ], [ 40.1282298, 8.9784077 ], [ 40.1294192, 8.9800874 ], [ 40.1305346, 8.9818932 ], [ 40.1315995, 8.9836807 ], [ 40.1326633, 8.9854697 ], [ 40.1335289, 8.9869627 ], [ 40.1343306, 8.9883428 ], [ 40.1358059, 8.9908454 ], [ 40.1365992, 8.992138 ], [ 40.1370075, 8.9928352 ], [ 40.1375124, 8.9936187 ], [ 40.1381058, 8.9944122 ], [ 40.138788, 8.9952198 ], [ 40.1394307, 8.9958441 ], [ 40.1400574, 8.9963962 ], [ 40.1414184, 8.9974091 ], [ 40.1422332, 8.9979161 ], [ 40.1432146, 8.9984749 ], [ 40.1455336, 8.999757 ], [ 40.1468395, 9.0005011 ] ] ] } },
{ "type": "Feature", "properties": { "osm_id": "629152332", "code": "6101", "fclass": "rail", "name": "Addis Ababa – Djibouti Railway", "layer": 1, "bridge": "T", "tunnel": "F", "path": "F:\\AnimationData\\Rail\\EthioDjibouti\\Ethiopia_Rail.shp" }, "geometry": { "type": "MultiLineString", "coordinates": [ [ [ 39.9073798, 8.9141686 ], [ 39.9076347, 8.9141083 ] ] ] } },
{ "type": "Feature", "properties": { "osm_id": "629152333", "code": "6101", "fclass": "rail", "name": "Addis Ababa – Djibouti Railway", "layer": 0, "bridge": "F", "tunnel": "F", "path": "F:\\AnimationData\\Rail\\EthioDjibouti\\Ethiopia_Rail.shp" }, "geometry": { "type": "MultiLineString", "coordinates": [ [ [ 39.9076347, 8.9141083 ], [ 39.9088515, 8.9138403 ], [ 39.9094391, 8.9137265 ], [ 39.9099492, 8.9136384 ], [ 39.9104526, 8.9135787 ], [ 39.9110623, 8.9135353 ], [ 39.9154204, 8.9135138 ], [ 39.9159191, 8.913512 ], [ 39.9247616, 8.9134809 ] ] ] } },
{ "type": "Feature", "properties": { "osm_id": "629806612", "code": "6101", "fclass": "rail", "name": "Addis Ababa – Djibouti Railway", "layer": 0, "bridge": "F", "tunnel": "F", "path": "F:\\AnimationData\\Rail\\EthioDjibouti\\Ethiopia_Rail.shp" }, "geometry": { "type": "MultiLineString", "coordinates": [ [ [ 41.7912519, 9.6305051 ], [ 41.7787286, 9.6296209 ], [ 41.7782106, 9.6295843 ], [ 41.7776952, 9.6295479 ], [ 41.7725173, 9.6291742 ], [ 41.7672125, 9.6287903 ], [ 41.7666503, 9.628758 ], [ 41.7662466, 9.6287272 ], [ 41.7643083, 9.6285988 ], [ 41.7582002, 9.6281534 ] ] ] } },
{ "type": "Feature", "properties": { "osm_id": "630281982", "code": "6101", "fclass": "rail", "name": null, "layer": 0, "bridge": "F", "tunnel": "F", "path": "F:\\AnimationData\\Rail\\EthioDjibouti\\Ethiopia_Rail.shp" }, "geometry": { "type": "MultiLineString", "coordinates": [ [ [ 40.1523918, 9.0136629 ], [ 40.1520539, 9.0159416 ] ] ] } },
{ "type": "Feature", "properties": { "osm_id": "630732189", "code": "6101", "fclass": "rail", "name": "Addis Ababa – Djibouti Railway", "layer": 1, "bridge": "T", "tunnel": "F", "path": "F:\\AnimationData\\Rail\\EthioDjibouti\\Ethiopia_Rail.shp" }, "geometry": { "type": "MultiLineString", "coordinates": [ [ [ 38.7082553, 8.8530597 ], [ 38.7088174, 8.8524553 ], [ 38.7095191, 8.851862 ], [ 38.7103306, 8.8513448 ], [ 38.7108867, 8.851065 ], [ 38.7114195, 8.8508519 ], [ 38.7119296, 8.8506935 ], [ 38.71245, 8.8505672 ], [ 38.7129934, 8.8504739 ], [ 38.7135576, 8.8504335 ], [ 38.714114, 8.8504327 ], [ 38.714675, 8.8504801 ], [ 38.7152578, 8.8505666 ], [ 38.715829, 8.8507175 ], [ 38.7162984, 8.850872 ], [ 38.7168236, 8.8510839 ] ] ] } },
{ "type": "Feature", "properties": { "osm_id": "630732198", "code": "6101", "fclass": "rail", "name": "Addis Ababa – Djibouti Railway", "layer": 0, "bridge": "F", "tunnel": "F", "path": "F:\\AnimationData\\Rail\\EthioDjibouti\\Ethiopia_Rail.shp" }, "geometry": { "type": "MultiLineString", "coordinates": [ [ [ 38.7168236, 8.8510839 ], [ 38.7173846, 8.8513513 ], [ 38.7182966, 8.8518691 ], [ 38.7329519, 8.8601545 ], [ 38.7337114, 8.8605326 ], [ 38.7342959, 8.8608024 ], [ 38.735102, 8.8611395 ] ] ] } },
{ "type": "Feature", "properties": { "osm_id": "631141353", "code": "6101", "fclass": "rail", "name": null, "layer": 0, "bridge": "F", "tunnel": "F", "path": "F:\\AnimationData\\Rail\\EthioDjibouti\\Ethiopia_Rail.shp" }, "geometry": { "type": "MultiLineString", "coordinates": [ [ [ 38.7482615, 8.8646285 ], [ 38.7485436, 8.8645574 ], [ 38.7493952, 8.864343 ], [ 38.7499887, 8.8641782 ], [ 38.7506122, 8.8639934 ], [ 38.7511546, 8.863811 ], [ 38.7518514, 8.8635457 ], [ 38.7525557, 8.863247 ], [ 38.753215, 8.8629303 ], [ 38.7539028, 8.8625817 ] ] ] } },
{ "type": "Feature", "properties": { "osm_id": "631147496", "code": "6101", "fclass": "rail", "name": "Addis Ababa – Djibouti Railway", "layer": 0, "bridge": "F", "tunnel": "F", "path": "F:\\AnimationData\\Rail\\EthioDjibouti\\Ethiopia_Rail.shp" }, "geometry": { "type": "MultiLineString", "coordinates": [ [ [ 39.273271, 8.5039898 ], [ 39.2773458, 8.5033863 ], [ 39.2781008, 8.5033012 ], [ 39.2787348, 8.5032771 ], [ 39.279351, 8.5033082 ], [ 39.2799649, 8.503383 ], [ 39.2804753, 8.503487 ], [ 39.2809101, 8.5036132 ], [ 39.2813397, 8.5037566 ], [ 39.2817369, 8.5039322 ], [ 39.2821824, 8.5041665 ], [ 39.2829224, 8.504633 ] ] ] } },
{ "type": "Feature", "properties": { "osm_id": "631364448", "code": "6101", "fclass": "rail", "name": null, "layer": 0, "bridge": "F", "tunnel": "F", "path": "F:\\AnimationData\\Rail\\EthioDjibouti\\Ethiopia_Rail.shp" }, "geometry": { "type": "MultiLineString", "coordinates": [ [ [ 39.2695753, 8.5045412 ], [ 39.268958, 8.5046795 ], [ 39.2685324, 8.5047696 ], [ 39.2682861, 8.5048223 ], [ 39.2604891, 8.5059701 ], [ 39.2593484, 8.506044 ] ] ] } },
{ "type": "Feature", "properties": { "osm_id": "631364450", "code": "6101", "fclass": "rail", "name": null, "layer": 0, "bridge": "F", "tunnel": "F", "path": "F:\\AnimationData\\Rail\\EthioDjibouti\\Ethiopia_Rail.shp" }, "geometry": { "type": "MultiLineString", "coordinates": [ [ [ 39.2578625, 8.5064151 ], [ 39.258915, 8.5062547 ], [ 39.2592545, 8.5062015 ], [ 39.2597257, 8.5060863 ], [ 39.2604891, 8.5059701 ] ] ] } },
{ "type": "Feature", "properties": { "osm_id": "631364451", "code": "6101", "fclass": "rail", "name": null, "layer": 0, "bridge": "F", "tunnel": "F", "path": "F:\\AnimationData\\Rail\\EthioDjibouti\\Ethiopia_Rail.shp" }, "geometry": { "type": "MultiLineString", "coordinates": [ [ [ 39.2578697, 8.5064647 ], [ 39.258531, 8.5063572 ], [ 39.258915, 8.5062547 ] ] ] } },
{ "type": "Feature", "properties": { "osm_id": "631364453", "code": "6101", "fclass": "rail", "name": "Addis Ababa – Djibouti Railway", "layer": 0, "bridge": "F", "tunnel": "F", "path": "F:\\AnimationData\\Rail\\EthioDjibouti\\Ethiopia_Rail.shp" }, "geometry": { "type": "MultiLineString", "coordinates": [ [ [ 39.2506808, 8.5086896 ], [ 39.2512099, 8.508263 ], [ 39.2516662, 8.5079179 ], [ 39.2522096, 8.5075858 ], [ 39.2528776, 8.5072538 ], [ 39.2535884, 8.5069951 ], [ 39.2543998, 8.5067767 ], [ 39.2553712, 8.5066123 ], [ 39.2580218, 8.5062002 ], [ 39.258358, 8.506147 ], [ 39.2589363, 8.5060595 ], [ 39.2644938, 8.5052453 ], [ 39.268073, 8.5047096 ], [ 39.2684463, 8.50466 ], [ 39.2690802, 8.5046057 ] ] ] } },
{ "type": "Feature", "properties": { "osm_id": "631364454", "code": "6101", "fclass": "rail", "name": "Addis Ababa – Djibouti Railway", "layer": 1, "bridge": "T", "tunnel": "F", "path": "F:\\AnimationData\\Rail\\EthioDjibouti\\Ethiopia_Rail.shp" }, "geometry": { "type": "MultiLineString", "coordinates": [ [ [ 39.2414919, 8.5143247 ], [ 39.2418839, 8.5142304 ] ] ] } },
{ "type": "Feature", "properties": { "osm_id": "631364455", "code": "6101", "fclass": "rail", "name": "Addis Ababa – Djibouti Railway", "layer": 0, "bridge": "F", "tunnel": "F", "path": "F:\\AnimationData\\Rail\\EthioDjibouti\\Ethiopia_Rail.shp" }, "geometry": { "type": "MultiLineString", "coordinates": [ [ [ 39.2418839, 8.5142304 ], [ 39.2427025, 8.5140103 ], [ 39.2434492, 8.5137504 ], [ 39.244175, 8.5134625 ] ] ] } },
{ "type": "Feature", "properties": { "osm_id": "631364456", "code": "6101", "fclass": "rail", "name": "Addis Ababa – Djibouti Railway", "layer": 1, "bridge": "T", "tunnel": "F", "path": "F:\\AnimationData\\Rail\\EthioDjibouti\\Ethiopia_Rail.shp" }, "geometry": { "type": "MultiLineString", "coordinates": [ [ [ 39.244175, 8.5134625 ], [ 39.2446517, 8.5132522 ], [ 39.2452425, 8.5129393 ], [ 39.245826, 8.512602 ], [ 39.2463878, 8.5122405 ], [ 39.2468519, 8.5119174 ], [ 39.2473007, 8.511578 ], [ 39.2506808, 8.5086896 ] ] ] } },
{ "type": "Feature", "properties": { "osm_id": "631364457", "code": "6101", "fclass": "rail", "name": "Addis Ababa – Djibouti Railway", "layer": 1, "bridge": "T", "tunnel": "F", "path": "F:\\AnimationData\\Rail\\EthioDjibouti\\Ethiopia_Rail.shp" }, "geometry": { "type": "MultiLineString", "coordinates": [ [ [ 39.2147229, 8.5142569 ], [ 39.2153095, 8.5140225 ] ] ] } },
{ "type": "Feature", "properties": { "osm_id": "631364458", "code": "6101", "fclass": "rail", "name": "Addis Ababa – Djibouti Railway", "layer": 0, "bridge": "F", "tunnel": "F", "path": "F:\\AnimationData\\Rail\\EthioDjibouti\\Ethiopia_Rail.shp" }, "geometry": { "type": "MultiLineString", "coordinates": [ [ [ 39.2153095, 8.5140225 ], [ 39.2159532, 8.5137112 ], [ 39.2165819, 8.5133342 ], [ 39.2187277, 8.5119925 ], [ 39.2192211, 8.5116762 ], [ 39.219803, 8.511392 ], [ 39.2203545, 8.5111646 ], [ 39.2208565, 8.5110026 ] ] ] } },
{ "type": "Feature", "properties": { "osm_id": "631389910", "code": "6101", "fclass": "rail", "name": "Addis Ababa – Djibouti Railway", "layer": 0, "bridge": "F", "tunnel": "F", "path": "F:\\AnimationData\\Rail\\EthioDjibouti\\Ethiopia_Rail.shp" }, "geometry": { "type": "MultiLineString", "coordinates": [ [ [ 39.2079896, 8.514775 ], [ 39.2084606, 8.5146668 ], [ 39.2089438, 8.5145881 ], [ 39.209478, 8.5145599 ], [ 39.210068, 8.5145543 ], [ 39.2125377, 8.514615 ] ] ] } },
{ "type": "Feature", "properties": { "osm_id": "631389911", "code": "6101", "fclass": "rail", "name": "Addis Ababa – Djibouti Railway", "layer": 1, "bridge": "T", "tunnel": "F", "path": "F:\\AnimationData\\Rail\\EthioDjibouti\\Ethiopia_Rail.shp" }, "geometry": { "type": "MultiLineString", "coordinates": [ [ [ 39.2074829, 8.5148981 ], [ 39.2079896, 8.514775 ] ] ] } },
{ "type": "Feature", "properties": { "osm_id": "631389913", "code": "6101", "fclass": "rail", "name": "Addis Ababa – Djibouti Railway", "layer": 0, "bridge": "F", "tunnel": "F", "path": "F:\\AnimationData\\Rail\\EthioDjibouti\\Ethiopia_Rail.shp" }, "geometry": { "type": "MultiLineString", "coordinates": [ [ [ 39.2048824, 8.5159245 ], [ 39.2053736, 8.5157176 ], [ 39.206437, 8.515273 ], [ 39.2070065, 8.5150531 ], [ 39.2074829, 8.5148981 ] ] ] } },
{ "type": "Feature", "properties": { "osm_id": "631389915", "code": "6101", "fclass": "rail", "name": "Addis Ababa – Djibouti Railway", "layer": 1, "bridge": "T", "tunnel": "F", "path": "F:\\AnimationData\\Rail\\EthioDjibouti\\Ethiopia_Rail.shp" }, "geometry": { "type": "MultiLineString", "coordinates": [ [ [ 39.2033259, 8.5164599 ], [ 39.2038377, 8.5163226 ], [ 39.2044127, 8.5161188 ], [ 39.2048824, 8.5159245 ] ] ] } },
{ "type": "Feature", "properties": { "osm_id": "631389916", "code": "6101", "fclass": "rail", "name": "Addis Ababa – Djibouti Railway", "layer": 1, "bridge": "T", "tunnel": "F", "path": "F:\\AnimationData\\Rail\\EthioDjibouti\\Ethiopia_Rail.shp" }, "geometry": { "type": "MultiLineString", "coordinates": [ [ [ 39.201313, 8.5166242 ], [ 39.2017098, 8.5166401 ] ] ] } },
{ "type": "Feature", "properties": { "osm_id": "631389917", "code": "6101", "fclass": "rail", "name": "Addis Ababa – Djibouti Railway", "layer": 0, "bridge": "F", "tunnel": "F", "path": "F:\\AnimationData\\Rail\\EthioDjibouti\\Ethiopia_Rail.shp" }, "geometry": { "type": "MultiLineString", "coordinates": [ [ [ 39.2017098, 8.5166401 ], [ 39.2022262, 8.5166189 ], [ 39.2028083, 8.5165545 ], [ 39.2033259, 8.5164599 ] ] ] } },
{ "type": "Feature", "properties": { "osm_id": "631389918", "code": "6101", "fclass": "rail", "name": "Addis Ababa – Djibouti Railway", "layer": 1, "bridge": "T", "tunnel": "F", "path": "F:\\AnimationData\\Rail\\EthioDjibouti\\Ethiopia_Rail.shp" }, "geometry": { "type": "MultiLineString", "coordinates": [ [ [ 39.1968921, 8.5148306 ], [ 39.1972179, 8.5150956 ] ] ] } },
{ "type": "Feature", "properties": { "osm_id": "631389919", "code": "6101", "fclass": "rail", "name": "Addis Ababa – Djibouti Railway", "layer": 0, "bridge": "F", "tunnel": "F", "path": "F:\\AnimationData\\Rail\\EthioDjibouti\\Ethiopia_Rail.shp" }, "geometry": { "type": "MultiLineString", "coordinates": [ [ [ 39.1972179, 8.5150956 ], [ 39.1975928, 8.5153491 ], [ 39.1979652, 8.5155962 ], [ 39.1983447, 8.5158057 ], [ 39.1988628, 8.5160578 ], [ 39.1994796, 8.5162992 ], [ 39.2001148, 8.5164565 ], [ 39.2007899, 8.516576 ], [ 39.201313, 8.5166242 ] ] ] } },
{ "type": "Feature", "properties": { "osm_id": "631389920", "code": "6101", "fclass": "rail", "name": "Addis Ababa – Djibouti Railway", "layer": 0, "bridge": "F", "tunnel": "F", "path": "F:\\AnimationData\\Rail\\EthioDjibouti\\Ethiopia_Rail.shp" }, "geometry": { "type": "MultiLineString", "coordinates": [ [ [ 39.179799, 8.5024025 ], [ 39.1802541, 8.5027235 ], [ 39.1807098, 8.5030907 ], [ 39.1811558, 8.5034985 ], [ 39.1816448, 8.5039993 ], [ 39.1831817, 8.5057203 ], [ 39.1837831, 8.5063203 ], [ 39.1842961, 8.5067881 ], [ 39.1850525, 8.5073682 ], [ 39.1856445, 8.5077765 ], [ 39.1862956, 8.5081882 ], [ 39.1869556, 8.5085174 ], [ 39.1906082, 8.5102427 ], [ 39.1915628, 8.5107388 ], [ 39.1923914, 8.5112126 ], [ 39.1932024, 8.5117921 ], [ 39.1943536, 8.5126861 ], [ 39.1968921, 8.5148306 ] ] ] } },
{ "type": "Feature", "properties": { "osm_id": "631389921", "code": "6101", "fclass": "rail", "name": "Addis Ababa – Djibouti Railway", "layer": 0, "bridge": "F", "tunnel": "F", "path": "F:\\AnimationData\\Rail\\EthioDjibouti\\Ethiopia_Rail.shp" }, "geometry": { "type": "MultiLineString", "coordinates": [ [ [ 39.1713231, 8.5030766 ], [ 39.1717323, 8.5027766 ], [ 39.172213, 8.5024852 ], [ 39.1726861, 8.5022018 ], [ 39.1732299, 8.5019372 ], [ 39.1738057, 8.5017148 ], [ 39.1744407, 8.5015305 ], [ 39.1751098, 8.5013804 ], [ 39.1759608, 8.5013271 ], [ 39.1767282, 8.5013488 ], [ 39.1774366, 8.5014536 ], [ 39.1782294, 8.5016469 ], [ 39.1788806, 8.5018934 ], [ 39.1793531, 8.5021372 ], [ 39.179799, 8.5024025 ] ] ] } },
{ "type": "Feature", "properties": { "osm_id": "631389922", "code": "6101", "fclass": "rail", "name": "Addis Ababa – Djibouti Railway", "layer": 0, "bridge": "F", "tunnel": "F", "path": "F:\\AnimationData\\Rail\\EthioDjibouti\\Ethiopia_Rail.shp" }, "geometry": { "type": "MultiLineString", "coordinates": [ [ [ 39.1709761, 8.5033741 ], [ 39.1713231, 8.5030766 ] ] ] } },
{ "type": "Feature", "properties": { "osm_id": "631389923", "code": "6101", "fclass": "rail", "name": "Addis Ababa – Djibouti Railway", "layer": 1, "bridge": "T", "tunnel": "F", "path": "F:\\AnimationData\\Rail\\EthioDjibouti\\Ethiopia_Rail.shp" }, "geometry": { "type": "MultiLineString", "coordinates": [ [ [ 39.1684157, 8.5082757 ], [ 39.1689551, 8.5064148 ], [ 39.1692696, 8.5056388 ], [ 39.1696487, 8.5049888 ], [ 39.170055, 8.5043785 ], [ 39.1704811, 8.5038759 ], [ 39.1709761, 8.5033741 ] ] ] } },
{ "type": "Feature", "properties": { "osm_id": "631389924", "code": "6101", "fclass": "rail", "name": "Addis Ababa – Djibouti Railway", "layer": 0, "bridge": "F", "tunnel": "F", "path": "F:\\AnimationData\\Rail\\EthioDjibouti\\Ethiopia_Rail.shp" }, "geometry": { "type": "MultiLineString", "coordinates": [ [ [ 39.1678857, 8.5100352 ], [ 39.1684157, 8.5082757 ] ] ] } },
{ "type": "Feature", "properties": { "osm_id": "631389925", "code": "6101", "fclass": "rail", "name": "Addis Ababa – Djibouti Railway", "layer": 0, "bridge": "F", "tunnel": "F", "path": "F:\\AnimationData\\Rail\\EthioDjibouti\\Ethiopia_Rail.shp" }, "geometry": { "type": "MultiLineString", "coordinates": [ [ [ 39.1646824, 8.5192852 ], [ 39.1650399, 8.5186757 ], [ 39.1653594, 8.5179745 ], [ 39.165609, 8.517337 ], [ 39.1678857, 8.5100352 ] ] ] } },
{ "type": "Feature", "properties": { "osm_id": "631389927", "code": "6101", "fclass": "rail", "name": "Addis Ababa – Djibouti Railway", "layer": 0, "bridge": "F", "tunnel": "F", "path": "F:\\AnimationData\\Rail\\EthioDjibouti\\Ethiopia_Rail.shp" }, "geometry": { "type": "MultiLineString", "coordinates": [ [ [ 39.1631586, 8.5210918 ], [ 39.1637572, 8.5205427 ], [ 39.1642796, 8.5198954 ], [ 39.1646824, 8.5192852 ] ] ] } },
{ "type": "Feature", "properties": { "osm_id": "631389928", "code": "6101", "fclass": "rail", "name": "Addis Ababa – Djibouti Railway", "layer": 1, "bridge": "T", "tunnel": "F", "path": "F:\\AnimationData\\Rail\\EthioDjibouti\\Ethiopia_Rail.shp" }, "geometry": { "type": "MultiLineString", "coordinates": [ [ [ 39.1615189, 8.5221857 ], [ 39.1620536, 8.5218918 ], [ 39.1624405, 8.5216486 ], [ 39.1628248, 8.5213602 ], [ 39.1631586, 8.5210918 ] ] ] } },
{ "type": "Feature", "properties": { "osm_id": "631389929", "code": "6101", "fclass": "rail", "name": "Addis Ababa – Djibouti Railway", "layer": 1, "bridge": "T", "tunnel": "F", "path": "F:\\AnimationData\\Rail\\EthioDjibouti\\Ethiopia_Rail.shp" }, "geometry": { "type": "MultiLineString", "coordinates": [ [ [ 39.148262, 8.5350063 ], [ 39.1492484, 8.5346397 ] ] ] } },
{ "type": "Feature", "properties": { "osm_id": "631389930", "code": "6101", "fclass": "rail", "name": "Addis Ababa – Djibouti Railway", "layer": 0, "bridge": "F", "tunnel": "F", "path": "F:\\AnimationData\\Rail\\EthioDjibouti\\Ethiopia_Rail.shp" }, "geometry": { "type": "MultiLineString", "coordinates": [ [ [ 39.1492484, 8.5346397 ], [ 39.1499494, 8.5343873 ], [ 39.1507894, 8.5340343 ], [ 39.1514507, 8.5336953 ], [ 39.1521097, 8.5332558 ], [ 39.1526894, 8.5327344 ], [ 39.153233, 8.5321285 ], [ 39.1535621, 8.5316941 ], [ 39.1538675, 8.5311884 ], [ 39.1542234, 8.5304869 ], [ 39.1544939, 8.5298316 ], [ 39.1553761, 8.5274154 ], [ 39.1556419, 8.5267429 ], [ 39.1559624, 8.5261487 ], [ 39.1564522, 8.5254238 ] ] ] } },
{ "type": "Feature", "properties": { "osm_id": "631389931", "code": "6101", "fclass": "rail", "name": "Addis Ababa – Djibouti Railway", "layer": 0, "bridge": "F", "tunnel": "F", "path": "F:\\AnimationData\\Rail\\EthioDjibouti\\Ethiopia_Rail.shp" }, "geometry": { "type": "MultiLineString", "coordinates": [ [ [ 39.1564522, 8.5254238 ], [ 39.1569765, 8.5247993 ], [ 39.1576089, 8.524231 ], [ 39.1583497, 8.523711 ], [ 39.1590621, 8.5233057 ], [ 39.1597631, 8.5229862 ], [ 39.1615189, 8.5221857 ] ] ] } },
{ "type": "Feature", "properties": { "osm_id": "631389934", "code": "6101", "fclass": "rail", "name": "Addis Ababa – Djibouti Railway", "layer": 1, "bridge": "T", "tunnel": "F", "path": "F:\\AnimationData\\Rail\\EthioDjibouti\\Ethiopia_Rail.shp" }, "geometry": { "type": "MultiLineString", "coordinates": [ [ [ 39.1412144, 8.549291 ], [ 39.1413008, 8.5489607 ] ] ] } },
{ "type": "Feature", "properties": { "osm_id": "631389935", "code": "6101", "fclass": "rail", "name": "Addis Ababa – Djibouti Railway", "layer": 0, "bridge": "F", "tunnel": "F", "path": "F:\\AnimationData\\Rail\\EthioDjibouti\\Ethiopia_Rail.shp" }, "geometry": { "type": "MultiLineString", "coordinates": [ [ [ 39.1413008, 8.5489607 ], [ 39.1434354, 8.5406867 ], [ 39.1436576, 8.5398817 ], [ 39.1438616, 8.5392662 ], [ 39.1441407, 8.5386487 ], [ 39.1445273, 8.5379643 ], [ 39.1450528, 8.5372389 ], [ 39.145463, 8.5367809 ], [ 39.1459097, 8.5363759 ], [ 39.146391, 8.5360171 ], [ 39.1470023, 8.5356124 ], [ 39.1476258, 8.5352761 ], [ 39.148262, 8.5350063 ] ] ] } },
{ "type": "Feature", "properties": { "osm_id": "631389936", "code": "6101", "fclass": "rail", "name": "Addis Ababa – Djibouti Railway", "layer": 0, "bridge": "F", "tunnel": "F", "path": "F:\\AnimationData\\Rail\\EthioDjibouti\\Ethiopia_Rail.shp" }, "geometry": { "type": "MultiLineString", "coordinates": [ [ [ 39.1403722, 8.5525708 ], [ 39.1412144, 8.549291 ] ] ] } },
{ "type": "Feature", "properties": { "osm_id": "631389937", "code": "6101", "fclass": "rail", "name": "Addis Ababa – Djibouti Railway", "layer": 0, "bridge": "F", "tunnel": "F", "path": "F:\\AnimationData\\Rail\\EthioDjibouti\\Ethiopia_Rail.shp" }, "geometry": { "type": "MultiLineString", "coordinates": [ [ [ 39.1383373, 8.5629047 ], [ 39.1382802, 8.5624559 ], [ 39.1382435, 8.5620202 ], [ 39.1382472, 8.5615409 ], [ 39.1382816, 8.5611191 ], [ 39.1383438, 8.5606781 ], [ 39.138425, 8.5602456 ], [ 39.1385358, 8.5597645 ], [ 39.1403722, 8.5525708 ] ] ] } },
{ "type": "Feature", "properties": { "osm_id": "631389939", "code": "6101", "fclass": "rail", "name": null, "layer": 0, "bridge": "F", "tunnel": "F", "path": "F:\\AnimationData\\Rail\\EthioDjibouti\\Ethiopia_Rail.shp" }, "geometry": { "type": "MultiLineString", "coordinates": [ [ [ 39.140325, 8.5879066 ], [ 39.1390867, 8.5858837 ], [ 39.1389243, 8.5855575 ], [ 39.1388418, 8.5853097 ], [ 39.138786, 8.5850424 ], [ 39.1387524, 8.5847711 ], [ 39.138751, 8.5844897 ], [ 39.138802, 8.5830764 ], [ 39.1388063, 8.5829697 ], [ 39.1388342, 8.5826723 ], [ 39.1388769, 8.5823661 ], [ 39.1390562, 8.5811915 ], [ 39.1390707, 8.5810085 ], [ 39.1390807, 8.5807827 ], [ 39.1390977, 8.5804873 ] ] ] } },
{ "type": "Feature", "properties": { "osm_id": "631389941", "code": "6101", "fclass": "rail", "name": null, "layer": 0, "bridge": "F", "tunnel": "F", "path": "F:\\AnimationData\\Rail\\EthioDjibouti\\Ethiopia_Rail.shp" }, "geometry": { "type": "MultiLineString", "coordinates": [ [ [ 39.138802, 8.5830764 ], [ 39.1388196, 8.5834054 ], [ 39.1388461, 8.5836106 ], [ 39.1389091, 8.5838386 ], [ 39.1390079, 8.5840887 ], [ 39.1391369, 8.5843176 ], [ 39.1392744, 8.5845009 ], [ 39.1393969, 8.5846249 ], [ 39.139515, 8.5847372 ], [ 39.1414045, 8.5863424 ], [ 39.14165, 8.5865059 ], [ 39.1419858, 8.5866783 ], [ 39.1423697, 8.5868105 ], [ 39.1427563, 8.5868882 ], [ 39.1431318, 8.5869128 ], [ 39.1440019, 8.5869582 ], [ 39.144299, 8.586946 ], [ 39.1446205, 8.5868846 ], [ 39.1448985, 8.5867912 ], [ 39.1454978, 8.586519 ], [ 39.14726, 8.5857038 ], [ 39.1498521, 8.5845069 ] ] ] } },
{ "type": "Feature", "properties": { "osm_id": "631389942", "code": "6101", "fclass": "rail", "name": null, "layer": 0, "bridge": "F", "tunnel": "F", "path": "F:\\AnimationData\\Rail\\EthioDjibouti\\Ethiopia_Rail.shp" }, "geometry": { "type": "MultiLineString", "coordinates": [ [ [ 39.1501557, 8.5852457 ], [ 39.1482138, 8.5861403 ], [ 39.148021, 8.5862073 ], [ 39.1478504, 8.5862509 ], [ 39.1476383, 8.5862815 ], [ 39.147409, 8.5863019 ], [ 39.1471353, 8.586309 ], [ 39.1467821, 8.5863064 ], [ 39.1465255, 8.5862886 ], [ 39.146334, 8.5862928 ], [ 39.1461034, 8.5863186 ], [ 39.145813, 8.5863953 ], [ 39.1454978, 8.586519 ] ] ] } },
{ "type": "Feature", "properties": { "osm_id": "631389947", "code": "6101", "fclass": "rail", "name": null, "layer": 0, "bridge": "F", "tunnel": "F", "path": "F:\\AnimationData\\Rail\\EthioDjibouti\\Ethiopia_Rail.shp" }, "geometry": { "type": "MultiLineString", "coordinates": [ [ [ 39.1370507, 8.5935689 ], [ 39.1370812, 8.5932453 ], [ 39.1370998, 8.5929644 ], [ 39.1371256, 8.592743 ], [ 39.1371617, 8.5924794 ], [ 39.1375495, 8.5899957 ] ] ] } },
{ "type": "Feature", "properties": { "osm_id": "631389948", "code": "6101", "fclass": "rail", "name": null, "layer": 0, "bridge": "F", "tunnel": "F", "path": "F:\\AnimationData\\Rail\\EthioDjibouti\\Ethiopia_Rail.shp" }, "geometry": { "type": "MultiLineString", "coordinates": [ [ [ 39.1377064, 8.5899859 ], [ 39.1373139, 8.5924377 ], [ 39.1372769, 8.5926134 ], [ 39.1372219, 8.5928377 ], [ 39.137163, 8.5931242 ] ] ] } },
{ "type": "Feature", "properties": { "osm_id": "631389949", "code": "6101", "fclass": "rail", "name": null, "layer": 1, "bridge": "T", "tunnel": "F", "path": "F:\\AnimationData\\Rail\\EthioDjibouti\\Ethiopia_Rail.shp" }, "geometry": { "type": "MultiLineString", "coordinates": [ [ [ 39.1375495, 8.5899957 ], [ 39.1375964, 8.5896797 ] ] ] } },
{ "type": "Feature", "properties": { "osm_id": "631389950", "code": "6101", "fclass": "rail", "name": null, "layer": 1, "bridge": "T", "tunnel": "F", "path": "F:\\AnimationData\\Rail\\EthioDjibouti\\Ethiopia_Rail.shp" }, "geometry": { "type": "MultiLineString", "coordinates": [ [ [ 39.1377551, 8.5896471 ], [ 39.1377064, 8.5899859 ] ] ] } },
{ "type": "Feature", "properties": { "osm_id": "631389951", "code": "6101", "fclass": "rail", "name": null, "layer": 0, "bridge": "F", "tunnel": "F", "path": "F:\\AnimationData\\Rail\\EthioDjibouti\\Ethiopia_Rail.shp" }, "geometry": { "type": "MultiLineString", "coordinates": [ [ [ 39.1375964, 8.5896797 ], [ 39.1382667, 8.5851027 ], [ 39.1384529, 8.5842258 ] ] ] } },
{ "type": "Feature", "properties": { "osm_id": "631389952", "code": "6101", "fclass": "rail", "name": "Addis Ababa – Djibouti Railway", "layer": 0, "bridge": "F", "tunnel": "F", "path": "F:\\AnimationData\\Rail\\EthioDjibouti\\Ethiopia_Rail.shp" }, "geometry": { "type": "MultiLineString", "coordinates": [ [ [ 39.135274, 8.6055953 ], [ 39.1353439, 8.6051229 ], [ 39.1354281, 8.6045786 ], [ 39.1360579, 8.6002995 ], [ 39.1367258, 8.5957511 ], [ 39.1369554, 8.5942449 ], [ 39.1369811, 8.5940632 ], [ 39.1370507, 8.5935689 ], [ 39.1372176, 8.5924579 ], [ 39.1375941, 8.5899907 ] ] ] } },
{ "type": "Feature", "properties": { "osm_id": "631389953", "code": "6101", "fclass": "rail", "name": "Addis Ababa – Djibouti Railway", "layer": 1, "bridge": "T", "tunnel": "F", "path": "F:\\AnimationData\\Rail\\EthioDjibouti\\Ethiopia_Rail.shp" }, "geometry": { "type": "MultiLineString", "coordinates": [ [ [ 39.1352123, 8.6060069 ], [ 39.135274, 8.6055953 ] ] ] } },
{ "type": "Feature", "properties": { "osm_id": "631397532", "code": "6101", "fclass": "rail", "name": "Addis Ababa – Djibouti Railway", "layer": 1, "bridge": "T", "tunnel": "F", "path": "F:\\AnimationData\\Rail\\EthioDjibouti\\Ethiopia_Rail.shp" }, "geometry": { "type": "MultiLineString", "coordinates": [ [ [ 39.1150547, 8.6236204 ], [ 39.1172318, 8.6228076 ] ] ] } },
{ "type": "Feature", "properties": { "osm_id": "631397533", "code": "6101", "fclass": "rail", "name": "Addis Ababa – Djibouti Railway", "layer": 0, "bridge": "F", "tunnel": "F", "path": "F:\\AnimationData\\Rail\\EthioDjibouti\\Ethiopia_Rail.shp" }, "geometry": { "type": "MultiLineString", "coordinates": [ [ [ 39.1172318, 8.6228076 ], [ 39.1235991, 8.6205755 ], [ 39.1240709, 8.6203899 ], [ 39.1244741, 8.6202234 ], [ 39.1249383, 8.6200159 ], [ 39.1253495, 8.6198222 ], [ 39.1257534, 8.619613 ], [ 39.126144, 8.6193974 ], [ 39.1265246, 8.6191733 ], [ 39.126911, 8.618929 ], [ 39.1272947, 8.6186758 ], [ 39.1277978, 8.6183177 ] ] ] } },
{ "type": "Feature", "properties": { "osm_id": "631397534", "code": "6101", "fclass": "rail", "name": "Addis Ababa – Djibouti Railway", "layer": 0, "bridge": "F", "tunnel": "F", "path": "F:\\AnimationData\\Rail\\EthioDjibouti\\Ethiopia_Rail.shp" }, "geometry": { "type": "MultiLineString", "coordinates": [ [ [ 39.1283165, 8.6179411 ], [ 39.1287695, 8.6175916 ], [ 39.1291331, 8.6172873 ], [ 39.1294518, 8.6170038 ], [ 39.1297758, 8.6166914 ], [ 39.1301068, 8.6163714 ], [ 39.1304825, 8.6159899 ], [ 39.1308102, 8.6156246 ], [ 39.131128, 8.615254 ], [ 39.1314556, 8.6148678 ], [ 39.1317565, 8.6144785 ], [ 39.1320491, 8.6140688 ], [ 39.1323223, 8.6136724 ], [ 39.1325919, 8.6132543 ], [ 39.1327945, 8.6129204 ], [ 39.1330821, 8.6124231 ], [ 39.1333153, 8.6119834 ], [ 39.1335458, 8.611528 ], [ 39.1337525, 8.6110947 ], [ 39.1339326, 8.6106792 ], [ 39.1341227, 8.6102088 ], [ 39.1342987, 8.6097347 ], [ 39.134459, 8.6092795 ], [ 39.1345931, 8.6088641 ], [ 39.1347191, 8.6084232 ], [ 39.1348432, 8.6079343 ], [ 39.1349473, 8.6074773 ], [ 39.135049, 8.6069884 ], [ 39.1351437, 8.6064568 ], [ 39.1352123, 8.6060069 ] ] ] } },
{ "type": "Feature", "properties": { "osm_id": "631397535", "code": "6101", "fclass": "rail", "name": "Addis Ababa – Djibouti Railway", "layer": 1, "bridge": "T", "tunnel": "F", "path": "F:\\AnimationData\\Rail\\EthioDjibouti\\Ethiopia_Rail.shp" }, "geometry": { "type": "MultiLineString", "coordinates": [ [ [ 39.1277978, 8.6183177 ], [ 39.1283165, 8.6179411 ] ] ] } },
{ "type": "Feature", "properties": { "osm_id": "631397536", "code": "6101", "fclass": "rail", "name": "Addis Ababa – Djibouti Railway", "layer": 0, "bridge": "F", "tunnel": "F", "path": "F:\\AnimationData\\Rail\\EthioDjibouti\\Ethiopia_Rail.shp" }, "geometry": { "type": "MultiLineString", "coordinates": [ [ [ 39.0154463, 8.7704271 ], [ 39.0158128, 8.7698825 ] ] ] } },
{ "type": "Feature", "properties": { "osm_id": "631397537", "code": "6101", "fclass": "rail", "name": "Addis Ababa – Djibouti Railway", "layer": 1, "bridge": "T", "tunnel": "F", "path": "F:\\AnimationData\\Rail\\EthioDjibouti\\Ethiopia_Rail.shp" }, "geometry": { "type": "MultiLineString", "coordinates": [ [ [ 39.0152594, 8.7707006 ], [ 39.0154463, 8.7704271 ] ] ] } },
{ "type": "Feature", "properties": { "osm_id": "631423391", "code": "6101", "fclass": "rail", "name": "Addis Ababa – Djibouti Railway", "layer": 0, "bridge": "F", "tunnel": "F", "path": "F:\\AnimationData\\Rail\\EthioDjibouti\\Ethiopia_Rail.shp" }, "geometry": { "type": "MultiLineString", "coordinates": [ [ [ 38.929753, 8.7996989 ], [ 38.931133, 8.7993729 ], [ 38.9377087, 8.7977642 ] ] ] } },
{ "type": "Feature", "properties": { "osm_id": "631423393", "code": "6101", "fclass": "rail", "name": "Addis Ababa – Djibouti Railway", "layer": 0, "bridge": "F", "tunnel": "F", "path": "F:\\AnimationData\\Rail\\EthioDjibouti\\Ethiopia_Rail.shp" }, "geometry": { "type": "MultiLineString", "coordinates": [ [ [ 38.9020416, 8.8182813 ], [ 38.902481, 8.8176966 ], [ 38.9029575, 8.8169943 ], [ 38.9032881, 8.8164357 ], [ 38.9037136, 8.8156703 ], [ 38.9040864, 8.8148305 ], [ 38.9044283, 8.8140527 ], [ 38.904644, 8.813495 ], [ 38.9048254, 8.8129293 ], [ 38.9050102, 8.812189 ], [ 38.9052113, 8.811203 ], [ 38.9053072, 8.8104963 ], [ 38.9053534, 8.8098361 ], [ 38.90535, 8.8088928 ], [ 38.9053958, 8.8059719 ], [ 38.9053895, 8.8052062 ], [ 38.905438, 8.8045289 ], [ 38.9055683, 8.8037993 ], [ 38.9057377, 8.803138 ], [ 38.9060473, 8.8023068 ], [ 38.9063595, 8.801698 ], [ 38.9069014, 8.8009025 ], [ 38.9073852, 8.8003375 ], [ 38.9078966, 8.7998121 ], [ 38.9084397, 8.7993446 ], [ 38.9089958, 8.7989906 ], [ 38.9096434, 8.7987001 ], [ 38.9102882, 8.7984613 ], [ 38.9111418, 8.7982425 ], [ 38.9119218, 8.7981446 ], [ 38.9127472, 8.7981098 ], [ 38.9136422, 8.7981734 ], [ 38.9143922, 8.7983036 ], [ 38.915152, 8.7985294 ], [ 38.9158888, 8.7988317 ], [ 38.9185215, 8.8000262 ], [ 38.9193231, 8.8003353 ], [ 38.9200738, 8.800565 ], [ 38.9206729, 8.800674 ], [ 38.9213158, 8.8007327 ], [ 38.9219789, 8.8007408 ], [ 38.9230116, 8.800659 ], [ 38.9271825, 8.80014 ], [ 38.9283048, 8.7999762 ], [ 38.929753, 8.7996989 ] ] ] } },
{ "type": "Feature", "properties": { "osm_id": "631423394", "code": "6101", "fclass": "rail", "name": "Addis Ababa – Djibouti Railway", "layer": 1, "bridge": "T", "tunnel": "F", "path": "F:\\AnimationData\\Rail\\EthioDjibouti\\Ethiopia_Rail.shp" }, "geometry": { "type": "MultiLineString", "coordinates": [ [ [ 38.9018944, 8.8184459 ], [ 38.9020416, 8.8182813 ] ] ] } },
{ "type": "Feature", "properties": { "osm_id": "631423395", "code": "6101", "fclass": "rail", "name": "Addis Ababa – Djibouti Railway", "layer": 0, "bridge": "F", "tunnel": "F", "path": "F:\\AnimationData\\Rail\\EthioDjibouti\\Ethiopia_Rail.shp" }, "geometry": { "type": "MultiLineString", "coordinates": [ [ [ 38.8982559, 8.8215067 ], [ 38.8986299, 8.8212592 ], [ 38.8992653, 8.8208342 ], [ 38.8999065, 8.8203448 ], [ 38.9004968, 8.8198333 ], [ 38.9010472, 8.8193337 ], [ 38.9015223, 8.8188581 ], [ 38.9017514, 8.8186044 ], [ 38.9018944, 8.8184459 ] ] ] } },
{ "type": "Feature", "properties": { "osm_id": "631423396", "code": "6101", "fclass": "rail", "name": "Addis Ababa – Djibouti Railway", "layer": 1, "bridge": "T", "tunnel": "F", "path": "F:\\AnimationData\\Rail\\EthioDjibouti\\Ethiopia_Rail.shp" }, "geometry": { "type": "MultiLineString", "coordinates": [ [ [ 38.8980385, 8.8216364 ], [ 38.8982559, 8.8215067 ] ] ] } },
{ "type": "Feature", "properties": { "osm_id": "631423397", "code": "6101", "fclass": "rail", "name": "Addis Ababa – Djibouti Railway", "layer": 0, "bridge": "F", "tunnel": "F", "path": "F:\\AnimationData\\Rail\\EthioDjibouti\\Ethiopia_Rail.shp" }, "geometry": { "type": "MultiLineString", "coordinates": [ [ [ 38.8908655, 8.8235756 ], [ 38.8915515, 8.8235533 ], [ 38.8921898, 8.8235006 ], [ 38.8930065, 8.8233967 ], [ 38.893872, 8.8232438 ], [ 38.8947664, 8.8230215 ], [ 38.8956621, 8.8227277 ], [ 38.896566, 8.8223695 ], [ 38.8972845, 8.8220254 ], [ 38.8980385, 8.8216364 ] ] ] } },
{ "type": "Feature", "properties": { "osm_id": "631423398", "code": "6101", "fclass": "rail", "name": "Addis Ababa – Djibouti Railway", "layer": 1, "bridge": "T", "tunnel": "F", "path": "F:\\AnimationData\\Rail\\EthioDjibouti\\Ethiopia_Rail.shp" }, "geometry": { "type": "MultiLineString", "coordinates": [ [ [ 38.8895425, 8.8235473 ], [ 38.8901693, 8.8235711 ], [ 38.8908655, 8.8235756 ] ] ] } },
{ "type": "Feature", "properties": { "osm_id": "631423399", "code": "6101", "fclass": "rail", "name": "Addis Ababa – Djibouti Railway", "layer": 0, "bridge": "F", "tunnel": "F", "path": "F:\\AnimationData\\Rail\\EthioDjibouti\\Ethiopia_Rail.shp" }, "geometry": { "type": "MultiLineString", "coordinates": [ [ [ 38.8623877, 8.8224674 ], [ 38.8630694, 8.8224956 ], [ 38.8676485, 8.8226846 ] ] ] } },
{ "type": "Feature", "properties": { "osm_id": "631423400", "code": "6101", "fclass": "rail", "name": "Addis Ababa – Djibouti Railway", "layer": 0, "bridge": "F", "tunnel": "F", "path": "F:\\AnimationData\\Rail\\EthioDjibouti\\Ethiopia_Rail.shp" }, "geometry": { "type": "MultiLineString", "coordinates": [ [ [ 38.8681321, 8.822704 ], [ 38.8895425, 8.8235473 ] ] ] } },
{ "type": "Feature", "properties": { "osm_id": "631423401", "code": "6101", "fclass": "rail", "name": "Addis Ababa – Djibouti Railway", "layer": 1, "bridge": "T", "tunnel": "F", "path": "F:\\AnimationData\\Rail\\EthioDjibouti\\Ethiopia_Rail.shp" }, "geometry": { "type": "MultiLineString", "coordinates": [ [ [ 38.8676485, 8.8226846 ], [ 38.8681321, 8.822704 ] ] ] } },
{ "type": "Feature", "properties": { "osm_id": "631423402", "code": "6101", "fclass": "rail", "name": "Addis Ababa – Djibouti Railway", "layer": 1, "bridge": "T", "tunnel": "F", "path": "F:\\AnimationData\\Rail\\EthioDjibouti\\Ethiopia_Rail.shp" }, "geometry": { "type": "MultiLineString", "coordinates": [ [ [ 38.8541467, 8.8233235 ], [ 38.855178, 8.8229847 ], [ 38.8558914, 8.8227953 ], [ 38.8570044, 8.8225635 ], [ 38.8579164, 8.8224404 ], [ 38.8586783, 8.8223835 ], [ 38.8594778, 8.8223612 ], [ 38.8623877, 8.8224674 ] ] ] } },
{ "type": "Feature", "properties": { "osm_id": "631442905", "code": "6101", "fclass": "rail", "name": null, "layer": 0, "bridge": "F", "tunnel": "F", "path": "F:\\AnimationData\\Rail\\EthioDjibouti\\Ethiopia_Rail.shp" }, "geometry": { "type": "MultiLineString", "coordinates": [ [ [ 38.768549, 8.8541535 ], [ 38.7673665, 8.854714 ], [ 38.7670687, 8.8548688 ], [ 38.761528, 8.8580692 ], [ 38.7612917, 8.8582208 ], [ 38.7600851, 8.859034 ] ] ] } },
{ "type": "Feature", "properties": { "osm_id": "631442906", "code": "6101", "fclass": "rail", "name": null, "layer": 0, "bridge": "F", "tunnel": "F", "path": "F:\\AnimationData\\Rail\\EthioDjibouti\\Ethiopia_Rail.shp" }, "geometry": { "type": "MultiLineString", "coordinates": [ [ [ 38.7682955, 8.8544065 ], [ 38.7676609, 8.8548251 ], [ 38.7606119, 8.8588738 ], [ 38.7601279, 8.8591055 ] ] ] } },
{ "type": "Feature", "properties": { "osm_id": "631442907", "code": "6101", "fclass": "rail", "name": null, "layer": 0, "bridge": "F", "tunnel": "F", "path": "F:\\AnimationData\\Rail\\EthioDjibouti\\Ethiopia_Rail.shp" }, "geometry": { "type": "MultiLineString", "coordinates": [ [ [ 38.7569143, 8.861309 ], [ 38.7572824, 8.8610854 ] ] ] } },
{ "type": "Feature", "properties": { "osm_id": "631442908", "code": "6101", "fclass": "rail", "name": null, "layer": 0, "bridge": "F", "tunnel": "F", "path": "F:\\AnimationData\\Rail\\EthioDjibouti\\Ethiopia_Rail.shp" }, "geometry": { "type": "MultiLineString", "coordinates": [ [ [ 38.7569372, 8.8613408 ], [ 38.7573039, 8.8611207 ] ] ] } },
{ "type": "Feature", "properties": { "osm_id": "631442909", "code": "6101", "fclass": "rail", "name": null, "layer": 0, "bridge": "F", "tunnel": "F", "path": "F:\\AnimationData\\Rail\\EthioDjibouti\\Ethiopia_Rail.shp" }, "geometry": { "type": "MultiLineString", "coordinates": [ [ [ 38.7570028, 8.861082 ], [ 38.7595217, 8.8596264 ] ] ] } },
{ "type": "Feature", "properties": { "osm_id": "631442910", "code": "6101", "fclass": "rail", "name": null, "layer": -1, "bridge": "F", "tunnel": "F", "path": "F:\\AnimationData\\Rail\\EthioDjibouti\\Ethiopia_Rail.shp" }, "geometry": { "type": "MultiLineString", "coordinates": [ [ [ 38.7704022, 8.8530849 ], [ 38.773988, 8.8510173 ], [ 38.7741359, 8.8509253 ], [ 38.7745228, 8.8506273 ], [ 38.774799, 8.8504501 ], [ 38.7751183, 8.8502668 ], [ 38.7754899, 8.8500425 ], [ 38.7757835, 8.8497951 ], [ 38.7760571, 8.8494877 ], [ 38.7762341, 8.8492173 ], [ 38.7763414, 8.8490053 ], [ 38.7764648, 8.8486926 ], [ 38.7765548, 8.8483036 ], [ 38.7765714, 8.8479244 ], [ 38.7765506, 8.847537 ], [ 38.7764969, 8.8471501 ], [ 38.7763736, 8.8465935 ], [ 38.7763092, 8.8462649 ], [ 38.7762663, 8.8460317 ], [ 38.776196, 8.845808 ], [ 38.7760817, 8.8455388 ], [ 38.7759551, 8.8452962 ], [ 38.7757897, 8.8450586 ], [ 38.7756564, 8.8448296 ], [ 38.7755043, 8.8446801 ], [ 38.7752774, 8.8445025 ], [ 38.7737122, 8.8434854 ], [ 38.7728834, 8.8429484 ], [ 38.7722419, 8.8425326 ], [ 38.7716523, 8.8421323 ], [ 38.7714396, 8.8419829 ] ] ] } },
{ "type": "Feature", "properties": { "osm_id": "631442911", "code": "6101", "fclass": "rail", "name": null, "layer": 0, "bridge": "F", "tunnel": "F", "path": "F:\\AnimationData\\Rail\\EthioDjibouti\\Ethiopia_Rail.shp" }, "geometry": { "type": "MultiLineString", "coordinates": [ [ [ 38.7699193, 8.8534199 ], [ 38.7704022, 8.8530849 ] ] ] } },
{ "type": "Feature", "properties": { "osm_id": "631442916", "code": "6101", "fclass": "rail", "name": null, "layer": 0, "bridge": "F", "tunnel": "F", "path": "F:\\AnimationData\\Rail\\EthioDjibouti\\Ethiopia_Rail.shp" }, "geometry": { "type": "MultiLineString", "coordinates": [ [ [ 38.7570672, 8.8607665 ], [ 38.7574931, 8.8604514 ] ] ] } },
{ "type": "Feature", "properties": { "osm_id": "631442917", "code": "6101", "fclass": "rail", "name": null, "layer": 1, "bridge": "T", "tunnel": "F", "path": "F:\\AnimationData\\Rail\\EthioDjibouti\\Ethiopia_Rail.shp" }, "geometry": { "type": "MultiLineString", "coordinates": [ [ [ 38.7544223, 8.8622832 ], [ 38.7545908, 8.8621806 ] ] ] } },
{ "type": "Feature", "properties": { "osm_id": "631442918", "code": "6101", "fclass": "rail", "name": null, "layer": 0, "bridge": "F", "tunnel": "F", "path": "F:\\AnimationData\\Rail\\EthioDjibouti\\Ethiopia_Rail.shp" }, "geometry": { "type": "MultiLineString", "coordinates": [ [ [ 38.7585158, 8.8599858 ], [ 38.7587169, 8.8598501 ], [ 38.7589505, 8.859696 ], [ 38.759789, 8.8592068 ], [ 38.7600851, 8.859034 ], [ 38.768549, 8.8541535 ], [ 38.7687691, 8.8540266 ], [ 38.7692519, 8.8538042 ] ] ] } },
{ "type": "Feature", "properties": { "osm_id": "631454257", "code": "6101", "fclass": "rail", "name": "Addis Ababa – Djibouti Railway", "layer": 0, "bridge": "F", "tunnel": "F", "path": "F:\\AnimationData\\Rail\\EthioDjibouti\\Ethiopia_Rail.shp" }, "geometry": { "type": "MultiLineString", "coordinates": [ [ [ 38.7207479, 8.8837528 ], [ 38.7215778, 8.8810216 ], [ 38.7217247, 8.8805278 ], [ 38.7218608, 8.8800239 ], [ 38.7219637, 8.8795489 ] ] ] } },
{ "type": "Feature", "properties": { "osm_id": "631454258", "code": "6101", "fclass": "rail", "name": "Addis Ababa – Djibouti Railway", "layer": 1, "bridge": "T", "tunnel": "F", "path": "F:\\AnimationData\\Rail\\EthioDjibouti\\Ethiopia_Rail.shp" }, "geometry": { "type": "MultiLineString", "coordinates": [ [ [ 38.7202505, 8.886869 ], [ 38.7202425, 8.8863845 ], [ 38.7202664, 8.8860744 ], [ 38.7203008, 8.8856616 ], [ 38.7203666, 8.8852548 ], [ 38.7204445, 8.8848796 ], [ 38.7205611, 8.8844593 ], [ 38.7207479, 8.8837528 ] ] ] } },
{ "type": "Feature", "properties": { "osm_id": "631454259", "code": "6101", "fclass": "rail", "name": "Addis Ababa – Djibouti Railway", "layer": 1, "bridge": "T", "tunnel": "F", "path": "F:\\AnimationData\\Rail\\EthioDjibouti\\Ethiopia_Rail.shp" }, "geometry": { "type": "MultiLineString", "coordinates": [ [ [ 38.720657, 8.8914691 ], [ 38.7206745, 8.8911501 ], [ 38.7206739, 8.8909002 ], [ 38.7206518, 8.8906614 ], [ 38.7206297, 8.8904399 ], [ 38.7205914, 8.8901894 ], [ 38.7205251, 8.8898906 ] ] ] } },
{ "type": "Feature", "properties": { "osm_id": "631454260", "code": "6101", "fclass": "rail", "name": "Addis Ababa – Djibouti Railway", "layer": 0, "bridge": "F", "tunnel": "F", "path": "F:\\AnimationData\\Rail\\EthioDjibouti\\Ethiopia_Rail.shp" }, "geometry": { "type": "MultiLineString", "coordinates": [ [ [ 38.7205251, 8.8898906 ], [ 38.7204533, 8.8896052 ], [ 38.7203937, 8.8893232 ], [ 38.7203326, 8.8889438 ], [ 38.7202904, 8.888522 ], [ 38.720254, 8.8878162 ], [ 38.7202505, 8.886869 ] ] ] } },
{ "type": "Feature", "properties": { "osm_id": "631454261", "code": "6101", "fclass": "rail", "name": "Addis Ababa – Djibouti Railway", "layer": 0, "bridge": "F", "tunnel": "F", "path": "F:\\AnimationData\\Rail\\EthioDjibouti\\Ethiopia_Rail.shp" }, "geometry": { "type": "MultiLineString", "coordinates": [ [ [ 38.7189538, 8.8960259 ], [ 38.719363, 8.8954466 ], [ 38.7197101, 8.8948855 ], [ 38.7199434, 8.8944471 ], [ 38.7200516, 8.8942234 ], [ 38.7201554, 8.893993 ], [ 38.7202581, 8.8937372 ], [ 38.7203508, 8.8934475 ], [ 38.7204178, 8.8931946 ], [ 38.7204786, 8.8929095 ], [ 38.7205362, 8.8925521 ], [ 38.7205793, 8.8923088 ], [ 38.7205955, 8.8921265 ], [ 38.7206264, 8.89185 ], [ 38.720657, 8.8914691 ] ] ] } },
{ "type": "Feature", "properties": { "osm_id": "631454262", "code": "6101", "fclass": "rail", "name": "Addis Ababa – Djibouti Railway", "layer": 1, "bridge": "T", "tunnel": "F", "path": "F:\\AnimationData\\Rail\\EthioDjibouti\\Ethiopia_Rail.shp" }, "geometry": { "type": "MultiLineString", "coordinates": [ [ [ 38.7176869, 8.8975544 ], [ 38.7182678, 8.8968741 ], [ 38.7189538, 8.8960259 ] ] ] } },
{ "type": "Feature", "properties": { "osm_id": "631454265", "code": "6101", "fclass": "rail", "name": "??? ??? - ??? ???", "layer": 0, "bridge": "F", "tunnel": "F", "path": "F:\\AnimationData\\Rail\\EthioDjibouti\\Ethiopia_Rail.shp" }, "geometry": { "type": "MultiLineString", "coordinates": [ [ [ 38.6846419, 8.9326628 ], [ 38.685322, 8.932561 ], [ 38.6913055, 8.9311955 ], [ 38.6918897, 8.9310253 ] ] ] } },
{ "type": "Feature", "properties": { "osm_id": "631454266", "code": "6101", "fclass": "rail", "name": "??? ??? - ??? ???", "layer": 0, "bridge": "F", "tunnel": "F", "path": "F:\\AnimationData\\Rail\\EthioDjibouti\\Ethiopia_Rail.shp" }, "geometry": { "type": "MultiLineString", "coordinates": [ [ [ 38.6913225, 8.9311058 ], [ 38.6905993, 8.9312176 ], [ 38.684949, 8.9325021 ], [ 38.6841383, 8.93273 ] ] ] } },
{ "type": "Feature", "properties": { "osm_id": "631454267", "code": "6101", "fclass": "rail", "name": "??? ??? - ??? ???", "layer": 0, "bridge": "F", "tunnel": "F", "path": "F:\\AnimationData\\Rail\\EthioDjibouti\\Ethiopia_Rail.shp" }, "geometry": { "type": "MultiLineString", "coordinates": [ [ [ 38.6718661, 8.934945 ], [ 38.672334, 8.9350063 ], [ 38.672811, 8.9350416 ], [ 38.6732847, 8.9350404 ], [ 38.6737847, 8.93501 ], [ 38.6742842, 8.9349575 ], [ 38.6749634, 8.934825 ], [ 38.6830805, 8.9330117 ], [ 38.6842577, 8.9327449 ], [ 38.6846419, 8.9326628 ], [ 38.687992, 8.931901 ], [ 38.6918897, 8.9310253 ], [ 38.692149, 8.9309637 ], [ 38.692612, 8.9308606 ], [ 38.6950096, 8.9303263 ], [ 38.70272, 8.9285865 ], [ 38.7029978, 8.9285247 ] ] ] } },
{ "type": "Feature", "properties": { "osm_id": "631454268", "code": "6101", "fclass": "rail", "name": "Addis Ababa – Djibouti Railway", "layer": 0, "bridge": "F", "tunnel": "F", "path": "F:\\AnimationData\\Rail\\EthioDjibouti\\Ethiopia_Rail.shp" }, "geometry": { "type": "MultiLineString", "coordinates": [ [ [ 38.6619632, 8.9256358 ], [ 38.6631718, 8.9267609 ], [ 38.6640496, 8.9276889 ], [ 38.6645979, 8.928319 ], [ 38.6650182, 8.9289014 ], [ 38.665803, 8.9300493 ], [ 38.6662352, 8.9306273 ], [ 38.6669983, 8.931785 ], [ 38.6674059, 8.9323085 ], [ 38.6678004, 8.9327848 ], [ 38.6683539, 8.9333237 ], [ 38.6689022, 8.9337409 ], [ 38.6694704, 8.934092 ], [ 38.6700554, 8.9343957 ], [ 38.6706271, 8.9346292 ], [ 38.6709347, 8.9347394 ], [ 38.6714308, 8.9348567 ], [ 38.6718661, 8.934945 ] ] ] } },
{ "type": "Feature", "properties": { "osm_id": "631454273", "code": "6101", "fclass": "rail", "name": "??? ??? - ??? ???", "layer": 0, "bridge": "F", "tunnel": "F", "path": "F:\\AnimationData\\Rail\\EthioDjibouti\\Ethiopia_Rail.shp" }, "geometry": { "type": "MultiLineString", "coordinates": [ [ [ 38.5815589, 8.8982277 ], [ 38.5809545, 8.8984326 ], [ 38.5801523, 8.898647 ], [ 38.5732055, 8.9005035 ], [ 38.5726505, 8.9006084 ] ] ] } },
{ "type": "Feature", "properties": { "osm_id": "631454274", "code": "6101", "fclass": "rail", "name": "??? ??? - ??? ???", "layer": 0, "bridge": "F", "tunnel": "F", "path": "F:\\AnimationData\\Rail\\EthioDjibouti\\Ethiopia_Rail.shp" }, "geometry": { "type": "MultiLineString", "coordinates": [ [ [ 38.5812207, 8.8982588 ], [ 38.5805273, 8.8984036 ], [ 38.5763822, 8.8995105 ], [ 38.5726039, 8.9005195 ], [ 38.5721065, 8.9007032 ] ] ] } },
{ "type": "Feature", "properties": { "osm_id": "631454275", "code": "6101", "fclass": "rail", "name": "??? ??? - ??? ???", "layer": 0, "bridge": "F", "tunnel": "F", "path": "F:\\AnimationData\\Rail\\EthioDjibouti\\Ethiopia_Rail.shp" }, "geometry": { "type": "MultiLineString", "coordinates": [ [ [ 38.5709864, 8.901003 ], [ 38.5713886, 8.9008609 ], [ 38.5730671, 8.9002066 ], [ 38.5732823, 8.9001078 ], [ 38.57349, 8.8999671 ] ] ] } },
{ "type": "Feature", "properties": { "osm_id": "631643841", "code": "6101", "fclass": "rail", "name": "Awash–Weldiya Railway", "layer": 1, "bridge": "T", "tunnel": "F", "path": "F:\\AnimationData\\Rail\\EthioDjibouti\\Ethiopia_Rail.shp" }, "geometry": { "type": "MultiLineString", "coordinates": [ [ [ 39.9593317, 10.0015645 ], [ 39.9608986, 9.9988001 ] ] ] } },
{ "type": "Feature", "properties": { "osm_id": "631643842", "code": "6101", "fclass": "rail", "name": "Awash–Weldiya Railway", "layer": 0, "bridge": "F", "tunnel": "F", "path": "F:\\AnimationData\\Rail\\EthioDjibouti\\Ethiopia_Rail.shp" }, "geometry": { "type": "MultiLineString", "coordinates": [ [ [ 39.9593317, 10.0015645 ], [ 39.9575663, 10.0046423 ], [ 39.957102, 10.0054517 ], [ 39.9564728, 10.0065488 ], [ 39.9522232, 10.0139573 ], [ 39.9519353, 10.0144524 ], [ 39.9517305, 10.0148047 ], [ 39.9513446, 10.0154684 ], [ 39.9505684, 10.0168033 ], [ 39.9504849, 10.0169572 ] ] ] } },
{ "type": "Feature", "properties": { "osm_id": "664445170", "code": "6101", "fclass": "rail", "name": "Addis Ababa – Djibouti Railway", "layer": 0, "bridge": "F", "tunnel": "F", "path": "F:\\AnimationData\\Rail\\EthioDjibouti\\Ethiopia_Rail.shp" }, "geometry": { "type": "MultiLineString", "coordinates": [ [ [ 39.2303622, 8.5142102 ], [ 39.230463, 8.5142671 ], [ 39.2308087, 8.5144548 ], [ 39.2313198, 8.5146927 ], [ 39.2318715, 8.51492 ], [ 39.2324849, 8.5151148 ], [ 39.2331618, 8.5152525 ], [ 39.2339047, 8.5153484 ], [ 39.2345788, 8.5153684 ], [ 39.2352708, 8.5153242 ], [ 39.2361559, 8.5152022 ], [ 39.2408165, 8.5144659 ], [ 39.2414919, 8.5143247 ] ] ] } },
{ "type": "Feature", "properties": { "osm_id": "664445171", "code": "6101", "fclass": "rail", "name": "Addis Ababa – Djibouti Railway", "layer": 0, "bridge": "F", "tunnel": "F", "path": "F:\\AnimationData\\Rail\\EthioDjibouti\\Ethiopia_Rail.shp" }, "geometry": { "type": "MultiLineString", "coordinates": [ [ [ 39.2249204, 8.5109861 ], [ 39.2252198, 8.5110851 ], [ 39.2257872, 8.5113107 ], [ 39.2264486, 8.5116442 ], [ 39.2271275, 8.512074 ], [ 39.2284678, 8.5129932 ] ] ] } },
{ "type": "Feature", "properties": { "osm_id": "664445172", "code": "6101", "fclass": "rail", "name": "Addis Ababa – Djibouti Railway", "layer": 0, "bridge": "F", "tunnel": "F", "path": "F:\\AnimationData\\Rail\\EthioDjibouti\\Ethiopia_Rail.shp" }, "geometry": { "type": "MultiLineString", "coordinates": [ [ [ 39.2208565, 8.5110026 ], [ 39.2212091, 8.5109113 ], [ 39.2217078, 8.5107894 ], [ 39.2223207, 8.5107248 ], [ 39.2229228, 8.5107014 ], [ 39.2234292, 8.5107134 ], [ 39.2240604, 8.5107931 ], [ 39.224621, 8.5109008 ], [ 39.2249204, 8.5109861 ] ] ] } },
{ "type": "Feature", "properties": { "osm_id": "664445173", "code": "6101", "fclass": "rail", "name": "Addis Ababa – Djibouti Railway", "layer": 0, "bridge": "F", "tunnel": "F", "path": "F:\\AnimationData\\Rail\\EthioDjibouti\\Ethiopia_Rail.shp" }, "geometry": { "type": "MultiLineString", "coordinates": [ [ [ 39.2125377, 8.514615 ], [ 39.2130769, 8.5145908 ], [ 39.2136212, 8.5145284 ], [ 39.2142428, 8.5144057 ], [ 39.2147229, 8.5142569 ] ] ] } },
{ "type": "Feature", "properties": { "osm_id": "672085273", "code": "6101", "fclass": "rail", "name": "Addis Ababa – Djibouti Railway", "layer": 0, "bridge": "F", "tunnel": "F", "path": "F:\\AnimationData\\Rail\\EthioDjibouti\\Ethiopia_Rail.shp" }, "geometry": { "type": "MultiLineString", "coordinates": [ [ [ 39.6177122, 8.8967259 ], [ 39.618369, 8.898013 ], [ 39.6189278, 8.8990531 ], [ 39.6193747, 8.8997773 ], [ 39.620274, 8.9011815 ], [ 39.6217389, 8.903146 ] ] ] } },
{ "type": "Feature", "properties": { "osm_id": "672085275", "code": "6101", "fclass": "rail", "name": "Addis Ababa – Djibouti Railway", "layer": 1, "bridge": "T", "tunnel": "F", "path": "F:\\AnimationData\\Rail\\EthioDjibouti\\Ethiopia_Rail.shp" }, "geometry": { "type": "MultiLineString", "coordinates": [ [ [ 39.6217389, 8.903146 ], [ 39.6218544, 8.9032928 ] ] ] } },
{ "type": "Feature", "properties": { "osm_id": "672085276", "code": "6101", "fclass": "rail", "name": "Addis Ababa – Djibouti Railway", "layer": 0, "bridge": "F", "tunnel": "F", "path": "F:\\AnimationData\\Rail\\EthioDjibouti\\Ethiopia_Rail.shp" }, "geometry": { "type": "MultiLineString", "coordinates": [ [ [ 39.5777966, 8.818123 ], [ 39.5786695, 8.8203105 ], [ 39.579869, 8.8232803 ], [ 39.5810113, 8.8260991 ], [ 39.5825869, 8.8300535 ], [ 39.5828771, 8.8307237 ], [ 39.5834054, 8.8318347 ], [ 39.5842077, 8.8331698 ], [ 39.5847819, 8.8339595 ], [ 39.5853717, 8.8346535 ], [ 39.5862056, 8.835508 ], [ 39.5870242, 8.836252 ], [ 39.5877179, 8.836832 ], [ 39.5970352, 8.8446431 ], [ 39.5983112, 8.8457013 ], [ 39.5992997, 8.8465542 ], [ 39.6001763, 8.847379 ], [ 39.6011074, 8.8483142 ], [ 39.602684, 8.8501162 ], [ 39.6037574, 8.8514829 ], [ 39.604177, 8.8520806 ], [ 39.6044927, 8.8525511 ], [ 39.6050974, 8.8535045 ], [ 39.6056298, 8.8543638 ], [ 39.6066317, 8.8562718 ], [ 39.60705, 8.8571815 ], [ 39.6075357, 8.8583351 ], [ 39.6085124, 8.8610588 ], [ 39.6089909, 8.8628867 ], [ 39.6093389, 8.8643834 ], [ 39.6120851, 8.8759286 ], [ 39.6146888, 8.8868741 ], [ 39.6149033, 8.8878105 ], [ 39.6152928, 8.8894408 ], [ 39.6159467, 8.89203 ], [ 39.6161159, 8.8925731 ], [ 39.6165384, 8.8938581 ], [ 39.617205, 8.8955705 ], [ 39.6177122, 8.8967259 ] ] ] } },
{ "type": "Feature", "properties": { "osm_id": "672085282", "code": "6101", "fclass": "rail", "name": "Addis Ababa – Djibouti Railway", "layer": 0, "bridge": "F", "tunnel": "F", "path": "F:\\AnimationData\\Rail\\EthioDjibouti\\Ethiopia_Rail.shp" }, "geometry": { "type": "MultiLineString", "coordinates": [ [ [ 39.5430297, 8.7102597 ], [ 39.5433195, 8.7080025 ], [ 39.5434011, 8.7071332 ], [ 39.5434484, 8.7062208 ], [ 39.5435166, 8.7052412 ] ] ] } },
{ "type": "Feature", "properties": { "osm_id": "672085285", "code": "6101", "fclass": "rail", "name": "Addis Ababa – Djibouti Railway", "layer": 1, "bridge": "T", "tunnel": "F", "path": "F:\\AnimationData\\Rail\\EthioDjibouti\\Ethiopia_Rail.shp" }, "geometry": { "type": "MultiLineString", "coordinates": [ [ [ 39.5435166, 8.7052412 ], [ 39.5435257, 8.7049649 ] ] ] } },
{ "type": "Feature", "properties": { "osm_id": "672085286", "code": "6101", "fclass": "rail", "name": "Addis Ababa – Djibouti Railway", "layer": 0, "bridge": "F", "tunnel": "F", "path": "F:\\AnimationData\\Rail\\EthioDjibouti\\Ethiopia_Rail.shp" }, "geometry": { "type": "MultiLineString", "coordinates": [ [ [ 39.550278, 8.7519713 ], [ 39.5497193, 8.7490934 ], [ 39.5493576, 8.747638 ], [ 39.5489127, 8.7463023 ], [ 39.5484481, 8.7451846 ], [ 39.5466875, 8.7407683 ], [ 39.5450024, 8.7365936 ], [ 39.5445357, 8.7353271 ], [ 39.5439624, 8.7335802 ], [ 39.543435, 8.7316923 ], [ 39.54308, 8.7301608 ], [ 39.5426908, 8.728259 ], [ 39.5425211, 8.7271526 ], [ 39.5422842, 8.7253608 ], [ 39.542217, 8.7247858 ], [ 39.5421195, 8.7236758 ], [ 39.5420326, 8.7220916 ], [ 39.5420268, 8.7196556 ], [ 39.5420475, 8.7186627 ], [ 39.5421017, 8.7176198 ], [ 39.5421988, 8.7162541 ], [ 39.5422748, 8.7155267 ], [ 39.5423624, 8.714804 ], [ 39.5430297, 8.7102597 ] ] ] } },
{ "type": "Feature", "properties": { "osm_id": "672085330", "code": "6101", "fclass": "rail", "name": "Addis Ababa – Djibouti Railway", "layer": 1, "bridge": "T", "tunnel": "F", "path": "F:\\AnimationData\\Rail\\EthioDjibouti\\Ethiopia_Rail.shp" }, "geometry": { "type": "MultiLineString", "coordinates": [ [ [ 39.5565406, 8.7652612 ], [ 39.5565097, 8.7651811 ] ] ] } },
{ "type": "Feature", "properties": { "osm_id": "672085331", "code": "6101", "fclass": "rail", "name": "Addis Ababa – Djibouti Railway", "layer": 0, "bridge": "F", "tunnel": "F", "path": "F:\\AnimationData\\Rail\\EthioDjibouti\\Ethiopia_Rail.shp" }, "geometry": { "type": "MultiLineString", "coordinates": [ [ [ 39.5681962, 8.7942069 ], [ 39.5637282, 8.7831503 ], [ 39.5565406, 8.7652612 ] ] ] } },
{ "type": "Feature", "properties": { "osm_id": "692098349", "code": "6101", "fclass": "rail", "name": "Awash–Weldiya Railway", "layer": -1, "bridge": "F", "tunnel": "T", "path": "F:\\AnimationData\\Rail\\EthioDjibouti\\Ethiopia_Rail.shp" }, "geometry": { "type": "MultiLineString", "coordinates": [ [ [ 39.9220166, 10.4192304 ], [ 39.9231839, 10.4299871 ], [ 39.9232253, 10.430308 ], [ 39.9232712, 10.4305763 ], [ 39.9233277, 10.4308442 ], [ 39.9233906, 10.4310955 ], [ 39.9234707, 10.4313704 ], [ 39.9235616, 10.4316412 ], [ 39.923641, 10.4318534 ], [ 39.9243104, 10.4335542 ] ] ] } },
{ "type": "Feature", "properties": { "osm_id": "692098350", "code": "6101", "fclass": "rail", "name": "Awash–Weldiya Railway", "layer": 0, "bridge": "F", "tunnel": "F", "path": "F:\\AnimationData\\Rail\\EthioDjibouti\\Ethiopia_Rail.shp" }, "geometry": { "type": "MultiLineString", "coordinates": [ [ [ 39.8584461, 10.5498977 ], [ 39.8583409, 10.5500716 ], [ 39.8582423, 10.5502472 ], [ 39.8581493, 10.5504323 ], [ 39.8580517, 10.5506377 ], [ 39.8579747, 10.5508061 ], [ 39.8579052, 10.5509712 ], [ 39.8578368, 10.5511458 ], [ 39.8577717, 10.5513354 ], [ 39.857698, 10.551547 ], [ 39.8567399, 10.5548364 ], [ 39.8566223, 10.5551954 ], [ 39.8565405, 10.5554277 ], [ 39.8564179, 10.5557676 ], [ 39.8563074, 10.5560467 ], [ 39.8561327, 10.556451 ], [ 39.8559725, 10.5568175 ], [ 39.8558172, 10.5571402 ], [ 39.8531869, 10.5624386 ], [ 39.8530836, 10.5626692 ], [ 39.8530028, 10.562841 ], [ 39.852925, 10.5630259 ], [ 39.8528569, 10.5631989 ], [ 39.8527776, 10.5634219 ], [ 39.8527098, 10.5636119 ], [ 39.8526517, 10.5638052 ], [ 39.8525951, 10.5639924 ], [ 39.8525576, 10.5641445 ], [ 39.8525067, 10.5643549 ], [ 39.8524599, 10.564559 ], [ 39.852422, 10.5647555 ], [ 39.8523974, 10.5649124 ], [ 39.8515837, 10.5701907 ] ] ] } },
{ "type": "Feature", "properties": { "osm_id": "692098353", "code": "6101", "fclass": "rail", "name": "Awash–Weldiya Railway", "layer": 0, "bridge": "F", "tunnel": "F", "path": "F:\\AnimationData\\Rail\\EthioDjibouti\\Ethiopia_Rail.shp" }, "geometry": { "type": "MultiLineString", "coordinates": [ [ [ 39.7742774, 10.7938542 ], [ 39.7746009, 10.7944393 ], [ 39.7749683, 10.7951709 ], [ 39.7751475, 10.7957328 ], [ 39.7752619, 10.7962283 ], [ 39.7753639, 10.7968193 ], [ 39.7754186, 10.7974196 ], [ 39.7754069, 10.7980321 ], [ 39.7753686, 10.7984878 ], [ 39.7752826, 10.7990235 ], [ 39.7751486, 10.7995562 ], [ 39.7748942, 10.8001987 ], [ 39.7746688, 10.8006118 ], [ 39.7740357, 10.8016518 ], [ 39.7732015, 10.8029033 ], [ 39.7727054, 10.8037847 ], [ 39.7723341, 10.8046233 ], [ 39.771976, 10.8055835 ], [ 39.7717115, 10.8064685 ], [ 39.7714502, 10.8078219 ], [ 39.7713076, 10.8090403 ], [ 39.771082, 10.8128807 ], [ 39.7710892, 10.8137589 ], [ 39.771115, 10.8145219 ], [ 39.7712258, 10.8153035 ], [ 39.7714768, 10.8166297 ], [ 39.7718267, 10.8177544 ], [ 39.7722055, 10.8187584 ], [ 39.772698, 10.8197241 ], [ 39.7734137, 10.8209047 ], [ 39.7749595, 10.8232158 ], [ 39.7754937, 10.8241155 ], [ 39.7759106, 10.8250979 ], [ 39.7761087, 10.825946 ], [ 39.7761907, 10.8267935 ], [ 39.7761734, 10.8277921 ], [ 39.7728352, 10.8604002 ], [ 39.7727532, 10.8612892 ], [ 39.7725766, 10.8623859 ], [ 39.7723114, 10.8632714 ], [ 39.772086, 10.8637825 ], [ 39.77179, 10.8643445 ], [ 39.7713995, 10.8648787 ], [ 39.7708582, 10.8655098 ], [ 39.7703534, 10.8659853 ], [ 39.7643842, 10.8713017 ], [ 39.7635732, 10.8720715 ], [ 39.7626288, 10.8730786 ], [ 39.7619271, 10.8739475 ], [ 39.7583672, 10.8787551 ], [ 39.7576675, 10.8798745 ], [ 39.7573956, 10.8804515 ], [ 39.757161, 10.881118 ], [ 39.7569993, 10.8819036 ], [ 39.7569968, 10.8819641 ], [ 39.7569295, 10.88258 ], [ 39.756928, 10.8830681 ], [ 39.7569991, 10.883896 ], [ 39.7571234, 10.8845819 ] ] ] } },
{ "type": "Feature", "properties": { "osm_id": "692098354", "code": "6101", "fclass": "rail", "name": "Awash–Weldiya Railway", "layer": 0, "bridge": "F", "tunnel": "F", "path": "F:\\AnimationData\\Rail\\EthioDjibouti\\Ethiopia_Rail.shp" }, "geometry": { "type": "MultiLineString", "coordinates": [ [ [ 39.9243104, 10.4335542 ], [ 39.9293305, 10.4463907 ], [ 39.9328444, 10.4553757 ], [ 39.9331835, 10.4562427 ], [ 39.9333174, 10.4566203 ], [ 39.9334177, 10.4569273 ], [ 39.933528, 10.4572811 ], [ 39.9336136, 10.4575973 ], [ 39.933687, 10.457927 ], [ 39.9337578, 10.4582796 ], [ 39.9338094, 10.4585983 ], [ 39.9338504, 10.4589349 ], [ 39.9338861, 10.4592819 ], [ 39.9339052, 10.4596136 ], [ 39.93392, 10.4600259 ], [ 39.9339198, 10.4603823 ], [ 39.933903, 10.4607855 ], [ 39.933869, 10.4612259 ], [ 39.9338266, 10.4615903 ], [ 39.9337693, 10.461983 ], [ 39.9336885, 10.4623753 ], [ 39.9336132, 10.4627209 ], [ 39.933526, 10.4630597 ], [ 39.9334255, 10.4633933 ], [ 39.9333063, 10.4637459 ], [ 39.9331748, 10.4641003 ], [ 39.9321293, 10.4668228 ], [ 39.9320046, 10.4671512 ], [ 39.9318382, 10.4675497 ], [ 39.9316449, 10.4679639 ], [ 39.9314349, 10.4683544 ], [ 39.9312283, 10.4687083 ], [ 39.9309984, 10.4690776 ], [ 39.9307817, 10.4693963 ], [ 39.9305472, 10.4696791 ], [ 39.9303343, 10.4699311 ], [ 39.9300546, 10.4702408 ] ] ] } },
{ "type": "Feature", "properties": { "osm_id": "694168133", "code": "6101", "fclass": "rail", "name": "Awash–Weldiya Railway", "layer": 0, "bridge": "F", "tunnel": "F", "path": "F:\\AnimationData\\Rail\\EthioDjibouti\\Ethiopia_Rail.shp" }, "geometry": { "type": "MultiLineString", "coordinates": [ [ [ 39.9608986, 9.9988001 ], [ 39.9645868, 9.9922755 ], [ 39.9649576, 9.9915113 ], [ 39.9653356, 9.9907751 ], [ 39.9656073, 9.9900502 ], [ 39.9656888, 9.9893158 ], [ 39.9657507, 9.9885567 ], [ 39.9657955, 9.9879223 ], [ 39.9658077, 9.9875138 ], [ 39.9657577, 9.987063 ], [ 39.9656714, 9.9866547 ], [ 39.9655324, 9.9861851 ], [ 39.9653859, 9.9857866 ], [ 39.9652202, 9.9853645 ], [ 39.9650136, 9.9849769 ], [ 39.9648023, 9.9845798 ], [ 39.9645863, 9.984212 ], [ 39.9643225, 9.9839007 ], [ 39.9637526, 9.9833172 ], [ 39.960006, 9.9792435 ], [ 39.9593907, 9.9785106 ], [ 39.9588776, 9.9777165 ], [ 39.958481, 9.9768591 ], [ 39.9583064, 9.976084 ], [ 39.9581961, 9.9752878 ], [ 39.9581689, 9.9745552 ], [ 39.9582418, 9.9738477 ], [ 39.9583799, 9.9730245 ], [ 39.9586759, 9.9721784 ], [ 39.9591731, 9.9713417 ], [ 39.9597455, 9.9705094 ], [ 39.9606392, 9.9697103 ], [ 39.9650081, 9.9660527 ], [ 39.9655594, 9.9655335 ], [ 39.9662339, 9.9648229 ], [ 39.9667312, 9.9641591 ], [ 39.9670913, 9.9633446 ], [ 39.9672436, 9.9624518 ], [ 39.9672759, 9.9615371 ], [ 39.9672175, 9.9606553 ], [ 39.9663986, 9.9563262 ], [ 39.9663131, 9.9554379 ], [ 39.9663579, 9.9545285 ], [ 39.9665631, 9.9536662 ], [ 39.9668427, 9.9528599 ], [ 39.9698467, 9.9470346 ], [ 39.9700286, 9.9465299 ], [ 39.9702378, 9.9459652 ], [ 39.970389, 9.9454583 ] ] ] } },
{ "type": "Feature", "properties": { "osm_id": "700209101", "code": "6101", "fclass": "rail", "name": "Addis Ababa – Djibouti Railway", "layer": 0, "bridge": "T", "tunnel": "F", "path": "F:\\AnimationData\\Rail\\EthioDjibouti\\Ethiopia_Rail.shp" }, "geometry": { "type": "MultiLineString", "coordinates": [ [ [ 41.390841, 9.5693596 ], [ 41.3891581, 9.5683026 ] ] ] } },
{ "type": "Feature", "properties": { "osm_id": "700209102", "code": "6101", "fclass": "rail", "name": "Addis Ababa – Djibouti Railway", "layer": 0, "bridge": "F", "tunnel": "F", "path": "F:\\AnimationData\\Rail\\EthioDjibouti\\Ethiopia_Rail.shp" }, "geometry": { "type": "MultiLineString", "coordinates": [ [ [ 41.3891581, 9.5683026 ], [ 41.3884082, 9.5678278 ], [ 41.3877055, 9.5673703 ], [ 41.3862866, 9.5664393 ], [ 41.3849348, 9.5655929 ], [ 41.3835889, 9.5646901 ], [ 41.3833791, 9.5645429 ], [ 41.3831753, 9.5643895 ], [ 41.3828267, 9.5641163 ], [ 41.3825771, 9.5638975 ], [ 41.382376, 9.5637071 ], [ 41.3820407, 9.5633553 ], [ 41.3817751, 9.5630538 ], [ 41.381419, 9.5626202 ], [ 41.3811287, 9.5622233 ], [ 41.3809796, 9.5619922 ], [ 41.3808095, 9.5617207 ], [ 41.3806245, 9.5614033 ], [ 41.3802742, 9.5608124 ], [ 41.3800726, 9.5604871 ], [ 41.3795157, 9.5595486 ], [ 41.3792109, 9.5590625 ], [ 41.3788808, 9.5585608 ], [ 41.3785967, 9.5581553 ], [ 41.3782893, 9.5577759 ], [ 41.3779289, 9.5573803 ], [ 41.3775232, 9.5569863 ], [ 41.3771617, 9.5566741 ], [ 41.3769177, 9.5564625 ], [ 41.3765889, 9.5562003 ], [ 41.3762218, 9.5559481 ] ] ] } },
{ "type": "Feature", "properties": { "osm_id": "700209103", "code": "6101", "fclass": "rail", "name": "Addis Ababa – Djibouti Railway", "layer": 1, "bridge": "T", "tunnel": "F", "path": "F:\\AnimationData\\Rail\\EthioDjibouti\\Ethiopia_Rail.shp" }, "geometry": { "type": "MultiLineString", "coordinates": [ [ [ 41.4072507, 9.5815702 ], [ 41.4069819, 9.5814715 ], [ 41.4066087, 9.5813112 ], [ 41.4062692, 9.5811035 ] ] ] } },
{ "type": "Feature", "properties": { "osm_id": "700209104", "code": "6101", "fclass": "rail", "name": "Addis Ababa – Djibouti Railway", "layer": 0, "bridge": "F", "tunnel": "F", "path": "F:\\AnimationData\\Rail\\EthioDjibouti\\Ethiopia_Rail.shp" }, "geometry": { "type": "MultiLineString", "coordinates": [ [ [ 41.4062692, 9.5811035 ], [ 41.4056375, 9.5806972 ], [ 41.4050233, 9.5802189 ], [ 41.3998748, 9.5757061 ], [ 41.3975829, 9.5737535 ], [ 41.3968956, 9.5732281 ], [ 41.3950782, 9.5720012 ], [ 41.390841, 9.5693596 ] ] ] } },
{ "type": "Feature", "properties": { "osm_id": "700209105", "code": "6101", "fclass": "rail", "name": "Addis Ababa – Djibouti Railway", "layer": 0, "bridge": "F", "tunnel": "F", "path": "F:\\AnimationData\\Rail\\EthioDjibouti\\Ethiopia_Rail.shp" }, "geometry": { "type": "MultiLineString", "coordinates": [ [ [ 41.4255895, 9.5826496 ], [ 41.4241569, 9.5823471 ], [ 41.422015, 9.5819973 ], [ 41.420648, 9.5818606 ], [ 41.419749, 9.5818368 ], [ 41.418683, 9.5818405 ], [ 41.4159806, 9.5819039 ], [ 41.4134553, 9.5819601 ], [ 41.4107384, 9.5819845 ], [ 41.4098783, 9.5820356 ], [ 41.4090876, 9.5819906 ], [ 41.4081462, 9.5818322 ], [ 41.4072507, 9.5815702 ] ] ] } },
{ "type": "Feature", "properties": { "osm_id": "700209106", "code": "6101", "fclass": "rail", "name": "Addis Ababa – Djibouti Railway", "layer": 0, "bridge": "T", "tunnel": "F", "path": "F:\\AnimationData\\Rail\\EthioDjibouti\\Ethiopia_Rail.shp" }, "geometry": { "type": "MultiLineString", "coordinates": [ [ [ 41.4261355, 9.5827463 ], [ 41.4255895, 9.5826496 ] ] ] } },
{ "type": "Feature", "properties": { "osm_id": "700209107", "code": "6101", "fclass": "rail", "name": "Addis Ababa – Djibouti Railway", "layer": 0, "bridge": "F", "tunnel": "F", "path": "F:\\AnimationData\\Rail\\EthioDjibouti\\Ethiopia_Rail.shp" }, "geometry": { "type": "MultiLineString", "coordinates": [ [ [ 41.433724, 9.5841601 ], [ 41.4290971, 9.5832224 ], [ 41.4261355, 9.5827463 ] ] ] } },
{ "type": "Feature", "properties": { "osm_id": "700209108", "code": "6101", "fclass": "rail", "name": "Addis Ababa – Djibouti Railway", "layer": 0, "bridge": "T", "tunnel": "F", "path": "F:\\AnimationData\\Rail\\EthioDjibouti\\Ethiopia_Rail.shp" }, "geometry": { "type": "MultiLineString", "coordinates": [ [ [ 41.4343108, 9.5842632 ], [ 41.433724, 9.5841601 ] ] ] } },
{ "type": "Feature", "properties": { "osm_id": "700209109", "code": "6101", "fclass": "rail", "name": "Addis Ababa – Djibouti Railway", "layer": 0, "bridge": "T", "tunnel": "F", "path": "F:\\AnimationData\\Rail\\EthioDjibouti\\Ethiopia_Rail.shp" }, "geometry": { "type": "MultiLineString", "coordinates": [ [ [ 41.4481451, 9.5870038 ], [ 41.4477972, 9.5868875 ] ] ] } },
{ "type": "Feature", "properties": { "osm_id": "700209110", "code": "6101", "fclass": "rail", "name": "Addis Ababa – Djibouti Railway", "layer": 0, "bridge": "F", "tunnel": "F", "path": "F:\\AnimationData\\Rail\\EthioDjibouti\\Ethiopia_Rail.shp" }, "geometry": { "type": "MultiLineString", "coordinates": [ [ [ 41.4477972, 9.5868875 ], [ 41.4469217, 9.5866181 ], [ 41.4460311, 9.5864221 ], [ 41.4450431, 9.5862405 ], [ 41.4419708, 9.5856837 ], [ 41.4377295, 9.5848422 ], [ 41.4343108, 9.5842632 ] ] ] } },
{ "type": "Feature", "properties": { "osm_id": "700209111", "code": "6101", "fclass": "rail", "name": "Addis Ababa – Djibouti Railway", "layer": 0, "bridge": "T", "tunnel": "F", "path": "F:\\AnimationData\\Rail\\EthioDjibouti\\Ethiopia_Rail.shp" }, "geometry": { "type": "MultiLineString", "coordinates": [ [ [ 41.4631202, 9.5972222 ], [ 41.4624061, 9.5971118 ] ] ] } },
{ "type": "Feature", "properties": { "osm_id": "700209112", "code": "6101", "fclass": "rail", "name": "Addis Ababa – Djibouti Railway", "layer": 0, "bridge": "F", "tunnel": "F", "path": "F:\\AnimationData\\Rail\\EthioDjibouti\\Ethiopia_Rail.shp" }, "geometry": { "type": "MultiLineString", "coordinates": [ [ [ 41.4624061, 9.5971118 ], [ 41.4612374, 9.5968897 ], [ 41.4604752, 9.596726 ], [ 41.4592871, 9.5963498 ], [ 41.458213, 9.5958638 ], [ 41.4572997, 9.5953545 ], [ 41.4566502, 9.5949154 ], [ 41.4558972, 9.5943117 ], [ 41.4551471, 9.5936109 ], [ 41.4523001, 9.5904318 ], [ 41.4510033, 9.5889902 ], [ 41.4506284, 9.5885907 ], [ 41.4502135, 9.5881974 ], [ 41.4498939, 9.5879391 ], [ 41.4495141, 9.5876679 ], [ 41.4491034, 9.5874329 ], [ 41.4487222, 9.5872517 ], [ 41.4481451, 9.5870038 ] ] ] } },
{ "type": "Feature", "properties": { "osm_id": "700209113", "code": "6101", "fclass": "rail", "name": "Addis Ababa – Djibouti Railway", "layer": 0, "bridge": "F", "tunnel": "F", "path": "F:\\AnimationData\\Rail\\EthioDjibouti\\Ethiopia_Rail.shp" }, "geometry": { "type": "MultiLineString", "coordinates": [ [ [ 41.468164, 9.5980765 ], [ 41.4631202, 9.5972222 ] ] ] } },
{ "type": "Feature", "properties": { "osm_id": "700209114", "code": "6101", "fclass": "rail", "name": "Addis Ababa – Djibouti Railway", "layer": 0, "bridge": "T", "tunnel": "F", "path": "F:\\AnimationData\\Rail\\EthioDjibouti\\Ethiopia_Rail.shp" }, "geometry": { "type": "MultiLineString", "coordinates": [ [ [ 41.4690485, 9.5982268 ], [ 41.468164, 9.5980765 ] ] ] } },
{ "type": "Feature", "properties": { "osm_id": "700209115", "code": "6101", "fclass": "rail", "name": "Addis Ababa – Djibouti Railway", "layer": 0, "bridge": "F", "tunnel": "F", "path": "F:\\AnimationData\\Rail\\EthioDjibouti\\Ethiopia_Rail.shp" }, "geometry": { "type": "MultiLineString", "coordinates": [ [ [ 41.4800312, 9.6002895 ], [ 41.4790993, 9.5999453 ], [ 41.478124, 9.5997226 ], [ 41.4764864, 9.5994313 ], [ 41.4690485, 9.5982268 ] ] ] } },
{ "type": "Feature", "properties": { "osm_id": "700209116", "code": "6101", "fclass": "rail", "name": "Addis Ababa – Djibouti Railway", "layer": 0, "bridge": "T", "tunnel": "F", "path": "F:\\AnimationData\\Rail\\EthioDjibouti\\Ethiopia_Rail.shp" }, "geometry": { "type": "MultiLineString", "coordinates": [ [ [ 41.4803589, 9.6004244 ], [ 41.4800312, 9.6002895 ] ] ] } },
{ "type": "Feature", "properties": { "osm_id": "700209117", "code": "6101", "fclass": "rail", "name": "Addis Ababa – Djibouti Railway", "layer": 0, "bridge": "F", "tunnel": "F", "path": "F:\\AnimationData\\Rail\\EthioDjibouti\\Ethiopia_Rail.shp" }, "geometry": { "type": "MultiLineString", "coordinates": [ [ [ 41.4851546, 9.6038556 ], [ 41.4846253, 9.6035336 ], [ 41.4841521, 9.6031993 ], [ 41.4816327, 9.6012353 ], [ 41.4810231, 9.6007828 ], [ 41.4803589, 9.6004244 ] ] ] } },
{ "type": "Feature", "properties": { "osm_id": "700209118", "code": "6101", "fclass": "rail", "name": "Addis Ababa – Djibouti Railway", "layer": 0, "bridge": "T", "tunnel": "F", "path": "F:\\AnimationData\\Rail\\EthioDjibouti\\Ethiopia_Rail.shp" }, "geometry": { "type": "MultiLineString", "coordinates": [ [ [ 41.4863721, 9.6043539 ], [ 41.4859346, 9.6042014 ], [ 41.4855261, 9.6040261 ], [ 41.4851546, 9.6038556 ] ] ] } },
{ "type": "Feature", "properties": { "osm_id": "704133348", "code": "6101", "fclass": "rail", "name": "Awash–Weldiya Railway", "layer": 0, "bridge": "F", "tunnel": "F", "path": "F:\\AnimationData\\Rail\\EthioDjibouti\\Ethiopia_Rail.shp" }, "geometry": { "type": "MultiLineString", "coordinates": [ [ [ 40.1477964, 9.0391788 ], [ 40.1477355, 9.0386928 ], [ 40.1476748, 9.0383575 ], [ 40.1472978, 9.0363039 ], [ 40.1472184, 9.0357866 ], [ 40.1471571, 9.0352582 ], [ 40.1471178, 9.0346152 ], [ 40.1471008, 9.0341952 ], [ 40.1470881, 9.0337562 ], [ 40.1470899, 9.0334245 ], [ 40.1471283, 9.0330552 ], [ 40.1471862, 9.0326618 ], [ 40.1472585, 9.0323304 ], [ 40.1474299, 9.0315299 ], [ 40.1479242, 9.0298282 ], [ 40.1483466, 9.0284294 ], [ 40.1484034, 9.0282406 ], [ 40.1494732, 9.0246814 ], [ 40.1514751, 9.0182974 ], [ 40.1518673, 9.0170469 ], [ 40.1520996, 9.0163165 ], [ 40.1522636, 9.0157852 ], [ 40.1522934, 9.0156999 ], [ 40.1523304, 9.0156028 ], [ 40.1523752, 9.0154951 ], [ 40.1524215, 9.015393 ], [ 40.1524664, 9.0153015 ], [ 40.1525281, 9.0151855 ], [ 40.1525995, 9.0150628 ], [ 40.1526734, 9.0149464 ], [ 40.1527442, 9.0148436 ], [ 40.1528153, 9.0147474 ], [ 40.1528858, 9.0146582 ], [ 40.1529604, 9.0145698 ], [ 40.153047, 9.014474 ], [ 40.1531414, 9.0143769 ], [ 40.1532548, 9.0142693 ], [ 40.1533775, 9.0141628 ], [ 40.153468, 9.0140901 ], [ 40.1535627, 9.014019 ], [ 40.1536647, 9.0139475 ], [ 40.1537479, 9.013893 ], [ 40.1538492, 9.0138309 ], [ 40.1539377, 9.0137802 ], [ 40.1540335, 9.013729 ], [ 40.1541822, 9.0136565 ], [ 40.1543252, 9.0135944 ], [ 40.154423, 9.013556 ], [ 40.1545404, 9.0135142 ], [ 40.1546674, 9.0134738 ], [ 40.1548155, 9.0134331 ], [ 40.1549699, 9.0133975 ], [ 40.1550786, 9.0133767 ], [ 40.1552263, 9.0133537 ], [ 40.1553572, 9.0133385 ], [ 40.1555098, 9.0133272 ], [ 40.1556491, 9.0133214 ], [ 40.1570411, 9.013325 ], [ 40.1572299, 9.0133146 ], [ 40.1574352, 9.0132924 ], [ 40.1575865, 9.0132718 ], [ 40.1577292, 9.0132458 ], [ 40.1578531, 9.0132187 ], [ 40.1579954, 9.0131791 ], [ 40.1581328, 9.0131383 ], [ 40.1582781, 9.0130881 ], [ 40.1584252, 9.0130297 ], [ 40.1585546, 9.0129716 ], [ 40.1586823, 9.0129077 ], [ 40.1588148, 9.0128341 ], [ 40.1589422, 9.0127557 ], [ 40.1590347, 9.0126938 ], [ 40.1591607, 9.0126021 ], [ 40.1593045, 9.0124859 ], [ 40.1594111, 9.0123908 ], [ 40.1595069, 9.0122981 ], [ 40.1596059, 9.0121941 ], [ 40.1596833, 9.0121061 ], [ 40.1597494, 9.0120258 ], [ 40.1598289, 9.0119222 ], [ 40.1599023, 9.0118183 ], [ 40.1599685, 9.0117169 ], [ 40.1600189, 9.0116339 ], [ 40.1600758, 9.0115331 ], [ 40.1601389, 9.0114106 ], [ 40.1601976, 9.0112841 ], [ 40.1602356, 9.0111938 ], [ 40.1602738, 9.0110945 ], [ 40.1603183, 9.010965 ], [ 40.1603586, 9.0108295 ], [ 40.1603941, 9.010685 ], [ 40.1604218, 9.0105535 ], [ 40.1604412, 9.0104365 ], [ 40.1604596, 9.0102832 ], [ 40.1604721, 9.0101261 ], [ 40.1604766, 9.0099548 ], [ 40.1604724, 9.0097868 ], [ 40.160459, 9.0096132 ], [ 40.1604347, 9.0094295 ], [ 40.1604041, 9.0092653 ], [ 40.1603579, 9.0090758 ], [ 40.160304, 9.0088995 ], [ 40.1602347, 9.0087121 ], [ 40.16017, 9.0085626 ], [ 40.1600886, 9.0083987 ], [ 40.1600139, 9.0082657 ], [ 40.1599251, 9.0081237 ], [ 40.1598363, 9.007996 ], [ 40.1597495, 9.0078822 ], [ 40.1596544, 9.0077683 ], [ 40.1595604, 9.0076526 ], [ 40.1593982, 9.0074861 ], [ 40.159188, 9.0073165 ], [ 40.1588232, 9.0070454 ] ] ] } },
{ "type": "Feature", "properties": { "osm_id": "704133349", "code": "6101", "fclass": "rail", "name": "Awash–Weldiya Railway", "layer": 0, "bridge": "F", "tunnel": "F", "path": "F:\\AnimationData\\Rail\\EthioDjibouti\\Ethiopia_Rail.shp" }, "geometry": { "type": "MultiLineString", "coordinates": [ [ [ 40.1474467, 9.0434637 ], [ 40.1475604, 9.043013 ], [ 40.1476436, 9.0425958 ], [ 40.1477181, 9.0421612 ], [ 40.1477824, 9.041707 ], [ 40.1478348, 9.041255 ], [ 40.1478569, 9.0408309 ], [ 40.1478628, 9.0403885 ], [ 40.1478506, 9.0398417 ], [ 40.1477964, 9.0391788 ] ] ] } },
{ "type": "Feature", "properties": { "osm_id": "704133890", "code": "6101", "fclass": "rail", "name": "Awash–Weldiya Railway", "layer": 0, "bridge": "F", "tunnel": "F", "path": "F:\\AnimationData\\Rail\\EthioDjibouti\\Ethiopia_Rail.shp" }, "geometry": { "type": "MultiLineString", "coordinates": [ [ [ 40.1454974, 9.0515641 ], [ 40.1474467, 9.0434637 ] ] ] } },
{ "type": "Feature", "properties": { "osm_id": "704133891", "code": "6101", "fclass": "rail", "name": "Awash–Weldiya Railway", "layer": 0, "bridge": "F", "tunnel": "F", "path": "F:\\AnimationData\\Rail\\EthioDjibouti\\Ethiopia_Rail.shp" }, "geometry": { "type": "MultiLineString", "coordinates": [ [ [ 40.1452492, 9.0525942 ], [ 40.1454974, 9.0515641 ] ] ] } },
{ "type": "Feature", "properties": { "osm_id": "704143793", "code": "6101", "fclass": "rail", "name": null, "layer": 0, "bridge": "F", "tunnel": "F", "path": "F:\\AnimationData\\Rail\\EthioDjibouti\\Ethiopia_Rail.shp" }, "geometry": { "type": "MultiLineString", "coordinates": [ [ [ 39.7053605, 11.1094082 ], [ 39.7054979, 11.1097571 ], [ 39.705565, 11.1099281 ], [ 39.7057339, 11.1103098 ], [ 39.7058681, 11.1105835 ], [ 39.7059861, 11.110773 ], [ 39.7061299, 11.1109602 ] ] ] } },
{ "type": "Feature", "properties": { "osm_id": "731812497", "code": "6101", "fclass": "rail", "name": "Awash–Weldiya Railway", "layer": 1, "bridge": "T", "tunnel": "F", "path": "F:\\AnimationData\\Rail\\EthioDjibouti\\Ethiopia_Rail.shp" }, "geometry": { "type": "MultiLineString", "coordinates": [ [ [ 39.9560598, 10.0922512 ], [ 39.9562402, 10.0933603 ] ] ] } },
{ "type": "Feature", "properties": { "osm_id": "731812498", "code": "6101", "fclass": "rail", "name": "Awash–Weldiya Railway", "layer": 0, "bridge": "F", "tunnel": "F", "path": "F:\\AnimationData\\Rail\\EthioDjibouti\\Ethiopia_Rail.shp" }, "geometry": { "type": "MultiLineString", "coordinates": [ [ [ 39.9562402, 10.0933603 ], [ 39.956355, 10.0941561 ], [ 39.9564062, 10.0946923 ], [ 39.9564233, 10.0952619 ], [ 39.9563745, 10.0958145 ], [ 39.9562827, 10.0963424 ], [ 39.9561335, 10.0969421 ], [ 39.9559601, 10.0974388 ], [ 39.9556785, 10.0980233 ], [ 39.9553981, 10.0985388 ], [ 39.9538804, 10.100657 ], [ 39.953542, 10.1011768 ], [ 39.953217, 10.1017732 ], [ 39.952973, 10.1023413 ], [ 39.9527921, 10.1029818 ], [ 39.9526594, 10.1036937 ], [ 39.9526182, 10.1042065 ], [ 39.9526352, 10.1048986 ], [ 39.9526843, 10.1053874 ], [ 39.9527948, 10.1060041 ], [ 39.9529128, 10.1064708 ], [ 39.9534974, 10.1081603 ] ] ] } },
{ "type": "Feature", "properties": { "osm_id": "731812499", "code": "6101", "fclass": "rail", "name": "Awash–Weldiya Railway", "layer": 1, "bridge": "T", "tunnel": "F", "path": "F:\\AnimationData\\Rail\\EthioDjibouti\\Ethiopia_Rail.shp" }, "geometry": { "type": "MultiLineString", "coordinates": [ [ [ 39.9534974, 10.1081603 ], [ 39.9538022, 10.1091346 ] ] ] } },
{ "type": "Feature", "properties": { "osm_id": "731812500", "code": "6101", "fclass": "rail", "name": "Awash–Weldiya Railway", "layer": 0, "bridge": "F", "tunnel": "F", "path": "F:\\AnimationData\\Rail\\EthioDjibouti\\Ethiopia_Rail.shp" }, "geometry": { "type": "MultiLineString", "coordinates": [ [ [ 39.9538022, 10.1091346 ], [ 39.9544829, 10.1112463 ], [ 39.9546524, 10.1118927 ], [ 39.9548269, 10.1126027 ], [ 39.9549384, 10.1131717 ], [ 39.9550312, 10.1137934 ], [ 39.9551173, 10.1145393 ], [ 39.9551738, 10.1151732 ], [ 39.9559842, 10.135783 ], [ 39.9560241, 10.136355 ], [ 39.9560929, 10.1368746 ], [ 39.9562014, 10.1374077 ], [ 39.9563582, 10.1379565 ], [ 39.9565366, 10.1384582 ], [ 39.9567553, 10.1389466 ], [ 39.9570043, 10.139394 ], [ 39.9572951, 10.1398369 ], [ 39.9575644, 10.1402032 ], [ 39.9579875, 10.1407047 ], [ 39.9609269, 10.1438405 ], [ 39.9614049, 10.1443739 ], [ 39.9617687, 10.1448291 ], [ 39.9621375, 10.145333 ], [ 39.9625513, 10.1459342 ], [ 39.9629053, 10.146503 ], [ 39.9631947, 10.1470032 ], [ 39.963487, 10.1475252 ], [ 39.9638314, 10.1482117 ], [ 39.9641346, 10.1488791 ], [ 39.9644084, 10.149536 ], [ 39.9646196, 10.1501568 ], [ 39.9648191, 10.1507709 ], [ 39.9650427, 10.1515512 ], [ 39.9652133, 10.1523293 ], [ 39.965336, 10.1530028 ], [ 39.9654228, 10.1535916 ], [ 39.9654978, 10.1542818 ], [ 39.9663006, 10.1640788 ] ] ] } },
{ "type": "Feature", "properties": { "osm_id": "731812501", "code": "6101", "fclass": "rail", "name": "Awash–Weldiya Railway", "layer": 0, "bridge": "F", "tunnel": "F", "path": "F:\\AnimationData\\Rail\\EthioDjibouti\\Ethiopia_Rail.shp" }, "geometry": { "type": "MultiLineString", "coordinates": [ [ [ 39.9663872, 10.1649561 ], [ 39.9664273, 10.1656837 ], [ 39.9664439, 10.1659062 ], [ 39.9664742, 10.1661295 ], [ 39.9665131, 10.1663621 ], [ 39.9665554, 10.1665664 ], [ 39.9666024, 10.1667962 ], [ 39.9666583, 10.1670189 ], [ 39.9667415, 10.1672876 ], [ 39.9668268, 10.1675153 ], [ 39.9669239, 10.1677686 ], [ 39.9670233, 10.1679912 ], [ 39.9671289, 10.1681945 ], [ 39.9672085, 10.1683409 ], [ 39.9673261, 10.1685411 ], [ 39.9674585, 10.1687479 ], [ 39.9675809, 10.1689322 ], [ 39.9677103, 10.1691201 ], [ 39.9678401, 10.1693018 ], [ 39.9699403, 10.1718521 ], [ 39.9701433, 10.1721129 ], [ 39.9703366, 10.1723759 ], [ 39.9705326, 10.1726672 ], [ 39.9706993, 10.1729309 ], [ 39.9751117, 10.17999 ], [ 39.9752665, 10.1802413 ], [ 39.9754005, 10.1804679 ], [ 39.9755574, 10.1807668 ], [ 39.9757005, 10.1810562 ], [ 39.9758322, 10.1813299 ], [ 39.9759592, 10.1816364 ], [ 39.9760684, 10.1819515 ], [ 39.9761728, 10.1822709 ], [ 39.9762635, 10.1825945 ], [ 39.9763484, 10.1829266 ], [ 39.9764496, 10.1833638 ], [ 39.9774061, 10.188238 ], [ 39.9775272, 10.1887299 ], [ 39.9776586, 10.1892276 ], [ 39.9848884, 10.212709 ], [ 39.9850122, 10.2130631 ], [ 39.9851904, 10.2135308 ], [ 39.9854345, 10.2140597 ], [ 39.9857486, 10.2146083 ], [ 39.9861034, 10.2150907 ], [ 39.9864852, 10.2155361 ], [ 39.9868228, 10.21586 ], [ 39.9872653, 10.2162224 ], [ 39.9895058, 10.2179557 ], [ 39.9897742, 10.2181797 ], [ 39.990005, 10.2184003 ], [ 39.9901995, 10.2186126 ], [ 39.9903984, 10.2188526 ], [ 39.9905559, 10.2190611 ], [ 39.9907236, 10.2193087 ], [ 39.9909402, 10.2196478 ], [ 39.9910801, 10.2198976 ], [ 39.9912213, 10.2201967 ], [ 39.9913382, 10.2204789 ], [ 39.9914627, 10.2208186 ], [ 39.9915707, 10.221179 ], [ 39.991918, 10.2223958 ], [ 39.9921695, 10.2230855 ], [ 39.992417, 10.2236376 ], [ 39.9927489, 10.2242297 ], [ 39.9930586, 10.2247298 ], [ 39.9935072, 10.2254297 ], [ 39.9936489, 10.225669 ], [ 39.9937713, 10.2258932 ], [ 39.9938835, 10.2261242 ], [ 39.9939947, 10.2263565 ], [ 39.9940885, 10.2265763 ], [ 39.9941771, 10.2268163 ], [ 39.9942474, 10.2270201 ], [ 39.9943234, 10.2272612 ], [ 39.9943841, 10.2274997 ], [ 39.9944425, 10.2277864 ], [ 39.9948425, 10.229945 ], [ 39.9948901, 10.2301932 ], [ 39.994944, 10.2304268 ], [ 39.9950146, 10.2306786 ], [ 39.995096, 10.2309377 ], [ 39.9951893, 10.2311887 ], [ 39.995302, 10.2314574 ], [ 39.9954204, 10.2317041 ], [ 39.9955423, 10.2319361 ], [ 39.995669, 10.2321534 ], [ 39.9957856, 10.2323385 ], [ 39.99591, 10.2325199 ], [ 39.9960232, 10.2326737 ], [ 39.9961373, 10.2328225 ], [ 39.9962677, 10.2329792 ], [ 39.997804, 10.2347429 ], [ 39.9979504, 10.2349202 ], [ 39.9980851, 10.2350957 ], [ 39.9982226, 10.235287 ], [ 39.9983629, 10.2355005 ], [ 39.9984951, 10.23572 ], [ 39.9986148, 10.2359373 ], [ 39.9987314, 10.2361703 ], [ 39.9988345, 10.2364015 ], [ 39.998924, 10.2366256 ], [ 39.999, 10.2368388 ], [ 39.99907, 10.2370613 ], [ 39.9991297, 10.2372808 ], [ 39.9991837, 10.2375137 ], [ 39.9992277, 10.2377359 ], [ 39.9992648, 10.2379619 ], [ 39.9992895, 10.2381788 ], [ 39.9993067, 10.2383751 ], [ 39.9993192, 10.2386028 ], [ 39.999323, 10.2387967 ], [ 39.9993209, 10.2389649 ], [ 39.9993137, 10.2391452 ], [ 39.9992995, 10.2393422 ], [ 39.9992814, 10.2395351 ], [ 39.9992525, 10.2397368 ], [ 39.9992201, 10.2399291 ], [ 39.9991813, 10.2401252 ], [ 39.9991362, 10.2403191 ], [ 39.9990881, 10.2405014 ], [ 39.9990298, 10.2406954 ], [ 39.9989691, 10.2408781 ], [ 39.9983886, 10.2424132 ], [ 39.9982865, 10.2426802 ], [ 39.9981704, 10.2429507 ], [ 39.9980463, 10.2432113 ], [ 39.9979006, 10.2434869 ], [ 39.9977439, 10.2437552 ], [ 39.9975681, 10.2440265 ], [ 39.9973898, 10.2442801 ], [ 39.9971664, 10.2445666 ], [ 39.99695, 10.2448195 ], [ 39.9967913, 10.2449905 ] ] ] } },
{ "type": "Feature", "properties": { "osm_id": "731812502", "code": "6101", "fclass": "rail", "name": "Awash–Weldiya Railway", "layer": 1, "bridge": "T", "tunnel": "F", "path": "F:\\AnimationData\\Rail\\EthioDjibouti\\Ethiopia_Rail.shp" }, "geometry": { "type": "MultiLineString", "coordinates": [ [ [ 39.9663006, 10.1640788 ], [ 39.9663872, 10.1649561 ] ] ] } },
{ "type": "Feature", "properties": { "osm_id": "731911131", "code": "6101", "fclass": "rail", "name": "Awash–Weldiya Railway", "layer": 1, "bridge": "T", "tunnel": "F", "path": "F:\\AnimationData\\Rail\\EthioDjibouti\\Ethiopia_Rail.shp" }, "geometry": { "type": "MultiLineString", "coordinates": [ [ [ 39.7083999, 11.0913147 ], [ 39.708271, 11.0909418 ] ] ] } },
{ "type": "Feature", "properties": { "osm_id": "731922320", "code": "6101", "fclass": "rail", "name": "Awash–Weldiya Railway", "layer": 0, "bridge": "F", "tunnel": "F", "path": "F:\\AnimationData\\Rail\\EthioDjibouti\\Ethiopia_Rail.shp" }, "geometry": { "type": "MultiLineString", "coordinates": [ [ [ 39.9504849, 10.0169572 ], [ 39.9504572, 10.0170103 ], [ 39.9504173, 10.0170868 ] ] ] } },
{ "type": "Feature", "properties": { "osm_id": "731922321", "code": "6101", "fclass": "rail", "name": "Awash–Weldiya Railway", "layer": 0, "bridge": "F", "tunnel": "F", "path": "F:\\AnimationData\\Rail\\EthioDjibouti\\Ethiopia_Rail.shp" }, "geometry": { "type": "MultiLineString", "coordinates": [ [ [ 39.9504173, 10.0170868 ], [ 39.9503135, 10.0172968 ], [ 39.9502206, 10.0174971 ], [ 39.9501329, 10.0176978 ], [ 39.9500483, 10.0179055 ], [ 39.9499656, 10.0181242 ], [ 39.9498977, 10.018316 ], [ 39.9498369, 10.0185029 ], [ 39.9497725, 10.0187151 ], [ 39.9497153, 10.0189233 ], [ 39.9496632, 10.0191304 ], [ 39.9496152, 10.0193423 ], [ 39.9495716, 10.0195596 ], [ 39.9495346, 10.0197694 ], [ 39.9495013, 10.0199824 ], [ 39.949475, 10.0201823 ], [ 39.9494522, 10.0203994 ], [ 39.9494347, 10.0206107 ], [ 39.9494217, 10.0208313 ], [ 39.9494143, 10.0210445 ], [ 39.9494117, 10.0212419 ], [ 39.9494134, 10.0214463 ], [ 39.9494196, 10.0216498 ], [ 39.9494306, 10.0218591 ], [ 39.9494473, 10.0220747 ], [ 39.9494689, 10.0222884 ], [ 39.949497, 10.0225111 ], [ 39.9495298, 10.0227289 ], [ 39.9495669, 10.0229416 ], [ 39.949608, 10.023148 ], [ 39.9496554, 10.0233609 ], [ 39.9497048, 10.0235608 ], [ 39.9497559, 10.0237488 ], [ 39.9498169, 10.0239569 ], [ 39.9498798, 10.0241543 ], [ 39.9499517, 10.0243615 ], [ 39.9500266, 10.0245619 ], [ 39.9501131, 10.0247781 ], [ 39.9501869, 10.0249506 ], [ 39.9502688, 10.0251324 ], [ 39.9503538, 10.0253092 ], [ 39.9504425, 10.0254856 ], [ 39.9505585, 10.0257023 ], [ 39.9592708, 10.0415152 ], [ 39.9595198, 10.0419738 ], [ 39.959773, 10.0424683 ], [ 39.9599594, 10.0428503 ], [ 39.960125, 10.0432076 ], [ 39.9602959, 10.0435802 ], [ 39.9604794, 10.0440189 ], [ 39.9615646, 10.0467795 ], [ 39.9617643, 10.0472301 ], [ 39.9619512, 10.047626 ], [ 39.9621406, 10.0480082 ], [ 39.9623346, 10.048398 ], [ 39.9635214, 10.0506617 ], [ 39.9637939, 10.0512377 ], [ 39.9640654, 10.0518652 ], [ 39.9642783, 10.05248 ], [ 39.9644904, 10.053163 ], [ 39.9646704, 10.0538751 ], [ 39.96482, 10.054593 ], [ 39.9649268, 10.0553372 ], [ 39.9649748, 10.0560044 ], [ 39.9650013, 10.0565369 ], [ 39.9650027, 10.0572187 ], [ 39.9649477, 10.0579085 ], [ 39.9648851, 10.0585234 ], [ 39.9647903, 10.0591329 ], [ 39.9646743, 10.0597583 ], [ 39.9645208, 10.0603916 ], [ 39.9643247, 10.0610025 ], [ 39.9641178, 10.0615976 ], [ 39.9638817, 10.06219 ], [ 39.9635785, 10.0628299 ], [ 39.963305, 10.0633567 ], [ 39.9629403, 10.0639655 ], [ 39.9626204, 10.0644447 ], [ 39.9622712, 10.0649347 ], [ 39.9618813, 10.0654247 ], [ 39.9608346, 10.0666237 ], [ 39.9555082, 10.0727246 ], [ 39.9550558, 10.0732468 ], [ 39.9547052, 10.0737088 ], [ 39.9544029, 10.0741821 ], [ 39.9540567, 10.0749229 ], [ 39.9538697, 10.0754881 ], [ 39.9537062, 10.0761559 ], [ 39.9536352, 10.0768309 ], [ 39.9536391, 10.0774515 ], [ 39.9536758, 10.0780655 ], [ 39.9537782, 10.0789026 ], [ 39.9560598, 10.0922512 ] ] ] } },
{ "type": "Feature", "properties": { "osm_id": "731926163", "code": "6101", "fclass": "rail", "name": "Awash–Weldiya Railway", "layer": 0, "bridge": "F", "tunnel": "F", "path": "F:\\AnimationData\\Rail\\EthioDjibouti\\Ethiopia_Rail.shp" }, "geometry": { "type": "MultiLineString", "coordinates": [ [ [ 39.9579336, 10.2488673 ], [ 39.95669, 10.2493987 ], [ 39.9560779, 10.2497231 ], [ 39.9555759, 10.2500364 ], [ 39.9550734, 10.2504311 ], [ 39.9546077, 10.2508811 ], [ 39.9541795, 10.2513794 ], [ 39.9537903, 10.2519173 ], [ 39.9535292, 10.2524178 ], [ 39.9532724, 10.2529882 ], [ 39.9518955, 10.2561842 ], [ 39.9516661, 10.2566645 ], [ 39.9514392, 10.2571135 ], [ 39.9511272, 10.2576609 ], [ 39.950966, 10.2578786 ], [ 39.9507643, 10.258151 ], [ 39.9504103, 10.2585803 ], [ 39.9499197, 10.2591027 ], [ 39.9494064, 10.2595604 ], [ 39.9489938, 10.2599082 ], [ 39.9484256, 10.2603157 ], [ 39.9435849, 10.2634993 ], [ 39.9429128, 10.2639655 ], [ 39.942198, 10.2645007 ], [ 39.9415917, 10.265033 ], [ 39.9410639, 10.2656076 ], [ 39.9406385, 10.2661034 ], [ 39.9403456, 10.2665531 ], [ 39.9400186, 10.2671036 ], [ 39.9396786, 10.2677828 ] ] ] } },
{ "type": "Feature", "properties": { "osm_id": "731926165", "code": "6101", "fclass": "rail", "name": "Awash–Weldiya Railway", "layer": 1, "bridge": "T", "tunnel": "F", "path": "F:\\AnimationData\\Rail\\EthioDjibouti\\Ethiopia_Rail.shp" }, "geometry": { "type": "MultiLineString", "coordinates": [ [ [ 39.9586237, 10.2485119 ], [ 39.9583546, 10.2486597 ], [ 39.9579336, 10.2488673 ] ] ] } },
{ "type": "Feature", "properties": { "osm_id": "731926167", "code": "6101", "fclass": "rail", "name": "Awash–Weldiya Railway", "layer": 1, "bridge": "T", "tunnel": "F", "path": "F:\\AnimationData\\Rail\\EthioDjibouti\\Ethiopia_Rail.shp" }, "geometry": { "type": "MultiLineString", "coordinates": [ [ [ 39.9396786, 10.2677828 ], [ 39.9392736, 10.2685083 ] ] ] } },
{ "type": "Feature", "properties": { "osm_id": "731926168", "code": "6101", "fclass": "rail", "name": "Awash–Weldiya Railway", "layer": 0, "bridge": "F", "tunnel": "F", "path": "F:\\AnimationData\\Rail\\EthioDjibouti\\Ethiopia_Rail.shp" }, "geometry": { "type": "MultiLineString", "coordinates": [ [ [ 39.9392736, 10.2685083 ], [ 39.9366553, 10.2732409 ], [ 39.9362175, 10.2740463 ], [ 39.9360901, 10.2742727 ], [ 39.935972, 10.2744658 ], [ 39.9358352, 10.2746728 ], [ 39.9356925, 10.2748719 ], [ 39.935539, 10.2750692 ], [ 39.9353832, 10.2752548 ], [ 39.9352097, 10.2754454 ], [ 39.9350319, 10.2756263 ], [ 39.9348554, 10.2757931 ], [ 39.934676, 10.2759539 ], [ 39.9345082, 10.2760908 ], [ 39.9343509, 10.2762118 ], [ 39.9341702, 10.2763419 ], [ 39.9339742, 10.2764724 ], [ 39.9337777, 10.2765949 ], [ 39.9335748, 10.2767112 ], [ 39.9333863, 10.2768122 ], [ 39.9331842, 10.2769104 ], [ 39.9329775, 10.2770028 ], [ 39.9327761, 10.2770848 ], [ 39.9325712, 10.2771607 ], [ 39.9323669, 10.2772277 ], [ 39.9321352, 10.2772976 ], [ 39.9318607, 10.2773678 ], [ 39.9234962, 10.2793859 ], [ 39.9163302, 10.2811127 ], [ 39.9157316, 10.2812696 ], [ 39.9151655, 10.2814701 ], [ 39.9146167, 10.28173 ], [ 39.9140113, 10.2821041 ], [ 39.9135396, 10.2824409 ], [ 39.9131622, 10.282771 ], [ 39.9128182, 10.2831112 ], [ 39.9123834, 10.2835797 ], [ 39.9120187, 10.2840938 ], [ 39.9116529, 10.284684 ], [ 39.9113684, 10.2852485 ], [ 39.9111183, 10.2858351 ], [ 39.9109145, 10.2864316 ], [ 39.9082081, 10.2942078 ], [ 39.9080439, 10.2947086 ], [ 39.9078693, 10.2953886 ], [ 39.9077636, 10.29593 ], [ 39.907694, 10.2964561 ], [ 39.9076757, 10.2970396 ], [ 39.9077183, 10.2975483 ], [ 39.9077828, 10.298004 ], [ 39.9078146, 10.2981581 ] ] ] } },
{ "type": "Feature", "properties": { "osm_id": "731951801", "code": "6101", "fclass": "rail", "name": "Awash–Weldiya Railway", "layer": 0, "bridge": "F", "tunnel": "F", "path": "F:\\AnimationData\\Rail\\EthioDjibouti\\Ethiopia_Rail.shp" }, "geometry": { "type": "MultiLineString", "coordinates": [ [ [ 39.9287619, 10.3544788 ], [ 39.9288079, 10.3547597 ], [ 39.9288328, 10.3549746 ], [ 39.9288493, 10.355167 ], [ 39.9288621, 10.3554275 ], [ 39.9288647, 10.3556449 ], [ 39.9288598, 10.355868 ], [ 39.9288452, 10.3561163 ], [ 39.9288235, 10.3563421 ], [ 39.928794, 10.3565663 ], [ 39.9287562, 10.3567917 ], [ 39.9287163, 10.3569891 ], [ 39.9286724, 10.3571769 ], [ 39.9286197, 10.3573746 ], [ 39.9285632, 10.3575625 ], [ 39.928501, 10.3577491 ], [ 39.9284297, 10.3579424 ], [ 39.9283501, 10.3581387 ], [ 39.9282676, 10.3583247 ], [ 39.9281816, 10.3585035 ], [ 39.9280984, 10.3586643 ], [ 39.9280127, 10.3588193 ], [ 39.9279166, 10.3589822 ], [ 39.9278144, 10.3591444 ], [ 39.9277076, 10.3593033 ], [ 39.927589, 10.3594688 ], [ 39.9274673, 10.359628 ], [ 39.9273569, 10.3597642 ], [ 39.9265356, 10.3607404 ], [ 39.9263735, 10.3609352 ], [ 39.926215, 10.3611423 ], [ 39.9260774, 10.3613341 ], [ 39.9259613, 10.3615116 ], [ 39.9258437, 10.3617023 ], [ 39.9257312, 10.3618976 ], [ 39.9256153, 10.3621155 ], [ 39.9255119, 10.3623319 ], [ 39.925423, 10.3625359 ], [ 39.9253434, 10.362734 ], [ 39.9252634, 10.3629549 ], [ 39.9252011, 10.3631466 ], [ 39.9251353, 10.3633755 ], [ 39.9250828, 10.3635788 ], [ 39.9250488, 10.3637355 ], [ 39.9250175, 10.3638891 ], [ 39.9249887, 10.364051 ], [ 39.9228272, 10.3759919 ], [ 39.92279, 10.3762061 ], [ 39.922759, 10.3764205 ], [ 39.9227368, 10.3766215 ], [ 39.9227186, 10.376842 ], [ 39.9227078, 10.3770548 ], [ 39.9227057, 10.3772708 ], [ 39.9227102, 10.3775072 ], [ 39.9227236, 10.3777495 ], [ 39.9227425, 10.3779648 ], [ 39.9227707, 10.378194 ], [ 39.9228061, 10.3784133 ], [ 39.9228452, 10.3786174 ], [ 39.9228932, 10.3788272 ], [ 39.9229467, 10.3790367 ], [ 39.9230077, 10.3792447 ], [ 39.9230731, 10.3794397 ], [ 39.9231544, 10.3796615 ], [ 39.9232277, 10.3798433 ], [ 39.9233033, 10.3800147 ], [ 39.9233928, 10.3802037 ], [ 39.9234843, 10.3803835 ], [ 39.9235671, 10.3805325 ], [ 39.9236609, 10.3806954 ], [ 39.9237648, 10.3808642 ], [ 39.9254445, 10.3834814 ], [ 39.9255538, 10.3836615 ], [ 39.9256504, 10.3838318 ], [ 39.9257397, 10.3839962 ], [ 39.9258295, 10.3841789 ], [ 39.9259061, 10.3843464 ], [ 39.9259744, 10.3845055 ], [ 39.9260293, 10.3846449 ], [ 39.9260808, 10.3847859 ], [ 39.9261364, 10.3849528 ], [ 39.9261871, 10.3851111 ], [ 39.9262313, 10.3852684 ], [ 39.926272, 10.3854325 ], [ 39.9263108, 10.3855989 ], [ 39.9263435, 10.385774 ], [ 39.9263737, 10.3859469 ], [ 39.9264003, 10.3861404 ], [ 39.9264192, 10.3863228 ], [ 39.9264343, 10.3865 ], [ 39.9264423, 10.3866849 ], [ 39.9264468, 10.3868688 ], [ 39.9264462, 10.3870458 ], [ 39.9264393, 10.3872121 ], [ 39.926428, 10.3874043 ], [ 39.926413, 10.3875736 ], [ 39.9263898, 10.3877571 ], [ 39.9263637, 10.3879344 ], [ 39.9263317, 10.3881154 ], [ 39.9262932, 10.3882959 ], [ 39.926254, 10.3884665 ], [ 39.9262063, 10.388643 ], [ 39.926154, 10.3888167 ], [ 39.9260963, 10.3889915 ], [ 39.926027, 10.3891814 ], [ 39.9259544, 10.3893641 ], [ 39.9258768, 10.3895397 ], [ 39.9257922, 10.3897183 ], [ 39.9257072, 10.3898869 ], [ 39.9256251, 10.3900348 ], [ 39.9255169, 10.390221 ], [ 39.9254036, 10.390401 ], [ 39.9252746, 10.3905898 ], [ 39.9251436, 10.3907692 ], [ 39.9250021, 10.3909483 ], [ 39.9248672, 10.3911085 ], [ 39.9247317, 10.3912588 ], [ 39.9245822, 10.3914162 ], [ 39.9244372, 10.3915553 ], [ 39.9242997, 10.3916818 ], [ 39.9241589, 10.3918038 ], [ 39.9240425, 10.391901 ], [ 39.9238951, 10.392017 ], [ 39.9237655, 10.392112 ], [ 39.9236239, 10.3922111 ], [ 39.9234787, 10.3923076 ], [ 39.9233226, 10.3924041 ], [ 39.9231632, 10.3924975 ], [ 39.9230015, 10.3925867 ], [ 39.9228455, 10.3926663 ], [ 39.9226818, 10.3927447 ], [ 39.9225212, 10.392817 ], [ 39.9223481, 10.3928893 ], [ 39.9221732, 10.3929553 ], [ 39.9219914, 10.3930185 ], [ 39.9218153, 10.3930734 ], [ 39.9216486, 10.3931224 ], [ 39.9214956, 10.3931621 ], [ 39.9213081, 10.3932059 ], [ 39.9211348, 10.3932413 ], [ 39.9209324, 10.3932768 ], [ 39.9207371, 10.3933051 ], [ 39.9170455, 10.3937469 ], [ 39.9168539, 10.3937762 ], [ 39.9166639, 10.3938111 ], [ 39.9164662, 10.3938544 ], [ 39.9162782, 10.3938987 ], [ 39.9160868, 10.3939509 ], [ 39.9158663, 10.3940194 ], [ 39.9156673, 10.3940888 ], [ 39.9154629, 10.3941677 ], [ 39.9152875, 10.3942422 ], [ 39.9150951, 10.3943295 ], [ 39.9149084, 10.3944214 ], [ 39.914746, 10.3945088 ], [ 39.9145677, 10.3946104 ], [ 39.9143936, 10.394717 ], [ 39.9142132, 10.394836 ], [ 39.9140495, 10.3949507 ], [ 39.9138982, 10.3950664 ], [ 39.9137261, 10.3952028 ], [ 39.9135754, 10.3953309 ], [ 39.9134179, 10.3954754 ], [ 39.9132649, 10.3956233 ], [ 39.9131178, 10.3957762 ], [ 39.9129803, 10.3959275 ], [ 39.9128567, 10.3960722 ], [ 39.9127428, 10.3962165 ], [ 39.9126305, 10.3963657 ], [ 39.9125076, 10.3965366 ], [ 39.9124062, 10.3966929 ], [ 39.9122991, 10.3968653 ], [ 39.9122108, 10.3970165 ], [ 39.9121139, 10.3971968 ], [ 39.9120226, 10.3973791 ], [ 39.91194, 10.3975547 ], [ 39.911857, 10.3977511 ], [ 39.911783, 10.3979442 ], [ 39.9117108, 10.3981528 ], [ 39.9116563, 10.3983297 ], [ 39.9115954, 10.3985468 ], [ 39.9115534, 10.3987206 ], [ 39.9115089, 10.3989336 ], [ 39.9114724, 10.3991383 ], [ 39.9114434, 10.3993395 ], [ 39.9114198, 10.3995549 ], [ 39.911405, 10.3997624 ], [ 39.9113966, 10.3999754 ], [ 39.9113929, 10.4001757 ], [ 39.9113991, 10.4003856 ], [ 39.911412, 10.4006062 ], [ 39.91143, 10.4008086 ], [ 39.911455, 10.4010115 ], [ 39.911487, 10.4012141 ], [ 39.9115293, 10.4014378 ], [ 39.9115786, 10.4016524 ], [ 39.9116344, 10.4018626 ], [ 39.9116902, 10.4020511 ], [ 39.9117548, 10.4022425 ], [ 39.9118168, 10.4024152 ], [ 39.9118918, 10.4025988 ], [ 39.9119729, 10.4027808 ], [ 39.9120441, 10.4029337 ], [ 39.9121195, 10.4030814 ], [ 39.9122079, 10.4032466 ], [ 39.9122981, 10.4033994 ], [ 39.9123915, 10.4035536 ], [ 39.9124886, 10.4037015 ], [ 39.9125892, 10.4038448 ], [ 39.9126977, 10.4039941 ], [ 39.9128113, 10.4041397 ], [ 39.912935, 10.4042875 ], [ 39.9130576, 10.4044259 ], [ 39.9131806, 10.4045578 ], [ 39.9133146, 10.4046944 ], [ 39.9134453, 10.4048184 ], [ 39.9135728, 10.4049337 ], [ 39.9137023, 10.405045 ], [ 39.9138425, 10.4051592 ], [ 39.9145409, 10.4057165 ], [ 39.9190158, 10.409287 ], [ 39.9191481, 10.4093968 ], [ 39.9192799, 10.409511 ], [ 39.9194047, 10.4096237 ], [ 39.9195302, 10.409745 ], [ 39.9196596, 10.4098763 ], [ 39.9197941, 10.4100204 ], [ 39.9199038, 10.4101446 ], [ 39.9200134, 10.4102787 ], [ 39.9201255, 10.4104202 ], [ 39.9202281, 10.4105575 ], [ 39.9203339, 10.410711 ], [ 39.920447, 10.4108794 ], [ 39.9205473, 10.4110447 ], [ 39.9206393, 10.4112061 ], [ 39.920731, 10.4113751 ], [ 39.9208147, 10.4115443 ], [ 39.9208889, 10.4117035 ], [ 39.9209564, 10.4118606 ], [ 39.9210229, 10.412027 ], [ 39.9210872, 10.4122054 ], [ 39.9211537, 10.4124053 ], [ 39.9212179, 10.4126241 ], [ 39.9212713, 10.4128358 ], [ 39.9213142, 10.4130288 ], [ 39.9213516, 10.4132293 ], [ 39.921382, 10.4134288 ], [ 39.9214021, 10.4135754 ], [ 39.9218839, 10.4180072 ] ] ] } },
{ "type": "Feature", "properties": { "osm_id": "731951802", "code": "6101", "fclass": "rail", "name": "Awash–Weldiya Railway", "layer": 1, "bridge": "T", "tunnel": "F", "path": "F:\\AnimationData\\Rail\\EthioDjibouti\\Ethiopia_Rail.shp" }, "geometry": { "type": "MultiLineString", "coordinates": [ [ [ 39.9286956, 10.3540165 ], [ 39.9287619, 10.3544788 ] ] ] } },
{ "type": "Feature", "properties": { "osm_id": "731951804", "code": "6101", "fclass": "rail", "name": "Awash–Weldiya Railway", "layer": -1, "bridge": "F", "tunnel": "T", "path": "F:\\AnimationData\\Rail\\EthioDjibouti\\Ethiopia_Rail.shp" }, "geometry": { "type": "MultiLineString", "coordinates": [ [ [ 39.91705, 10.3105883 ], [ 39.917537, 10.3111823 ], [ 39.9180072, 10.3118235 ], [ 39.9184015, 10.3124383 ], [ 39.9187103, 10.3130109 ], [ 39.9189756, 10.31351 ], [ 39.9191885, 10.3139455 ] ] ] } },
{ "type": "Feature", "properties": { "osm_id": "731990681", "code": "6101", "fclass": "rail", "name": "Awash–Weldiya Railway", "layer": 0, "bridge": "F", "tunnel": "T", "path": "F:\\AnimationData\\Rail\\EthioDjibouti\\Ethiopia_Rail.shp" }, "geometry": { "type": "MultiLineString", "coordinates": [ [ [ 39.9180845, 10.4736006 ], [ 39.9156877, 10.4738343 ], [ 39.9154671, 10.4738633 ], [ 39.9152421, 10.4738975 ], [ 39.9150272, 10.4739375 ], [ 39.9148228, 10.473981 ] ] ] } },
{ "type": "Feature", "properties": { "osm_id": "731990682", "code": "6101", "fclass": "rail", "name": "Awash–Weldiya Railway", "layer": 1, "bridge": "T", "tunnel": "F", "path": "F:\\AnimationData\\Rail\\EthioDjibouti\\Ethiopia_Rail.shp" }, "geometry": { "type": "MultiLineString", "coordinates": [ [ [ 39.9148228, 10.473981 ], [ 39.9145659, 10.4740458 ], [ 39.9142734, 10.4741301 ], [ 39.9140208, 10.4742148 ], [ 39.9137349, 10.4743216 ], [ 39.9134459, 10.4744452 ], [ 39.9131885, 10.4745673 ], [ 39.9129227, 10.4747058 ], [ 39.9126669, 10.4748519 ], [ 39.9124322, 10.4749994 ], [ 39.9122055, 10.4751541 ], [ 39.911938, 10.4753523 ], [ 39.9117024, 10.475546 ], [ 39.9114878, 10.4757349 ], [ 39.911281, 10.4759331 ], [ 39.9110869, 10.4761327 ], [ 39.9108935, 10.4763494 ], [ 39.9107028, 10.4765802 ], [ 39.9105403, 10.4767948 ], [ 39.9104116, 10.476976 ], [ 39.9102662, 10.4771991 ], [ 39.9101427, 10.4774011 ] ] ] } },
{ "type": "Feature", "properties": { "osm_id": "731990683", "code": "6101", "fclass": "rail", "name": "Awash–Weldiya Railway", "layer": 0, "bridge": "F", "tunnel": "F", "path": "F:\\AnimationData\\Rail\\EthioDjibouti\\Ethiopia_Rail.shp" }, "geometry": { "type": "MultiLineString", "coordinates": [ [ [ 39.9091634, 10.4808745 ], [ 39.9091634, 10.4810836 ], [ 39.9091688, 10.4812921 ], [ 39.9092159, 10.4826035 ], [ 39.9092201, 10.4828334 ], [ 39.9092133, 10.4830884 ], [ 39.9091929, 10.4833858 ], [ 39.9091627, 10.4836663 ], [ 39.90912, 10.4839255 ], [ 39.9090785, 10.4841355 ], [ 39.9090002, 10.4844554 ], [ 39.9089234, 10.4847277 ], [ 39.9088311, 10.4850383 ], [ 39.9087309, 10.4853183 ], [ 39.9085934, 10.4856514 ], [ 39.9084729, 10.4859006 ], [ 39.908344, 10.4861403 ], [ 39.908201, 10.486391 ], [ 39.9080495, 10.4866359 ], [ 39.9078705, 10.4868998 ], [ 39.9076737, 10.487161 ], [ 39.9074692, 10.4874176 ], [ 39.9051639, 10.4901474 ], [ 39.9048754, 10.4905097 ], [ 39.9046721, 10.4907941 ], [ 39.9045038, 10.4910412 ], [ 39.9043738, 10.4912528 ], [ 39.9042378, 10.4914815 ], [ 39.9041031, 10.4917459 ], [ 39.9040015, 10.4919703 ], [ 39.903897, 10.4922271 ], [ 39.9038212, 10.4924339 ], [ 39.9037193, 10.4927496 ], [ 39.9036402, 10.4930274 ], [ 39.903563, 10.4933214 ], [ 39.903501, 10.4935979 ], [ 39.9034567, 10.4938676 ], [ 39.9034331, 10.4940983 ], [ 39.9034082, 10.4943395 ], [ 39.9033965, 10.4945579 ], [ 39.9033886, 10.4948903 ], [ 39.9033979, 10.4952157 ], [ 39.9034131, 10.4954795 ], [ 39.9034403, 10.4957362 ], [ 39.9035534, 10.4970771 ], [ 39.903571, 10.4973912 ], [ 39.9035666, 10.4977075 ], [ 39.9035535, 10.498041 ], [ 39.9035287, 10.498354 ], [ 39.9034941, 10.4986276 ], [ 39.903453, 10.4988613 ], [ 39.9033961, 10.4991206 ], [ 39.9033244, 10.4993756 ], [ 39.9032343, 10.4996692 ], [ 39.9031545, 10.4998865 ], [ 39.9030541, 10.5001377 ], [ 39.9029178, 10.500423 ], [ 39.9027767, 10.5007049 ], [ 39.9026343, 10.5009524 ], [ 39.902481, 10.5011976 ], [ 39.9023463, 10.501393 ], [ 39.900928, 10.5034384 ] ] ] } },
{ "type": "Feature", "properties": { "osm_id": "731990684", "code": "6101", "fclass": "rail", "name": "Awash–Weldiya Railway", "layer": -1, "bridge": "F", "tunnel": "T", "path": "F:\\AnimationData\\Rail\\EthioDjibouti\\Ethiopia_Rail.shp" }, "geometry": { "type": "MultiLineString", "coordinates": [ [ [ 39.9300546, 10.4702408 ], [ 39.9297673, 10.4705289 ], [ 39.9294555, 10.4708104 ], [ 39.9291331, 10.471077 ], [ 39.9288682, 10.4712796 ], [ 39.9286908, 10.4714097 ], [ 39.928394, 10.4716133 ], [ 39.928149, 10.471763 ], [ 39.9278948, 10.4719094 ], [ 39.9276674, 10.4720293 ], [ 39.9274161, 10.4721569 ], [ 39.9271834, 10.4722552 ], [ 39.9269028, 10.4723716 ], [ 39.9266257, 10.4724734 ] ] ] } },
{ "type": "Feature", "properties": { "osm_id": "731990685", "code": "6101", "fclass": "rail", "name": "Awash–Weldiya Railway", "layer": 0, "bridge": "F", "tunnel": "F", "path": "F:\\AnimationData\\Rail\\EthioDjibouti\\Ethiopia_Rail.shp" }, "geometry": { "type": "MultiLineString", "coordinates": [ [ [ 39.9101427, 10.4774011 ], [ 39.9100176, 10.477624 ], [ 39.9098983, 10.4778542 ], [ 39.9097878, 10.4780889 ] ] ] } },
{ "type": "Feature", "properties": { "osm_id": "731990686", "code": "6101", "fclass": "rail", "name": "Awash–Weldiya Railway", "layer": 0, "bridge": "F", "tunnel": "F", "path": "F:\\AnimationData\\Rail\\EthioDjibouti\\Ethiopia_Rail.shp" }, "geometry": { "type": "MultiLineString", "coordinates": [ [ [ 39.9266257, 10.4724734 ], [ 39.9262104, 10.4726045 ], [ 39.9258637, 10.4727 ], [ 39.9255035, 10.4727902 ], [ 39.925132, 10.4728716 ], [ 39.924787, 10.4729301 ], [ 39.9244816, 10.4729684 ], [ 39.9241552, 10.4730115 ], [ 39.9238932, 10.4730347 ], [ 39.9180845, 10.4736006 ] ] ] } },
{ "type": "Feature", "properties": { "osm_id": "731990687", "code": "6101", "fclass": "rail", "name": "Awash–Weldiya Railway", "layer": 1, "bridge": "T", "tunnel": "F", "path": "F:\\AnimationData\\Rail\\EthioDjibouti\\Ethiopia_Rail.shp" }, "geometry": { "type": "MultiLineString", "coordinates": [ [ [ 39.9097878, 10.4780889 ], [ 39.9096664, 10.4783747 ], [ 39.9095609, 10.4786574 ], [ 39.9094673, 10.4789447 ], [ 39.9093972, 10.47919 ], [ 39.909342, 10.4794141 ], [ 39.9092955, 10.4796352 ], [ 39.9092456, 10.4799144 ], [ 39.9092087, 10.4801855 ], [ 39.9091832, 10.4804484 ], [ 39.9091703, 10.4806646 ], [ 39.9091634, 10.4808745 ] ] ] } },
{ "type": "Feature", "properties": { "osm_id": "731993581", "code": "6101", "fclass": "rail", "name": "Awash–Weldiya Railway", "layer": 1, "bridge": "T", "tunnel": "F", "path": "F:\\AnimationData\\Rail\\EthioDjibouti\\Ethiopia_Rail.shp" }, "geometry": { "type": "MultiLineString", "coordinates": [ [ [ 39.900928, 10.5034384 ], [ 39.899784, 10.5050882 ] ] ] } },
{ "type": "Feature", "properties": { "osm_id": "731993583", "code": "6101", "fclass": "rail", "name": "Awash–Weldiya Railway", "layer": 0, "bridge": "F", "tunnel": "F", "path": "F:\\AnimationData\\Rail\\EthioDjibouti\\Ethiopia_Rail.shp" }, "geometry": { "type": "MultiLineString", "coordinates": [ [ [ 39.899784, 10.5050882 ], [ 39.8988985, 10.5063419 ], [ 39.898465, 10.5069173 ], [ 39.8981219, 10.5073697 ], [ 39.8978035, 10.5077729 ], [ 39.8974545, 10.5082052 ], [ 39.8874818, 10.5201761 ], [ 39.8870929, 10.5206218 ], [ 39.8866532, 10.5211197 ], [ 39.8860805, 10.5217341 ], [ 39.8856033, 10.5222407 ], [ 39.8850935, 10.5227718 ], [ 39.8798287, 10.5279055 ], [ 39.8795024, 10.5282239 ], [ 39.8792016, 10.5285291 ], [ 39.8788567, 10.5288997 ], [ 39.8658936, 10.5432234 ] ] ] } },
{ "type": "Feature", "properties": { "osm_id": "731998837", "code": "6101", "fclass": "rail", "name": "Awash–Weldiya Railway", "layer": 1, "bridge": "T", "tunnel": "F", "path": "F:\\AnimationData\\Rail\\EthioDjibouti\\Ethiopia_Rail.shp" }, "geometry": { "type": "MultiLineString", "coordinates": [ [ [ 39.8658936, 10.5432234 ], [ 39.86575, 10.5433822 ] ] ] } },
{ "type": "Feature", "properties": { "osm_id": "731998840", "code": "6101", "fclass": "rail", "name": "Awash–Weldiya Railway", "layer": 0, "bridge": "F", "tunnel": "F", "path": "F:\\AnimationData\\Rail\\EthioDjibouti\\Ethiopia_Rail.shp" }, "geometry": { "type": "MultiLineString", "coordinates": [ [ [ 39.86575, 10.5433822 ], [ 39.865398, 10.5437706 ], [ 39.865138, 10.5440386 ], [ 39.8649231, 10.5442516 ], [ 39.8647092, 10.5444483 ], [ 39.8646741, 10.5444806 ], [ 39.8644393, 10.5446918 ], [ 39.8641445, 10.5449312 ], [ 39.8639323, 10.5450995 ], [ 39.8602558, 10.5478966 ], [ 39.8600165, 10.5480928 ], [ 39.8598345, 10.5482515 ], [ 39.8596218, 10.5484496 ], [ 39.8594189, 10.5486505 ], [ 39.8592358, 10.5488424 ], [ 39.8590655, 10.5490399 ] ] ] } },
{ "type": "Feature", "properties": { "osm_id": "731998841", "code": "6101", "fclass": "rail", "name": "Awash–Weldiya Railway", "layer": 1, "bridge": "T", "tunnel": "F", "path": "F:\\AnimationData\\Rail\\EthioDjibouti\\Ethiopia_Rail.shp" }, "geometry": { "type": "MultiLineString", "coordinates": [ [ [ 39.8590655, 10.5490399 ], [ 39.8589256, 10.5492134 ], [ 39.8588035, 10.5493677 ], [ 39.8586837, 10.5495327 ], [ 39.85855, 10.5497339 ], [ 39.8584461, 10.5498977 ] ] ] } },
{ "type": "Feature", "properties": { "osm_id": "731999902", "code": "6101", "fclass": "rail", "name": "Awash–Weldiya Railway", "layer": 1, "bridge": "T", "tunnel": "F", "path": "F:\\AnimationData\\Rail\\EthioDjibouti\\Ethiopia_Rail.shp" }, "geometry": { "type": "MultiLineString", "coordinates": [ [ [ 39.7469106, 11.0129691 ], [ 39.7439781, 11.014287 ] ] ] } },
{ "type": "Feature", "properties": { "osm_id": "731999903", "code": "6101", "fclass": "rail", "name": "Awash–Weldiya Railway", "layer": 0, "bridge": "F", "tunnel": "F", "path": "F:\\AnimationData\\Rail\\EthioDjibouti\\Ethiopia_Rail.shp" }, "geometry": { "type": "MultiLineString", "coordinates": [ [ [ 39.7439781, 11.014287 ], [ 39.7430485, 11.0146802 ], [ 39.7424694, 11.0149427 ], [ 39.7419538, 11.0152442 ], [ 39.7414692, 11.0155906 ], [ 39.7410344, 11.0159429 ], [ 39.7406936, 11.0162949 ], [ 39.7403773, 11.0166355 ], [ 39.7400754, 11.0170322 ], [ 39.7397816, 11.0174722 ], [ 39.7395229, 11.0179507 ], [ 39.7393261, 11.0184268 ], [ 39.7392252, 11.0187839 ], [ 39.7390913, 11.0193375 ], [ 39.7390122, 11.0197462 ], [ 39.7384122, 11.0243403 ], [ 39.7382869, 11.0251075 ], [ 39.738158, 11.0256705 ], [ 39.738017, 11.0261375 ], [ 39.7378385, 11.0266506 ], [ 39.7376266, 11.0271981 ], [ 39.7369835, 11.0286743 ], [ 39.7367812, 11.0291785 ], [ 39.7365904, 11.0297743 ], [ 39.7364368, 11.0303316 ], [ 39.7362889, 11.0310043 ], [ 39.7362105, 11.031566 ], [ 39.7361482, 11.0322678 ], [ 39.7361225, 11.0328949 ], [ 39.7361308, 11.035762 ], [ 39.7361124, 11.0361429 ], [ 39.7360901, 11.0364764 ], [ 39.7360432, 11.0369268 ], [ 39.7359841, 11.0373058 ], [ 39.7351469, 11.0415132 ], [ 39.7350136, 11.0421784 ], [ 39.7348487, 11.0429045 ], [ 39.7340951, 11.0457868 ], [ 39.7338773, 11.0464464 ], [ 39.7336856, 11.0469324 ], [ 39.7334717, 11.0474162 ], [ 39.7332127, 11.0479639 ], [ 39.732915, 11.0485375 ], [ 39.7326089, 11.0490752 ], [ 39.7322975, 11.0496041 ], [ 39.7319592, 11.0501253 ], [ 39.7316407, 11.0505833 ], [ 39.7264359, 11.0580356 ], [ 39.7262399, 11.0583479 ], [ 39.7260748, 11.0586092 ], [ 39.725919, 11.0588995 ], [ 39.7257736, 11.0592091 ], [ 39.7256479, 11.0594836 ], [ 39.7255255, 11.059798 ], [ 39.7254161, 11.0601075 ], [ 39.725336, 11.0604029 ], [ 39.7252747, 11.0607024 ], [ 39.7252313, 11.0609636 ], [ 39.7248903, 11.0638811 ], [ 39.7248389, 11.0642281 ], [ 39.7247802, 11.064523 ], [ 39.7247028, 11.0648341 ], [ 39.7246212, 11.0651083 ], [ 39.7245224, 11.0653929 ], [ 39.7243973, 11.0657045 ], [ 39.7242318, 11.0660591 ] ] ] } },
{ "type": "Feature", "properties": { "osm_id": "734103087", "code": "6101", "fclass": "rail", "name": null, "layer": 0, "bridge": "F", "tunnel": "F", "path": "F:\\AnimationData\\Rail\\EthioDjibouti\\Ethiopia_Rail.shp" }, "geometry": { "type": "MultiLineString", "coordinates": [ [ [ 42.6357989, 11.0656931 ], [ 42.6356102, 11.0651588 ], [ 42.6353867, 11.0645084 ], [ 42.6352645, 11.0641026 ], [ 42.6351807, 11.0636389 ] ] ] } },
{ "type": "Feature", "properties": { "osm_id": "734139154", "code": "6101", "fclass": "rail", "name": "Addis Ababa – Djibouti Railway", "layer": 0, "bridge": "T", "tunnel": "F", "path": "F:\\AnimationData\\Rail\\EthioDjibouti\\Ethiopia_Rail.shp" }, "geometry": { "type": "MultiLineString", "coordinates": [ [ [ 42.6301649, 10.8456917 ], [ 42.6298106, 10.8455655 ] ] ] } },
{ "type": "Feature", "properties": { "osm_id": "734139155", "code": "6101", "fclass": "rail", "name": "Addis Ababa – Djibouti Railway", "layer": 0, "bridge": "F", "tunnel": "F", "path": "F:\\AnimationData\\Rail\\EthioDjibouti\\Ethiopia_Rail.shp" }, "geometry": { "type": "MultiLineString", "coordinates": [ [ [ 42.6298106, 10.8455655 ], [ 42.6290212, 10.8452343 ], [ 42.6285685, 10.8450192 ], [ 42.6269315, 10.8440941 ], [ 42.6254666, 10.8433791 ], [ 42.6237613, 10.8426953 ], [ 42.621394, 10.8417267 ], [ 42.6209545, 10.8415854 ] ] ] } },
{ "type": "Feature", "properties": { "osm_id": "736763218", "code": "6101", "fclass": "rail", "name": "Addis Ababa – Djibouti Railway", "layer": 0, "bridge": "F", "tunnel": "F", "path": "F:\\AnimationData\\Rail\\EthioDjibouti\\Ethiopia_Rail.shp" }, "geometry": { "type": "MultiLineString", "coordinates": [ [ [ 40.3869954, 9.0188806 ], [ 40.3535954, 9.0086899 ], [ 40.3518211, 9.0081187 ], [ 40.3507677, 9.0078277 ], [ 40.3496756, 9.0075901 ] ] ] } },
{ "type": "Feature", "properties": { "osm_id": "736763219", "code": "6101", "fclass": "rail", "name": "Addis Ababa – Djibouti Railway", "layer": 0, "bridge": "T", "tunnel": "F", "path": "F:\\AnimationData\\Rail\\EthioDjibouti\\Ethiopia_Rail.shp" }, "geometry": { "type": "MultiLineString", "coordinates": [ [ [ 40.3877791, 9.019104 ], [ 40.3869954, 9.0188806 ] ] ] } },
{ "type": "Feature", "properties": { "osm_id": "764201331", "code": "6101", "fclass": "rail", "name": "Awash–Weldiya Railway", "layer": 0, "bridge": "T", "tunnel": "F", "path": "F:\\AnimationData\\Rail\\EthioDjibouti\\Ethiopia_Rail.shp" }, "geometry": { "type": "MultiLineString", "coordinates": [ [ [ 39.7494646, 10.9822286 ], [ 39.7491518, 10.9833337 ] ] ] } },
{ "type": "Feature", "properties": { "osm_id": "764201332", "code": "6101", "fclass": "rail", "name": "Awash–Weldiya Railway", "layer": 0, "bridge": "F", "tunnel": "F", "path": "F:\\AnimationData\\Rail\\EthioDjibouti\\Ethiopia_Rail.shp" }, "geometry": { "type": "MultiLineString", "coordinates": [ [ [ 39.7491518, 10.9833337 ], [ 39.7490549, 10.9837112 ], [ 39.7489559, 10.984114 ], [ 39.748861, 10.9845097 ], [ 39.7487884, 10.9848956 ], [ 39.7487365, 10.9853045 ], [ 39.7487049, 10.9857133 ], [ 39.7487074, 10.9861045 ], [ 39.7487256, 10.9865023 ], [ 39.7487815, 10.9870947 ], [ 39.74886, 10.9878825 ], [ 39.7496242, 10.9956438 ], [ 39.7497552, 10.9967552 ], [ 39.7498391, 10.997337 ], [ 39.7511699, 11.0054057 ], [ 39.7512324, 11.0058139 ], [ 39.7512758, 11.0062288 ], [ 39.751292, 11.0066199 ], [ 39.7512937, 11.0070312 ], [ 39.7512664, 11.0073903 ], [ 39.7512347, 11.0078003 ], [ 39.7511778, 11.0081697 ], [ 39.7510818, 11.0085666 ], [ 39.7509719, 11.0089244 ], [ 39.7508241, 11.0093171 ], [ 39.7506517, 11.0096953 ], [ 39.7504592, 11.0100709 ], [ 39.7502484, 11.0104216 ], [ 39.7500207, 11.0107464 ], [ 39.7497608, 11.0110727 ], [ 39.7495072, 11.0113587 ], [ 39.7492458, 11.0116125 ], [ 39.7489336, 11.0118671 ], [ 39.7486233, 11.0120793 ], [ 39.7483409, 11.0122536 ], [ 39.7480197, 11.0124337 ], [ 39.7476517, 11.0126222 ], [ 39.7472875, 11.0127962 ], [ 39.7469106, 11.0129691 ] ] ] } },
{ "type": "Feature", "properties": { "osm_id": "787935664", "code": "6101", "fclass": "rail", "name": null, "layer": 0, "bridge": "F", "tunnel": "F", "path": "F:\\AnimationData\\Rail\\EthioDjibouti\\Ethiopia_Rail.shp" }, "geometry": { "type": "MultiLineString", "coordinates": [ [ [ 40.728591, 9.2137366 ], [ 40.7289611, 9.2137631 ], [ 40.7292669, 9.2137737 ], [ 40.7295566, 9.2137684 ], [ 40.729739, 9.2137419 ], [ 40.7298999, 9.2136784 ], [ 40.731815, 9.2128576 ] ] ] } },
{ "type": "Feature", "properties": { "osm_id": "787935667", "code": "6101", "fclass": "rail", "name": "Addis Ababa – Djibouti Railway", "layer": 1, "bridge": "T", "tunnel": "F", "path": "F:\\AnimationData\\Rail\\EthioDjibouti\\Ethiopia_Rail.shp" }, "geometry": { "type": "MultiLineString", "coordinates": [ [ [ 40.7355518, 9.2149247 ], [ 40.7348157, 9.2148174 ] ] ] } },
{ "type": "Feature", "properties": { "osm_id": "787935668", "code": "6101", "fclass": "rail", "name": "Addis Ababa – Djibouti Railway", "layer": 0, "bridge": "F", "tunnel": "F", "path": "F:\\AnimationData\\Rail\\EthioDjibouti\\Ethiopia_Rail.shp" }, "geometry": { "type": "MultiLineString", "coordinates": [ [ [ 40.6767266, 9.1888091 ], [ 40.6733628, 9.1881184 ], [ 40.6646796, 9.1864235 ], [ 40.6579202, 9.1851778 ], [ 40.6503019, 9.1837429 ], [ 40.6480375, 9.1833111 ], [ 40.6467488, 9.1830404 ], [ 40.6455634, 9.1827403 ], [ 40.6436794, 9.1821695 ], [ 40.6416378, 9.1813903 ], [ 40.639805, 9.1805375 ], [ 40.6378057, 9.1794379 ], [ 40.6361205, 9.1783591 ], [ 40.6346267, 9.1772983 ], [ 40.6199954, 9.1652258 ], [ 40.6180551, 9.1636067 ], [ 40.6164249, 9.1621985 ], [ 40.6156312, 9.1614331 ], [ 40.6149224, 9.1606852 ], [ 40.6144395, 9.1601176 ], [ 40.6135856, 9.1591098 ], [ 40.6130479, 9.1583628 ], [ 40.6123423, 9.1573561 ], [ 40.6106067, 9.1546398 ], [ 40.6086229, 9.1515867 ], [ 40.6079997, 9.1505275 ], [ 40.6075072, 9.1495095 ], [ 40.6072255, 9.1487241 ], [ 40.607032, 9.1480827 ], [ 40.6068236, 9.1468825 ], [ 40.6067499, 9.1457757 ], [ 40.6067872, 9.1446372 ], [ 40.6069422, 9.143481 ], [ 40.6071981, 9.1424206 ], [ 40.6076453, 9.1411695 ], [ 40.6080993, 9.140221 ], [ 40.6085444, 9.1394795 ], [ 40.6091131, 9.1387505 ], [ 40.6099326, 9.1377814 ], [ 40.6107665, 9.1368583 ] ] ] } },
{ "type": "Feature", "properties": { "osm_id": "787936323", "code": "6101", "fclass": "rail", "name": null, "layer": 0, "bridge": "F", "tunnel": "F", "path": "F:\\AnimationData\\Rail\\EthioDjibouti\\Ethiopia_Rail.shp" }, "geometry": { "type": "MultiLineString", "coordinates": [ [ [ 40.7372931, 9.2152166 ], [ 40.7385018, 9.2154258 ], [ 40.7389148, 9.2155158 ], [ 40.7401817, 9.2157322 ] ] ] } },
{ "type": "Feature", "properties": { "osm_id": "788228158", "code": "6101", "fclass": "rail", "name": "Addis Ababa – Djibouti Railway", "layer": 0, "bridge": "F", "tunnel": "F", "path": "F:\\AnimationData\\Rail\\EthioDjibouti\\Ethiopia_Rail.shp" }, "geometry": { "type": "MultiLineString", "coordinates": [ [ [ 39.0233312, 8.7583922 ], [ 39.0251635, 8.7556175 ], [ 39.0335052, 8.7440248 ] ] ] } },
{ "type": "Feature", "properties": { "osm_id": "788228159", "code": "6101", "fclass": "rail", "name": "Addis Ababa – Djibouti Railway", "layer": 1, "bridge": "T", "tunnel": "F", "path": "F:\\AnimationData\\Rail\\EthioDjibouti\\Ethiopia_Rail.shp" }, "geometry": { "type": "MultiLineString", "coordinates": [ [ [ 39.0232388, 8.7585363 ], [ 39.0233312, 8.7583922 ] ] ] } },
{ "type": "Feature", "properties": { "osm_id": "788228160", "code": "6101", "fclass": "rail", "name": "Addis Ababa – Djibouti Railway", "layer": 0, "bridge": "F", "tunnel": "F", "path": "F:\\AnimationData\\Rail\\EthioDjibouti\\Ethiopia_Rail.shp" }, "geometry": { "type": "MultiLineString", "coordinates": [ [ [ 39.0209041, 8.7620908 ], [ 39.0216427, 8.7609664 ], [ 39.021858, 8.7606385 ], [ 39.0226857, 8.7593784 ], [ 39.0232388, 8.7585363 ] ] ] } },
{ "type": "Feature", "properties": { "osm_id": "788228163", "code": "6101", "fclass": "rail", "name": "Addis Ababa – Djibouti Railway", "layer": 0, "bridge": "F", "tunnel": "F", "path": "F:\\AnimationData\\Rail\\EthioDjibouti\\Ethiopia_Rail.shp" }, "geometry": { "type": "MultiLineString", "coordinates": [ [ [ 39.01604, 8.769475 ], [ 39.0163205, 8.7690491 ], [ 39.0165283, 8.7687337 ], [ 39.0209041, 8.7620908 ] ] ] } },
{ "type": "Feature", "properties": { "osm_id": "788228167", "code": "6101", "fclass": "rail", "name": "Addis Ababa – Djibouti Railway", "layer": 1, "bridge": "T", "tunnel": "F", "path": "F:\\AnimationData\\Rail\\EthioDjibouti\\Ethiopia_Rail.shp" }, "geometry": { "type": "MultiLineString", "coordinates": [ [ [ 39.0335052, 8.7440248 ], [ 39.0336151, 8.7438721 ] ] ] } },
{ "type": "Feature", "properties": { "osm_id": "788228168", "code": "6101", "fclass": "rail", "name": "Addis Ababa – Djibouti Railway", "layer": 0, "bridge": "F", "tunnel": "F", "path": "F:\\AnimationData\\Rail\\EthioDjibouti\\Ethiopia_Rail.shp" }, "geometry": { "type": "MultiLineString", "coordinates": [ [ [ 39.0336151, 8.7438721 ], [ 39.0619989, 8.70442 ], [ 39.0730349, 8.6890794 ], [ 39.0771093, 8.6834607 ] ] ] } },
{ "type": "Feature", "properties": { "osm_id": "789694366", "code": "6101", "fclass": "rail", "name": "Addis Ababa – Djibouti Railway", "layer": 1, "bridge": "T", "tunnel": "F", "path": "F:\\AnimationData\\Rail\\EthioDjibouti\\Ethiopia_Rail.shp" }, "geometry": { "type": "MultiLineString", "coordinates": [ [ [ 42.6343235, 10.9007693 ], [ 42.6344704, 10.8998895 ], [ 42.6346247, 10.8992415 ], [ 42.6348315, 10.8985831 ] ] ] } },
{ "type": "Feature", "properties": { "osm_id": "789694367", "code": "6101", "fclass": "rail", "name": "Addis Ababa – Djibouti Railway", "layer": 0, "bridge": "F", "tunnel": "F", "path": "F:\\AnimationData\\Rail\\EthioDjibouti\\Ethiopia_Rail.shp" }, "geometry": { "type": "MultiLineString", "coordinates": [ [ [ 42.6301649, 10.8456917 ], [ 42.6307929, 10.8458504 ], [ 42.6319904, 10.8461511 ], [ 42.6344439, 10.8467483 ], [ 42.6354409, 10.8470674 ], [ 42.6361575, 10.8473335 ], [ 42.6368033, 10.8476382 ], [ 42.6374088, 10.8479645 ], [ 42.637973, 10.8483 ], [ 42.6386065, 10.8487668 ], [ 42.6391693, 10.849249 ], [ 42.6396414, 10.8496758 ], [ 42.6407519, 10.8509455 ], [ 42.6416316, 10.8519307 ], [ 42.6425543, 10.8531187 ], [ 42.6429717, 10.8537227 ] ] ] } },
{ "type": "Feature", "properties": { "osm_id": "789694368", "code": "6101", "fclass": "rail", "name": "Addis Ababa – Djibouti Railway", "layer": 0, "bridge": "F", "tunnel": "F", "path": "F:\\AnimationData\\Rail\\EthioDjibouti\\Ethiopia_Rail.shp" }, "geometry": { "type": "MultiLineString", "coordinates": [ [ [ 42.6345098, 10.9029628 ], [ 42.6343935, 10.9025091 ], [ 42.6343204, 10.9018067 ], [ 42.6342998, 10.9012999 ], [ 42.6343235, 10.9007693 ] ] ] } },
{ "type": "Feature", "properties": { "osm_id": "789694369", "code": "6101", "fclass": "rail", "name": "Addis Ababa – Djibouti Railway", "layer": 1, "bridge": "T", "tunnel": "F", "path": "F:\\AnimationData\\Rail\\EthioDjibouti\\Ethiopia_Rail.shp" }, "geometry": { "type": "MultiLineString", "coordinates": [ [ [ 42.6350936, 10.9045634 ], [ 42.6348944, 10.9041554 ], [ 42.6346707, 10.9035521 ], [ 42.6345098, 10.9029628 ] ] ] } },
{ "type": "Feature", "properties": { "osm_id": "789694370", "code": "6101", "fclass": "rail", "name": "Addis Ababa – Djibouti Railway", "layer": 0, "bridge": "F", "tunnel": "F", "path": "F:\\AnimationData\\Rail\\EthioDjibouti\\Ethiopia_Rail.shp" }, "geometry": { "type": "MultiLineString", "coordinates": [ [ [ 42.6425966, 10.9118676 ], [ 42.642265, 10.9112866 ], [ 42.6417058, 10.910529 ], [ 42.6410602, 10.9098484 ], [ 42.6403293, 10.9092587 ], [ 42.6393261, 10.9085491 ], [ 42.6378235, 10.9075081 ], [ 42.6373695, 10.9071752 ], [ 42.6369095, 10.9068074 ] ] ] } },
{ "type": "Feature", "properties": { "osm_id": "790014921", "code": "6101", "fclass": "rail", "name": null, "layer": 0, "bridge": "F", "tunnel": "F", "path": "F:\\AnimationData\\Rail\\EthioDjibouti\\Ethiopia_Rail.shp" }, "geometry": { "type": "MultiLineString", "coordinates": [ [ [ 38.7572824, 8.8610854 ], [ 38.7581817, 8.8605665 ], [ 38.7585841, 8.860317 ] ] ] } },
{ "type": "Feature", "properties": { "osm_id": "790014922", "code": "6101", "fclass": "rail", "name": null, "layer": 0, "bridge": "F", "tunnel": "F", "path": "F:\\AnimationData\\Rail\\EthioDjibouti\\Ethiopia_Rail.shp" }, "geometry": { "type": "MultiLineString", "coordinates": [ [ [ 38.7573039, 8.8611207 ], [ 38.7578409, 8.8608061 ], [ 38.7582538, 8.8605602 ] ] ] } },
{ "type": "Feature", "properties": { "osm_id": "790014923", "code": "6101", "fclass": "rail", "name": null, "layer": 0, "bridge": "F", "tunnel": "F", "path": "F:\\AnimationData\\Rail\\EthioDjibouti\\Ethiopia_Rail.shp" }, "geometry": { "type": "MultiLineString", "coordinates": [ [ [ 38.7573273, 8.8611593 ], [ 38.7569572, 8.8613753 ] ] ] } },
{ "type": "Feature", "properties": { "osm_id": "791683444", "code": "6101", "fclass": "rail", "name": "Awash–Weldiya Railway", "layer": 0, "bridge": "F", "tunnel": "F", "path": "F:\\AnimationData\\Rail\\EthioDjibouti\\Ethiopia_Rail.shp" }, "geometry": { "type": "MultiLineString", "coordinates": [ [ [ 39.9191885, 10.3139455 ], [ 39.9207758, 10.3174077 ], [ 39.9210086, 10.3179597 ], [ 39.9211929, 10.3185304 ], [ 39.921308, 10.3190793 ], [ 39.9214177, 10.3196205 ], [ 39.9218754, 10.3239562 ], [ 39.921921, 10.3242871 ], [ 39.9219619, 10.3245628 ], [ 39.9220103, 10.324826 ], [ 39.9220676, 10.3250827 ], [ 39.9221325, 10.3253264 ], [ 39.922195, 10.3255294 ], [ 39.9222546, 10.3257173 ], [ 39.9224885, 10.3263738 ], [ 39.9225611, 10.3265611 ], [ 39.9226515, 10.326767 ], [ 39.9227398, 10.3269448 ], [ 39.924994, 10.3314772 ], [ 39.9252966, 10.3321445 ], [ 39.9255341, 10.3327553 ], [ 39.9256797, 10.3332173 ], [ 39.925842, 10.3338307 ], [ 39.9260135, 10.3346941 ], [ 39.9286956, 10.3540165 ] ] ] } },
{ "type": "Feature", "properties": { "osm_id": "791817614", "code": "6101", "fclass": "rail", "name": "Awash–Weldiya Railway", "layer": 1, "bridge": "T", "tunnel": "F", "path": "F:\\AnimationData\\Rail\\EthioDjibouti\\Ethiopia_Rail.shp" }, "geometry": { "type": "MultiLineString", "coordinates": [ [ [ 40.0487944, 9.1879932 ], [ 40.0488425, 9.1878723 ] ] ] } },
{ "type": "Feature", "properties": { "osm_id": "791817615", "code": "6101", "fclass": "rail", "name": "Awash–Weldiya Railway", "layer": 0, "bridge": "F", "tunnel": "F", "path": "F:\\AnimationData\\Rail\\EthioDjibouti\\Ethiopia_Rail.shp" }, "geometry": { "type": "MultiLineString", "coordinates": [ [ [ 40.0502225, 9.1843747 ], [ 40.0508793, 9.1827101 ], [ 40.0512737, 9.1817753 ], [ 40.051701, 9.1810309 ], [ 40.0520639, 9.1804403 ], [ 40.0526674, 9.1796343 ], [ 40.0532426, 9.1789616 ], [ 40.0539974, 9.1782217 ], [ 40.055508, 9.1769261 ], [ 40.0615394, 9.1718583 ], [ 40.0622371, 9.1713569 ], [ 40.0629701, 9.1709093 ], [ 40.0635245, 9.1706233 ], [ 40.0643868, 9.1702345 ], [ 40.0651622, 9.1699422 ], [ 40.0660219, 9.1697003 ], [ 40.0680533, 9.169232 ], [ 40.0780237, 9.1677297 ], [ 40.0791579, 9.1675202 ], [ 40.0801148, 9.1673287 ], [ 40.0809322, 9.1671214 ], [ 40.0817833, 9.1668812 ], [ 40.0826075, 9.166604 ], [ 40.0832605, 9.1663672 ] ] ] } },
{ "type": "Feature", "properties": { "osm_id": "808530820", "code": "6101", "fclass": "rail", "name": "Awash–Weldiya Railway", "layer": -1, "bridge": "F", "tunnel": "T", "path": "F:\\AnimationData\\Rail\\EthioDjibouti\\Ethiopia_Rail.shp" }, "geometry": { "type": "MultiLineString", "coordinates": [ [ [ 39.9967913, 10.2449905 ], [ 39.9965658, 10.2452166 ], [ 39.9963255, 10.2454369 ], [ 39.9960689, 10.245652 ], [ 39.9957823, 10.2458704 ], [ 39.9955416, 10.2460375 ], [ 39.9952695, 10.246211 ], [ 39.9950199, 10.2463557 ], [ 39.9947385, 10.246503 ] ] ] } },
{ "type": "Feature", "properties": { "osm_id": "808577568", "code": "6101", "fclass": "rail", "name": null, "layer": 0, "bridge": "F", "tunnel": "F", "path": "F:\\AnimationData\\Rail\\EthioDjibouti\\Ethiopia_Rail.shp" }, "geometry": { "type": "MultiLineString", "coordinates": [ [ [ 39.9366553, 10.2732409 ], [ 39.9364607, 10.2736749 ], [ 39.9363742, 10.2738815 ], [ 39.9362385, 10.2742754 ], [ 39.9361328, 10.2744923 ], [ 39.9360268, 10.2746594 ], [ 39.9358957, 10.2748449 ], [ 39.9356149, 10.2751811 ], [ 39.9353216, 10.2755099 ], [ 39.9350102, 10.2758228 ], [ 39.934646, 10.2761457 ], [ 39.9341833, 10.276486 ], [ 39.9337655, 10.2767474 ], [ 39.9333175, 10.2769882 ], [ 39.9329343, 10.2771538 ], [ 39.9324575, 10.2773291 ], [ 39.931963, 10.2774768 ], [ 39.9308881, 10.2777566 ], [ 39.9252223, 10.2791611 ], [ 39.9250863, 10.279181 ], [ 39.9249079, 10.2791997 ], [ 39.9245744, 10.2792235 ], [ 39.9242547, 10.2792468 ], [ 39.9240427, 10.2792766 ], [ 39.9234962, 10.2793859 ] ] ] } },
{ "type": "Feature", "properties": { "osm_id": "808911687", "code": "6101", "fclass": "rail", "name": null, "layer": 0, "bridge": "F", "tunnel": "F", "path": "F:\\AnimationData\\Rail\\EthioDjibouti\\Ethiopia_Rail.shp" }, "geometry": { "type": "MultiLineString", "coordinates": [ [ [ 39.708271, 11.0909418 ], [ 39.7081894, 11.0906964 ], [ 39.7060309, 11.0842038 ], [ 39.7054642, 11.0825585 ], [ 39.7049738, 11.0811752 ] ] ] } },
{ "type": "Feature", "properties": { "osm_id": "808911691", "code": "6101", "fclass": "rail", "name": null, "layer": 0, "bridge": "F", "tunnel": "F", "path": "F:\\AnimationData\\Rail\\EthioDjibouti\\Ethiopia_Rail.shp" }, "geometry": { "type": "MultiLineString", "coordinates": [ [ [ 39.7081894, 11.0906964 ], [ 39.7081224, 11.0901918 ], [ 39.7079437, 11.0894108 ], [ 39.7065701, 11.0854292 ], [ 39.7062716, 11.0847327 ], [ 39.7060309, 11.0842038 ] ] ] } },
{ "type": "Feature", "properties": { "osm_id": "808959921", "code": "6101", "fclass": "rail", "name": null, "layer": 0, "bridge": "F", "tunnel": "F", "path": "F:\\AnimationData\\Rail\\EthioDjibouti\\Ethiopia_Rail.shp" }, "geometry": { "type": "MultiLineString", "coordinates": [ [ [ 39.7049221, 11.1088454 ], [ 39.7050205, 11.1090879 ], [ 39.705148, 11.1094021 ], [ 39.7052405, 11.1097258 ], [ 39.7053104, 11.1098906 ], [ 39.7054198, 11.1101571 ], [ 39.7055565, 11.1105108 ], [ 39.7056907, 11.1107845 ], [ 39.7058087, 11.110974 ], [ 39.7059239, 11.1111158 ] ] ] } },
{ "type": "Feature", "properties": { "osm_id": "808959923", "code": "6101", "fclass": "rail", "name": null, "layer": 0, "bridge": "F", "tunnel": "T", "path": "F:\\AnimationData\\Rail\\EthioDjibouti\\Ethiopia_Rail.shp" }, "geometry": { "type": "MultiLineString", "coordinates": [ [ [ 39.7062148, 11.1108962 ], [ 39.7070952, 11.1120266 ] ] ] } },
{ "type": "Feature", "properties": { "osm_id": "808959925", "code": "6101", "fclass": "rail", "name": null, "layer": 0, "bridge": "F", "tunnel": "F", "path": "F:\\AnimationData\\Rail\\EthioDjibouti\\Ethiopia_Rail.shp" }, "geometry": { "type": "MultiLineString", "coordinates": [ [ [ 39.7046683, 11.1084046 ], [ 39.7049221, 11.1088454 ], [ 39.7050338, 11.1090394 ], [ 39.7051922, 11.1092936 ], [ 39.7053564, 11.1096779 ], [ 39.7054462, 11.1100175 ], [ 39.705613, 11.1104377 ], [ 39.7057472, 11.1107114 ], [ 39.7058652, 11.1109009 ], [ 39.7059953, 11.1110619 ] ] ] } },
{ "type": "Feature", "properties": { "osm_id": "808959926", "code": "6101", "fclass": "rail", "name": null, "layer": 0, "bridge": "F", "tunnel": "F", "path": "F:\\AnimationData\\Rail\\EthioDjibouti\\Ethiopia_Rail.shp" }, "geometry": { "type": "MultiLineString", "coordinates": [ [ [ 39.7052405, 11.1097258 ], [ 39.7052732, 11.1099351 ], [ 39.7053164, 11.1102483 ], [ 39.705406, 11.1106067 ], [ 39.7055402, 11.1108804 ], [ 39.7056582, 11.1110699 ], [ 39.7057797, 11.1112246 ] ] ] } },
{ "type": "Feature", "properties": { "osm_id": "808959927", "code": "6101", "fclass": "rail", "name": null, "layer": 0, "bridge": "F", "tunnel": "F", "path": "F:\\AnimationData\\Rail\\EthioDjibouti\\Ethiopia_Rail.shp" }, "geometry": { "type": "MultiLineString", "coordinates": [ [ [ 39.7050205, 11.1090879 ], [ 39.7050857, 11.1094102 ], [ 39.7051573, 11.1097435 ], [ 39.7051854, 11.1099073 ], [ 39.7052716, 11.1103849 ], [ 39.705347, 11.1106668 ], [ 39.7054812, 11.1109405 ], [ 39.7055992, 11.11113 ], [ 39.7057142, 11.1112741 ] ] ] } },
{ "type": "Feature", "properties": { "osm_id": "808959928", "code": "6101", "fclass": "rail", "name": null, "layer": 0, "bridge": "F", "tunnel": "F", "path": "F:\\AnimationData\\Rail\\EthioDjibouti\\Ethiopia_Rail.shp" }, "geometry": { "type": "MultiLineString", "coordinates": [ [ [ 39.7051573, 11.1097435 ], [ 39.7051672, 11.1100631 ], [ 39.7051821, 11.1103256 ], [ 39.7051907, 11.1106913 ], [ 39.7052081, 11.1110193 ], [ 39.7052532, 11.1112384 ], [ 39.7053451, 11.1115125 ], [ 39.7054565, 11.1117504 ], [ 39.7055856, 11.1119827 ], [ 39.7057704, 11.1122292 ], [ 39.7061445, 11.1126998 ], [ 39.7062012, 11.1127712 ] ] ] } },
{ "type": "Feature", "properties": { "osm_id": "808959930", "code": "6101", "fclass": "rail", "name": null, "layer": 0, "bridge": "F", "tunnel": "T", "path": "F:\\AnimationData\\Rail\\EthioDjibouti\\Ethiopia_Rail.shp" }, "geometry": { "type": "MultiLineString", "coordinates": [ [ [ 39.7060487, 11.1110215 ], [ 39.7069634, 11.1121261 ] ] ] } },
{ "type": "Feature", "properties": { "osm_id": "809046291", "code": "6101", "fclass": "rail", "name": null, "layer": 0, "bridge": "F", "tunnel": "F", "path": "F:\\AnimationData\\Rail\\EthioDjibouti\\Ethiopia_Rail.shp" }, "geometry": { "type": "MultiLineString", "coordinates": [ [ [ 39.7086005, 11.1135727 ], [ 39.7088065, 11.1136916 ], [ 39.7089925, 11.1138144 ], [ 39.7091407, 11.1139364 ], [ 39.7092095, 11.1139963 ] ] ] } },
{ "type": "Feature", "properties": { "osm_id": "809048586", "code": "6101", "fclass": "rail", "name": null, "layer": 0, "bridge": "F", "tunnel": "F", "path": "F:\\AnimationData\\Rail\\EthioDjibouti\\Ethiopia_Rail.shp" }, "geometry": { "type": "MultiLineString", "coordinates": [ [ [ 39.7061445, 11.1126998 ], [ 39.7065422, 11.1134971 ], [ 39.7067299, 11.1137333 ] ] ] } },
{ "type": "Feature", "properties": { "osm_id": "809048587", "code": "6101", "fclass": "rail", "name": null, "layer": 0, "bridge": "F", "tunnel": "F", "path": "F:\\AnimationData\\Rail\\EthioDjibouti\\Ethiopia_Rail.shp" }, "geometry": { "type": "MultiLineString", "coordinates": [ [ [ 39.7062012, 11.1127712 ], [ 39.7062126, 11.1127855 ], [ 39.7076062, 11.1145387 ] ] ] } },
{ "type": "Feature", "properties": { "osm_id": "809048588", "code": "6101", "fclass": "rail", "name": null, "layer": 0, "bridge": "F", "tunnel": "F", "path": "F:\\AnimationData\\Rail\\EthioDjibouti\\Ethiopia_Rail.shp" }, "geometry": { "type": "MultiLineString", "coordinates": [ [ [ 39.7062126, 11.1127855 ], [ 39.7065803, 11.113341 ], [ 39.7075547, 11.1145669 ] ] ] } },
{ "type": "Feature", "properties": { "osm_id": "809966778", "code": "6101", "fclass": "rail", "name": null, "layer": 0, "bridge": "F", "tunnel": "F", "path": "F:\\AnimationData\\Rail\\EthioDjibouti\\Ethiopia_Rail.shp" }, "geometry": { "type": "MultiLineString", "coordinates": [ [ [ 42.6290294, 11.0264968 ], [ 42.629339, 11.0257192 ], [ 42.6294489, 11.0254165 ], [ 42.6295455, 11.0252006 ], [ 42.6296474, 11.0250005 ], [ 42.6297229, 11.0248775 ], [ 42.630318, 11.0239079 ] ] ] } },
{ "type": "Feature", "properties": { "osm_id": "809966779", "code": "6101", "fclass": "rail", "name": null, "layer": 0, "bridge": "F", "tunnel": "F", "path": "F:\\AnimationData\\Rail\\EthioDjibouti\\Ethiopia_Rail.shp" }, "geometry": { "type": "MultiLineString", "coordinates": [ [ [ 42.6297229, 11.0248775 ], [ 42.6295213, 11.0251611 ], [ 42.6292799, 11.025506 ], [ 42.6291643, 11.0256805 ], [ 42.6290274, 11.0258872 ], [ 42.6288006, 11.0261027 ], [ 42.6286135, 11.0262642 ], [ 42.628401, 11.0263977 ], [ 42.6283653, 11.026409 ], [ 42.6281829, 11.0264933 ], [ 42.6281097, 11.0265266 ], [ 42.6248745, 11.0280137 ] ] ] } },
{ "type": "Feature", "properties": { "osm_id": "809971725", "code": "6101", "fclass": "rail", "name": null, "layer": 0, "bridge": "F", "tunnel": "F", "path": "F:\\AnimationData\\Rail\\EthioDjibouti\\Ethiopia_Rail.shp" }, "geometry": { "type": "MultiLineString", "coordinates": [ [ [ 42.6341359, 11.0610427 ], [ 42.6338837, 11.0605171 ], [ 42.6336279, 11.0600237 ], [ 42.6334109, 11.0595907 ], [ 42.6326589, 11.0576406 ], [ 42.6323715, 11.0568491 ], [ 42.6315053, 11.0548328 ], [ 42.6312086, 11.0540699 ], [ 42.631105, 11.0537713 ], [ 42.630803, 11.0527739 ], [ 42.6305449, 11.0519999 ] ] ] } },
{ "type": "Feature", "properties": { "osm_id": "809971729", "code": "6101", "fclass": "rail", "name": null, "layer": 0, "bridge": "F", "tunnel": "F", "path": "F:\\AnimationData\\Rail\\EthioDjibouti\\Ethiopia_Rail.shp" }, "geometry": { "type": "MultiLineString", "coordinates": [ [ [ 42.6345663, 11.06219 ], [ 42.6342561, 11.0616811 ], [ 42.6341265, 11.0614896 ], [ 42.6339762, 11.0613103 ], [ 42.6338111, 11.0611234 ], [ 42.633571, 11.060872 ], [ 42.6334301, 11.0606979 ], [ 42.633312, 11.0605206 ], [ 42.6331884, 11.0603103 ], [ 42.6331512, 11.0602464 ], [ 42.6331123, 11.0601797 ], [ 42.6329546, 11.059861 ], [ 42.6326838, 11.0591207 ] ] ] } },
{ "type": "Feature", "properties": { "osm_id": "809971731", "code": "6101", "fclass": "rail", "name": null, "layer": 0, "bridge": "F", "tunnel": "F", "path": "F:\\AnimationData\\Rail\\EthioDjibouti\\Ethiopia_Rail.shp" }, "geometry": { "type": "MultiLineString", "coordinates": [ [ [ 42.6343834, 11.0613805 ], [ 42.6346629, 11.0620349 ], [ 42.6347954, 11.0623153 ], [ 42.63505, 11.0627946 ], [ 42.6351833, 11.0630301 ], [ 42.635276, 11.0632664 ], [ 42.6353788, 11.0635673 ], [ 42.6354421, 11.063738 ] ] ] } },
{ "type": "Feature", "properties": { "osm_id": "809971732", "code": "6101", "fclass": "rail", "name": null, "layer": 0, "bridge": "F", "tunnel": "F", "path": "F:\\AnimationData\\Rail\\EthioDjibouti\\Ethiopia_Rail.shp" }, "geometry": { "type": "MultiLineString", "coordinates": [ [ [ 42.6353942, 11.0637593 ], [ 42.6353322, 11.0636028 ], [ 42.6352202, 11.0632419 ], [ 42.6351341, 11.0630026 ], [ 42.63505, 11.0627946 ] ] ] } },
{ "type": "Feature", "properties": { "osm_id": "809971738", "code": "6101", "fclass": "rail", "name": "Chemin de fer Addis-Abeba – Djibouti ??? ???? ???? ????? - ??????", "layer": 0, "bridge": "F", "tunnel": "F", "path": "F:\\AnimationData\\Rail\\EthioDjibouti\\Ethiopia_Rail.shp" }, "geometry": { "type": "MultiLineString", "coordinates": [ [ [ 42.636258, 11.0663548 ], [ 42.635724, 11.0650264 ], [ 42.6354166, 11.0643387 ], [ 42.6351807, 11.0636389 ], [ 42.634949, 11.0629662 ], [ 42.6346177, 11.0621978 ], [ 42.6344648, 11.061847 ], [ 42.634411, 11.0616967 ], [ 42.6341888, 11.0610627 ], [ 42.6328225, 11.0576214 ], [ 42.6322915, 11.0562973 ], [ 42.630908, 11.0528516 ], [ 42.6307206, 11.0523849 ], [ 42.6305449, 11.0519999 ], [ 42.6304186, 11.0516688 ] ] ] } },
{ "type": "Feature", "properties": { "osm_id": "809971739", "code": "6101", "fclass": "rail", "name": "Chemin de fer Addis-Abeba – Djibouti ??? ???? ???? ????? - ??????", "layer": 1, "bridge": "T", "tunnel": "F", "path": "F:\\AnimationData\\Rail\\EthioDjibouti\\Ethiopia_Rail.shp" }, "geometry": { "type": "MultiLineString", "coordinates": [ [ [ 42.636313, 11.0664843 ], [ 42.636258, 11.0663548 ] ] ] } },
{ "type": "Feature", "properties": { "osm_id": "809978578", "code": "6101", "fclass": "rail", "name": "Addis Ababa – Djibouti Railway", "layer": 0, "bridge": "F", "tunnel": "F", "path": "F:\\AnimationData\\Rail\\EthioDjibouti\\Ethiopia_Rail.shp" }, "geometry": { "type": "MultiLineString", "coordinates": [ [ [ 42.6444356, 10.8576403 ], [ 42.6445639, 10.858068 ] ] ] } },
{ "type": "Feature", "properties": { "osm_id": "809978579", "code": "6101", "fclass": "rail", "name": "Addis Ababa – Djibouti Railway", "layer": 0, "bridge": "F", "tunnel": "F", "path": "F:\\AnimationData\\Rail\\EthioDjibouti\\Ethiopia_Rail.shp" }, "geometry": { "type": "MultiLineString", "coordinates": [ [ [ 42.6445639, 10.858068 ], [ 42.6449475, 10.8596018 ], [ 42.645602, 10.8621211 ], [ 42.6460254, 10.8637833 ], [ 42.6461127, 10.8643122 ], [ 42.6461571, 10.8648559 ], [ 42.6461595, 10.8661854 ], [ 42.6461245, 10.866625 ], [ 42.6460084, 10.8673377 ], [ 42.6459298, 10.8680115 ], [ 42.645888, 10.8685385 ] ] ] } },
{ "type": "Feature", "properties": { "osm_id": "809979908", "code": "6101", "fclass": "rail", "name": "Addis Ababa – Djibouti Railway", "layer": 0, "bridge": "F", "tunnel": "F", "path": "F:\\AnimationData\\Rail\\EthioDjibouti\\Ethiopia_Rail.shp" }, "geometry": { "type": "MultiLineString", "coordinates": [ [ [ 41.8756519, 9.8479307 ], [ 41.8725165, 9.8397204 ], [ 41.8690601, 9.8307012 ], [ 41.8686407, 9.8296353 ], [ 41.8681595, 9.8284676 ], [ 41.8676159, 9.8274043 ], [ 41.8659524, 9.8242277 ], [ 41.8642943, 9.8210582 ], [ 41.8594325, 9.8117523 ], [ 41.857753, 9.808577 ], [ 41.8567787, 9.806715 ], [ 41.8551017, 9.8035011 ], [ 41.8525165, 9.7985543 ], [ 41.85168, 9.7968784 ], [ 41.8512025, 9.7957918 ], [ 41.8509391, 9.794801 ], [ 41.8507205, 9.7934911 ], [ 41.8506588, 9.7925348 ], [ 41.8506606, 9.7918099 ], [ 41.8507461, 9.7909466 ], [ 41.8509128, 9.7895955 ], [ 41.8523819, 9.7789542 ], [ 41.8524616, 9.778223 ], [ 41.8524924, 9.7779632 ], [ 41.852634, 9.7770459 ], [ 41.8528145, 9.7762251 ], [ 41.8530226, 9.7755075 ], [ 41.8533918, 9.7745531 ], [ 41.8586042, 9.764274 ], [ 41.8591014, 9.7632847 ], [ 41.8595107, 9.7625847 ], [ 41.8599368, 9.7620314 ], [ 41.8599847, 9.7619816 ], [ 41.8605775, 9.7612831 ], [ 41.8612769, 9.7607164 ], [ 41.8622212, 9.7601115 ], [ 41.8675965, 9.75668 ], [ 41.8686986, 9.7559764 ], [ 41.8693521, 9.7555308 ], [ 41.8699155, 9.75504 ], [ 41.8704067, 9.7545079 ], [ 41.8709178, 9.753836 ], [ 41.8713371, 9.7531277 ], [ 41.8725512, 9.7506805 ], [ 41.8728492, 9.7498851 ], [ 41.8730931, 9.7489774 ], [ 41.8731922, 9.7481114 ], [ 41.8731673, 9.7471669 ], [ 41.8730872, 9.7462977 ], [ 41.8730499, 9.7461629 ], [ 41.8727824, 9.7452489 ], [ 41.8725767, 9.7447644 ], [ 41.8722798, 9.7441757 ], [ 41.8719287, 9.743622 ], [ 41.8714331, 9.7429843 ], [ 41.8705464, 9.74201 ] ] ] } },
{ "type": "Feature", "properties": { "osm_id": "809979909", "code": "6101", "fclass": "rail", "name": "Addis Ababa – Djibouti Railway", "layer": 1, "bridge": "T", "tunnel": "F", "path": "F:\\AnimationData\\Rail\\EthioDjibouti\\Ethiopia_Rail.shp" }, "geometry": { "type": "MultiLineString", "coordinates": [ [ [ 41.8757181, 9.8480919 ], [ 41.8756519, 9.8479307 ] ] ] } },
{ "type": "Feature", "properties": { "osm_id": "809992861", "code": "6101", "fclass": "rail", "name": "Addis Ababa – Djibouti Railway", "layer": 0, "bridge": "F", "tunnel": "F", "path": "F:\\AnimationData\\Rail\\EthioDjibouti\\Ethiopia_Rail.shp" }, "geometry": { "type": "MultiLineString", "coordinates": [ [ [ 42.0330662, 10.1791587 ], [ 42.0192736, 10.153947 ] ] ] } },
{ "type": "Feature", "properties": { "osm_id": "809992862", "code": "6101", "fclass": "rail", "name": "Addis Ababa – Djibouti Railway", "layer": 1, "bridge": "T", "tunnel": "F", "path": "F:\\AnimationData\\Rail\\EthioDjibouti\\Ethiopia_Rail.shp" }, "geometry": { "type": "MultiLineString", "coordinates": [ [ [ 42.0332429, 10.179474 ], [ 42.0330662, 10.1791587 ] ] ] } },
{ "type": "Feature", "properties": { "osm_id": "809992868", "code": "6101", "fclass": "rail", "name": "Addis Ababa – Djibouti Railway", "layer": 0, "bridge": "F", "tunnel": "F", "path": "F:\\AnimationData\\Rail\\EthioDjibouti\\Ethiopia_Rail.shp" }, "geometry": { "type": "MultiLineString", "coordinates": [ [ [ 42.0638201, 10.235444 ], [ 42.0332429, 10.179474 ] ] ] } },
{ "type": "Feature", "properties": { "osm_id": "809992869", "code": "6101", "fclass": "rail", "name": "Addis Ababa – Djibouti Railway", "layer": 1, "bridge": "T", "tunnel": "F", "path": "F:\\AnimationData\\Rail\\EthioDjibouti\\Ethiopia_Rail.shp" }, "geometry": { "type": "MultiLineString", "coordinates": [ [ [ 42.0638784, 10.2355508 ], [ 42.0638201, 10.235444 ] ] ] } },
{ "type": "Feature", "properties": { "osm_id": "809992870", "code": "6101", "fclass": "rail", "name": "Addis Ababa – Djibouti Railway", "layer": 0, "bridge": "F", "tunnel": "F", "path": "F:\\AnimationData\\Rail\\EthioDjibouti\\Ethiopia_Rail.shp" }, "geometry": { "type": "MultiLineString", "coordinates": [ [ [ 42.0652908, 10.2381338 ], [ 42.0638784, 10.2355508 ] ] ] } },
{ "type": "Feature", "properties": { "osm_id": "809992871", "code": "6101", "fclass": "rail", "name": "Addis Ababa – Djibouti Railway", "layer": 1, "bridge": "T", "tunnel": "F", "path": "F:\\AnimationData\\Rail\\EthioDjibouti\\Ethiopia_Rail.shp" }, "geometry": { "type": "MultiLineString", "coordinates": [ [ [ 42.0653429, 10.2382247 ], [ 42.0652908, 10.2381338 ] ] ] } },
{ "type": "Feature", "properties": { "osm_id": "809992872", "code": "6101", "fclass": "rail", "name": "Addis Ababa – Djibouti Railway", "layer": 0, "bridge": "F", "tunnel": "F", "path": "F:\\AnimationData\\Rail\\EthioDjibouti\\Ethiopia_Rail.shp" }, "geometry": { "type": "MultiLineString", "coordinates": [ [ [ 42.0676412, 10.2439592 ], [ 42.06751, 10.2436143 ], [ 42.0665747, 10.2409366 ], [ 42.0660171, 10.2395349 ], [ 42.0653429, 10.2382247 ] ] ] } },
{ "type": "Feature", "properties": { "osm_id": "809992873", "code": "6101", "fclass": "rail", "name": "Addis Ababa – Djibouti Railway", "layer": 1, "bridge": "T", "tunnel": "F", "path": "F:\\AnimationData\\Rail\\EthioDjibouti\\Ethiopia_Rail.shp" }, "geometry": { "type": "MultiLineString", "coordinates": [ [ [ 42.0677509, 10.2442618 ], [ 42.0676412, 10.2439592 ] ] ] } },
{ "type": "Feature", "properties": { "osm_id": "809992875", "code": "6101", "fclass": "rail", "name": "Addis Ababa – Djibouti Railway", "layer": 0, "bridge": "T", "tunnel": "F", "path": "F:\\AnimationData\\Rail\\EthioDjibouti\\Ethiopia_Rail.shp" }, "geometry": { "type": "MultiLineString", "coordinates": [ [ [ 42.4538344, 10.6672217 ], [ 42.4532395, 10.6666308 ] ] ] } },
{ "type": "Feature", "properties": { "osm_id": "809992876", "code": "6101", "fclass": "rail", "name": "Addis Ababa – Djibouti Railway", "layer": 0, "bridge": "F", "tunnel": "F", "path": "F:\\AnimationData\\Rail\\EthioDjibouti\\Ethiopia_Rail.shp" }, "geometry": { "type": "MultiLineString", "coordinates": [ [ [ 42.4423111, 10.6598967 ], [ 42.4352693, 10.6574557 ], [ 42.4346053, 10.6571939 ], [ 42.4336536, 10.6567599 ], [ 42.4326192, 10.656162 ], [ 42.4316503, 10.6555162 ], [ 42.4309852, 10.6550079 ], [ 42.4006315, 10.6281697 ], [ 42.3996208, 10.6273559 ], [ 42.3984918, 10.6265735 ], [ 42.3973879, 10.6259223 ], [ 42.3966923, 10.6255744 ], [ 42.3667306, 10.6125681 ], [ 42.2783894, 10.5740007 ], [ 42.2730679, 10.5713851 ], [ 42.20406, 10.5299969 ], [ 42.202959, 10.5290963 ], [ 42.2012276, 10.5276763 ], [ 42.1994681, 10.5258198 ], [ 42.1978802, 10.5233304 ], [ 42.1953273, 10.5189488 ], [ 42.1809608, 10.4887905 ], [ 42.1766579, 10.4798063 ], [ 42.1567719, 10.4380651 ], [ 42.1523256, 10.4288344 ] ] ] } },
{ "type": "Feature", "properties": { "osm_id": "809999825", "code": "6101", "fclass": "rail", "name": "Addis Ababa – Djibouti Railway", "layer": 0, "bridge": "F", "tunnel": "F", "path": "F:\\AnimationData\\Rail\\EthioDjibouti\\Ethiopia_Rail.shp" }, "geometry": { "type": "MultiLineString", "coordinates": [ [ [ 42.0958226, 10.293931 ], [ 42.0937729, 10.2902003 ], [ 42.0809332, 10.2667469 ] ] ] } },
{ "type": "Feature", "properties": { "osm_id": "809999826", "code": "6101", "fclass": "rail", "name": "Addis Ababa – Djibouti Railway", "layer": 1, "bridge": "T", "tunnel": "F", "path": "F:\\AnimationData\\Rail\\EthioDjibouti\\Ethiopia_Rail.shp" }, "geometry": { "type": "MultiLineString", "coordinates": [ [ [ 42.0958812, 10.2940381 ], [ 42.0958226, 10.293931 ] ] ] } },
{ "type": "Feature", "properties": { "osm_id": "809999827", "code": "6101", "fclass": "rail", "name": "Addis Ababa – Djibouti Railway", "layer": 0, "bridge": "F", "tunnel": "F", "path": "F:\\AnimationData\\Rail\\EthioDjibouti\\Ethiopia_Rail.shp" }, "geometry": { "type": "MultiLineString", "coordinates": [ [ [ 42.0978998, 10.2977289 ], [ 42.0958812, 10.2940381 ] ] ] } },
{ "type": "Feature", "properties": { "osm_id": "809999828", "code": "6101", "fclass": "rail", "name": "Addis Ababa – Djibouti Railway", "layer": 1, "bridge": "T", "tunnel": "F", "path": "F:\\AnimationData\\Rail\\EthioDjibouti\\Ethiopia_Rail.shp" }, "geometry": { "type": "MultiLineString", "coordinates": [ [ [ 42.0979765, 10.2978693 ], [ 42.0978998, 10.2977289 ] ] ] } },
{ "type": "Feature", "properties": { "osm_id": "809999829", "code": "6101", "fclass": "rail", "name": "Addis Ababa – Djibouti Railway", "layer": 0, "bridge": "F", "tunnel": "F", "path": "F:\\AnimationData\\Rail\\EthioDjibouti\\Ethiopia_Rail.shp" }, "geometry": { "type": "MultiLineString", "coordinates": [ [ [ 42.09921, 10.3001468 ], [ 42.0979765, 10.2978693 ] ] ] } },
{ "type": "Feature", "properties": { "osm_id": "809999830", "code": "6101", "fclass": "rail", "name": "Addis Ababa – Djibouti Railway", "layer": 1, "bridge": "T", "tunnel": "F", "path": "F:\\AnimationData\\Rail\\EthioDjibouti\\Ethiopia_Rail.shp" }, "geometry": { "type": "MultiLineString", "coordinates": [ [ [ 42.0992861, 10.3002863 ], [ 42.09921, 10.3001468 ] ] ] } },
{ "type": "Feature", "properties": { "osm_id": "809999831", "code": "6101", "fclass": "rail", "name": "Addis Ababa – Djibouti Railway", "layer": 0, "bridge": "F", "tunnel": "F", "path": "F:\\AnimationData\\Rail\\EthioDjibouti\\Ethiopia_Rail.shp" }, "geometry": { "type": "MultiLineString", "coordinates": [ [ [ 42.0997361, 10.3011088 ], [ 42.0992861, 10.3002863 ] ] ] } },
{ "type": "Feature", "properties": { "osm_id": "809999832", "code": "6101", "fclass": "rail", "name": "Addis Ababa – Djibouti Railway", "layer": 1, "bridge": "T", "tunnel": "F", "path": "F:\\AnimationData\\Rail\\EthioDjibouti\\Ethiopia_Rail.shp" }, "geometry": { "type": "MultiLineString", "coordinates": [ [ [ 42.0997912, 10.3012095 ], [ 42.0997361, 10.3011088 ] ] ] } },
{ "type": "Feature", "properties": { "osm_id": "809999833", "code": "6101", "fclass": "rail", "name": "Addis Ababa – Djibouti Railway", "layer": 0, "bridge": "F", "tunnel": "F", "path": "F:\\AnimationData\\Rail\\EthioDjibouti\\Ethiopia_Rail.shp" }, "geometry": { "type": "MultiLineString", "coordinates": [ [ [ 42.1009714, 10.3033666 ], [ 42.0997912, 10.3012095 ] ] ] } },
{ "type": "Feature", "properties": { "osm_id": "809999834", "code": "6101", "fclass": "rail", "name": "Addis Ababa – Djibouti Railway", "layer": 1, "bridge": "T", "tunnel": "F", "path": "F:\\AnimationData\\Rail\\EthioDjibouti\\Ethiopia_Rail.shp" }, "geometry": { "type": "MultiLineString", "coordinates": [ [ [ 42.1010707, 10.3035482 ], [ 42.1009714, 10.3033666 ] ] ] } },
{ "type": "Feature", "properties": { "osm_id": "809999835", "code": "6101", "fclass": "rail", "name": "Addis Ababa – Djibouti Railway", "layer": 0, "bridge": "F", "tunnel": "F", "path": "F:\\AnimationData\\Rail\\EthioDjibouti\\Ethiopia_Rail.shp" }, "geometry": { "type": "MultiLineString", "coordinates": [ [ [ 42.1354216, 10.3706431 ], [ 42.1352505, 10.3688257 ], [ 42.1350335, 10.3671267 ], [ 42.1347597, 10.3660245 ], [ 42.1344071, 10.3649175 ], [ 42.1340126, 10.3638565 ], [ 42.1334856, 10.3627712 ], [ 42.1010707, 10.3035482 ] ] ] } },
{ "type": "Feature", "properties": { "osm_id": "809999836", "code": "6101", "fclass": "rail", "name": "Addis Ababa – Djibouti Railway", "layer": 1, "bridge": "T", "tunnel": "F", "path": "F:\\AnimationData\\Rail\\EthioDjibouti\\Ethiopia_Rail.shp" }, "geometry": { "type": "MultiLineString", "coordinates": [ [ [ 42.1354692, 10.3711489 ], [ 42.1354216, 10.3706431 ] ] ] } },
{ "type": "Feature", "properties": { "osm_id": "809999837", "code": "6101", "fclass": "rail", "name": "Addis Ababa – Djibouti Railway", "layer": 0, "bridge": "F", "tunnel": "F", "path": "F:\\AnimationData\\Rail\\EthioDjibouti\\Ethiopia_Rail.shp" }, "geometry": { "type": "MultiLineString", "coordinates": [ [ [ 42.1369949, 10.3885005 ], [ 42.1354692, 10.3711489 ] ] ] } },
{ "type": "Feature", "properties": { "osm_id": "809999838", "code": "6101", "fclass": "rail", "name": "Addis Ababa – Djibouti Railway", "layer": 1, "bridge": "T", "tunnel": "F", "path": "F:\\AnimationData\\Rail\\EthioDjibouti\\Ethiopia_Rail.shp" }, "geometry": { "type": "MultiLineString", "coordinates": [ [ [ 42.1370275, 10.3888502 ], [ 42.1369949, 10.3885005 ] ] ] } },
{ "type": "Feature", "properties": { "osm_id": "810014305", "code": "6101", "fclass": "rail", "name": "Addis Ababa – Djibouti Railway", "layer": 0, "bridge": "F", "tunnel": "F", "path": "F:\\AnimationData\\Rail\\EthioDjibouti\\Ethiopia_Rail.shp" }, "geometry": { "type": "MultiLineString", "coordinates": [ [ [ 42.4633773, 10.6756742 ], [ 42.4582745, 10.6715573 ], [ 42.4575991, 10.6709762 ], [ 42.4567415, 10.6701261 ], [ 42.4558819, 10.6692702 ] ] ] } },
{ "type": "Feature", "properties": { "osm_id": "810014306", "code": "6101", "fclass": "rail", "name": "Addis Ababa – Djibouti Railway", "layer": 1, "bridge": "T", "tunnel": "F", "path": "F:\\AnimationData\\Rail\\EthioDjibouti\\Ethiopia_Rail.shp" }, "geometry": { "type": "MultiLineString", "coordinates": [ [ [ 42.46347, 10.6757533 ], [ 42.4633773, 10.6756742 ] ] ] } },
{ "type": "Feature", "properties": { "osm_id": "810014307", "code": "6101", "fclass": "rail", "name": "Addis Ababa – Djibouti Railway", "layer": 0, "bridge": "F", "tunnel": "F", "path": "F:\\AnimationData\\Rail\\EthioDjibouti\\Ethiopia_Rail.shp" }, "geometry": { "type": "MultiLineString", "coordinates": [ [ [ 42.4745741, 10.6846271 ], [ 42.46347, 10.6757533 ] ] ] } },
{ "type": "Feature", "properties": { "osm_id": "810014308", "code": "6101", "fclass": "rail", "name": "Addis Ababa – Djibouti Railway", "layer": 1, "bridge": "T", "tunnel": "F", "path": "F:\\AnimationData\\Rail\\EthioDjibouti\\Ethiopia_Rail.shp" }, "geometry": { "type": "MultiLineString", "coordinates": [ [ [ 42.4747821, 10.684804 ], [ 42.4745741, 10.6846271 ] ] ] } },
{ "type": "Feature", "properties": { "osm_id": "810014312", "code": "6101", "fclass": "rail", "name": "Addis Ababa – Djibouti Railway", "layer": 0, "bridge": "T", "tunnel": "F", "path": "F:\\AnimationData\\Rail\\EthioDjibouti\\Ethiopia_Rail.shp" }, "geometry": { "type": "MultiLineString", "coordinates": [ [ [ 42.572379, 10.7651914 ], [ 42.5722487, 10.7647757 ], [ 42.5720882, 10.7643948 ], [ 42.5719993, 10.7641577 ] ] ] } },
{ "type": "Feature", "properties": { "osm_id": "810014313", "code": "6101", "fclass": "rail", "name": "Addis Ababa – Djibouti Railway", "layer": 0, "bridge": "F", "tunnel": "F", "path": "F:\\AnimationData\\Rail\\EthioDjibouti\\Ethiopia_Rail.shp" }, "geometry": { "type": "MultiLineString", "coordinates": [ [ [ 42.5719993, 10.7641577 ], [ 42.571692, 10.7635382 ], [ 42.5714107, 10.7630291 ], [ 42.5710722, 10.7624584 ], [ 42.5708392, 10.7621229 ], [ 42.5706069, 10.7618104 ], [ 42.5703898, 10.7615374 ], [ 42.5699863, 10.7610608 ], [ 42.5695397, 10.7605786 ], [ 42.5687599, 10.7599294 ], [ 42.5541436, 10.748249 ] ] ] } },
{ "type": "Feature", "properties": { "osm_id": "810021527", "code": "6101", "fclass": "rail", "name": "Addis Ababa – Djibouti Railway", "layer": 1, "bridge": "T", "tunnel": "F", "path": "F:\\AnimationData\\Rail\\EthioDjibouti\\Ethiopia_Rail.shp" }, "geometry": { "type": "MultiLineString", "coordinates": [ [ [ 42.6209545, 10.8415854 ], [ 42.6204441, 10.8414363 ], [ 42.6198735, 10.8413176 ] ] ] } },
{ "type": "Feature", "properties": { "osm_id": "810021528", "code": "6101", "fclass": "rail", "name": "Addis Ababa – Djibouti Railway", "layer": 0, "bridge": "F", "tunnel": "F", "path": "F:\\AnimationData\\Rail\\EthioDjibouti\\Ethiopia_Rail.shp" }, "geometry": { "type": "MultiLineString", "coordinates": [ [ [ 42.6198735, 10.8413176 ], [ 42.6188267, 10.8411277 ], [ 42.6141847, 10.8403261 ], [ 42.6111071, 10.8398136 ], [ 42.6098234, 10.8395879 ], [ 42.608682, 10.8392302 ], [ 42.6078711, 10.8388708 ], [ 42.6071342, 10.8384318 ], [ 42.6063753, 10.8377922 ], [ 42.6055787, 10.8370018 ], [ 42.5985263, 10.8279963 ], [ 42.5952983, 10.8237506 ], [ 42.5896565, 10.81661 ], [ 42.5862921, 10.8120983 ], [ 42.585394, 10.8105472 ], [ 42.5791026, 10.7988355 ], [ 42.577583, 10.7955842 ] ] ] } },
{ "type": "Feature", "properties": { "osm_id": "810021529", "code": "6101", "fclass": "rail", "name": "Addis Ababa – Djibouti Railway", "layer": 1, "bridge": "T", "tunnel": "F", "path": "F:\\AnimationData\\Rail\\EthioDjibouti\\Ethiopia_Rail.shp" }, "geometry": { "type": "MultiLineString", "coordinates": [ [ [ 42.6429717, 10.8537227 ], [ 42.6430388, 10.8538356 ] ] ] } },
{ "type": "Feature", "properties": { "osm_id": "810021530", "code": "6101", "fclass": "rail", "name": "Addis Ababa – Djibouti Railway", "layer": 0, "bridge": "F", "tunnel": "F", "path": "F:\\AnimationData\\Rail\\EthioDjibouti\\Ethiopia_Rail.shp" }, "geometry": { "type": "MultiLineString", "coordinates": [ [ [ 42.6430388, 10.8538356 ], [ 42.6433253, 10.8543422 ], [ 42.6437648, 10.8553601 ], [ 42.6440884, 10.8563457 ], [ 42.6444356, 10.8576403 ] ] ] } },
{ "type": "Feature", "properties": { "osm_id": "810023058", "code": "6101", "fclass": "rail", "name": "Addis Ababa – Djibouti Railway", "layer": 1, "bridge": "T", "tunnel": "F", "path": "F:\\AnimationData\\Rail\\EthioDjibouti\\Ethiopia_Rail.shp" }, "geometry": { "type": "MultiLineString", "coordinates": [ [ [ 42.6458391, 10.868906 ], [ 42.6458276, 10.868985 ] ] ] } },
{ "type": "Feature", "properties": { "osm_id": "810023059", "code": "6101", "fclass": "rail", "name": "Addis Ababa – Djibouti Railway", "layer": 0, "bridge": "F", "tunnel": "F", "path": "F:\\AnimationData\\Rail\\EthioDjibouti\\Ethiopia_Rail.shp" }, "geometry": { "type": "MultiLineString", "coordinates": [ [ [ 42.6458276, 10.868985 ], [ 42.645756, 10.869477 ] ] ] } },
{ "type": "Feature", "properties": { "osm_id": "810023060", "code": "6101", "fclass": "rail", "name": "Addis Ababa – Djibouti Railway", "layer": 0, "bridge": "F", "tunnel": "F", "path": "F:\\AnimationData\\Rail\\EthioDjibouti\\Ethiopia_Rail.shp" }, "geometry": { "type": "MultiLineString", "coordinates": [ [ [ 42.645756, 10.869477 ], [ 42.645573, 10.8709852 ], [ 42.6453009, 10.8734017 ], [ 42.6452687, 10.874723 ], [ 42.645338, 10.8759269 ], [ 42.6454396, 10.8773735 ], [ 42.6453513, 10.8786317 ], [ 42.6451179, 10.8797063 ], [ 42.6448678, 10.880488 ], [ 42.6441929, 10.8828236 ] ] ] } },
{ "type": "Feature", "properties": { "osm_id": "810023061", "code": "6101", "fclass": "rail", "name": "Addis Ababa – Djibouti Railway", "layer": 0, "bridge": "F", "tunnel": "F", "path": "F:\\AnimationData\\Rail\\EthioDjibouti\\Ethiopia_Rail.shp" }, "geometry": { "type": "MultiLineString", "coordinates": [ [ [ 42.645888, 10.8685385 ], [ 42.6458391, 10.868906 ] ] ] } },
{ "type": "Feature", "properties": { "osm_id": "810023062", "code": "6101", "fclass": "rail", "name": "Addis Ababa – Djibouti Railway", "layer": 0, "bridge": "F", "tunnel": "F", "path": "F:\\AnimationData\\Rail\\EthioDjibouti\\Ethiopia_Rail.shp" }, "geometry": { "type": "MultiLineString", "coordinates": [ [ [ 42.6423121, 10.8868509 ], [ 42.6418115, 10.8875385 ], [ 42.6413804, 10.8882212 ] ] ] } },
{ "type": "Feature", "properties": { "osm_id": "810023063", "code": "6101", "fclass": "rail", "name": "Addis Ababa – Djibouti Railway", "layer": 1, "bridge": "T", "tunnel": "F", "path": "F:\\AnimationData\\Rail\\EthioDjibouti\\Ethiopia_Rail.shp" }, "geometry": { "type": "MultiLineString", "coordinates": [ [ [ 42.6434237, 10.8851263 ], [ 42.6431531, 10.8856785 ], [ 42.6428022, 10.8862076 ], [ 42.6423121, 10.8868509 ] ] ] } },
{ "type": "Feature", "properties": { "osm_id": "810023064", "code": "6101", "fclass": "rail", "name": "Addis Ababa – Djibouti Railway", "layer": 0, "bridge": "F", "tunnel": "F", "path": "F:\\AnimationData\\Rail\\EthioDjibouti\\Ethiopia_Rail.shp" }, "geometry": { "type": "MultiLineString", "coordinates": [ [ [ 42.6441929, 10.8828236 ], [ 42.6440191, 10.8834081 ], [ 42.6439216, 10.8836812 ], [ 42.643729, 10.8843763 ], [ 42.6434237, 10.8851263 ] ] ] } },
{ "type": "Feature", "properties": { "osm_id": "810023065", "code": "6101", "fclass": "rail", "name": "Addis Ababa – Djibouti Railway", "layer": 0, "bridge": "F", "tunnel": "F", "path": "F:\\AnimationData\\Rail\\EthioDjibouti\\Ethiopia_Rail.shp" }, "geometry": { "type": "MultiLineString", "coordinates": [ [ [ 42.6413804, 10.8882212 ], [ 42.6365708, 10.8955652 ] ] ] } },
{ "type": "Feature", "properties": { "osm_id": "810023797", "code": "6101", "fclass": "rail", "name": "Addis Ababa – Djibouti Railway", "layer": 0, "bridge": "F", "tunnel": "F", "path": "F:\\AnimationData\\Rail\\EthioDjibouti\\Ethiopia_Rail.shp" }, "geometry": { "type": "MultiLineString", "coordinates": [ [ [ 42.6351327, 10.8979735 ], [ 42.6349602, 10.8982678 ] ] ] } },
{ "type": "Feature", "properties": { "osm_id": "810023798", "code": "6101", "fclass": "rail", "name": "Addis Ababa – Djibouti Railway", "layer": 1, "bridge": "T", "tunnel": "F", "path": "F:\\AnimationData\\Rail\\EthioDjibouti\\Ethiopia_Rail.shp" }, "geometry": { "type": "MultiLineString", "coordinates": [ [ [ 42.6360207, 10.8965225 ], [ 42.6351327, 10.8979735 ] ] ] } },
{ "type": "Feature", "properties": { "osm_id": "810023799", "code": "6101", "fclass": "rail", "name": "Addis Ababa – Djibouti Railway", "layer": 0, "bridge": "F", "tunnel": "F", "path": "F:\\AnimationData\\Rail\\EthioDjibouti\\Ethiopia_Rail.shp" }, "geometry": { "type": "MultiLineString", "coordinates": [ [ [ 42.6365708, 10.8955652 ], [ 42.6360207, 10.8965225 ] ] ] } },
{ "type": "Feature", "properties": { "osm_id": "810023800", "code": "6101", "fclass": "rail", "name": "Addis Ababa – Djibouti Railway", "layer": 0, "bridge": "F", "tunnel": "F", "path": "F:\\AnimationData\\Rail\\EthioDjibouti\\Ethiopia_Rail.shp" }, "geometry": { "type": "MultiLineString", "coordinates": [ [ [ 42.6349602, 10.8982678 ], [ 42.6348315, 10.8985831 ] ] ] } },
{ "type": "Feature", "properties": { "osm_id": "810173668", "code": "6101", "fclass": "rail", "name": null, "layer": 0, "bridge": "F", "tunnel": "F", "path": "F:\\AnimationData\\Rail\\EthioDjibouti\\Ethiopia_Rail.shp" }, "geometry": { "type": "MultiLineString", "coordinates": [ [ [ 40.1510641, 9.0202175 ], [ 40.1515628, 9.0186035 ], [ 40.1517745, 9.0178028 ], [ 40.1519048, 9.0172217 ], [ 40.1520996, 9.0163165 ] ] ] } },
{ "type": "Feature", "properties": { "osm_id": "810616496", "code": "6101", "fclass": "rail", "name": "Awash–Weldiya Railway", "layer": 0, "bridge": "F", "tunnel": "F", "path": "F:\\AnimationData\\Rail\\EthioDjibouti\\Ethiopia_Rail.shp" }, "geometry": { "type": "MultiLineString", "coordinates": [ [ [ 40.0087708, 9.8725369 ], [ 40.0046533, 9.8779591 ], [ 40.004216, 9.8785497 ], [ 40.0039259, 9.8790256 ], [ 40.0034861, 9.8798955 ], [ 40.0030852, 9.8807037 ], [ 40.0026799, 9.8817516 ], [ 40.0023221, 9.8828517 ], [ 40.0017341, 9.8848772 ], [ 40.0010378, 9.8891203 ], [ 40.0007594, 9.8905482 ], [ 40.0005605, 9.8919013 ], [ 40.0001398, 9.8945476 ], [ 39.9999514, 9.8955569 ], [ 39.9997524, 9.8962348 ], [ 39.9995626, 9.896687 ], [ 39.9993563, 9.8971885 ], [ 39.9990315, 9.8977258 ], [ 39.9984113, 9.8985614 ], [ 39.9879931, 9.9102525 ], [ 39.9862481, 9.9121052 ], [ 39.9856936, 9.9128059 ], [ 39.9845041, 9.9146011 ], [ 39.9833423, 9.9160881 ], [ 39.9825326, 9.9169659 ], [ 39.9800263, 9.9193476 ], [ 39.9794676, 9.9199278 ], [ 39.9789688, 9.9204784 ], [ 39.9783174, 9.9213054 ], [ 39.9777258, 9.9221226 ], [ 39.9767456, 9.9235031 ], [ 39.9763646, 9.923953 ], [ 39.9759137, 9.9244226 ], [ 39.9727886, 9.9272841 ], [ 39.9720246, 9.9280837 ], [ 39.9717041, 9.9284758 ], [ 39.9713736, 9.928917 ], [ 39.9710828, 9.9293845 ], [ 39.9708419, 9.9299011 ], [ 39.9706284, 9.9305444 ], [ 39.9704848, 9.931168 ], [ 39.9703788, 9.931758 ], [ 39.9702927, 9.9323627 ], [ 39.9702766, 9.9328252 ], [ 39.9702604, 9.9333025 ], [ 39.9702581, 9.9337826 ], [ 39.9704873, 9.937212 ] ] ] } },
{ "type": "Feature", "properties": { "osm_id": "813381883", "code": "6101", "fclass": "rail", "name": "Addis Ababa – Djibouti Railway", "layer": 0, "bridge": "F", "tunnel": "F", "path": "F:\\AnimationData\\Rail\\EthioDjibouti\\Ethiopia_Rail.shp" }, "geometry": { "type": "MultiLineString", "coordinates": [ [ [ 42.4550118, 10.668401 ], [ 42.4538344, 10.6672217 ] ] ] } },
{ "type": "Feature", "properties": { "osm_id": "813382053", "code": "6101", "fclass": "rail", "name": "Addis Ababa – Djibouti Railway", "layer": 0, "bridge": "F", "tunnel": "F", "path": "F:\\AnimationData\\Rail\\EthioDjibouti\\Ethiopia_Rail.shp" }, "geometry": { "type": "MultiLineString", "coordinates": [ [ [ 42.4558819, 10.6692702 ], [ 42.4550118, 10.668401 ] ] ] } },
{ "type": "Feature", "properties": { "osm_id": "815249182", "code": "6101", "fclass": "rail", "name": "Awash–Weldiya Railway", "layer": 0, "bridge": "T", "tunnel": "F", "path": "F:\\AnimationData\\Rail\\EthioDjibouti\\Ethiopia_Rail.shp" }, "geometry": { "type": "MultiLineString", "coordinates": [ [ [ 40.0832605, 9.1663672 ], [ 40.0836058, 9.1662239 ], [ 40.0837655, 9.1661577 ] ] ] } },
{ "type": "Feature", "properties": { "osm_id": "815249183", "code": "6101", "fclass": "rail", "name": "Awash–Weldiya Railway", "layer": 0, "bridge": "F", "tunnel": "F", "path": "F:\\AnimationData\\Rail\\EthioDjibouti\\Ethiopia_Rail.shp" }, "geometry": { "type": "MultiLineString", "coordinates": [ [ [ 40.0837655, 9.1661577 ], [ 40.085142, 9.1654449 ], [ 40.0960463, 9.1582371 ], [ 40.0971592, 9.1573033 ], [ 40.0982548, 9.1561299 ], [ 40.0991206, 9.1549214 ], [ 40.0997011, 9.1538674 ], [ 40.1002672, 9.1521454 ], [ 40.1005692, 9.1508651 ], [ 40.1007371, 9.1493078 ], [ 40.1008014, 9.1481058 ], [ 40.100827, 9.1472326 ], [ 40.1008273, 9.1468949 ], [ 40.1008321, 9.1419214 ], [ 40.1008805, 9.1404915 ], [ 40.1013094, 9.1261677 ], [ 40.1013945, 9.1250733 ], [ 40.1015802, 9.1239604 ], [ 40.1019194, 9.1227594 ], [ 40.1022746, 9.1217759 ], [ 40.1027635, 9.1207053 ], [ 40.1034323, 9.1194895 ], [ 40.1041624, 9.1184103 ], [ 40.1053472, 9.1169032 ], [ 40.127869, 9.0870558 ], [ 40.1288559, 9.0856324 ], [ 40.1338328, 9.0776607 ], [ 40.1351413, 9.0754592 ], [ 40.1361861, 9.0735092 ], [ 40.1434993, 9.0585511 ], [ 40.1439361, 9.0575292 ], [ 40.1442097, 9.0567633 ], [ 40.1445385, 9.0555402 ], [ 40.1452492, 9.0525942 ] ] ] } },
{ "type": "Feature", "properties": { "osm_id": "822124631", "code": "6101", "fclass": "rail", "name": "Chemin de fer Addis-Abeba – Djibouti ??? ???? ???? ????? - ??????", "layer": 0, "bridge": "F", "tunnel": "F", "path": "F:\\AnimationData\\Rail\\EthioDjibouti\\Ethiopia_Rail.shp" }, "geometry": { "type": "MultiLineString", "coordinates": [ [ [ 42.6418162, 11.0865041 ], [ 42.6407762, 11.0820724 ], [ 42.6405412, 11.0809803 ], [ 42.6403819, 11.079754 ], [ 42.6402584, 11.0774283 ], [ 42.6400885, 11.0763787 ], [ 42.6399461, 11.0757312 ], [ 42.6396326, 11.074872 ], [ 42.6392956, 11.0740876 ], [ 42.6367345, 11.0676382 ], [ 42.636313, 11.0664843 ] ] ] } },
{ "type": "Feature", "properties": { "osm_id": "822124632", "code": "6101", "fclass": "rail", "name": "Chemin de fer Addis-Abeba – Djibouti ??? ???? ???? ????? - ??????", "layer": 1, "bridge": "T", "tunnel": "F", "path": "F:\\AnimationData\\Rail\\EthioDjibouti\\Ethiopia_Rail.shp" }, "geometry": { "type": "MultiLineString", "coordinates": [ [ [ 42.6418672, 11.086685 ], [ 42.6418162, 11.0865041 ] ] ] } },
{ "type": "Feature", "properties": { "osm_id": "865426711", "code": "6101", "fclass": "rail", "name": null, "layer": 0, "bridge": "F", "tunnel": "F", "path": "F:\\AnimationData\\Rail\\EthioDjibouti\\Ethiopia_Rail.shp" }, "geometry": { "type": "MultiLineString", "coordinates": [ [ [ 41.7598513, 9.6193201 ], [ 41.7598566, 9.6232022 ], [ 41.7599125, 9.6235567 ] ] ] } },
{ "type": "Feature", "properties": { "osm_id": "890182700", "code": "6101", "fclass": "rail", "name": "Addis Ababa – Djibouti Railway", "layer": 1, "bridge": "T", "tunnel": "F", "path": "F:\\AnimationData\\Rail\\EthioDjibouti\\Ethiopia_Rail.shp" }, "geometry": { "type": "MultiLineString", "coordinates": [ [ [ 39.2415072, 8.5143752 ], [ 39.2418847, 8.51429 ] ] ] } },
{ "type": "Feature", "properties": { "osm_id": "890182701", "code": "6101", "fclass": "rail", "name": "Addis Ababa – Djibouti Railway", "layer": 0, "bridge": "F", "tunnel": "F", "path": "F:\\AnimationData\\Rail\\EthioDjibouti\\Ethiopia_Rail.shp" }, "geometry": { "type": "MultiLineString", "coordinates": [ [ [ 39.2303337, 8.5142444 ], [ 39.2304329, 8.5143057 ], [ 39.2307857, 8.5144922 ], [ 39.2312763, 8.5147227 ], [ 39.2318505, 8.5149626 ], [ 39.232465, 8.5151605 ], [ 39.2331563, 8.5153045 ], [ 39.2338861, 8.5153944 ], [ 39.2345936, 8.5154144 ], [ 39.2352749, 8.5153684 ], [ 39.2361602, 8.5152445 ], [ 39.2408112, 8.5145237 ], [ 39.2415072, 8.5143752 ] ] ] } },
{ "type": "Feature", "properties": { "osm_id": "890182702", "code": "6101", "fclass": "rail", "name": "Addis Ababa – Djibouti Railway", "layer": 0, "bridge": "F", "tunnel": "F", "path": "F:\\AnimationData\\Rail\\EthioDjibouti\\Ethiopia_Rail.shp" }, "geometry": { "type": "MultiLineString", "coordinates": [ [ [ 39.2418847, 8.51429 ], [ 39.2427264, 8.5140589 ], [ 39.2434777, 8.5137921 ], [ 39.2441835, 8.5135118 ] ] ] } },
{ "type": "Feature", "properties": { "osm_id": "890182703", "code": "6101", "fclass": "rail", "name": "Addis Ababa – Djibouti Railway", "layer": 1, "bridge": "T", "tunnel": "F", "path": "F:\\AnimationData\\Rail\\EthioDjibouti\\Ethiopia_Rail.shp" }, "geometry": { "type": "MultiLineString", "coordinates": [ [ [ 39.2441835, 8.5135118 ], [ 39.2446826, 8.5132822 ], [ 39.2452653, 8.5129757 ], [ 39.2458671, 8.5126309 ], [ 39.2464044, 8.5122769 ], [ 39.2468792, 8.5119523 ], [ 39.2473326, 8.5116054 ], [ 39.2507286, 8.5087117 ] ] ] } },
{ "type": "Feature", "properties": { "osm_id": "890182704", "code": "6101", "fclass": "rail", "name": null, "layer": 0, "bridge": "F", "tunnel": "F", "path": "F:\\AnimationData\\Rail\\EthioDjibouti\\Ethiopia_Rail.shp" }, "geometry": { "type": "MultiLineString", "coordinates": [ [ [ 39.2580218, 8.5062002 ], [ 39.2574938, 8.5063388 ] ] ] } },
{ "type": "Feature", "properties": { "osm_id": "890182705", "code": "6101", "fclass": "rail", "name": "Addis Ababa – Djibouti Railway", "layer": 0, "bridge": "F", "tunnel": "F", "path": "F:\\AnimationData\\Rail\\EthioDjibouti\\Ethiopia_Rail.shp" }, "geometry": { "type": "MultiLineString", "coordinates": [ [ [ 39.2507286, 8.5087117 ], [ 39.2512402, 8.5082964 ], [ 39.25172, 8.5079507 ], [ 39.2522521, 8.5076243 ], [ 39.2528956, 8.5073088 ], [ 39.2536201, 8.5070413 ], [ 39.2544062, 8.5068309 ], [ 39.2554153, 8.5066574 ], [ 39.2574938, 8.5063388 ], [ 39.2589658, 8.5060947 ], [ 39.2593484, 8.506044 ], [ 39.2690802, 8.5046057 ] ] ] } },
{ "type": "Feature", "properties": { "osm_id": "890182706", "code": "6101", "fclass": "rail", "name": "Addis Ababa – Djibouti Railway", "layer": 0, "bridge": "F", "tunnel": "F", "path": "F:\\AnimationData\\Rail\\EthioDjibouti\\Ethiopia_Rail.shp" }, "geometry": { "type": "MultiLineString", "coordinates": [ [ [ 39.2690802, 8.5046057 ], [ 39.2695753, 8.5045412 ], [ 39.2704154, 8.5044152 ], [ 39.2711481, 8.5043008 ], [ 39.273271, 8.5039898 ] ] ] } },
{ "type": "Feature", "properties": { "osm_id": "890182708", "code": "6101", "fclass": "rail", "name": null, "layer": 0, "bridge": "F", "tunnel": "F", "path": "F:\\AnimationData\\Rail\\EthioDjibouti\\Ethiopia_Rail.shp" }, "geometry": { "type": "MultiLineString", "coordinates": [ [ [ 39.258358, 8.506147 ], [ 39.2589658, 8.5060947 ] ] ] } },
{ "type": "Feature", "properties": { "osm_id": "890182710", "code": "6101", "fclass": "rail", "name": null, "layer": 0, "bridge": "F", "tunnel": "F", "path": "F:\\AnimationData\\Rail\\EthioDjibouti\\Ethiopia_Rail.shp" }, "geometry": { "type": "MultiLineString", "coordinates": [ [ [ 39.2589363, 8.5060595 ], [ 39.2594972, 8.5059323 ], [ 39.2674063, 8.5047642 ], [ 39.268073, 8.5047096 ] ] ] } },
{ "type": "Feature", "properties": { "osm_id": "890182711", "code": "6101", "fclass": "rail", "name": null, "layer": 0, "bridge": "F", "tunnel": "F", "path": "F:\\AnimationData\\Rail\\EthioDjibouti\\Ethiopia_Rail.shp" }, "geometry": { "type": "MultiLineString", "coordinates": [ [ [ 39.2709908, 8.5043806 ], [ 39.2704154, 8.5044152 ] ] ] } },
{ "type": "Feature", "properties": { "osm_id": "890182712", "code": "6101", "fclass": "rail", "name": null, "layer": 0, "bridge": "F", "tunnel": "F", "path": "F:\\AnimationData\\Rail\\EthioDjibouti\\Ethiopia_Rail.shp" }, "geometry": { "type": "MultiLineString", "coordinates": [ [ [ 39.2732442, 8.5040605 ], [ 39.2709908, 8.5043806 ], [ 39.2706243, 8.5044386 ], [ 39.2696869, 8.5045869 ], [ 39.268958, 8.5046795 ] ] ] } },
{ "type": "Feature", "properties": { "osm_id": "890182713", "code": "6101", "fclass": "rail", "name": "Addis Ababa – Djibouti Railway", "layer": 1, "bridge": "T", "tunnel": "F", "path": "F:\\AnimationData\\Rail\\EthioDjibouti\\Ethiopia_Rail.shp" }, "geometry": { "type": "MultiLineString", "coordinates": [ [ [ 39.1406734, 8.56795 ], [ 39.1405157, 8.5676102 ], [ 39.1403711, 8.5673326 ], [ 39.1402308, 8.5670746 ], [ 39.1394567, 8.565705 ] ] ] } },
{ "type": "Feature", "properties": { "osm_id": "890182714", "code": "6101", "fclass": "rail", "name": "Addis Ababa – Djibouti Railway", "layer": 0, "bridge": "F", "tunnel": "F", "path": "F:\\AnimationData\\Rail\\EthioDjibouti\\Ethiopia_Rail.shp" }, "geometry": { "type": "MultiLineString", "coordinates": [ [ [ 39.1383833, 8.5628956 ], [ 39.1383284, 8.5624596 ], [ 39.1382921, 8.5620222 ], [ 39.1382882, 8.561563 ], [ 39.1383168, 8.5611256 ], [ 39.1383751, 8.5606881 ], [ 39.1384582, 8.5602456 ], [ 39.1385503, 8.5598261 ], [ 39.1386735, 8.5593374 ], [ 39.1388006, 8.5588512 ], [ 39.1389304, 8.5583381 ], [ 39.1390731, 8.5578134 ], [ 39.1392028, 8.5572926 ], [ 39.1393325, 8.5567667 ], [ 39.1394674, 8.5562408 ], [ 39.1396088, 8.5556725 ], [ 39.1397463, 8.5551606 ], [ 39.1398786, 8.5546296 ], [ 39.1400161, 8.55411 ], [ 39.1401407, 8.5536277 ], [ 39.1402639, 8.5531313 ], [ 39.140404, 8.5525835 ] ] ] } },
{ "type": "Feature", "properties": { "osm_id": "890182715", "code": "6101", "fclass": "rail", "name": null, "layer": 0, "bridge": "F", "tunnel": "F", "path": "F:\\AnimationData\\Rail\\EthioDjibouti\\Ethiopia_Rail.shp" }, "geometry": { "type": "MultiLineString", "coordinates": [ [ [ 39.1397347, 8.5770561 ], [ 39.1398088, 8.5768487 ], [ 39.1400068, 8.5764139 ], [ 39.1402442, 8.5759731 ], [ 39.1404756, 8.5756262 ], [ 39.1407203, 8.5752833 ], [ 39.1410357, 8.5749134 ], [ 39.1414404, 8.5745283 ] ] ] } },
{ "type": "Feature", "properties": { "osm_id": "890182716", "code": "6101", "fclass": "rail", "name": null, "layer": 1, "bridge": "T", "tunnel": "F", "path": "F:\\AnimationData\\Rail\\EthioDjibouti\\Ethiopia_Rail.shp" }, "geometry": { "type": "MultiLineString", "coordinates": [ [ [ 39.1392725, 8.579298 ], [ 39.139291, 8.5791576 ] ] ] } },
{ "type": "Feature", "properties": { "osm_id": "890182717", "code": "6101", "fclass": "rail", "name": "Addis Ababa – Djibouti Railway", "layer": 0, "bridge": "F", "tunnel": "F", "path": "F:\\AnimationData\\Rail\\EthioDjibouti\\Ethiopia_Rail.shp" }, "geometry": { "type": "MultiLineString", "coordinates": [ [ [ 39.1392339, 8.579163 ], [ 39.1393909, 8.5781087 ], [ 39.1394683, 8.5776577 ], [ 39.1395612, 8.5771898 ], [ 39.1396782, 8.5767133 ], [ 39.1398176, 8.5762431 ], [ 39.1399605, 8.5758203 ], [ 39.1405141, 8.5744335 ], [ 39.1408067, 8.5736777 ], [ 39.1409848, 8.5731633 ], [ 39.1411078, 8.5727678 ], [ 39.1412024, 8.572339 ], [ 39.141273, 8.5719389 ], [ 39.1413128, 8.5714883 ], [ 39.1413269, 8.5710445 ], [ 39.1413183, 8.5705742 ], [ 39.141288, 8.5701389 ], [ 39.1412167, 8.5696726 ], [ 39.1411181, 8.5692317 ], [ 39.1410056, 8.5688264 ], [ 39.140864, 8.5683975 ], [ 39.1406734, 8.56795 ] ] ] } },
{ "type": "Feature", "properties": { "osm_id": "890182718", "code": "6101", "fclass": "rail", "name": "Addis Ababa – Djibouti Railway", "layer": 0, "bridge": "F", "tunnel": "F", "path": "F:\\AnimationData\\Rail\\EthioDjibouti\\Ethiopia_Rail.shp" }, "geometry": { "type": "MultiLineString", "coordinates": [ [ [ 39.1387807, 8.582199 ], [ 39.1390391, 8.5805006 ], [ 39.1392141, 8.579309 ] ] ] } },
{ "type": "Feature", "properties": { "osm_id": "890182719", "code": "6101", "fclass": "rail", "name": "Addis Ababa – Djibouti Railway", "layer": 1, "bridge": "T", "tunnel": "F", "path": "F:\\AnimationData\\Rail\\EthioDjibouti\\Ethiopia_Rail.shp" }, "geometry": { "type": "MultiLineString", "coordinates": [ [ [ 39.1391636, 8.5793159 ], [ 39.1391831, 8.5791648 ] ] ] } },
{ "type": "Feature", "properties": { "osm_id": "890182720", "code": "6101", "fclass": "rail", "name": "Addis Ababa – Djibouti Railway", "layer": 0, "bridge": "F", "tunnel": "F", "path": "F:\\AnimationData\\Rail\\EthioDjibouti\\Ethiopia_Rail.shp" }, "geometry": { "type": "MultiLineString", "coordinates": [ [ [ 39.1376427, 8.589668 ], [ 39.1378859, 8.5880247 ], [ 39.1383155, 8.5851145 ], [ 39.1384529, 8.5842258 ], [ 39.1384922, 8.583948 ], [ 39.1388438, 8.5814656 ], [ 39.1389963, 8.5805005 ], [ 39.1391636, 8.5793159 ] ] ] } },
{ "type": "Feature", "properties": { "osm_id": "890182721", "code": "6101", "fclass": "rail", "name": null, "layer": 0, "bridge": "F", "tunnel": "F", "path": "F:\\AnimationData\\Rail\\EthioDjibouti\\Ethiopia_Rail.shp" }, "geometry": { "type": "MultiLineString", "coordinates": [ [ [ 39.1369811, 8.5940632 ], [ 39.1371325, 8.5933139 ] ] ] } },
{ "type": "Feature", "properties": { "osm_id": "890182722", "code": "6101", "fclass": "rail", "name": "Addis Ababa – Djibouti Railway", "layer": 0, "bridge": "F", "tunnel": "F", "path": "F:\\AnimationData\\Rail\\EthioDjibouti\\Ethiopia_Rail.shp" }, "geometry": { "type": "MultiLineString", "coordinates": [ [ [ 39.1353145, 8.6056045 ], [ 39.1353875, 8.6051417 ], [ 39.1354643, 8.6045929 ], [ 39.136103, 8.6003077 ], [ 39.1367683, 8.5957602 ], [ 39.1368887, 8.5949482 ], [ 39.1369852, 8.5942986 ], [ 39.1371325, 8.5933139 ], [ 39.137163, 8.5931242 ], [ 39.137267, 8.5924484 ], [ 39.1376433, 8.5899842 ] ] ] } },
{ "type": "Feature", "properties": { "osm_id": "890182723", "code": "6101", "fclass": "rail", "name": null, "layer": 0, "bridge": "F", "tunnel": "F", "path": "F:\\AnimationData\\Rail\\EthioDjibouti\\Ethiopia_Rail.shp" }, "geometry": { "type": "MultiLineString", "coordinates": [ [ [ 39.1378471, 8.5896195 ], [ 39.1384855, 8.58527 ], [ 39.1385676, 8.5840202 ] ] ] } },
{ "type": "Feature", "properties": { "osm_id": "890182724", "code": "6101", "fclass": "rail", "name": null, "layer": 1, "bridge": "T", "tunnel": "F", "path": "F:\\AnimationData\\Rail\\EthioDjibouti\\Ethiopia_Rail.shp" }, "geometry": { "type": "MultiLineString", "coordinates": [ [ [ 39.1377935, 8.5899802 ], [ 39.1378471, 8.5896195 ] ] ] } },
{ "type": "Feature", "properties": { "osm_id": "890182725", "code": "6101", "fclass": "rail", "name": "Addis Ababa – Djibouti Railway", "layer": 0, "bridge": "F", "tunnel": "F", "path": "F:\\AnimationData\\Rail\\EthioDjibouti\\Ethiopia_Rail.shp" }, "geometry": { "type": "MultiLineString", "coordinates": [ [ [ 39.1376916, 8.5896619 ], [ 39.1379356, 8.5880282 ], [ 39.1383631, 8.5851184 ], [ 39.1385182, 8.5840395 ], [ 39.1386053, 8.5834285 ], [ 39.1386798, 8.5829064 ], [ 39.1386877, 8.5828603 ], [ 39.1387807, 8.582199 ] ] ] } },
{ "type": "Feature", "properties": { "osm_id": "890182726", "code": "6101", "fclass": "rail", "name": "Addis Ababa – Djibouti Railway", "layer": 1, "bridge": "T", "tunnel": "F", "path": "F:\\AnimationData\\Rail\\EthioDjibouti\\Ethiopia_Rail.shp" }, "geometry": { "type": "MultiLineString", "coordinates": [ [ [ 39.1376433, 8.5899842 ], [ 39.1376916, 8.5896619 ] ] ] } },
{ "type": "Feature", "properties": { "osm_id": "890182727", "code": "6101", "fclass": "rail", "name": null, "layer": 0, "bridge": "F", "tunnel": "F", "path": "F:\\AnimationData\\Rail\\EthioDjibouti\\Ethiopia_Rail.shp" }, "geometry": { "type": "MultiLineString", "coordinates": [ [ [ 39.1387807, 8.582199 ], [ 39.1388172, 8.5817541 ], [ 39.1388438, 8.5814656 ] ] ] } },
{ "type": "Feature", "properties": { "osm_id": "890182728", "code": "6101", "fclass": "rail", "name": "Addis Ababa – Djibouti Railway", "layer": 1, "bridge": "T", "tunnel": "F", "path": "F:\\AnimationData\\Rail\\EthioDjibouti\\Ethiopia_Rail.shp" }, "geometry": { "type": "MultiLineString", "coordinates": [ [ [ 39.1392141, 8.579309 ], [ 39.1392339, 8.579163 ] ] ] } },
{ "type": "Feature", "properties": { "osm_id": "890182729", "code": "6101", "fclass": "rail", "name": null, "layer": 0, "bridge": "F", "tunnel": "F", "path": "F:\\AnimationData\\Rail\\EthioDjibouti\\Ethiopia_Rail.shp" }, "geometry": { "type": "MultiLineString", "coordinates": [ [ [ 39.1377551, 8.5896471 ], [ 39.1384083, 8.5851238 ], [ 39.1385676, 8.5840202 ], [ 39.1386059, 8.5836683 ], [ 39.1386798, 8.5829064 ] ] ] } },
{ "type": "Feature", "properties": { "osm_id": "890182730", "code": "6101", "fclass": "rail", "name": null, "layer": 0, "bridge": "F", "tunnel": "F", "path": "F:\\AnimationData\\Rail\\EthioDjibouti\\Ethiopia_Rail.shp" }, "geometry": { "type": "MultiLineString", "coordinates": [ [ [ 39.1386877, 8.5828603 ], [ 39.1387699, 8.582399 ], [ 39.1388235, 8.5821557 ], [ 39.1388909, 8.5818481 ] ] ] } },
{ "type": "Feature", "properties": { "osm_id": "890182731", "code": "6101", "fclass": "rail", "name": null, "layer": 0, "bridge": "F", "tunnel": "F", "path": "F:\\AnimationData\\Rail\\EthioDjibouti\\Ethiopia_Rail.shp" }, "geometry": { "type": "MultiLineString", "coordinates": [ [ [ 39.1388063, 8.5829697 ], [ 39.1388182, 8.5823583 ] ] ] } },
{ "type": "Feature", "properties": { "osm_id": "890182733", "code": "6101", "fclass": "rail", "name": null, "layer": 0, "bridge": "F", "tunnel": "F", "path": "F:\\AnimationData\\Rail\\EthioDjibouti\\Ethiopia_Rail.shp" }, "geometry": { "type": "MultiLineString", "coordinates": [ [ [ 39.1369852, 8.5942986 ], [ 39.137044, 8.5940288 ], [ 39.1370999, 8.5938146 ], [ 39.1374287, 8.592444 ], [ 39.1376781, 8.5908474 ], [ 39.1377935, 8.5899802 ] ] ] } },
{ "type": "Feature", "properties": { "osm_id": "890182734", "code": "6101", "fclass": "rail", "name": null, "layer": 0, "bridge": "F", "tunnel": "F", "path": "F:\\AnimationData\\Rail\\EthioDjibouti\\Ethiopia_Rail.shp" }, "geometry": { "type": "MultiLineString", "coordinates": [ [ [ 39.1368887, 8.5949482 ], [ 39.1369152, 8.5946811 ], [ 39.1369314, 8.5944941 ], [ 39.1369554, 8.5942449 ] ] ] } },
{ "type": "Feature", "properties": { "osm_id": "890182739", "code": "6101", "fclass": "rail", "name": null, "layer": 0, "bridge": "F", "tunnel": "F", "path": "F:\\AnimationData\\Rail\\EthioDjibouti\\Ethiopia_Rail.shp" }, "geometry": { "type": "MultiLineString", "coordinates": [ [ [ 39.14726, 8.5857038 ], [ 39.1475007, 8.5855612 ], [ 39.1476347, 8.5854847 ], [ 39.1477756, 8.5854151 ], [ 39.1498334, 8.5844649 ] ] ] } },
{ "type": "Feature", "properties": { "osm_id": "890182740", "code": "6101", "fclass": "rail", "name": null, "layer": 0, "bridge": "F", "tunnel": "F", "path": "F:\\AnimationData\\Rail\\EthioDjibouti\\Ethiopia_Rail.shp" }, "geometry": { "type": "MultiLineString", "coordinates": [ [ [ 39.1467821, 8.5863064 ], [ 39.1470587, 8.5863353 ], [ 39.1473267, 8.5863474 ], [ 39.1475613, 8.5863373 ], [ 39.147765, 8.5863119 ], [ 39.1479903, 8.5862679 ], [ 39.14823, 8.5861915 ], [ 39.1501715, 8.5852877 ] ] ] } },
{ "type": "Feature", "properties": { "osm_id": "890798256", "code": "6101", "fclass": "rail", "name": null, "layer": 0, "bridge": "F", "tunnel": "F", "path": "F:\\AnimationData\\Rail\\EthioDjibouti\\Ethiopia_Rail.shp" }, "geometry": { "type": "MultiLineString", "coordinates": [ [ [ 39.7081224, 11.0901918 ], [ 39.7080928, 11.0898154 ], [ 39.7080177, 11.0893838 ], [ 39.7066444, 11.0854197 ], [ 39.7065344, 11.0851565 ], [ 39.7062716, 11.0847327 ] ] ] } },
{ "type": "Feature", "properties": { "osm_id": "890798257", "code": "6101", "fclass": "rail", "name": null, "layer": 0, "bridge": "F", "tunnel": "F", "path": "F:\\AnimationData\\Rail\\EthioDjibouti\\Ethiopia_Rail.shp" }, "geometry": { "type": "MultiLineString", "coordinates": [ [ [ 39.7059369, 11.1100906 ], [ 39.7061201, 11.1103757 ], [ 39.7063386, 11.1106427 ], [ 39.7073196, 11.1118813 ], [ 39.7075277, 11.1121417 ], [ 39.7077973, 11.112384 ] ] ] } },
{ "type": "Feature", "properties": { "osm_id": "890798258", "code": "6101", "fclass": "rail", "name": null, "layer": 0, "bridge": "F", "tunnel": "F", "path": "F:\\AnimationData\\Rail\\EthioDjibouti\\Ethiopia_Rail.shp" }, "geometry": { "type": "MultiLineString", "coordinates": [ [ [ 39.7054625, 11.1094271 ], [ 39.7057237, 11.1097982 ], [ 39.7059369, 11.1100906 ], [ 39.7077973, 11.112384 ], [ 39.7082088, 11.1128755 ], [ 39.7083955, 11.1131116 ], [ 39.7084814, 11.1132201 ], [ 39.7086481, 11.113417 ], [ 39.7090753, 11.1138581 ], [ 39.7092095, 11.1139963 ], [ 39.7094466, 11.1142573 ], [ 39.7097404, 11.1145172 ] ] ] } },
{ "type": "Feature", "properties": { "osm_id": "890798259", "code": "6101", "fclass": "rail", "name": null, "layer": 0, "bridge": "F", "tunnel": "T", "path": "F:\\AnimationData\\Rail\\EthioDjibouti\\Ethiopia_Rail.shp" }, "geometry": { "type": "MultiLineString", "coordinates": [ [ [ 39.7058479, 11.1111731 ], [ 39.7067088, 11.1122429 ] ] ] } },
{ "type": "Feature", "properties": { "osm_id": "890798260", "code": "6101", "fclass": "rail", "name": null, "layer": 0, "bridge": "F", "tunnel": "F", "path": "F:\\AnimationData\\Rail\\EthioDjibouti\\Ethiopia_Rail.shp" }, "geometry": { "type": "MultiLineString", "coordinates": [ [ [ 39.7094466, 11.1142573 ], [ 39.7107559, 11.1158836 ] ] ] } },
{ "type": "Feature", "properties": { "osm_id": "890798261", "code": "6101", "fclass": "rail", "name": null, "layer": 0, "bridge": "F", "tunnel": "F", "path": "F:\\AnimationData\\Rail\\EthioDjibouti\\Ethiopia_Rail.shp" }, "geometry": { "type": "MultiLineString", "coordinates": [ [ [ 39.7075277, 11.1121417 ], [ 39.7072955, 11.1119224 ], [ 39.7062984, 11.1106664 ], [ 39.7061201, 11.1103757 ] ] ] } },
{ "type": "Feature", "properties": { "osm_id": "890798262", "code": "6101", "fclass": "rail", "name": null, "layer": 0, "bridge": "F", "tunnel": "F", "path": "F:\\AnimationData\\Rail\\EthioDjibouti\\Ethiopia_Rail.shp" }, "geometry": { "type": "MultiLineString", "coordinates": [ [ [ 39.7066569, 11.111259 ], [ 39.7062448, 11.1107401 ], [ 39.7060006, 11.1103953 ], [ 39.7057816, 11.1100557 ], [ 39.7057333, 11.1099802 ], [ 39.7055096, 11.1096302 ], [ 39.7053605, 11.1094082 ], [ 39.7051229, 11.1090595 ], [ 39.7048563, 11.1086662 ], [ 39.7046683, 11.1084046 ], [ 39.7045195, 11.1081462 ] ] ] } },
{ "type": "Feature", "properties": { "osm_id": "890798264", "code": "6101", "fclass": "rail", "name": null, "layer": 0, "bridge": "F", "tunnel": "F", "path": "F:\\AnimationData\\Rail\\EthioDjibouti\\Ethiopia_Rail.shp" }, "geometry": { "type": "MultiLineString", "coordinates": [ [ [ 39.7113786, 11.1165502 ], [ 39.7111389, 11.116149 ], [ 39.7108662, 11.1157275 ], [ 39.710362, 11.1151669 ], [ 39.7100884, 11.1148406 ], [ 39.7052684, 11.1088214 ], [ 39.7050592, 11.1085345 ], [ 39.7047751, 11.1081457 ], [ 39.70429, 11.107638 ], [ 39.7038691, 11.1072189 ] ] ] } },
{ "type": "Feature", "properties": { "osm_id": "890798267", "code": "6101", "fclass": "rail", "name": null, "layer": 0, "bridge": "F", "tunnel": "F", "path": "F:\\AnimationData\\Rail\\EthioDjibouti\\Ethiopia_Rail.shp" }, "geometry": { "type": "MultiLineString", "coordinates": [ [ [ 39.7047751, 11.1081457 ], [ 39.705829, 11.1091188 ], [ 39.7062716, 11.1095557 ], [ 39.7097102, 11.1139352 ], [ 39.7099945, 11.1143221 ], [ 39.7104853, 11.1151117 ], [ 39.7107743, 11.115579 ], [ 39.7108662, 11.1157275 ] ] ] } },
{ "type": "Feature", "properties": { "osm_id": "890798268", "code": "6101", "fclass": "rail", "name": "Awash–Weldiya Railway", "layer": 0, "bridge": "F", "tunnel": "F", "path": "F:\\AnimationData\\Rail\\EthioDjibouti\\Ethiopia_Rail.shp" }, "geometry": { "type": "MultiLineString", "coordinates": [ [ [ 39.7117398, 11.1169888 ], [ 39.7113786, 11.1165502 ], [ 39.7097404, 11.1145172 ], [ 39.7042069, 11.1076501 ], [ 39.7038691, 11.1072189 ], [ 39.702837, 11.1059557 ], [ 39.7026988, 11.1057735 ], [ 39.7025949, 11.1056265 ], [ 39.7024932, 11.1054585 ], [ 39.7024052, 11.1053061 ], [ 39.7023185, 11.1051606 ], [ 39.7022532, 11.1050246 ], [ 39.7021968, 11.1048834 ], [ 39.702129, 11.1046868 ], [ 39.7020634, 11.1044541 ], [ 39.702011, 11.104271 ], [ 39.701981, 11.1040586 ], [ 39.7019606, 11.1037962 ], [ 39.7019456, 11.1036099 ], [ 39.7019338, 11.1033623 ], [ 39.7019476, 11.1029094 ] ] ] } },
{ "type": "Feature", "properties": { "osm_id": "908324218", "code": "6101", "fclass": "rail", "name": "Awash–Weldiya Railway", "layer": 0, "bridge": "F", "tunnel": "F", "path": "F:\\AnimationData\\Rail\\EthioDjibouti\\Ethiopia_Rail.shp" }, "geometry": { "type": "MultiLineString", "coordinates": [ [ [ 39.7184786, 11.1277411 ], [ 39.7183886, 11.1270326 ], [ 39.7182209, 11.1263853 ], [ 39.7178541, 11.125571 ], [ 39.7172398, 11.1242991 ], [ 39.716998, 11.1237805 ], [ 39.7166896, 11.1232164 ], [ 39.7163567, 11.1226735 ], [ 39.7159311, 11.1220777 ], [ 39.7118449, 11.1171163 ] ] ] } },
{ "type": "Feature", "properties": { "osm_id": "908324219", "code": "6101", "fclass": "rail", "name": "Awash–Weldiya Railway", "layer": 1, "bridge": "T", "tunnel": "F", "path": "F:\\AnimationData\\Rail\\EthioDjibouti\\Ethiopia_Rail.shp" }, "geometry": { "type": "MultiLineString", "coordinates": [ [ [ 39.7118449, 11.1171163 ], [ 39.7117398, 11.1169888 ] ] ] } },
{ "type": "Feature", "properties": { "osm_id": "908324220", "code": "6101", "fclass": "rail", "name": null, "layer": 0, "bridge": "F", "tunnel": "F", "path": "F:\\AnimationData\\Rail\\EthioDjibouti\\Ethiopia_Rail.shp" }, "geometry": { "type": "MultiLineString", "coordinates": [ [ [ 39.7118936, 11.1170734 ], [ 39.7126043, 11.1179357 ] ] ] } },
{ "type": "Feature", "properties": { "osm_id": "908324221", "code": "6101", "fclass": "rail", "name": null, "layer": 1, "bridge": "T", "tunnel": "F", "path": "F:\\AnimationData\\Rail\\EthioDjibouti\\Ethiopia_Rail.shp" }, "geometry": { "type": "MultiLineString", "coordinates": [ [ [ 39.7117825, 11.1169385 ], [ 39.7118936, 11.1170734 ] ] ] } },
{ "type": "Feature", "properties": { "osm_id": "919267994", "code": "6101", "fclass": "rail", "name": null, "layer": 0, "bridge": "F", "tunnel": "F", "path": "F:\\AnimationData\\Rail\\EthioDjibouti\\Ethiopia_Rail.shp" }, "geometry": { "type": "MultiLineString", "coordinates": [ [ [ 40.1509214, 9.0194319 ], [ 40.150822, 9.0197689 ], [ 40.1507482, 9.0201296 ], [ 40.1506094, 9.0207586 ], [ 40.1487933, 9.02665 ], [ 40.1485535, 9.0274702 ], [ 40.1481662, 9.0284283 ] ] ] } },
{ "type": "Feature", "properties": { "osm_id": "919267996", "code": "6101", "fclass": "rail", "name": null, "layer": 0, "bridge": "F", "tunnel": "F", "path": "F:\\AnimationData\\Rail\\EthioDjibouti\\Ethiopia_Rail.shp" }, "geometry": { "type": "MultiLineString", "coordinates": [ [ [ 40.1510641, 9.0202175 ], [ 40.1496739, 9.0247328 ], [ 40.1489378, 9.0269246 ], [ 40.1486482, 9.0276985 ], [ 40.1484034, 9.0282406 ] ] ] } },
{ "type": "Feature", "properties": { "osm_id": "919267998", "code": "6101", "fclass": "rail", "name": null, "layer": 0, "bridge": "F", "tunnel": "F", "path": "F:\\AnimationData\\Rail\\EthioDjibouti\\Ethiopia_Rail.shp" }, "geometry": { "type": "MultiLineString", "coordinates": [ [ [ 40.1524194, 9.0138365 ], [ 40.1522031, 9.0152407 ], [ 40.1521456, 9.015541 ], [ 40.1521014, 9.015727 ], [ 40.1520539, 9.0159416 ] ] ] } },
{ "type": "Feature", "properties": { "osm_id": "919268000", "code": "6101", "fclass": "rail", "name": null, "layer": 0, "bridge": "F", "tunnel": "F", "path": "F:\\AnimationData\\Rail\\EthioDjibouti\\Ethiopia_Rail.shp" }, "geometry": { "type": "MultiLineString", "coordinates": [ [ [ 40.1514751, 9.0182974 ], [ 40.1512637, 9.0187177 ], [ 40.1509214, 9.0194319 ], [ 40.150582, 9.0202693 ], [ 40.1485472, 9.0269728 ], [ 40.1481662, 9.0284283 ], [ 40.1480382, 9.0290949 ], [ 40.1479242, 9.0298282 ] ] ] } },
{ "type": "Feature", "properties": { "osm_id": "919268004", "code": "6101", "fclass": "rail", "name": null, "layer": 0, "bridge": "F", "tunnel": "F", "path": "F:\\AnimationData\\Rail\\EthioDjibouti\\Ethiopia_Rail.shp" }, "geometry": { "type": "MultiLineString", "coordinates": [ [ [ 40.1524637, 9.0138444 ], [ 40.1523093, 9.0148405 ], [ 40.152257, 9.0151204 ], [ 40.1521456, 9.015541 ] ] ] } },
{ "type": "Feature", "properties": { "osm_id": "919268005", "code": "6101", "fclass": "rail", "name": null, "layer": 0, "bridge": "F", "tunnel": "F", "path": "F:\\AnimationData\\Rail\\EthioDjibouti\\Ethiopia_Rail.shp" }, "geometry": { "type": "MultiLineString", "coordinates": [ [ [ 40.1480382, 9.0290949 ], [ 40.147398, 9.0311462 ] ] ] } },
{ "type": "Feature", "properties": { "osm_id": "919268006", "code": "6101", "fclass": "rail", "name": null, "layer": 0, "bridge": "F", "tunnel": "F", "path": "F:\\AnimationData\\Rail\\EthioDjibouti\\Ethiopia_Rail.shp" }, "geometry": { "type": "MultiLineString", "coordinates": [ [ [ 40.1525071, 9.013849 ], [ 40.1524058, 9.0145085 ], [ 40.1523668, 9.0146891 ], [ 40.152257, 9.0151204 ] ] ] } },
{ "type": "Feature", "properties": { "osm_id": "919626163", "code": "6101", "fclass": "rail", "name": "Awash–Weldiya Railway", "layer": 0, "bridge": "F", "tunnel": "F", "path": "F:\\AnimationData\\Rail\\EthioDjibouti\\Ethiopia_Rail.shp" }, "geometry": { "type": "MultiLineString", "coordinates": [ [ [ 40.0449155, 9.1976066 ], [ 40.0487944, 9.1879932 ] ] ] } },
{ "type": "Feature", "properties": { "osm_id": "919626164", "code": "6101", "fclass": "rail", "name": "Awash–Weldiya Railway", "layer": 1, "bridge": "T", "tunnel": "F", "path": "F:\\AnimationData\\Rail\\EthioDjibouti\\Ethiopia_Rail.shp" }, "geometry": { "type": "MultiLineString", "coordinates": [ [ [ 40.0447026, 9.1981413 ], [ 40.0449155, 9.1976066 ] ] ] } },
{ "type": "Feature", "properties": { "osm_id": "919626165", "code": "6101", "fclass": "rail", "name": "Awash–Weldiya Railway", "layer": 0, "bridge": "F", "tunnel": "F", "path": "F:\\AnimationData\\Rail\\EthioDjibouti\\Ethiopia_Rail.shp" }, "geometry": { "type": "MultiLineString", "coordinates": [ [ [ 40.0397905, 9.210487 ], [ 40.0395374, 9.2111797 ], [ 40.0393262, 9.211953 ], [ 40.0390825, 9.2129043 ], [ 40.0389336, 9.2138178 ], [ 40.038822, 9.2146401 ], [ 40.0387309, 9.2156963 ], [ 40.0387331, 9.2171104 ], [ 40.0387572, 9.2178992 ], [ 40.0388143, 9.2186262 ], [ 40.0389829, 9.2201253 ], [ 40.0407881, 9.2349011 ], [ 40.0409578, 9.2359915 ] ] ] } },
{ "type": "Feature", "properties": { "osm_id": "919626166", "code": "6101", "fclass": "rail", "name": "Awash–Weldiya Railway", "layer": 1, "bridge": "T", "tunnel": "F", "path": "F:\\AnimationData\\Rail\\EthioDjibouti\\Ethiopia_Rail.shp" }, "geometry": { "type": "MultiLineString", "coordinates": [ [ [ 40.0409578, 9.2359915 ], [ 40.0410967, 9.2365507 ] ] ] } },
{ "type": "Feature", "properties": { "osm_id": "919626167", "code": "6101", "fclass": "rail", "name": "Awash–Weldiya Railway", "layer": 0, "bridge": "F", "tunnel": "F", "path": "F:\\AnimationData\\Rail\\EthioDjibouti\\Ethiopia_Rail.shp" }, "geometry": { "type": "MultiLineString", "coordinates": [ [ [ 40.0410967, 9.2365507 ], [ 40.0414535, 9.237694 ], [ 40.0417123, 9.2383462 ], [ 40.0420376, 9.2390413 ], [ 40.0434866, 9.2415928 ], [ 40.0437839, 9.2422514 ], [ 40.0440401, 9.2429063 ], [ 40.0443409, 9.2438204 ], [ 40.0445141, 9.244606 ], [ 40.0446268, 9.2453281 ], [ 40.0447059, 9.2460985 ], [ 40.0447128, 9.2469143 ], [ 40.0446187, 9.2496699 ], [ 40.0447344, 9.2511681 ], [ 40.0448935, 9.2519797 ], [ 40.0450512, 9.2526231 ], [ 40.0452117, 9.2532342 ] ] ] } },
{ "type": "Feature", "properties": { "osm_id": "919626168", "code": "6101", "fclass": "rail", "name": "Awash–Weldiya Railway", "layer": 1, "bridge": "T", "tunnel": "F", "path": "F:\\AnimationData\\Rail\\EthioDjibouti\\Ethiopia_Rail.shp" }, "geometry": { "type": "MultiLineString", "coordinates": [ [ [ 40.0452117, 9.2532342 ], [ 40.0454046, 9.2539545 ] ] ] } },
{ "type": "Feature", "properties": { "osm_id": "919626169", "code": "6101", "fclass": "rail", "name": "Awash–Weldiya Railway", "layer": 0, "bridge": "F", "tunnel": "F", "path": "F:\\AnimationData\\Rail\\EthioDjibouti\\Ethiopia_Rail.shp" }, "geometry": { "type": "MultiLineString", "coordinates": [ [ [ 40.0454046, 9.2539545 ], [ 40.0456965, 9.255029 ], [ 40.0458731, 9.2558011 ], [ 40.0460071, 9.2566191 ], [ 40.0461174, 9.257434 ], [ 40.0462182, 9.2584904 ], [ 40.0462344, 9.2595346 ], [ 40.0461441, 9.2778871 ], [ 40.0460343, 9.2935285 ] ] ] } },
{ "type": "Feature", "properties": { "osm_id": "919626170", "code": "6101", "fclass": "rail", "name": "Awash–Weldiya Railway", "layer": 1, "bridge": "T", "tunnel": "F", "path": "F:\\AnimationData\\Rail\\EthioDjibouti\\Ethiopia_Rail.shp" }, "geometry": { "type": "MultiLineString", "coordinates": [ [ [ 40.045342, 9.3194801 ], [ 40.0453291, 9.3199184 ] ] ] } },
{ "type": "Feature", "properties": { "osm_id": "919626171", "code": "6101", "fclass": "rail", "name": "Awash–Weldiya Railway", "layer": 0, "bridge": "F", "tunnel": "F", "path": "F:\\AnimationData\\Rail\\EthioDjibouti\\Ethiopia_Rail.shp" }, "geometry": { "type": "MultiLineString", "coordinates": [ [ [ 40.0460136, 9.294274 ], [ 40.045342, 9.3194801 ] ] ] } },
{ "type": "Feature", "properties": { "osm_id": "919626172", "code": "6101", "fclass": "rail", "name": "Awash–Weldiya Railway", "layer": 1, "bridge": "T", "tunnel": "F", "path": "F:\\AnimationData\\Rail\\EthioDjibouti\\Ethiopia_Rail.shp" }, "geometry": { "type": "MultiLineString", "coordinates": [ [ [ 40.0460343, 9.2935285 ], [ 40.0460136, 9.294274 ] ] ] } },
{ "type": "Feature", "properties": { "osm_id": "919626173", "code": "6101", "fclass": "rail", "name": "Awash–Weldiya Railway", "layer": 0, "bridge": "F", "tunnel": "F", "path": "F:\\AnimationData\\Rail\\EthioDjibouti\\Ethiopia_Rail.shp" }, "geometry": { "type": "MultiLineString", "coordinates": [ [ [ 40.0453291, 9.3199184 ], [ 40.0452624, 9.3214281 ], [ 40.0451403, 9.322763 ], [ 40.0448261, 9.3244355 ], [ 40.0418999, 9.3339475 ] ] ] } },
{ "type": "Feature", "properties": { "osm_id": "919626174", "code": "6101", "fclass": "rail", "name": "Awash–Weldiya Railway", "layer": 1, "bridge": "T", "tunnel": "F", "path": "F:\\AnimationData\\Rail\\EthioDjibouti\\Ethiopia_Rail.shp" }, "geometry": { "type": "MultiLineString", "coordinates": [ [ [ 40.0418999, 9.3339475 ], [ 40.0417991, 9.3342753 ] ] ] } },
{ "type": "Feature", "properties": { "osm_id": "919675860", "code": "6101", "fclass": "rail", "name": "Awash–Weldiya Railway", "layer": 1, "bridge": "T", "tunnel": "F", "path": "F:\\AnimationData\\Rail\\EthioDjibouti\\Ethiopia_Rail.shp" }, "geometry": { "type": "MultiLineString", "coordinates": [ [ [ 39.8470474, 10.5803832 ], [ 39.8469659, 10.5805125 ] ] ] } },
{ "type": "Feature", "properties": { "osm_id": "919675862", "code": "6101", "fclass": "rail", "name": "Awash–Weldiya Railway", "layer": 1, "bridge": "T", "tunnel": "F", "path": "F:\\AnimationData\\Rail\\EthioDjibouti\\Ethiopia_Rail.shp" }, "geometry": { "type": "MultiLineString", "coordinates": [ [ [ 39.8450668, 10.5896446 ], [ 39.8450425, 10.5900269 ] ] ] } },
{ "type": "Feature", "properties": { "osm_id": "919675866", "code": "6101", "fclass": "rail", "name": "Awash–Weldiya Railway", "layer": 0, "bridge": "F", "tunnel": "F", "path": "F:\\AnimationData\\Rail\\EthioDjibouti\\Ethiopia_Rail.shp" }, "geometry": { "type": "MultiLineString", "coordinates": [ [ [ 39.8469659, 10.5805125 ], [ 39.8463211, 10.5816725 ], [ 39.8460352, 10.582283 ], [ 39.8457912, 10.5829113 ], [ 39.8456394, 10.5834902 ], [ 39.8455411, 10.5840364 ], [ 39.8454758, 10.5847261 ], [ 39.8450668, 10.5896446 ] ] ] } },
{ "type": "Feature", "properties": { "osm_id": "919675867", "code": "6101", "fclass": "rail", "name": "Awash–Weldiya Railway", "layer": 0, "bridge": "F", "tunnel": "F", "path": "F:\\AnimationData\\Rail\\EthioDjibouti\\Ethiopia_Rail.shp" }, "geometry": { "type": "MultiLineString", "coordinates": [ [ [ 39.8450425, 10.5900269 ], [ 39.8445878, 10.5957308 ], [ 39.8445097, 10.5964773 ], [ 39.8443092, 10.5973336 ], [ 39.8440465, 10.5981596 ], [ 39.843752, 10.598854 ], [ 39.8428607, 10.6005181 ], [ 39.8349398, 10.6150909 ], [ 39.8344069, 10.6161023 ], [ 39.8335084, 10.6174378 ], [ 39.8327172, 10.6184885 ], [ 39.8315665, 10.6197393 ], [ 39.8307028, 10.6205625 ], [ 39.829939, 10.6211767 ], [ 39.8249383, 10.6255112 ], [ 39.8244355, 10.62593 ], [ 39.8240193, 10.6262767 ], [ 39.8235679, 10.626564 ], [ 39.8230443, 10.6268422 ], [ 39.8224295, 10.6270463 ], [ 39.82172, 10.6272422 ], [ 39.8074686, 10.6298115 ], [ 39.8049779, 10.6303237 ], [ 39.803347, 10.6307224 ], [ 39.8021747, 10.6310946 ], [ 39.8010657, 10.6315346 ], [ 39.7998417, 10.6323222 ] ] ] } },
{ "type": "Feature", "properties": { "osm_id": "919675870", "code": "6101", "fclass": "rail", "name": "Awash–Weldiya Railway", "layer": 0, "bridge": "F", "tunnel": "F", "path": "F:\\AnimationData\\Rail\\EthioDjibouti\\Ethiopia_Rail.shp" }, "geometry": { "type": "MultiLineString", "coordinates": [ [ [ 39.8515837, 10.5701907 ], [ 39.8514015, 10.5713955 ], [ 39.8513306, 10.5717949 ], [ 39.8512643, 10.5721398 ], [ 39.8511876, 10.5724924 ], [ 39.8511092, 10.5727958 ], [ 39.8510014, 10.5731345 ], [ 39.8508901, 10.5734516 ], [ 39.8507482, 10.5737992 ], [ 39.850594, 10.5741371 ], [ 39.8504196, 10.5744961 ], [ 39.8502173, 10.5748662 ], [ 39.8470474, 10.5803832 ] ] ] } },
{ "type": "Feature", "properties": { "osm_id": "919675872", "code": "6101", "fclass": "rail", "name": "Awash–Weldiya Railway", "layer": 1, "bridge": "T", "tunnel": "F", "path": "F:\\AnimationData\\Rail\\EthioDjibouti\\Ethiopia_Rail.shp" }, "geometry": { "type": "MultiLineString", "coordinates": [ [ [ 39.7684703, 10.7738841 ], [ 39.768331, 10.7752885 ] ] ] } },
{ "type": "Feature", "properties": { "osm_id": "919675873", "code": "6101", "fclass": "rail", "name": "Awash–Weldiya Railway", "layer": 1, "bridge": "T", "tunnel": "F", "path": "F:\\AnimationData\\Rail\\EthioDjibouti\\Ethiopia_Rail.shp" }, "geometry": { "type": "MultiLineString", "coordinates": [ [ [ 39.7998417, 10.6323222 ], [ 39.7988903, 10.6332369 ], [ 39.798078, 10.6345017 ], [ 39.7976265, 10.6355543 ], [ 39.7973513, 10.6368035 ], [ 39.7972869, 10.6378157 ], [ 39.7974222, 10.6389216 ] ] ] } },
{ "type": "Feature", "properties": { "osm_id": "919675876", "code": "6101", "fclass": "rail", "name": "Awash–Weldiya Railway", "layer": 1, "bridge": "T", "tunnel": "F", "path": "F:\\AnimationData\\Rail\\EthioDjibouti\\Ethiopia_Rail.shp" }, "geometry": { "type": "MultiLineString", "coordinates": [ [ [ 39.9218839, 10.4180072 ], [ 39.9219131, 10.4182763 ] ] ] } },
{ "type": "Feature", "properties": { "osm_id": "919675877", "code": "6101", "fclass": "rail", "name": "Awash–Weldiya Railway", "layer": 0, "bridge": "F", "tunnel": "F", "path": "F:\\AnimationData\\Rail\\EthioDjibouti\\Ethiopia_Rail.shp" }, "geometry": { "type": "MultiLineString", "coordinates": [ [ [ 39.7458552, 10.9309483 ], [ 39.7451085, 10.9327471 ], [ 39.7449198, 10.9331984 ], [ 39.7447596, 10.9336522 ], [ 39.7446173, 10.9341481 ], [ 39.744521, 10.9345517 ], [ 39.7444376, 10.9350024 ], [ 39.7443473, 10.9355305 ], [ 39.7443121, 10.9359853 ] ] ] } },
{ "type": "Feature", "properties": { "osm_id": "919675879", "code": "6101", "fclass": "rail", "name": "Awash–Weldiya Railway", "layer": 0, "bridge": "F", "tunnel": "F", "path": "F:\\AnimationData\\Rail\\EthioDjibouti\\Ethiopia_Rail.shp" }, "geometry": { "type": "MultiLineString", "coordinates": [ [ [ 39.9219131, 10.4182763 ], [ 39.9220166, 10.4192304 ] ] ] } },
{ "type": "Feature", "properties": { "osm_id": "919675880", "code": "6101", "fclass": "rail", "name": "Awash–Weldiya Railway", "layer": 0, "bridge": "F", "tunnel": "F", "path": "F:\\AnimationData\\Rail\\EthioDjibouti\\Ethiopia_Rail.shp" }, "geometry": { "type": "MultiLineString", "coordinates": [ [ [ 39.7443121, 10.9359853 ], [ 39.7443172, 10.9364705 ], [ 39.7443366, 10.9369236 ], [ 39.744369, 10.9373589 ], [ 39.7444278, 10.9378502 ], [ 39.7445151, 10.9383134 ], [ 39.7446206, 10.938793 ], [ 39.7447699, 10.9392614 ], [ 39.7449557, 10.9397456 ], [ 39.7451463, 10.9401763 ], [ 39.7453628, 10.9406046 ], [ 39.7456089, 10.9410307 ], [ 39.7458395, 10.941411 ], [ 39.7461077, 10.9417801 ], [ 39.7464224, 10.942174 ], [ 39.7467162, 10.9425144 ], [ 39.7476492, 10.9435899 ], [ 39.7478582, 10.9438539 ], [ 39.748046, 10.94411 ], [ 39.7482223, 10.9443766 ], [ 39.7483872, 10.944661 ], [ 39.748556, 10.9449533 ], [ 39.7487381, 10.9452827 ], [ 39.7489226, 10.9456574 ], [ 39.7495206, 10.9468649 ], [ 39.749731, 10.9472945 ], [ 39.7499526, 10.9476941 ], [ 39.7501909, 10.9480791 ], [ 39.750444, 10.9484566 ], [ 39.7506979, 10.9488017 ], [ 39.750932, 10.949094 ], [ 39.75182, 10.9501681 ], [ 39.7520182, 10.950422 ], [ 39.7521849, 10.9506762 ], [ 39.7523543, 10.9509429 ], [ 39.7525147, 10.9512407 ], [ 39.75267, 10.9515516 ], [ 39.7528005, 10.9518493 ], [ 39.7529088, 10.9521484 ], [ 39.7530058, 10.9524654 ], [ 39.7530874, 10.9527721 ], [ 39.7531531, 10.9530944 ], [ 39.753216, 10.9534346 ], [ 39.7532632, 10.953777 ], [ 39.7532988, 10.9541519 ], [ 39.7533239, 10.9545267 ], [ 39.7534136, 10.9558553 ], [ 39.7534585, 10.9562569 ], [ 39.7535162, 10.9566629 ], [ 39.7535927, 10.9570542 ], [ 39.7536925, 10.9574377 ], [ 39.7541662, 10.9589774 ], [ 39.7543417, 10.9595983 ], [ 39.7544133, 10.9599111 ], [ 39.7544487, 10.9602141 ], [ 39.7544832, 10.9605223 ], [ 39.7544991, 10.9608547 ], [ 39.754507, 10.9611872 ], [ 39.7545082, 10.961533 ], [ 39.7544876, 10.9618502 ], [ 39.7544433, 10.9622027 ], [ 39.7543802, 10.9625697 ], [ 39.753885, 10.965765 ], [ 39.7538394, 10.96608 ], [ 39.7538089, 10.9663832 ], [ 39.7537919, 10.9666938 ], [ 39.7537937, 10.9670201 ], [ 39.7538166, 10.9673444 ], [ 39.7538465, 10.967663 ], [ 39.753906, 10.9679878 ], [ 39.7539801, 10.9683316 ], [ 39.754072, 10.968654 ], [ 39.7544926, 10.9701339 ], [ 39.7545897, 10.970461 ], [ 39.7546682, 10.9707467 ], [ 39.754735, 10.9710584 ], [ 39.7547978, 10.9713719 ], [ 39.7548348, 10.9716836 ], [ 39.7548624, 10.9720076 ], [ 39.7548683, 10.9723007 ], [ 39.7548605, 10.9725803 ], [ 39.7548342, 10.972918 ], [ 39.7547943, 10.9732339 ], [ 39.7547444, 10.9735474 ], [ 39.7546638, 10.9738702 ], [ 39.7545796, 10.9741828 ], [ 39.754456, 10.9745172 ], [ 39.7542898, 10.9748722 ], [ 39.7540986, 10.9752493 ], [ 39.7538989, 10.9755858 ], [ 39.7536633, 10.9759291 ], [ 39.7533875, 10.9762975 ], [ 39.7531477, 10.9765772 ], [ 39.7528725, 10.976866 ], [ 39.7525966, 10.9771333 ], [ 39.7512665, 10.9783957 ], [ 39.7510174, 10.978685 ], [ 39.7507864, 10.9789986 ], [ 39.7505868, 10.9792983 ], [ 39.7504137, 10.9795956 ], [ 39.7502339, 10.9799418 ], [ 39.7500716, 10.9803232 ], [ 39.7499268, 10.9807229 ], [ 39.7498191, 10.981062 ], [ 39.7496998, 10.9814596 ], [ 39.7494646, 10.9822286 ] ] ] } },
{ "type": "Feature", "properties": { "osm_id": "919675883", "code": "6101", "fclass": "rail", "name": "Awash–Weldiya Railway", "layer": 1, "bridge": "T", "tunnel": "F", "path": "F:\\AnimationData\\Rail\\EthioDjibouti\\Ethiopia_Rail.shp" }, "geometry": { "type": "MultiLineString", "coordinates": [ [ [ 39.7460759, 10.9304263 ], [ 39.7458552, 10.9309483 ] ] ] } },
{ "type": "Feature", "properties": { "osm_id": "919675884", "code": "6101", "fclass": "rail", "name": "Awash–Weldiya Railway", "layer": 0, "bridge": "F", "tunnel": "F", "path": "F:\\AnimationData\\Rail\\EthioDjibouti\\Ethiopia_Rail.shp" }, "geometry": { "type": "MultiLineString", "coordinates": [ [ [ 39.7925562, 10.7062472 ], [ 39.7925177, 10.7072584 ], [ 39.7925986, 10.7085655 ], [ 39.792779, 10.7101674 ], [ 39.7931696, 10.7116852 ], [ 39.7945332, 10.7155223 ], [ 39.7948454, 10.7169559 ], [ 39.7958833, 10.725435 ], [ 39.7959529, 10.7260749 ], [ 39.7960299, 10.7274836 ], [ 39.7960411, 10.7276471 ], [ 39.7959742, 10.7289215 ], [ 39.7958893, 10.7296518 ], [ 39.7957525, 10.7304022 ], [ 39.7955563, 10.7311359 ], [ 39.7950293, 10.7327091 ], [ 39.7945044, 10.7338378 ], [ 39.7941004, 10.7346397 ], [ 39.793273, 10.7358362 ], [ 39.7923288, 10.7370033 ], [ 39.7892191, 10.7404867 ], [ 39.7841048, 10.7461953 ], [ 39.7818584, 10.7486766 ], [ 39.7808187, 10.7500757 ], [ 39.7797013, 10.7518279 ], [ 39.7789851, 10.7534318 ], [ 39.7784904, 10.7548059 ], [ 39.7781172, 10.7562811 ], [ 39.7778622, 10.7577347 ], [ 39.7775456, 10.7599623 ], [ 39.7772351, 10.7613835 ], [ 39.7767099, 10.7626684 ], [ 39.7760615, 10.7637567 ], [ 39.7751128, 10.7648954 ], [ 39.7744177, 10.7655925 ], [ 39.7728428, 10.7670263 ], [ 39.7712649, 10.7684713 ], [ 39.7701858, 10.7695008 ], [ 39.7694442, 10.7705208 ], [ 39.76913, 10.7710858 ], [ 39.7689867, 10.7714024 ], [ 39.7687629, 10.7720499 ], [ 39.7687183, 10.7722139 ], [ 39.7686463, 10.7724948 ], [ 39.7685949, 10.7727757 ], [ 39.7684703, 10.7738841 ] ] ] } },
{ "type": "Feature", "properties": { "osm_id": "919872479", "code": "6101", "fclass": "rail", "name": "Awash–Weldiya Railway", "layer": 0, "bridge": "F", "tunnel": "F", "path": "F:\\AnimationData\\Rail\\EthioDjibouti\\Ethiopia_Rail.shp" }, "geometry": { "type": "MultiLineString", "coordinates": [ [ [ 40.0417991, 9.3342753 ], [ 40.0333481, 9.3617445 ], [ 40.0328372, 9.3630144 ], [ 40.0322423, 9.364276 ], [ 40.0314124, 9.3656069 ], [ 40.0308118, 9.3663804 ], [ 40.0296514, 9.3675367 ], [ 40.0291898, 9.368022 ], [ 40.0289593, 9.3682847 ] ] ] } },
{ "type": "Feature", "properties": { "osm_id": "919872480", "code": "6101", "fclass": "rail", "name": "Awash–Weldiya Railway", "layer": 1, "bridge": "T", "tunnel": "F", "path": "F:\\AnimationData\\Rail\\EthioDjibouti\\Ethiopia_Rail.shp" }, "geometry": { "type": "MultiLineString", "coordinates": [ [ [ 40.0289593, 9.3682847 ], [ 40.0288154, 9.3684464 ] ] ] } },
{ "type": "Feature", "properties": { "osm_id": "919872481", "code": "6101", "fclass": "rail", "name": "Awash–Weldiya Railway", "layer": 0, "bridge": "F", "tunnel": "F", "path": "F:\\AnimationData\\Rail\\EthioDjibouti\\Ethiopia_Rail.shp" }, "geometry": { "type": "MultiLineString", "coordinates": [ [ [ 40.0288154, 9.3684464 ], [ 40.0284684, 9.3689478 ], [ 40.027896, 9.3697769 ], [ 40.0273166, 9.3706661 ], [ 40.0269071, 9.3715489 ], [ 40.0265638, 9.372497 ], [ 40.0263278, 9.3737098 ], [ 40.0262067, 9.3748926 ], [ 40.0262355, 9.386542 ] ] ] } },
{ "type": "Feature", "properties": { "osm_id": "919872482", "code": "6101", "fclass": "rail", "name": "Awash–Weldiya Railway", "layer": 1, "bridge": "T", "tunnel": "F", "path": "F:\\AnimationData\\Rail\\EthioDjibouti\\Ethiopia_Rail.shp" }, "geometry": { "type": "MultiLineString", "coordinates": [ [ [ 40.0262355, 9.386542 ], [ 40.0262361, 9.3867908 ] ] ] } },
{ "type": "Feature", "properties": { "osm_id": "919872483", "code": "6101", "fclass": "rail", "name": "Awash–Weldiya Railway", "layer": 0, "bridge": "F", "tunnel": "F", "path": "F:\\AnimationData\\Rail\\EthioDjibouti\\Ethiopia_Rail.shp" }, "geometry": { "type": "MultiLineString", "coordinates": [ [ [ 40.0262361, 9.3867908 ], [ 40.026246, 9.3963015 ] ] ] } },
{ "type": "Feature", "properties": { "osm_id": "919872484", "code": "6101", "fclass": "rail", "name": "Awash–Weldiya Railway", "layer": 1, "bridge": "T", "tunnel": "F", "path": "F:\\AnimationData\\Rail\\EthioDjibouti\\Ethiopia_Rail.shp" }, "geometry": { "type": "MultiLineString", "coordinates": [ [ [ 40.026246, 9.3963015 ], [ 40.0262435, 9.3968697 ] ] ] } },
{ "type": "Feature", "properties": { "osm_id": "919872485", "code": "6101", "fclass": "rail", "name": "Awash–Weldiya Railway", "layer": 0, "bridge": "F", "tunnel": "F", "path": "F:\\AnimationData\\Rail\\EthioDjibouti\\Ethiopia_Rail.shp" }, "geometry": { "type": "MultiLineString", "coordinates": [ [ [ 40.0262435, 9.3968697 ], [ 40.0262706, 9.4007735 ], [ 40.0262704, 9.4016587 ], [ 40.0262227, 9.4024787 ], [ 40.0261251, 9.4033621 ], [ 40.0259304, 9.4042528 ], [ 40.0256675, 9.4050591 ], [ 40.0253636, 9.4058506 ], [ 40.024974, 9.4066914 ], [ 40.0225104, 9.4110231 ] ] ] } },
{ "type": "Feature", "properties": { "osm_id": "919872486", "code": "6101", "fclass": "rail", "name": "Awash–Weldiya Railway", "layer": 1, "bridge": "T", "tunnel": "F", "path": "F:\\AnimationData\\Rail\\EthioDjibouti\\Ethiopia_Rail.shp" }, "geometry": { "type": "MultiLineString", "coordinates": [ [ [ 40.0225104, 9.4110231 ], [ 40.0223495, 9.4113095 ] ] ] } },
{ "type": "Feature", "properties": { "osm_id": "919872487", "code": "6101", "fclass": "rail", "name": "Awash–Weldiya Railway", "layer": 0, "bridge": "F", "tunnel": "F", "path": "F:\\AnimationData\\Rail\\EthioDjibouti\\Ethiopia_Rail.shp" }, "geometry": { "type": "MultiLineString", "coordinates": [ [ [ 40.0223495, 9.4113095 ], [ 40.0215881, 9.4126741 ], [ 40.0212186, 9.4134633 ], [ 40.0208902, 9.4142783 ], [ 40.0207522, 9.414779 ], [ 40.0206367, 9.4152428 ], [ 40.0204169, 9.4163059 ], [ 40.0203302, 9.4170508 ], [ 40.0202892, 9.4176108 ], [ 40.0202845, 9.4183383 ], [ 40.0203362, 9.4193073 ], [ 40.0203931, 9.4198964 ], [ 40.0211372, 9.4278497 ], [ 40.0221614, 9.4387298 ], [ 40.0223314, 9.4404521 ], [ 40.0225869, 9.4418093 ], [ 40.0231913, 9.444252 ] ] ] } },
{ "type": "Feature", "properties": { "osm_id": "919872488", "code": "6101", "fclass": "rail", "name": "Awash–Weldiya Railway", "layer": 1, "bridge": "T", "tunnel": "F", "path": "F:\\AnimationData\\Rail\\EthioDjibouti\\Ethiopia_Rail.shp" }, "geometry": { "type": "MultiLineString", "coordinates": [ [ [ 40.0231913, 9.444252 ], [ 40.0232996, 9.4446766 ] ] ] } },
{ "type": "Feature", "properties": { "osm_id": "919872489", "code": "6101", "fclass": "rail", "name": "Awash–Weldiya Railway", "layer": 0, "bridge": "F", "tunnel": "F", "path": "F:\\AnimationData\\Rail\\EthioDjibouti\\Ethiopia_Rail.shp" }, "geometry": { "type": "MultiLineString", "coordinates": [ [ [ 40.0232996, 9.4446766 ], [ 40.0240961, 9.4478337 ] ] ] } },
{ "type": "Feature", "properties": { "osm_id": "919872490", "code": "6101", "fclass": "rail", "name": "Awash–Weldiya Railway", "layer": 1, "bridge": "T", "tunnel": "F", "path": "F:\\AnimationData\\Rail\\EthioDjibouti\\Ethiopia_Rail.shp" }, "geometry": { "type": "MultiLineString", "coordinates": [ [ [ 40.0240961, 9.4478337 ], [ 40.0242381, 9.4483708 ] ] ] } },
{ "type": "Feature", "properties": { "osm_id": "919872491", "code": "6101", "fclass": "rail", "name": "Awash–Weldiya Railway", "layer": 0, "bridge": "F", "tunnel": "F", "path": "F:\\AnimationData\\Rail\\EthioDjibouti\\Ethiopia_Rail.shp" }, "geometry": { "type": "MultiLineString", "coordinates": [ [ [ 40.0242381, 9.4483708 ], [ 40.0244431, 9.4492159 ], [ 40.0246562, 9.4502205 ], [ 40.0248004, 9.4515577 ], [ 40.0248036, 9.452814 ], [ 40.0242331, 9.4661795 ], [ 40.0237607, 9.4722724 ], [ 40.0226932, 9.4836215 ], [ 40.022644, 9.4845627 ], [ 40.022634, 9.4857085 ], [ 40.0230128, 9.4982737 ] ] ] } },
{ "type": "Feature", "properties": { "osm_id": "919872492", "code": "6101", "fclass": "rail", "name": "Awash–Weldiya Railway", "layer": 1, "bridge": "T", "tunnel": "F", "path": "F:\\AnimationData\\Rail\\EthioDjibouti\\Ethiopia_Rail.shp" }, "geometry": { "type": "MultiLineString", "coordinates": [ [ [ 40.0230128, 9.4982737 ], [ 40.023025, 9.4986741 ] ] ] } },
{ "type": "Feature", "properties": { "osm_id": "919872493", "code": "6101", "fclass": "rail", "name": "Awash–Weldiya Railway", "layer": 0, "bridge": "F", "tunnel": "F", "path": "F:\\AnimationData\\Rail\\EthioDjibouti\\Ethiopia_Rail.shp" }, "geometry": { "type": "MultiLineString", "coordinates": [ [ [ 40.023025, 9.4986741 ], [ 40.0230129, 9.499607 ], [ 40.0229422, 9.5003669 ], [ 40.0228377, 9.5011372 ], [ 40.0226884, 9.5018451 ], [ 40.0223855, 9.5029115 ], [ 40.0220943, 9.5038128 ], [ 40.0207598, 9.5075229 ], [ 40.0205345, 9.5082244 ], [ 40.0203862, 9.5088492 ], [ 40.0202777, 9.5094159 ], [ 40.0201909, 9.5100974 ], [ 40.0201522, 9.5108704 ], [ 40.0201395, 9.5116931 ], [ 40.0201906, 9.5125578 ], [ 40.0203002, 9.5132854 ], [ 40.0204965, 9.5140265 ], [ 40.0210406, 9.5156675 ] ] ] } },
{ "type": "Feature", "properties": { "osm_id": "919872494", "code": "6101", "fclass": "rail", "name": "Awash–Weldiya Railway", "layer": 1, "bridge": "T", "tunnel": "F", "path": "F:\\AnimationData\\Rail\\EthioDjibouti\\Ethiopia_Rail.shp" }, "geometry": { "type": "MultiLineString", "coordinates": [ [ [ 40.0210406, 9.5156675 ], [ 40.0211909, 9.5162175 ] ] ] } },
{ "type": "Feature", "properties": { "osm_id": "919872497", "code": "6101", "fclass": "rail", "name": "Awash–Weldiya Railway", "layer": 0, "bridge": "F", "tunnel": "F", "path": "F:\\AnimationData\\Rail\\EthioDjibouti\\Ethiopia_Rail.shp" }, "geometry": { "type": "MultiLineString", "coordinates": [ [ [ 40.0211909, 9.5162175 ], [ 40.0218225, 9.5185276 ], [ 40.0219649, 9.5190987 ], [ 40.022116, 9.5198282 ], [ 40.0222281, 9.5205066 ], [ 40.0223231, 9.5211341 ], [ 40.0267631, 9.5597397 ], [ 40.0268135, 9.5605785 ], [ 40.0268431, 9.5613751 ], [ 40.0273907, 9.5817104 ] ] ] } },
{ "type": "Feature", "properties": { "osm_id": "919872498", "code": "6101", "fclass": "rail", "name": "Awash–Weldiya Railway", "layer": 1, "bridge": "T", "tunnel": "F", "path": "F:\\AnimationData\\Rail\\EthioDjibouti\\Ethiopia_Rail.shp" }, "geometry": { "type": "MultiLineString", "coordinates": [ [ [ 40.0273907, 9.5817104 ], [ 40.0274065, 9.5822973 ] ] ] } },
{ "type": "Feature", "properties": { "osm_id": "919872499", "code": "6101", "fclass": "rail", "name": "Awash–Weldiya Railway", "layer": 0, "bridge": "F", "tunnel": "F", "path": "F:\\AnimationData\\Rail\\EthioDjibouti\\Ethiopia_Rail.shp" }, "geometry": { "type": "MultiLineString", "coordinates": [ [ [ 40.0274065, 9.5822973 ], [ 40.0274301, 9.5830905 ], [ 40.0273703, 9.5843081 ], [ 40.027202, 9.5855334 ], [ 40.0269491, 9.5868706 ], [ 40.0259862, 9.5918734 ], [ 40.025769, 9.5936405 ], [ 40.025686, 9.5954456 ], [ 40.0263242, 9.6281188 ], [ 40.0259628, 9.6351312 ] ] ] } },
{ "type": "Feature", "properties": { "osm_id": "919872500", "code": "6101", "fclass": "rail", "name": "Awash–Weldiya Railway", "layer": 1, "bridge": "T", "tunnel": "F", "path": "F:\\AnimationData\\Rail\\EthioDjibouti\\Ethiopia_Rail.shp" }, "geometry": { "type": "MultiLineString", "coordinates": [ [ [ 40.0259628, 9.6351312 ], [ 40.0259381, 9.6356111 ] ] ] } },
{ "type": "Feature", "properties": { "osm_id": "919872501", "code": "6101", "fclass": "rail", "name": "Awash–Weldiya Railway", "layer": 0, "bridge": "F", "tunnel": "F", "path": "F:\\AnimationData\\Rail\\EthioDjibouti\\Ethiopia_Rail.shp" }, "geometry": { "type": "MultiLineString", "coordinates": [ [ [ 40.0259381, 9.6356111 ], [ 40.0259249, 9.6358672 ], [ 40.0259052, 9.6365316 ], [ 40.0259165, 9.6370378 ], [ 40.0259456, 9.6374913 ], [ 40.0259831, 9.6378528 ], [ 40.0260387, 9.6381814 ], [ 40.0261229, 9.6385856 ], [ 40.0262456, 9.6390453 ], [ 40.0264588, 9.6396926 ] ] ] } },
{ "type": "Feature", "properties": { "osm_id": "919872502", "code": "6101", "fclass": "rail", "name": "Awash–Weldiya Railway", "layer": 1, "bridge": "T", "tunnel": "F", "path": "F:\\AnimationData\\Rail\\EthioDjibouti\\Ethiopia_Rail.shp" }, "geometry": { "type": "MultiLineString", "coordinates": [ [ [ 40.0264588, 9.6396926 ], [ 40.026647, 9.6402636 ] ] ] } },
{ "type": "Feature", "properties": { "osm_id": "919872503", "code": "6101", "fclass": "rail", "name": "Awash–Weldiya Railway", "layer": 0, "bridge": "F", "tunnel": "F", "path": "F:\\AnimationData\\Rail\\EthioDjibouti\\Ethiopia_Rail.shp" }, "geometry": { "type": "MultiLineString", "coordinates": [ [ [ 40.026647, 9.6402636 ], [ 40.0268368, 9.6408399 ], [ 40.026963, 9.6413061 ], [ 40.0270463, 9.6416578 ], [ 40.0271547, 9.6422716 ], [ 40.0272215, 9.6429355 ], [ 40.0272397, 9.6435571 ], [ 40.0272112, 9.644313 ], [ 40.0270988, 9.6450437 ], [ 40.0213623, 9.6739095 ], [ 40.0212481, 9.6748976 ], [ 40.0212385, 9.6758169 ], [ 40.0212869, 9.6767477 ] ] ] } },
{ "type": "Feature", "properties": { "osm_id": "919872504", "code": "6101", "fclass": "rail", "name": "Awash–Weldiya Railway", "layer": 1, "bridge": "T", "tunnel": "F", "path": "F:\\AnimationData\\Rail\\EthioDjibouti\\Ethiopia_Rail.shp" }, "geometry": { "type": "MultiLineString", "coordinates": [ [ [ 40.0212869, 9.6767477 ], [ 40.0213434, 9.6776218 ] ] ] } },
{ "type": "Feature", "properties": { "osm_id": "919872505", "code": "6101", "fclass": "rail", "name": "Awash–Weldiya Railway", "layer": 0, "bridge": "F", "tunnel": "F", "path": "F:\\AnimationData\\Rail\\EthioDjibouti\\Ethiopia_Rail.shp" }, "geometry": { "type": "MultiLineString", "coordinates": [ [ [ 40.0213434, 9.6776218 ], [ 40.0229478, 9.6987036 ], [ 40.0229698, 9.6994607 ], [ 40.0228937, 9.700435 ], [ 40.0226959, 9.7014517 ], [ 40.0223837, 9.7023061 ], [ 40.0219115, 9.7033586 ], [ 40.0183686, 9.7096816 ], [ 40.0179626, 9.7105039 ], [ 40.0176889, 9.7113416 ], [ 40.0175622, 9.7122034 ], [ 40.0175674, 9.7130165 ], [ 40.0177022, 9.7143945 ] ] ] } },
{ "type": "Feature", "properties": { "osm_id": "919872506", "code": "6101", "fclass": "rail", "name": "Awash–Weldiya Railway", "layer": 1, "bridge": "T", "tunnel": "F", "path": "F:\\AnimationData\\Rail\\EthioDjibouti\\Ethiopia_Rail.shp" }, "geometry": { "type": "MultiLineString", "coordinates": [ [ [ 40.0177022, 9.7143945 ], [ 40.0179469, 9.7168944 ] ] ] } },
{ "type": "Feature", "properties": { "osm_id": "919872507", "code": "6101", "fclass": "rail", "name": "Awash–Weldiya Railway", "layer": 0, "bridge": "F", "tunnel": "F", "path": "F:\\AnimationData\\Rail\\EthioDjibouti\\Ethiopia_Rail.shp" }, "geometry": { "type": "MultiLineString", "coordinates": [ [ [ 40.0183847, 9.7213681 ], [ 40.019443, 9.7321826 ] ] ] } },
{ "type": "Feature", "properties": { "osm_id": "919872508", "code": "6101", "fclass": "rail", "name": "Awash–Weldiya Railway", "layer": 1, "bridge": "T", "tunnel": "F", "path": "F:\\AnimationData\\Rail\\EthioDjibouti\\Ethiopia_Rail.shp" }, "geometry": { "type": "MultiLineString", "coordinates": [ [ [ 40.019443, 9.7321826 ], [ 40.0195238, 9.7332682 ] ] ] } },
{ "type": "Feature", "properties": { "osm_id": "919941760", "code": "6101", "fclass": "rail", "name": "Awash–Weldiya Railway", "layer": 0, "bridge": "F", "tunnel": "F", "path": "F:\\AnimationData\\Rail\\EthioDjibouti\\Ethiopia_Rail.shp" }, "geometry": { "type": "MultiLineString", "coordinates": [ [ [ 40.0195238, 9.7332682 ], [ 40.0195826, 9.7340517 ], [ 40.0201292, 9.7402066 ], [ 40.0208125, 9.7467692 ], [ 40.0210491, 9.7488361 ], [ 40.0211146, 9.7495185 ], [ 40.0211508, 9.7500942 ], [ 40.0211193, 9.7510038 ], [ 40.0209568, 9.7520128 ], [ 40.0207642, 9.7527979 ], [ 40.0204246, 9.7537278 ], [ 40.0187263, 9.7581354 ], [ 40.0183899, 9.7594528 ], [ 40.0182164, 9.7607742 ], [ 40.0169188, 9.7752478 ], [ 40.0161483, 9.7838424 ], [ 40.01609, 9.7848978 ], [ 40.0161651, 9.7859532 ], [ 40.0163539, 9.787107 ], [ 40.0166155, 9.7881055 ], [ 40.0200345, 9.7982802 ], [ 40.020377, 9.7996108 ], [ 40.0205862, 9.8007144 ], [ 40.0212697, 9.8064132 ] ] ] } },
{ "type": "Feature", "properties": { "osm_id": "919941761", "code": "6101", "fclass": "rail", "name": "Awash–Weldiya Railway", "layer": 1, "bridge": "T", "tunnel": "F", "path": "F:\\AnimationData\\Rail\\EthioDjibouti\\Ethiopia_Rail.shp" }, "geometry": { "type": "MultiLineString", "coordinates": [ [ [ 40.0212697, 9.8064132 ], [ 40.0213353, 9.8069603 ] ] ] } },
{ "type": "Feature", "properties": { "osm_id": "919941762", "code": "6101", "fclass": "rail", "name": "Awash–Weldiya Railway", "layer": 0, "bridge": "F", "tunnel": "F", "path": "F:\\AnimationData\\Rail\\EthioDjibouti\\Ethiopia_Rail.shp" }, "geometry": { "type": "MultiLineString", "coordinates": [ [ [ 40.0213353, 9.8069603 ], [ 40.0221293, 9.8130579 ], [ 40.0227304, 9.8181084 ] ] ] } },
{ "type": "Feature", "properties": { "osm_id": "919944519", "code": "6101", "fclass": "rail", "name": "Awash–Weldiya Railway", "layer": 0, "bridge": "F", "tunnel": "F", "path": "F:\\AnimationData\\Rail\\EthioDjibouti\\Ethiopia_Rail.shp" }, "geometry": { "type": "MultiLineString", "coordinates": [ [ [ 40.0227304, 9.8181084 ], [ 40.0243079, 9.8322349 ], [ 40.0243516, 9.8329054 ], [ 40.02435, 9.8335414 ], [ 40.024294, 9.8342583 ], [ 40.0241413, 9.8348978 ], [ 40.0239088, 9.8356375 ], [ 40.0236234, 9.8365147 ], [ 40.0216654, 9.8424708 ], [ 40.0212267, 9.8437898 ], [ 40.0206837, 9.8456219 ], [ 40.0200161, 9.847455 ], [ 40.0186028, 9.8517841 ], [ 40.0179386, 9.8540885 ], [ 40.0169827, 9.8568946 ], [ 40.0164466, 9.8581599 ], [ 40.0160479, 9.8591782 ] ] ] } },
{ "type": "Feature", "properties": { "osm_id": "919944521", "code": "6101", "fclass": "rail", "name": "Awash–Weldiya Railway", "layer": 0, "bridge": "F", "tunnel": "F", "path": "F:\\AnimationData\\Rail\\EthioDjibouti\\Ethiopia_Rail.shp" }, "geometry": { "type": "MultiLineString", "coordinates": [ [ [ 40.0160479, 9.8591782 ], [ 40.0153712, 9.8614418 ], [ 40.0150059, 9.86242 ], [ 40.0143895, 9.8639022 ], [ 40.0138376, 9.8649499 ], [ 40.0132091, 9.8661769 ], [ 40.0125297, 9.867338 ], [ 40.0119662, 9.8681731 ], [ 40.0116027, 9.8687333 ], [ 40.0111508, 9.8695207 ], [ 40.0107304, 9.8701171 ], [ 40.0087708, 9.8725369 ] ] ] } },
{ "type": "Feature", "properties": { "osm_id": "919970378", "code": "6101", "fclass": "rail", "name": "Awash–Weldiya Railway", "layer": 1, "bridge": "T", "tunnel": "F", "path": "F:\\AnimationData\\Rail\\EthioDjibouti\\Ethiopia_Rail.shp" }, "geometry": { "type": "MultiLineString", "coordinates": [ [ [ 39.9706695, 9.9399383 ], [ 39.9707288, 9.9413621 ] ] ] } },
{ "type": "Feature", "properties": { "osm_id": "919970379", "code": "6101", "fclass": "rail", "name": null, "layer": 0, "bridge": "F", "tunnel": "F", "path": "F:\\AnimationData\\Rail\\EthioDjibouti\\Ethiopia_Rail.shp" }, "geometry": { "type": "MultiLineString", "coordinates": [ [ [ 39.9519353, 10.0144524 ], [ 39.9521904, 10.0138833 ], [ 39.9560268, 10.0071706 ], [ 39.9564728, 10.0065488 ] ] ] } },
{ "type": "Feature", "properties": { "osm_id": "921662394", "code": "6101", "fclass": "rail", "name": "Awash–Weldiya Railway", "layer": 0, "bridge": "F", "tunnel": "F", "path": "F:\\AnimationData\\Rail\\EthioDjibouti\\Ethiopia_Rail.shp" }, "geometry": { "type": "MultiLineString", "coordinates": [ [ [ 39.9947385, 10.246503 ], [ 39.9943066, 10.2467016 ], [ 39.9938861, 10.246866 ], [ 39.9934507, 10.2470037 ], [ 39.9930067, 10.2471183 ], [ 39.9925448, 10.2472056 ], [ 39.9920952, 10.2472626 ], [ 39.9916403, 10.2472923 ], [ 39.9912354, 10.2472953 ], [ 39.9909134, 10.247284 ], [ 39.9896021, 10.2472038 ], [ 39.989324, 10.2471809 ], [ 39.9890122, 10.2471437 ], [ 39.9887056, 10.2470938 ], [ 39.9884087, 10.2470326 ], [ 39.988114, 10.2469596 ], [ 39.9878544, 10.2468849 ], [ 39.987588, 10.2467972 ], [ 39.9873405, 10.2467059 ], [ 39.9870778, 10.2465982 ], [ 39.9868119, 10.2464774 ], [ 39.9865626, 10.2463525 ], [ 39.9863036, 10.2462097 ], [ 39.9860703, 10.2460698 ], [ 39.985843, 10.2459209 ], [ 39.9856199, 10.2457626 ], [ 39.9853875, 10.2455838 ], [ 39.9851989, 10.2454301 ], [ 39.9849885, 10.245244 ], [ 39.9847989, 10.2450632 ], [ 39.9846575, 10.2449197 ], [ 39.9844914, 10.2447423 ], [ 39.9843159, 10.2445395 ], [ 39.9821475, 10.2419701 ], [ 39.9820015, 10.2417993 ], [ 39.9818596, 10.2416446 ], [ 39.981705, 10.2414869 ], [ 39.9815283, 10.2413214 ], [ 39.981335, 10.2411511 ], [ 39.9811572, 10.2410072 ], [ 39.9809633, 10.2408615 ], [ 39.9807677, 10.240726 ], [ 39.9805726, 10.2406019 ], [ 39.9803811, 10.2404887 ], [ 39.9801843, 10.2403818 ], [ 39.9799587, 10.2402685 ], [ 39.9797172, 10.2401602 ], [ 39.9794932, 10.2400704 ], [ 39.9792479, 10.2399835 ], [ 39.9790053, 10.2399052 ], [ 39.9788035, 10.2398514 ], [ 39.9785684, 10.2397955 ], [ 39.9783117, 10.2397444 ], [ 39.9780411, 10.2397029 ], [ 39.9777848, 10.2396737 ], [ 39.9775114, 10.2396546 ], [ 39.9772331, 10.2396471 ], [ 39.9769735, 10.2396506 ], [ 39.9766716, 10.2396676 ], [ 39.9763926, 10.2396954 ], [ 39.9761153, 10.2397358 ], [ 39.9758194, 10.2397921 ], [ 39.9755452, 10.2398576 ], [ 39.9752267, 10.2399487 ], [ 39.9699381, 10.241569 ], [ 39.9689627, 10.2419125 ], [ 39.9679192, 10.2423554 ], [ 39.9670804, 10.2427566 ], [ 39.9644382, 10.2440905 ], [ 39.9638146, 10.2444335 ], [ 39.9632178, 10.2447898 ], [ 39.9626203, 10.2451994 ], [ 39.9620448, 10.245637 ], [ 39.9614925, 10.2460958 ], [ 39.9600122, 10.2474444 ], [ 39.95948, 10.2479216 ], [ 39.9590331, 10.2482668 ], [ 39.9586237, 10.2485119 ] ] ] } },
{ "type": "Feature", "properties": { "osm_id": "931428390", "code": "6101", "fclass": "rail", "name": "Addis Ababa – Djibouti Railway", "layer": 0, "bridge": "T", "tunnel": "F", "path": "F:\\AnimationData\\Rail\\EthioDjibouti\\Ethiopia_Rail.shp" }, "geometry": { "type": "MultiLineString", "coordinates": [ [ [ 40.6954675, 9.1997621 ], [ 40.6951224, 9.199482 ] ] ] } },
{ "type": "Feature", "properties": { "osm_id": "931428391", "code": "6101", "fclass": "rail", "name": "Addis Ababa – Djibouti Railway", "layer": 0, "bridge": "F", "tunnel": "F", "path": "F:\\AnimationData\\Rail\\EthioDjibouti\\Ethiopia_Rail.shp" }, "geometry": { "type": "MultiLineString", "coordinates": [ [ [ 40.6951224, 9.199482 ], [ 40.6940085, 9.1986992 ], [ 40.683911, 9.1920745 ], [ 40.6820085, 9.1907756 ], [ 40.6803206, 9.1898799 ], [ 40.6793616, 9.1895107 ], [ 40.6784521, 9.1892125 ] ] ] } },
{ "type": "Feature", "properties": { "osm_id": "931428392", "code": "6101", "fclass": "rail", "name": "Addis Ababa – Djibouti Railway", "layer": 0, "bridge": "T", "tunnel": "F", "path": "F:\\AnimationData\\Rail\\EthioDjibouti\\Ethiopia_Rail.shp" }, "geometry": { "type": "MultiLineString", "coordinates": [ [ [ 40.6784521, 9.1892125 ], [ 40.6767266, 9.1888091 ] ] ] } },
{ "type": "Feature", "properties": { "osm_id": "931428393", "code": "6101", "fclass": "rail", "name": "Addis Ababa – Djibouti Railway", "layer": 0, "bridge": "F", "tunnel": "F", "path": "F:\\AnimationData\\Rail\\EthioDjibouti\\Ethiopia_Rail.shp" }, "geometry": { "type": "MultiLineString", "coordinates": [ [ [ 40.7348157, 9.2148174 ], [ 40.7329097, 9.2145298 ], [ 40.7286451, 9.2138858 ], [ 40.7281118, 9.2138053 ], [ 40.7276786, 9.2137399 ], [ 40.7256968, 9.2134499 ], [ 40.7140249, 9.2117927 ], [ 40.7122038, 9.2114646 ], [ 40.7106328, 9.2110897 ], [ 40.7085976, 9.210434 ], [ 40.7055386, 9.2091712 ], [ 40.7016604, 9.207213 ], [ 40.7008684, 9.2067731 ], [ 40.7001855, 9.2062844 ], [ 40.6997063, 9.2058894 ], [ 40.6992617, 9.2054368 ], [ 40.6988215, 9.2048887 ], [ 40.6984943, 9.2044213 ], [ 40.6978298, 9.2032596 ], [ 40.6972554, 9.2021383 ], [ 40.6968008, 9.2013246 ], [ 40.6962933, 9.2006283 ], [ 40.6954675, 9.1997621 ] ] ] } },
{ "type": "Feature", "properties": { "osm_id": "931428406", "code": "6101", "fclass": "rail", "name": null, "layer": 0, "bridge": "F", "tunnel": "F", "path": "F:\\AnimationData\\Rail\\EthioDjibouti\\Ethiopia_Rail.shp" }, "geometry": { "type": "MultiLineString", "coordinates": [ [ [ 41.7787451, 9.6297341 ], [ 41.7789334, 9.6297698 ] ] ] } },
{ "type": "Feature", "properties": { "osm_id": "931428407", "code": "6101", "fclass": "rail", "name": null, "layer": 0, "bridge": "F", "tunnel": "F", "path": "F:\\AnimationData\\Rail\\EthioDjibouti\\Ethiopia_Rail.shp" }, "geometry": { "type": "MultiLineString", "coordinates": [ [ [ 41.7789334, 9.6297698 ], [ 41.7790793, 9.6297882 ], [ 41.7792614, 9.6298009 ], [ 41.7800119, 9.6298557 ] ] ] } },
{ "type": "Feature", "properties": { "osm_id": "941598722", "code": "6101", "fclass": "rail", "name": "Addis Ababa – Djibouti Railway", "layer": 0, "bridge": "F", "tunnel": "F", "path": "F:\\AnimationData\\Rail\\EthioDjibouti\\Ethiopia_Rail.shp" }, "geometry": { "type": "MultiLineString", "coordinates": [ [ [ 40.3212797, 9.006413 ], [ 40.2704292, 9.0055012 ], [ 40.2694174, 9.005496 ], [ 40.2683322, 9.0055318 ], [ 40.2666246, 9.0056505 ], [ 40.2646276, 9.0058728 ], [ 40.2634837, 9.0060508 ], [ 40.2624715, 9.0062273 ], [ 40.2571822, 9.0072383 ] ] ] } },
{ "type": "Feature", "properties": { "osm_id": "941598723", "code": "6101", "fclass": "rail", "name": "Addis Ababa – Djibouti Railway", "layer": 0, "bridge": "T", "tunnel": "F", "path": "F:\\AnimationData\\Rail\\EthioDjibouti\\Ethiopia_Rail.shp" }, "geometry": { "type": "MultiLineString", "coordinates": [ [ [ 40.3217388, 9.0064208 ], [ 40.3212797, 9.006413 ] ] ] } },
{ "type": "Feature", "properties": { "osm_id": "941598726", "code": "6101", "fclass": "rail", "name": "Addis Ababa – Djibouti Railway", "layer": 0, "bridge": "F", "tunnel": "F", "path": "F:\\AnimationData\\Rail\\EthioDjibouti\\Ethiopia_Rail.shp" }, "geometry": { "type": "MultiLineString", "coordinates": [ [ [ 40.3353795, 9.0066806 ], [ 40.3306979, 9.0065765 ], [ 40.3217388, 9.0064208 ] ] ] } },
{ "type": "Feature", "properties": { "osm_id": "941598727", "code": "6101", "fclass": "rail", "name": "Addis Ababa – Djibouti Railway", "layer": 0, "bridge": "T", "tunnel": "F", "path": "F:\\AnimationData\\Rail\\EthioDjibouti\\Ethiopia_Rail.shp" }, "geometry": { "type": "MultiLineString", "coordinates": [ [ [ 40.3363829, 9.0066981 ], [ 40.3353795, 9.0066806 ] ] ] } },
{ "type": "Feature", "properties": { "osm_id": "941598728", "code": "6101", "fclass": "rail", "name": "Addis Ababa – Djibouti Railway", "layer": 0, "bridge": "F", "tunnel": "F", "path": "F:\\AnimationData\\Rail\\EthioDjibouti\\Ethiopia_Rail.shp" }, "geometry": { "type": "MultiLineString", "coordinates": [ [ [ 40.3489245, 9.0074154 ], [ 40.3475389, 9.0071869 ], [ 40.3459562, 9.0070034 ], [ 40.3449456, 9.0069146 ], [ 40.3441436, 9.0068655 ], [ 40.3418714, 9.0067949 ], [ 40.3396665, 9.0067572 ], [ 40.3363829, 9.0066981 ] ] ] } },
{ "type": "Feature", "properties": { "osm_id": "941598729", "code": "6101", "fclass": "rail", "name": "Addis Ababa – Djibouti Railway", "layer": 0, "bridge": "T", "tunnel": "F", "path": "F:\\AnimationData\\Rail\\EthioDjibouti\\Ethiopia_Rail.shp" }, "geometry": { "type": "MultiLineString", "coordinates": [ [ [ 40.3496756, 9.0075901 ], [ 40.3489245, 9.0074154 ] ] ] } },
{ "type": "Feature", "properties": { "osm_id": "941598740", "code": "6101", "fclass": "rail", "name": "Addis Ababa – Djibouti Railway", "layer": 0, "bridge": "F", "tunnel": "F", "path": "F:\\AnimationData\\Rail\\EthioDjibouti\\Ethiopia_Rail.shp" }, "geometry": { "type": "MultiLineString", "coordinates": [ [ [ 40.4953274, 9.0894556 ], [ 40.4934385, 9.0885238 ], [ 40.4893684, 9.0865042 ], [ 40.4874355, 9.0853106 ], [ 40.4841482, 9.0832177 ], [ 40.4821643, 9.0819891 ], [ 40.4800487, 9.0807762 ], [ 40.4780853, 9.0799075 ], [ 40.4761326, 9.0791288 ], [ 40.4738849, 9.0784719 ], [ 40.4716372, 9.0779422 ], [ 40.4690652, 9.0775558 ], [ 40.4656227, 9.0771549 ] ] ] } },
{ "type": "Feature", "properties": { "osm_id": "941598741", "code": "6101", "fclass": "rail", "name": "Addis Ababa – Djibouti Railway", "layer": 0, "bridge": "T", "tunnel": "F", "path": "F:\\AnimationData\\Rail\\EthioDjibouti\\Ethiopia_Rail.shp" }, "geometry": { "type": "MultiLineString", "coordinates": [ [ [ 40.4656227, 9.0771549 ], [ 40.4649106, 9.0770567 ] ] ] } },
{ "type": "Feature", "properties": { "osm_id": "941598742", "code": "6101", "fclass": "rail", "name": "Addis Ababa – Djibouti Railway", "layer": 0, "bridge": "F", "tunnel": "F", "path": "F:\\AnimationData\\Rail\\EthioDjibouti\\Ethiopia_Rail.shp" }, "geometry": { "type": "MultiLineString", "coordinates": [ [ [ 40.600011, 9.1022798 ], [ 40.5986081, 9.1014576 ], [ 40.5976913, 9.1009904 ], [ 40.596756, 9.1006025 ], [ 40.5951115, 9.0999266 ], [ 40.5944724, 9.0997241 ], [ 40.5933374, 9.099421 ], [ 40.5920205, 9.0990734 ], [ 40.5898371, 9.098739 ], [ 40.5867607, 9.0983713 ], [ 40.5788591, 9.0976181 ] ] ] } },
{ "type": "Feature", "properties": { "osm_id": "941598743", "code": "6101", "fclass": "rail", "name": "Addis Ababa – Djibouti Railway", "layer": 0, "bridge": "T", "tunnel": "F", "path": "F:\\AnimationData\\Rail\\EthioDjibouti\\Ethiopia_Rail.shp" }, "geometry": { "type": "MultiLineString", "coordinates": [ [ [ 40.5788591, 9.0976181 ], [ 40.5785592, 9.0975928 ] ] ] } },
{ "type": "Feature", "properties": { "osm_id": "941598744", "code": "6101", "fclass": "rail", "name": "Addis Ababa – Djibouti Railway", "layer": 0, "bridge": "F", "tunnel": "F", "path": "F:\\AnimationData\\Rail\\EthioDjibouti\\Ethiopia_Rail.shp" }, "geometry": { "type": "MultiLineString", "coordinates": [ [ [ 40.6012911, 9.1030377 ], [ 40.6003933, 9.1025168 ] ] ] } },
{ "type": "Feature", "properties": { "osm_id": "941598745", "code": "6101", "fclass": "rail", "name": "Addis Ababa – Djibouti Railway", "layer": 0, "bridge": "T", "tunnel": "F", "path": "F:\\AnimationData\\Rail\\EthioDjibouti\\Ethiopia_Rail.shp" }, "geometry": { "type": "MultiLineString", "coordinates": [ [ [ 40.6003933, 9.1025168 ], [ 40.600011, 9.1022798 ] ] ] } },
{ "type": "Feature", "properties": { "osm_id": "941601016", "code": "6101", "fclass": "rail", "name": "Addis Ababa – Djibouti Railway", "layer": 0, "bridge": "F", "tunnel": "F", "path": "F:\\AnimationData\\Rail\\EthioDjibouti\\Ethiopia_Rail.shp" }, "geometry": { "type": "MultiLineString", "coordinates": [ [ [ 41.0123959, 9.477458 ], [ 41.0095754, 9.4754418 ], [ 41.0080531, 9.4742295 ], [ 41.0067695, 9.4730483 ], [ 41.005437, 9.4718093 ] ] ] } },
{ "type": "Feature", "properties": { "osm_id": "941601017", "code": "6101", "fclass": "rail", "name": "Addis Ababa – Djibouti Railway", "layer": 0, "bridge": "T", "tunnel": "F", "path": "F:\\AnimationData\\Rail\\EthioDjibouti\\Ethiopia_Rail.shp" }, "geometry": { "type": "MultiLineString", "coordinates": [ [ [ 41.0046705, 9.4711137 ], [ 41.0041297, 9.4706042 ] ] ] } },
{ "type": "Feature", "properties": { "osm_id": "941950900", "code": "6101", "fclass": "rail", "name": "Addis Ababa – Djibouti Railway", "layer": 0, "bridge": "F", "tunnel": "F", "path": "F:\\AnimationData\\Rail\\EthioDjibouti\\Ethiopia_Rail.shp" }, "geometry": { "type": "MultiLineString", "coordinates": [ [ [ 42.4532395, 10.6666308 ], [ 42.4524435, 10.6658214 ], [ 42.4508757, 10.6642164 ], [ 42.4502546, 10.6636287 ], [ 42.449874, 10.6632899 ], [ 42.4497033, 10.6631591 ], [ 42.4494509, 10.662986 ], [ 42.4491218, 10.6627383 ], [ 42.4487739, 10.6625221 ], [ 42.4485237, 10.6623479 ], [ 42.4481959, 10.6621605 ], [ 42.4479339, 10.662011 ], [ 42.4476801, 10.6618758 ], [ 42.4474293, 10.6617501 ], [ 42.4462824, 10.6612591 ], [ 42.4457204, 10.6610646 ], [ 42.4424158, 10.6599399 ] ] ] } },
{ "type": "Feature", "properties": { "osm_id": "941950901", "code": "6101", "fclass": "rail", "name": "Addis Ababa – Djibouti Railway", "layer": 0, "bridge": "T", "tunnel": "F", "path": "F:\\AnimationData\\Rail\\EthioDjibouti\\Ethiopia_Rail.shp" }, "geometry": { "type": "MultiLineString", "coordinates": [ [ [ 42.4424158, 10.6599399 ], [ 42.4423111, 10.6598967 ] ] ] } },
{ "type": "Feature", "properties": { "osm_id": "941950902", "code": "6101", "fclass": "rail", "name": "Addis Ababa – Djibouti Railway", "layer": 0, "bridge": "F", "tunnel": "F", "path": "F:\\AnimationData\\Rail\\EthioDjibouti\\Ethiopia_Rail.shp" }, "geometry": { "type": "MultiLineString", "coordinates": [ [ [ 42.5748014, 10.7803815 ], [ 42.5728809, 10.7674688 ], [ 42.5726236, 10.7659791 ], [ 42.572379, 10.7651914 ] ] ] } },
{ "type": "Feature", "properties": { "osm_id": "942273670", "code": "6101", "fclass": "rail", "name": "Addis Ababa – Djibouti Railway", "layer": 0, "bridge": "F", "tunnel": "F", "path": "F:\\AnimationData\\Rail\\EthioDjibouti\\Ethiopia_Rail.shp" }, "geometry": { "type": "MultiLineString", "coordinates": [ [ [ 41.0955777, 9.5220297 ], [ 41.0949568, 9.5214465 ], [ 41.0943744, 9.5210154 ] ] ] } },
{ "type": "Feature", "properties": { "osm_id": "942299975", "code": "6101", "fclass": "rail", "name": "Addis Ababa – Djibouti Railway", "layer": 0, "bridge": "F", "tunnel": "F", "path": "F:\\AnimationData\\Rail\\EthioDjibouti\\Ethiopia_Rail.shp" }, "geometry": { "type": "MultiLineString", "coordinates": [ [ [ 40.9030439, 9.3467829 ], [ 40.902127, 9.3459382 ], [ 40.9013807, 9.3451894 ], [ 40.8923087, 9.3352669 ], [ 40.8911726, 9.3340015 ], [ 40.890106, 9.3328041 ], [ 40.8889906, 9.3314501 ], [ 40.8876806, 9.3297865 ], [ 40.8805066, 9.3207272 ], [ 40.8787843, 9.3185722 ], [ 40.8780011, 9.3177138 ] ] ] } },
{ "type": "Feature", "properties": { "osm_id": "942299976", "code": "6101", "fclass": "rail", "name": "Addis Ababa – Djibouti Railway", "layer": 0, "bridge": "T", "tunnel": "F", "path": "F:\\AnimationData\\Rail\\EthioDjibouti\\Ethiopia_Rail.shp" }, "geometry": { "type": "MultiLineString", "coordinates": [ [ [ 40.8780011, 9.3177138 ], [ 40.8775425, 9.3172343 ] ] ] } },
{ "type": "Feature", "properties": { "osm_id": "959118654", "code": "6101", "fclass": "rail", "name": null, "layer": 0, "bridge": "F", "tunnel": "F", "path": "F:\\AnimationData\\Rail\\EthioDjibouti\\Ethiopia_Rail.shp" }, "geometry": { "type": "MultiLineString", "coordinates": [ [ [ 41.7658238, 9.6286541 ], [ 41.7662466, 9.6287272 ] ] ] } },
{ "type": "Feature", "properties": { "osm_id": "959118655", "code": "6101", "fclass": "rail", "name": null, "layer": 0, "bridge": "F", "tunnel": "F", "path": "F:\\AnimationData\\Rail\\EthioDjibouti\\Ethiopia_Rail.shp" }, "geometry": { "type": "MultiLineString", "coordinates": [ [ [ 41.7672125, 9.6287903 ], [ 41.7678112, 9.6287897 ], [ 41.7682419, 9.628822 ], [ 41.7771723, 9.6294597 ], [ 41.77768, 9.6294959 ], [ 41.7782106, 9.6295843 ] ] ] } },
{ "type": "Feature", "properties": { "osm_id": "967769106", "code": "6101", "fclass": "rail", "name": "Chemin de fer Addis-Abeba – Djibouti ??? ???? ???? ????? - ??????", "layer": 0, "bridge": "F", "tunnel": "F", "path": "F:\\AnimationData\\Rail\\EthioDjibouti\\Ethiopia_Rail.shp" }, "geometry": { "type": "MultiLineString", "coordinates": [ [ [ 42.644905, 11.0950008 ], [ 42.6440562, 11.0933928 ] ] ] } },
{ "type": "Feature", "properties": { "osm_id": "967769107", "code": "6101", "fclass": "rail", "name": "Chemin de fer Addis-Abeba – Djibouti ??? ???? ???? ????? - ??????", "layer": 1, "bridge": "T", "tunnel": "F", "path": "F:\\AnimationData\\Rail\\EthioDjibouti\\Ethiopia_Rail.shp" }, "geometry": { "type": "MultiLineString", "coordinates": [ [ [ 42.6449343, 11.0950557 ], [ 42.644905, 11.0950008 ] ] ] } },
{ "type": "Feature", "properties": { "osm_id": "967769108", "code": "6101", "fclass": "rail", "name": "Chemin de fer Addis-Abeba – Djibouti ??? ???? ???? ????? - ??????", "layer": 0, "bridge": "F", "tunnel": "F", "path": "F:\\AnimationData\\Rail\\EthioDjibouti\\Ethiopia_Rail.shp" }, "geometry": { "type": "MultiLineString", "coordinates": [ [ [ 42.6428908, 11.0909037 ], [ 42.6427406, 11.0902865 ], [ 42.6418672, 11.086685 ] ] ] } },
{ "type": "Feature", "properties": { "osm_id": "967769109", "code": "6101", "fclass": "rail", "name": "Chemin de fer Addis-Abeba – Djibouti ??? ???? ???? ????? - ??????", "layer": 0, "bridge": "F", "tunnel": "F", "path": "F:\\AnimationData\\Rail\\EthioDjibouti\\Ethiopia_Rail.shp" }, "geometry": { "type": "MultiLineString", "coordinates": [ [ [ 42.6754134, 11.1170892 ], [ 42.6707389, 11.1154584 ], [ 42.6690231, 11.1149017 ], [ 42.6556336, 11.1101985 ], [ 42.6554591, 11.1101344 ], [ 42.6548539, 11.1098706 ], [ 42.6543397, 11.109589 ], [ 42.6537334, 11.1092115 ], [ 42.6531691, 11.1088382 ], [ 42.6526021, 11.1083668 ], [ 42.6521637, 11.1079448 ], [ 42.6517126, 11.1074553 ], [ 42.6511883, 11.1067559 ], [ 42.650778, 11.1060684 ], [ 42.6449343, 11.0950557 ] ] ] } },
{ "type": "Feature", "properties": { "osm_id": "983286508", "code": "6101", "fclass": "rail", "name": "Addis Ababa – Djibouti Railway", "layer": 1, "bridge": "T", "tunnel": "F", "path": "F:\\AnimationData\\Rail\\EthioDjibouti\\Ethiopia_Rail.shp" }, "geometry": { "type": "MultiLineString", "coordinates": [ [ [ 40.1864464, 9.0306263 ], [ 40.185909, 9.0304238 ], [ 40.1854508, 9.0302276 ] ] ] } },
{ "type": "Feature", "properties": { "osm_id": "983286511", "code": "6101", "fclass": "rail", "name": null, "layer": -1, "bridge": "F", "tunnel": "T", "path": "F:\\AnimationData\\Rail\\EthioDjibouti\\Ethiopia_Rail.shp" }, "geometry": { "type": "MultiLineString", "coordinates": [ [ [ 40.1524391, 9.0133377 ], [ 40.1523918, 9.0136629 ] ] ] } },
{ "type": "Feature", "properties": { "osm_id": "983677024", "code": "6101", "fclass": "rail", "name": "Addis Ababa – Djibouti Railway", "layer": 0, "bridge": "F", "tunnel": "F", "path": "F:\\AnimationData\\Rail\\EthioDjibouti\\Ethiopia_Rail.shp" }, "geometry": { "type": "MultiLineString", "coordinates": [ [ [ 39.1394567, 8.565705 ], [ 39.1392166, 8.5652797 ], [ 39.1390136, 8.5648824 ], [ 39.1388312, 8.5644915 ], [ 39.1386918, 8.5641155 ], [ 39.1385638, 8.5637272 ], [ 39.1384566, 8.5632948 ], [ 39.1383833, 8.5628956 ] ] ] } },
{ "type": "Feature", "properties": { "osm_id": "984851428", "code": "6101", "fclass": "rail", "name": "Addis Ababa – Djibouti Railway", "layer": 0, "bridge": "F", "tunnel": "F", "path": "F:\\AnimationData\\Rail\\EthioDjibouti\\Ethiopia_Rail.shp" }, "geometry": { "type": "MultiLineString", "coordinates": [ [ [ 39.1283477, 8.6179783 ], [ 39.128803, 8.6176246 ], [ 39.129171, 8.6173182 ], [ 39.1295031, 8.6170204 ], [ 39.1298523, 8.6166954 ], [ 39.1301621, 8.6163874 ], [ 39.1305267, 8.6160134 ], [ 39.1308468, 8.6156665 ], [ 39.1311737, 8.6152755 ], [ 39.1314886, 8.6148948 ], [ 39.1318002, 8.6145089 ], [ 39.1320946, 8.6140909 ], [ 39.1323719, 8.6136898 ], [ 39.1326321, 8.6132768 ], [ 39.1328392, 8.6129468 ], [ 39.133125, 8.6124391 ], [ 39.1333612, 8.6119906 ], [ 39.1335906, 8.6115421 ], [ 39.1337977, 8.6110987 ], [ 39.1339723, 8.6106993 ], [ 39.1341623, 8.610217 ], [ 39.1343352, 8.6097431 ], [ 39.1345012, 8.6092963 ], [ 39.134633, 8.60888 ], [ 39.1347597, 8.6084281 ], [ 39.1348812, 8.6079576 ], [ 39.1349891, 8.6074939 ], [ 39.1350883, 8.6070082 ], [ 39.1351862, 8.6064584 ], [ 39.1352518, 8.6060134 ] ] ] } },
{ "type": "Feature", "properties": { "osm_id": "984851429", "code": "6101", "fclass": "rail", "name": "Addis Ababa – Djibouti Railway", "layer": 1, "bridge": "T", "tunnel": "F", "path": "F:\\AnimationData\\Rail\\EthioDjibouti\\Ethiopia_Rail.shp" }, "geometry": { "type": "MultiLineString", "coordinates": [ [ [ 39.1352518, 8.6060134 ], [ 39.1353145, 8.6056045 ] ] ] } },
{ "type": "Feature", "properties": { "osm_id": "984851430", "code": "6101", "fclass": "rail", "name": "Addis Ababa – Djibouti Railway", "layer": 1, "bridge": "T", "tunnel": "F", "path": "F:\\AnimationData\\Rail\\EthioDjibouti\\Ethiopia_Rail.shp" }, "geometry": { "type": "MultiLineString", "coordinates": [ [ [ 39.1278359, 8.6183523 ], [ 39.1283477, 8.6179783 ] ] ] } },
{ "type": "Feature", "properties": { "osm_id": "985462005", "code": "6101", "fclass": "rail", "name": "Addis Ababa – Djibouti Railway", "layer": 0, "bridge": "F", "tunnel": "F", "path": "F:\\AnimationData\\Rail\\EthioDjibouti\\Ethiopia_Rail.shp" }, "geometry": { "type": "MultiLineString", "coordinates": [ [ [ 39.0158128, 8.7698825 ], [ 39.016568, 8.7687515 ], [ 39.0169318, 8.768199 ], [ 39.0219035, 8.7606481 ], [ 39.0221592, 8.7602609 ], [ 39.0224995, 8.7597458 ], [ 39.023281, 8.7585627 ] ] ] } },
{ "type": "Feature", "properties": { "osm_id": "985462006", "code": "6101", "fclass": "rail", "name": "Addis Ababa – Djibouti Railway", "layer": 1, "bridge": "T", "tunnel": "F", "path": "F:\\AnimationData\\Rail\\EthioDjibouti\\Ethiopia_Rail.shp" }, "geometry": { "type": "MultiLineString", "coordinates": [ [ [ 39.023281, 8.7585627 ], [ 39.0233734, 8.7584186 ] ] ] } },
{ "type": "Feature", "properties": { "osm_id": "985462007", "code": "6101", "fclass": "rail", "name": "Addis Ababa – Djibouti Railway", "layer": 0, "bridge": "F", "tunnel": "F", "path": "F:\\AnimationData\\Rail\\EthioDjibouti\\Ethiopia_Rail.shp" }, "geometry": { "type": "MultiLineString", "coordinates": [ [ [ 39.0233734, 8.7584186 ], [ 39.0252048, 8.7556453 ], [ 39.0335461, 8.7440535 ] ] ] } },
{ "type": "Feature", "properties": { "osm_id": "985462008", "code": "6101", "fclass": "rail", "name": "Addis Ababa – Djibouti Railway", "layer": 0, "bridge": "F", "tunnel": "F", "path": "F:\\AnimationData\\Rail\\EthioDjibouti\\Ethiopia_Rail.shp" }, "geometry": { "type": "MultiLineString", "coordinates": [ [ [ 39.0336558, 8.7439007 ], [ 39.0620427, 8.7044515 ], [ 39.0730908, 8.6890937 ], [ 39.0771495, 8.6834923 ] ] ] } },
{ "type": "Feature", "properties": { "osm_id": "985462009", "code": "6101", "fclass": "rail", "name": "Addis Ababa – Djibouti Railway", "layer": 1, "bridge": "T", "tunnel": "F", "path": "F:\\AnimationData\\Rail\\EthioDjibouti\\Ethiopia_Rail.shp" }, "geometry": { "type": "MultiLineString", "coordinates": [ [ [ 39.0335461, 8.7440535 ], [ 39.0336558, 8.7439007 ] ] ] } },
{ "type": "Feature", "properties": { "osm_id": "985462010", "code": "6101", "fclass": "rail", "name": "Addis Ababa – Djibouti Railway", "layer": 1, "bridge": "T", "tunnel": "F", "path": "F:\\AnimationData\\Rail\\EthioDjibouti\\Ethiopia_Rail.shp" }, "geometry": { "type": "MultiLineString", "coordinates": [ [ [ 39.0834569, 8.6697114 ], [ 39.083703, 8.6685247 ] ] ] } },
{ "type": "Feature", "properties": { "osm_id": "985462013", "code": "6101", "fclass": "rail", "name": "Addis Ababa – Djibouti Railway", "layer": 0, "bridge": "F", "tunnel": "F", "path": "F:\\AnimationData\\Rail\\EthioDjibouti\\Ethiopia_Rail.shp" }, "geometry": { "type": "MultiLineString", "coordinates": [ [ [ 39.083703, 8.6685247 ], [ 39.085916, 8.6588959 ], [ 39.0863764, 8.6573526 ], [ 39.0870654, 8.6554876 ], [ 39.0877092, 8.6540569 ], [ 39.0884309, 8.6526428 ], [ 39.0893598, 8.6511718 ], [ 39.0902257, 8.6499442 ], [ 39.090775, 8.6491788 ], [ 39.0917458, 8.6480129 ], [ 39.1113909, 8.6261891 ], [ 39.1122281, 8.6253488 ], [ 39.1129843, 8.6247804 ], [ 39.1138876, 8.6242121 ], [ 39.1150732, 8.6236656 ] ] ] } },
{ "type": "Feature", "properties": { "osm_id": "985462014", "code": "6101", "fclass": "rail", "name": "Addis Ababa – Djibouti Railway", "layer": 1, "bridge": "T", "tunnel": "F", "path": "F:\\AnimationData\\Rail\\EthioDjibouti\\Ethiopia_Rail.shp" }, "geometry": { "type": "MultiLineString", "coordinates": [ [ [ 39.1150732, 8.6236656 ], [ 39.1172355, 8.6228676 ] ] ] } },
{ "type": "Feature", "properties": { "osm_id": "985462015", "code": "6101", "fclass": "rail", "name": "Addis Ababa – Djibouti Railway", "layer": 0, "bridge": "F", "tunnel": "F", "path": "F:\\AnimationData\\Rail\\EthioDjibouti\\Ethiopia_Rail.shp" }, "geometry": { "type": "MultiLineString", "coordinates": [ [ [ 39.1172355, 8.6228676 ], [ 39.1236167, 8.6206217 ], [ 39.1240898, 8.6204357 ], [ 39.124494, 8.6202687 ], [ 39.1249593, 8.6200607 ], [ 39.1253718, 8.6198664 ], [ 39.1257772, 8.6196565 ], [ 39.126169, 8.6194402 ], [ 39.1265509, 8.6192153 ], [ 39.1269383, 8.6189704 ], [ 39.1273232, 8.6187164 ], [ 39.1278359, 8.6183523 ] ] ] } },
{ "type": "Feature", "properties": { "osm_id": "991725359", "code": "6101", "fclass": "rail", "name": "Awash–Weldiya Railway", "layer": 0, "bridge": "F", "tunnel": "F", "path": "F:\\AnimationData\\Rail\\EthioDjibouti\\Ethiopia_Rail.shp" }, "geometry": { "type": "MultiLineString", "coordinates": [ [ [ 39.7573037, 10.8855602 ], [ 39.7587076, 10.8930767 ], [ 39.7587431, 10.8932668 ], [ 39.7594679, 10.8971472 ], [ 39.7595743, 10.8977425 ], [ 39.7596646, 10.8983075 ], [ 39.759734, 10.8988856 ], [ 39.7597866, 10.8994468 ], [ 39.7598183, 10.9000226 ], [ 39.7598222, 10.9005741 ], [ 39.759811, 10.9011378 ], [ 39.7597964, 10.9016156 ], [ 39.7597699, 10.9020965 ], [ 39.759723, 10.9026214 ], [ 39.759657, 10.9031878 ], [ 39.7595693, 10.9037394 ], [ 39.7594582, 10.9043009 ], [ 39.7593375, 10.904834 ], [ 39.7592096, 10.9053833 ], [ 39.7590429, 10.9058842 ], [ 39.7588626, 10.9064399 ], [ 39.7586799, 10.9069869 ], [ 39.7584804, 10.9074937 ], [ 39.7583093, 10.9078963 ], [ 39.7582339, 10.9080738 ], [ 39.7580081, 10.9085511 ], [ 39.7577433, 10.9090702 ], [ 39.7482886, 10.9265963 ], [ 39.7480349, 10.9270414 ], [ 39.7478143, 10.927406 ], [ 39.7476231, 10.9276927 ], [ 39.7473546, 10.9280951 ], [ 39.7470142, 10.928615 ], [ 39.7467508, 10.9290224 ], [ 39.7464974, 10.9294763 ], [ 39.7462391, 10.930013 ], [ 39.7460759, 10.9304263 ] ] ] } },
{ "type": "Feature", "properties": { "osm_id": "991725360", "code": "6101", "fclass": "rail", "name": "Awash–Weldiya Railway", "layer": 1, "bridge": "T", "tunnel": "F", "path": "F:\\AnimationData\\Rail\\EthioDjibouti\\Ethiopia_Rail.shp" }, "geometry": { "type": "MultiLineString", "coordinates": [ [ [ 39.7571234, 10.8845819 ], [ 39.7573037, 10.8855602 ] ] ] } },
{ "type": "Feature", "properties": { "osm_id": "1004582251", "code": "6101", "fclass": "rail", "name": null, "layer": 0, "bridge": "F", "tunnel": "F", "path": "F:\\AnimationData\\Rail\\EthioDjibouti\\Ethiopia_Rail.shp" }, "geometry": { "type": "MultiLineString", "coordinates": [ [ [ 42.6363632, 11.0664615 ], [ 42.6366828, 11.0672827 ], [ 42.6367976, 11.0676418 ], [ 42.6379166, 11.070431 ], [ 42.6382181, 11.0712112 ], [ 42.6384745, 11.0718956 ], [ 42.6387213, 11.0724958 ], [ 42.638982, 11.0731033 ], [ 42.6391354, 11.073536 ], [ 42.6392956, 11.0740876 ] ] ] } },
{ "type": "Feature", "properties": { "osm_id": "1004582252", "code": "6101", "fclass": "rail", "name": null, "layer": 0, "bridge": "F", "tunnel": "F", "path": "F:\\AnimationData\\Rail\\EthioDjibouti\\Ethiopia_Rail.shp" }, "geometry": { "type": "MultiLineString", "coordinates": [ [ [ 42.635724, 11.0650264 ], [ 42.6359415, 11.0654306 ], [ 42.6362279, 11.066114 ], [ 42.6363121, 11.0663316 ] ] ] } },
{ "type": "Feature", "properties": { "osm_id": "1004582253", "code": "6101", "fclass": "rail", "name": null, "layer": 0, "bridge": "T", "tunnel": "F", "path": "F:\\AnimationData\\Rail\\EthioDjibouti\\Ethiopia_Rail.shp" }, "geometry": { "type": "MultiLineString", "coordinates": [ [ [ 42.6363121, 11.0663316 ], [ 42.6363632, 11.0664615 ] ] ] } },
{ "type": "Feature", "properties": { "osm_id": "1004582254", "code": "6101", "fclass": "rail", "name": null, "layer": 0, "bridge": "F", "tunnel": "F", "path": "F:\\AnimationData\\Rail\\EthioDjibouti\\Ethiopia_Rail.shp" }, "geometry": { "type": "MultiLineString", "coordinates": [ [ [ 42.6307206, 11.0523849 ], [ 42.6309026, 11.0526887 ], [ 42.6310892, 11.0531604 ], [ 42.6313489, 11.0538154 ], [ 42.631542, 11.0542955 ], [ 42.6318338, 11.0550642 ], [ 42.6328597, 11.0576047 ], [ 42.6332758, 11.0586306 ], [ 42.6334689, 11.0591582 ], [ 42.6337414, 11.0598236 ], [ 42.6339324, 11.0602701 ], [ 42.6342264, 11.0610303 ], [ 42.6343288, 11.0613698 ], [ 42.634411, 11.0616967 ] ] ] } },
{ "type": "Feature", "properties": { "osm_id": "1004582255", "code": "6101", "fclass": "rail", "name": null, "layer": 0, "bridge": "F", "tunnel": "F", "path": "F:\\AnimationData\\Rail\\EthioDjibouti\\Ethiopia_Rail.shp" }, "geometry": { "type": "MultiLineString", "coordinates": [ [ [ 42.6343288, 11.0613698 ], [ 42.634516, 11.0618334 ], [ 42.6347954, 11.0623153 ] ] ] } },
{ "type": "Feature", "properties": { "osm_id": "1004582257", "code": "6101", "fclass": "rail", "name": null, "layer": 0, "bridge": "F", "tunnel": "F", "path": "F:\\AnimationData\\Rail\\EthioDjibouti\\Ethiopia_Rail.shp" }, "geometry": { "type": "MultiLineString", "coordinates": [ [ [ 42.6352645, 11.0641026 ], [ 42.6349269, 11.0630387 ], [ 42.6345663, 11.06219 ], [ 42.6343529, 11.0616912 ], [ 42.6342846, 11.0615002 ] ] ] } },
{ "type": "Feature", "properties": { "osm_id": "1056454722", "code": "6101", "fclass": "rail", "name": "Awash–Weldiya Railway", "layer": 0, "bridge": "F", "tunnel": "F", "path": "F:\\AnimationData\\Rail\\EthioDjibouti\\Ethiopia_Rail.shp" }, "geometry": { "type": "MultiLineString", "coordinates": [ [ [ 39.9078146, 10.2981581 ], [ 39.9078814, 10.2984824 ], [ 39.9079944, 10.298975 ], [ 39.908168, 10.2995267 ], [ 39.9083534, 10.3000157 ], [ 39.9086724, 10.3006032 ], [ 39.9089906, 10.3011106 ], [ 39.9093621, 10.3015865 ], [ 39.9097436, 10.3020084 ], [ 39.913465, 10.3056542 ], [ 39.9137837, 10.3059789 ], [ 39.9141233, 10.306391 ], [ 39.9144866, 10.3068782 ], [ 39.9147858, 10.3073398 ], [ 39.9155518, 10.3086398 ], [ 39.9158586, 10.3091041 ], [ 39.916134, 10.309495 ], [ 39.9164399, 10.3098751 ], [ 39.91705, 10.3105883 ] ] ] } },
{ "type": "Feature", "properties": { "osm_id": "1066465090", "code": "6101", "fclass": "rail", "name": "Addis Ababa – Djibouti Railway", "layer": 1, "bridge": "T", "tunnel": "F", "path": "F:\\AnimationData\\Rail\\EthioDjibouti\\Ethiopia_Rail.shp" }, "geometry": { "type": "MultiLineString", "coordinates": [ [ [ 42.5541436, 10.748249 ], [ 42.5540266, 10.7481623 ] ] ] } },
{ "type": "Feature", "properties": { "osm_id": "1066465091", "code": "6101", "fclass": "rail", "name": "Addis Ababa – Djibouti Railway", "layer": 0, "bridge": "F", "tunnel": "F", "path": "F:\\AnimationData\\Rail\\EthioDjibouti\\Ethiopia_Rail.shp" }, "geometry": { "type": "MultiLineString", "coordinates": [ [ [ 42.5540266, 10.7481623 ], [ 42.5526547, 10.7470827 ], [ 42.55232, 10.7468239 ], [ 42.5448706, 10.7408534 ], [ 42.5446109, 10.7406435 ] ] ] } },
{ "type": "Feature", "properties": { "osm_id": "1066465096", "code": "6101", "fclass": "rail", "name": null, "layer": 0, "bridge": "F", "tunnel": "F", "path": "F:\\AnimationData\\Rail\\EthioDjibouti\\Ethiopia_Rail.shp" }, "geometry": { "type": "MultiLineString", "coordinates": [ [ [ 42.5526547, 10.7470827 ], [ 42.5523592, 10.746799 ], [ 42.5519264, 10.7464607 ], [ 42.5479441, 10.7432667 ], [ 42.5454346, 10.7412496 ], [ 42.5448706, 10.7408534 ] ] ] } },
{ "type": "Feature", "properties": { "osm_id": "1066465098", "code": "6101", "fclass": "rail", "name": null, "layer": 0, "bridge": "F", "tunnel": "F", "path": "F:\\AnimationData\\Rail\\EthioDjibouti\\Ethiopia_Rail.shp" }, "geometry": { "type": "MultiLineString", "coordinates": [ [ [ 42.5446109, 10.7406435 ], [ 42.5449151, 10.7409453 ], [ 42.5455052, 10.7414354 ], [ 42.5518727, 10.7465319 ], [ 42.55232, 10.7468239 ] ] ] } },
{ "type": "Feature", "properties": { "osm_id": "1066465099", "code": "6101", "fclass": "rail", "name": "Addis Ababa – Djibouti Railway", "layer": 0, "bridge": "F", "tunnel": "F", "path": "F:\\AnimationData\\Rail\\EthioDjibouti\\Ethiopia_Rail.shp" }, "geometry": { "type": "MultiLineString", "coordinates": [ [ [ 42.4747821, 10.684804 ], [ 42.5446109, 10.7406435 ] ] ] } },
{ "type": "Feature", "properties": { "osm_id": "1066469474", "code": "6101", "fclass": "rail", "name": "Addis Ababa – Djibouti Railway", "layer": 0, "bridge": "F", "tunnel": "F", "path": "F:\\AnimationData\\Rail\\EthioDjibouti\\Ethiopia_Rail.shp" }, "geometry": { "type": "MultiLineString", "coordinates": [ [ [ 42.1518199, 10.4277653 ], [ 42.1494476, 10.4227473 ], [ 42.13922, 10.4012217 ], [ 42.1386331, 10.3999172 ], [ 42.1383456, 10.3991634 ], [ 42.1381533, 10.3984904 ], [ 42.1380548, 10.3981224 ], [ 42.137894, 10.3973532 ], [ 42.1376968, 10.3961926 ], [ 42.1375463, 10.394385 ], [ 42.1370275, 10.3888502 ] ] ] } },
{ "type": "Feature", "properties": { "osm_id": "1066469475", "code": "6101", "fclass": "rail", "name": "Addis Ababa – Djibouti Railway", "layer": 1, "bridge": "T", "tunnel": "F", "path": "F:\\AnimationData\\Rail\\EthioDjibouti\\Ethiopia_Rail.shp" }, "geometry": { "type": "MultiLineString", "coordinates": [ [ [ 42.1523256, 10.4288344 ], [ 42.1518199, 10.4277653 ] ] ] } },
{ "type": "Feature", "properties": { "osm_id": "1074470679", "code": "6101", "fclass": "rail", "name": null, "layer": 0, "bridge": "F", "tunnel": "F", "path": "F:\\AnimationData\\Rail\\EthioDjibouti\\Ethiopia_Rail.shp" }, "geometry": { "type": "MultiLineString", "coordinates": [ [ [ 39.0219035, 8.7606481 ], [ 39.0217175, 8.7610025 ], [ 39.0215237, 8.7613061 ], [ 39.0211047, 8.7619443 ], [ 39.0171813, 8.7678991 ], [ 39.0169318, 8.768199 ] ] ] } },
{ "type": "Feature", "properties": { "osm_id": "1074476897", "code": "6101", "fclass": "rail", "name": "??? ??? - ??? ???", "layer": 0, "bridge": "F", "tunnel": "F", "path": "F:\\AnimationData\\Rail\\EthioDjibouti\\Ethiopia_Rail.shp" }, "geometry": { "type": "MultiLineString", "coordinates": [ [ [ 38.559172, 8.9042203 ], [ 38.5711418, 8.9010071 ], [ 38.5721796, 8.900729 ], [ 38.5726505, 8.9006084 ], [ 38.5815589, 8.8982277 ], [ 38.5820977, 8.898084 ], [ 38.5824757, 8.8979853 ], [ 38.5826516, 8.8979394 ], [ 38.5842557, 8.8975208 ], [ 38.5848606, 8.8973662 ], [ 38.585292, 8.8972562 ], [ 38.5858331, 8.8971544 ], [ 38.5864332, 8.8970493 ], [ 38.5869409, 8.8970054 ], [ 38.5874869, 8.8969572 ], [ 38.5880265, 8.8969315 ], [ 38.5885997, 8.8969415 ], [ 38.5891856, 8.8969639 ], [ 38.5896037, 8.8969914 ], [ 38.5897978, 8.8970145 ], [ 38.5904098, 8.8970905 ], [ 38.591126, 8.8972127 ], [ 38.5917435, 8.8973428 ], [ 38.5918273, 8.8973635 ] ] ] } },
{ "type": "Feature", "properties": { "osm_id": "1074476898", "code": "6101", "fclass": "rail", "name": "Addis Ababa – Djibouti Railway", "layer": 1, "bridge": "T", "tunnel": "F", "path": "F:\\AnimationData\\Rail\\EthioDjibouti\\Ethiopia_Rail.shp" }, "geometry": { "type": "MultiLineString", "coordinates": [ [ [ 38.5918273, 8.8973635 ], [ 38.5919106, 8.897381 ] ] ] } },
{ "type": "Feature", "properties": { "osm_id": "1131599620", "code": "6101", "fclass": "rail", "name": "Addis Ababa – Djibouti Railway", "layer": 0, "bridge": "F", "tunnel": "F", "path": "F:\\AnimationData\\Rail\\EthioDjibouti\\Ethiopia_Rail.shp" }, "geometry": { "type": "MultiLineString", "coordinates": [ [ [ 41.005437, 9.4718093 ], [ 41.0046705, 9.4711137 ] ] ] } },
{ "type": "Feature", "properties": { "osm_id": "1131599621", "code": "6101", "fclass": "rail", "name": "Addis Ababa – Djibouti Railway", "layer": 0, "bridge": "F", "tunnel": "F", "path": "F:\\AnimationData\\Rail\\EthioDjibouti\\Ethiopia_Rail.shp" }, "geometry": { "type": "MultiLineString", "coordinates": [ [ [ 41.0041297, 9.4706042 ], [ 41.0037828, 9.4702805 ] ] ] } },
{ "type": "Feature", "properties": { "osm_id": "1131599622", "code": "6101", "fclass": "rail", "name": "Addis Ababa – Djibouti Railway", "layer": 0, "bridge": "F", "tunnel": "F", "path": "F:\\AnimationData\\Rail\\EthioDjibouti\\Ethiopia_Rail.shp" }, "geometry": { "type": "MultiLineString", "coordinates": [ [ [ 40.9674892, 9.4022154 ], [ 40.9671037, 9.4021759 ], [ 40.9594603, 9.4015628 ], [ 40.9585595, 9.4014189 ], [ 40.9575056, 9.4010758 ], [ 40.9564493, 9.4005901 ], [ 40.9505203, 9.3974868 ], [ 40.9489562, 9.3966554 ], [ 40.9469734, 9.3955929 ], [ 40.9455723, 9.3948287 ], [ 40.9445495, 9.3942842 ], [ 40.9439284, 9.3939072 ], [ 40.9432427, 9.3934248 ], [ 40.9427617, 9.3930336 ], [ 40.9423772, 9.3926904 ], [ 40.9417958, 9.3920992 ], [ 40.941323, 9.3915661 ], [ 40.9409237, 9.3910294 ], [ 40.9403543, 9.3901394 ] ] ] } },
{ "type": "Feature", "properties": { "osm_id": "1131599623", "code": "6101", "fclass": "rail", "name": "Addis Ababa – Djibouti Railway", "layer": 0, "bridge": "T", "tunnel": "F", "path": "F:\\AnimationData\\Rail\\EthioDjibouti\\Ethiopia_Rail.shp" }, "geometry": { "type": "MultiLineString", "coordinates": [ [ [ 40.9678746, 9.4022548 ], [ 40.9674892, 9.4022154 ] ] ] } },
{ "type": "Feature", "properties": { "osm_id": "1196320272", "code": "6101", "fclass": "rail", "name": "??? ??? - ??? ???", "layer": 0, "bridge": "F", "tunnel": "F", "path": "F:\\AnimationData\\Rail\\EthioDjibouti\\Ethiopia_Rail.shp" }, "geometry": { "type": "MultiLineString", "coordinates": [ [ [ 38.5591535, 8.904174 ], [ 38.5709864, 8.901003 ], [ 38.5711388, 8.9009622 ], [ 38.5717419, 8.9008008 ], [ 38.5721065, 8.9007032 ], [ 38.5770714, 8.8993745 ], [ 38.5812207, 8.8982588 ], [ 38.5814883, 8.8981876 ], [ 38.582965, 8.8977903 ], [ 38.5833488, 8.8976871 ], [ 38.5843497, 8.8974264 ], [ 38.5852211, 8.8972092 ], [ 38.5864681, 8.8969882 ], [ 38.5874923, 8.8968984 ], [ 38.5880856, 8.8968799 ], [ 38.5889987, 8.896898 ], [ 38.5896083, 8.8969394 ], [ 38.5904101, 8.8970372 ], [ 38.5910571, 8.8971454 ], [ 38.5916904, 8.8972722 ], [ 38.5918359, 8.8973091 ] ] ] } },
{ "type": "Feature", "properties": { "osm_id": "1196320273", "code": "6101", "fclass": "rail", "name": "??? ??? - ??? ???", "layer": 0, "bridge": "F", "tunnel": "F", "path": "F:\\AnimationData\\Rail\\EthioDjibouti\\Ethiopia_Rail.shp" }, "geometry": { "type": "MultiLineString", "coordinates": [ [ [ 38.57349, 8.8999671 ], [ 38.5736485, 8.8998148 ], [ 38.5738001, 8.8996688 ], [ 38.5746748, 8.8984174 ] ] ] } },
{ "type": "Feature", "properties": { "osm_id": "1196320274", "code": "6101", "fclass": "rail", "name": "??? ??? - ??? ???", "layer": 0, "bridge": "F", "tunnel": "F", "path": "F:\\AnimationData\\Rail\\EthioDjibouti\\Ethiopia_Rail.shp" }, "geometry": { "type": "MultiLineString", "coordinates": [ [ [ 38.5717419, 8.9008008 ], [ 38.5721796, 8.900729 ] ] ] } },
{ "type": "Feature", "properties": { "osm_id": "1196320275", "code": "6101", "fclass": "rail", "name": "??? ??? - ??? ???", "layer": 0, "bridge": "F", "tunnel": "F", "path": "F:\\AnimationData\\Rail\\EthioDjibouti\\Ethiopia_Rail.shp" }, "geometry": { "type": "MultiLineString", "coordinates": [ [ [ 38.5814883, 8.8981876 ], [ 38.5820977, 8.898084 ] ] ] } },
{ "type": "Feature", "properties": { "osm_id": "1196320276", "code": "6101", "fclass": "rail", "name": "??? ??? - ??? ???", "layer": 0, "bridge": "F", "tunnel": "F", "path": "F:\\AnimationData\\Rail\\EthioDjibouti\\Ethiopia_Rail.shp" }, "geometry": { "type": "MultiLineString", "coordinates": [ [ [ 38.5824757, 8.8979853 ], [ 38.582965, 8.8977903 ] ] ] } },
{ "type": "Feature", "properties": { "osm_id": "1196320277", "code": "6101", "fclass": "rail", "name": null, "layer": 1, "bridge": "T", "tunnel": "F", "path": "F:\\AnimationData\\Rail\\EthioDjibouti\\Ethiopia_Rail.shp" }, "geometry": { "type": "MultiLineString", "coordinates": [ [ [ 38.5918359, 8.8973091 ], [ 38.5919224, 8.8973305 ] ] ] } },
{ "type": "Feature", "properties": { "osm_id": "1196320278", "code": "6101", "fclass": "rail", "name": null, "layer": 0, "bridge": "F", "tunnel": "F", "path": "F:\\AnimationData\\Rail\\EthioDjibouti\\Ethiopia_Rail.shp" }, "geometry": { "type": "MultiLineString", "coordinates": [ [ [ 38.5919224, 8.8973305 ], [ 38.5924409, 8.89747 ], [ 38.5930606, 8.8976623 ], [ 38.593742, 8.897931 ], [ 38.5943614, 8.8981991 ], [ 38.599509, 8.9006855 ], [ 38.6001204, 8.9009614 ], [ 38.6007201, 8.9012178 ], [ 38.6016108, 8.9015441 ], [ 38.6020926, 8.9017092 ], [ 38.6027788, 8.901886 ], [ 38.6040312, 8.9021366 ], [ 38.6047489, 8.9022279 ], [ 38.605211, 8.9022687 ], [ 38.6059168, 8.9022998 ], [ 38.6067014, 8.9023172 ], [ 38.6113711, 8.9023444 ], [ 38.6125233, 8.9023678 ], [ 38.6133963, 8.9024377 ], [ 38.614175, 8.9025503 ], [ 38.6148454, 8.902665 ], [ 38.6151088, 8.9027198 ], [ 38.6160409, 8.9029622 ], [ 38.6168942, 8.9032458 ], [ 38.6175549, 8.9034983 ], [ 38.6181526, 8.9037819 ], [ 38.6191239, 8.9042598 ], [ 38.6210254, 8.905286 ], [ 38.6303746, 8.9103204 ], [ 38.6310038, 8.9106603 ] ] ] } },
{ "type": "Feature", "properties": { "osm_id": "1196320279", "code": "6101", "fclass": "rail", "name": null, "layer": 1, "bridge": "T", "tunnel": "F", "path": "F:\\AnimationData\\Rail\\EthioDjibouti\\Ethiopia_Rail.shp" }, "geometry": { "type": "MultiLineString", "coordinates": [ [ [ 38.6310038, 8.9106603 ], [ 38.6319594, 8.9111751 ], [ 38.6325964, 8.9115208 ], [ 38.6330762, 8.9117617 ], [ 38.6338902, 8.9121172 ] ] ] } },
{ "type": "Feature", "properties": { "osm_id": "1196320286", "code": "6101", "fclass": "rail", "name": null, "layer": 0, "bridge": "F", "tunnel": "F", "path": "F:\\AnimationData\\Rail\\EthioDjibouti\\Ethiopia_Rail.shp" }, "geometry": { "type": "MultiLineString", "coordinates": [ [ [ 38.6338902, 8.9121172 ], [ 38.6345384, 8.9123872 ], [ 38.6357093, 8.9128485 ], [ 38.6368943, 8.9132758 ], [ 38.6392165, 8.9140343 ], [ 38.6456129, 8.9159989 ], [ 38.646738, 8.9163468 ], [ 38.6499533, 8.9173515 ], [ 38.6513015, 8.9177702 ], [ 38.6523913, 8.9181428 ], [ 38.6530712, 8.9184074 ], [ 38.6538172, 8.9187337 ], [ 38.6545228, 8.9190991 ], [ 38.6552577, 8.9195783 ], [ 38.6558585, 8.9200061 ], [ 38.6565873, 8.9205559 ], [ 38.6571462, 8.9210229 ], [ 38.6595546, 8.9232297 ] ] ] } },
{ "type": "Feature", "properties": { "osm_id": "1196320287", "code": "6101", "fclass": "rail", "name": "Addis Ababa – Djibouti Railway", "layer": 0, "bridge": "F", "tunnel": "F", "path": "F:\\AnimationData\\Rail\\EthioDjibouti\\Ethiopia_Rail.shp" }, "geometry": { "type": "MultiLineString", "coordinates": [ [ [ 38.6595136, 8.9232701 ], [ 38.6613064, 8.9250034 ] ] ] } },
{ "type": "Feature", "properties": { "osm_id": "1196320288", "code": "6101", "fclass": "rail", "name": "Addis Ababa – Djibouti Railway", "layer": -1, "bridge": "F", "tunnel": "T", "path": "F:\\AnimationData\\Rail\\EthioDjibouti\\Ethiopia_Rail.shp" }, "geometry": { "type": "MultiLineString", "coordinates": [ [ [ 38.6613064, 8.9250034 ], [ 38.6619632, 8.9256358 ] ] ] } },
{ "type": "Feature", "properties": { "osm_id": "1196320289", "code": "6101", "fclass": "rail", "name": null, "layer": 0, "bridge": "F", "tunnel": "F", "path": "F:\\AnimationData\\Rail\\EthioDjibouti\\Ethiopia_Rail.shp" }, "geometry": { "type": "MultiLineString", "coordinates": [ [ [ 38.6595546, 8.9232297 ], [ 38.6613573, 8.9249439 ] ] ] } },
{ "type": "Feature", "properties": { "osm_id": "1196320290", "code": "6101", "fclass": "rail", "name": null, "layer": -1, "bridge": "F", "tunnel": "T", "path": "F:\\AnimationData\\Rail\\EthioDjibouti\\Ethiopia_Rail.shp" }, "geometry": { "type": "MultiLineString", "coordinates": [ [ [ 38.6613573, 8.9249439 ], [ 38.6620153, 8.9255726 ] ] ] } },
{ "type": "Feature", "properties": { "osm_id": "1196320291", "code": "6101", "fclass": "rail", "name": null, "layer": 0, "bridge": "F", "tunnel": "F", "path": "F:\\AnimationData\\Rail\\EthioDjibouti\\Ethiopia_Rail.shp" }, "geometry": { "type": "MultiLineString", "coordinates": [ [ [ 38.6620153, 8.9255726 ], [ 38.66314, 8.9266257 ], [ 38.664107, 8.9276298 ], [ 38.6646631, 8.9282708 ], [ 38.6650864, 8.9288537 ], [ 38.665865, 8.9299922 ], [ 38.6662852, 8.930566 ], [ 38.6670514, 8.9317289 ], [ 38.6674407, 8.9322538 ], [ 38.6678485, 8.9327422 ], [ 38.6683954, 8.9332824 ], [ 38.668933, 8.9336822 ], [ 38.6695107, 8.9340485 ], [ 38.6700854, 8.9343415 ], [ 38.6706415, 8.9345673 ], [ 38.6709901, 8.9346763 ], [ 38.671451, 8.9348054 ], [ 38.6718804, 8.9348939 ] ] ] } },
{ "type": "Feature", "properties": { "osm_id": "1196320292", "code": "6101", "fclass": "rail", "name": "??? ??? - ??? ???", "layer": 0, "bridge": "F", "tunnel": "F", "path": "F:\\AnimationData\\Rail\\EthioDjibouti\\Ethiopia_Rail.shp" }, "geometry": { "type": "MultiLineString", "coordinates": [ [ [ 38.6718804, 8.9348939 ], [ 38.6723423, 8.9349613 ], [ 38.6728335, 8.9349888 ], [ 38.6732836, 8.9349888 ], [ 38.6738036, 8.9349613 ], [ 38.6742856, 8.9349064 ], [ 38.6749592, 8.9347782 ], [ 38.6835447, 8.9328624 ], [ 38.6837536, 8.9328158 ], [ 38.6841383, 8.93273 ], [ 38.6913225, 8.9311058 ], [ 38.6915227, 8.931059 ], [ 38.6924679, 8.9308379 ], [ 38.6930731, 8.930702 ], [ 38.6949991, 8.9302695 ], [ 38.7027136, 8.9285267 ], [ 38.7029973, 8.9284633 ] ] ] } },
{ "type": "Feature", "properties": { "osm_id": "1196320293", "code": "6101", "fclass": "rail", "name": null, "layer": 0, "bridge": "F", "tunnel": "F", "path": "F:\\AnimationData\\Rail\\EthioDjibouti\\Ethiopia_Rail.shp" }, "geometry": { "type": "MultiLineString", "coordinates": [ [ [ 38.6913055, 8.9311955 ], [ 38.6923073, 8.9309814 ] ] ] } },
{ "type": "Feature", "properties": { "osm_id": "1196320294", "code": "6101", "fclass": "rail", "name": null, "layer": 0, "bridge": "F", "tunnel": "F", "path": "F:\\AnimationData\\Rail\\EthioDjibouti\\Ethiopia_Rail.shp" }, "geometry": { "type": "MultiLineString", "coordinates": [ [ [ 38.6830805, 8.9330117 ], [ 38.6835447, 8.9328624 ] ] ] } },
{ "type": "Feature", "properties": { "osm_id": "1196320295", "code": "6101", "fclass": "rail", "name": null, "layer": 0, "bridge": "F", "tunnel": "F", "path": "F:\\AnimationData\\Rail\\EthioDjibouti\\Ethiopia_Rail.shp" }, "geometry": { "type": "MultiLineString", "coordinates": [ [ [ 38.6837536, 8.9328158 ], [ 38.6842577, 8.9327449 ] ] ] } },
{ "type": "Feature", "properties": { "osm_id": "1196320296", "code": "6101", "fclass": "rail", "name": null, "layer": 0, "bridge": "F", "tunnel": "F", "path": "F:\\AnimationData\\Rail\\EthioDjibouti\\Ethiopia_Rail.shp" }, "geometry": { "type": "MultiLineString", "coordinates": [ [ [ 38.6915227, 8.931059 ], [ 38.692149, 8.9309637 ] ] ] } },
{ "type": "Feature", "properties": { "osm_id": "1196320297", "code": "6101", "fclass": "rail", "name": null, "layer": 0, "bridge": "F", "tunnel": "F", "path": "F:\\AnimationData\\Rail\\EthioDjibouti\\Ethiopia_Rail.shp" }, "geometry": { "type": "MultiLineString", "coordinates": [ [ [ 38.692612, 8.9308606 ], [ 38.6930731, 8.930702 ] ] ] } },
{ "type": "Feature", "properties": { "osm_id": "1196320298", "code": "6101", "fclass": "rail", "name": null, "layer": 1, "bridge": "T", "tunnel": "F", "path": "F:\\AnimationData\\Rail\\EthioDjibouti\\Ethiopia_Rail.shp" }, "geometry": { "type": "MultiLineString", "coordinates": [ [ [ 38.7029973, 8.9284633 ], [ 38.7032507, 8.9284084 ] ] ] } },
{ "type": "Feature", "properties": { "osm_id": "1196320299", "code": "6101", "fclass": "rail", "name": null, "layer": 0, "bridge": "F", "tunnel": "F", "path": "F:\\AnimationData\\Rail\\EthioDjibouti\\Ethiopia_Rail.shp" }, "geometry": { "type": "MultiLineString", "coordinates": [ [ [ 38.7032507, 8.9284084 ], [ 38.7038815, 8.9282807 ], [ 38.7045162, 8.928113 ], [ 38.7052056, 8.9279073 ], [ 38.7058747, 8.9276617 ], [ 38.7064468, 8.927432 ], [ 38.7070673, 8.9271185 ], [ 38.7076354, 8.9268189 ], [ 38.708161, 8.9265074 ], [ 38.7104574, 8.9251474 ], [ 38.7110558, 8.924732 ], [ 38.7116076, 8.9242887 ], [ 38.7120908, 8.9238194 ], [ 38.7125476, 8.9232942 ], [ 38.7129539, 8.922713 ], [ 38.7133117, 8.9221119 ], [ 38.7136332, 8.9214609 ], [ 38.7138028, 8.9210203 ], [ 38.7161342, 8.9156537 ], [ 38.7168918, 8.913918 ], [ 38.7171485, 8.9131471 ], [ 38.7173386, 8.9124921 ], [ 38.7174417, 8.911859 ], [ 38.7174983, 8.911182 ], [ 38.7175003, 8.9105409 ], [ 38.71747, 8.9100517 ], [ 38.7173648, 8.9094945 ], [ 38.7172112, 8.9089173 ], [ 38.7170313, 8.9083481 ], [ 38.7167948, 8.9078229 ], [ 38.7159417, 8.9059716 ], [ 38.7157517, 8.9055082 ], [ 38.7156082, 8.9050309 ], [ 38.7154727, 8.9045137 ], [ 38.7153858, 8.9040563 ], [ 38.7153353, 8.9036669 ], [ 38.715309, 8.9031476 ], [ 38.7153514, 8.9023388 ], [ 38.7153919, 8.9019853 ], [ 38.7154646, 8.9015958 ], [ 38.7155233, 8.9013981 ] ] ] } },
{ "type": "Feature", "properties": { "osm_id": "1196320300", "code": "6101", "fclass": "rail", "name": null, "layer": 1, "bridge": "T", "tunnel": "F", "path": "F:\\AnimationData\\Rail\\EthioDjibouti\\Ethiopia_Rail.shp" }, "geometry": { "type": "MultiLineString", "coordinates": [ [ [ 38.7155233, 8.9013981 ], [ 38.7156445, 8.9009328 ], [ 38.7157739, 8.9005713 ], [ 38.7159094, 8.9001998 ], [ 38.7160408, 8.8998683 ] ] ] } },
{ "type": "Feature", "properties": { "osm_id": "1196320301", "code": "6101", "fclass": "rail", "name": null, "layer": 0, "bridge": "F", "tunnel": "F", "path": "F:\\AnimationData\\Rail\\EthioDjibouti\\Ethiopia_Rail.shp" }, "geometry": { "type": "MultiLineString", "coordinates": [ [ [ 38.7160408, 8.8998683 ], [ 38.7162207, 8.8994629 ], [ 38.7164289, 8.8990954 ], [ 38.7166816, 8.8987119 ], [ 38.717005, 8.8982885 ], [ 38.7176438, 8.8975236 ] ] ] } },
{ "type": "Feature", "properties": { "osm_id": "1196320302", "code": "6101", "fclass": "rail", "name": null, "layer": 1, "bridge": "T", "tunnel": "F", "path": "F:\\AnimationData\\Rail\\EthioDjibouti\\Ethiopia_Rail.shp" }, "geometry": { "type": "MultiLineString", "coordinates": [ [ [ 38.7176438, 8.8975236 ], [ 38.7182321, 8.8968546 ], [ 38.7189153, 8.8959918 ] ] ] } },
{ "type": "Feature", "properties": { "osm_id": "1196320303", "code": "6101", "fclass": "rail", "name": null, "layer": 0, "bridge": "F", "tunnel": "F", "path": "F:\\AnimationData\\Rail\\EthioDjibouti\\Ethiopia_Rail.shp" }, "geometry": { "type": "MultiLineString", "coordinates": [ [ [ 38.7189153, 8.8959918 ], [ 38.7193267, 8.8954161 ], [ 38.7196723, 8.8948489 ], [ 38.7198988, 8.8944395 ], [ 38.7200019, 8.8942218 ], [ 38.720111, 8.8939762 ], [ 38.7202182, 8.8937125 ], [ 38.7203091, 8.8934289 ], [ 38.7203718, 8.8931893 ], [ 38.7204264, 8.8929137 ], [ 38.7204911, 8.8925342 ], [ 38.7205375, 8.8922925 ], [ 38.7205537, 8.8921148 ], [ 38.720582, 8.8918352 ], [ 38.7206103, 8.8914657 ] ] ] } },
{ "type": "Feature", "properties": { "osm_id": "1196320304", "code": "6101", "fclass": "rail", "name": null, "layer": 1, "bridge": "T", "tunnel": "F", "path": "F:\\AnimationData\\Rail\\EthioDjibouti\\Ethiopia_Rail.shp" }, "geometry": { "type": "MultiLineString", "coordinates": [ [ [ 38.7206103, 8.8914657 ], [ 38.7206265, 8.891272 ], [ 38.7206366, 8.8911342 ], [ 38.7206366, 8.8909065 ], [ 38.7206204, 8.8906588 ], [ 38.720584, 8.8903932 ], [ 38.7205436, 8.8901675 ], [ 38.720483, 8.8898959 ] ] ] } },
{ "type": "Feature", "properties": { "osm_id": "1196320305", "code": "6101", "fclass": "rail", "name": null, "layer": 0, "bridge": "F", "tunnel": "F", "path": "F:\\AnimationData\\Rail\\EthioDjibouti\\Ethiopia_Rail.shp" }, "geometry": { "type": "MultiLineString", "coordinates": [ [ [ 38.720208, 8.8868801 ], [ 38.720206, 8.8878208 ], [ 38.7202424, 8.8885737 ], [ 38.7202849, 8.8889572 ], [ 38.7203475, 8.8893347 ], [ 38.7204122, 8.8896243 ], [ 38.720483, 8.8898959 ] ] ] } },
{ "type": "Feature", "properties": { "osm_id": "1196320306", "code": "6101", "fclass": "rail", "name": null, "layer": 1, "bridge": "T", "tunnel": "F", "path": "F:\\AnimationData\\Rail\\EthioDjibouti\\Ethiopia_Rail.shp" }, "geometry": { "type": "MultiLineString", "coordinates": [ [ [ 38.7207011, 8.883745 ], [ 38.7205095, 8.8844502 ], [ 38.7203921, 8.8849111 ], [ 38.7203211, 8.8852316 ], [ 38.7202531, 8.885662 ], [ 38.7202067, 8.8860711 ], [ 38.7201944, 8.8863611 ], [ 38.720208, 8.8868801 ] ] ] } },
{ "type": "Feature", "properties": { "osm_id": "1196320307", "code": "6101", "fclass": "rail", "name": null, "layer": 0, "bridge": "F", "tunnel": "F", "path": "F:\\AnimationData\\Rail\\EthioDjibouti\\Ethiopia_Rail.shp" }, "geometry": { "type": "MultiLineString", "coordinates": [ [ [ 38.7219029, 8.8795478 ], [ 38.7218041, 8.8800179 ], [ 38.7216743, 8.8805154 ], [ 38.721526, 8.8810252 ], [ 38.7207011, 8.883745 ] ] ] } },
{ "type": "Feature", "properties": { "osm_id": "1196320308", "code": "6101", "fclass": "rail", "name": null, "layer": 1, "bridge": "T", "tunnel": "F", "path": "F:\\AnimationData\\Rail\\EthioDjibouti\\Ethiopia_Rail.shp" }, "geometry": { "type": "MultiLineString", "coordinates": [ [ [ 38.7218597, 8.8779146 ], [ 38.7219616, 8.8784794 ], [ 38.7219586, 8.878983 ], [ 38.7219029, 8.8795478 ] ] ] } },
{ "type": "Feature", "properties": { "osm_id": "1196320309", "code": "6101", "fclass": "rail", "name": null, "layer": 0, "bridge": "F", "tunnel": "F", "path": "F:\\AnimationData\\Rail\\EthioDjibouti\\Ethiopia_Rail.shp" }, "geometry": { "type": "MultiLineString", "coordinates": [ [ [ 38.7082143, 8.8530412 ], [ 38.7077618, 8.8536213 ], [ 38.7073973, 8.8542441 ], [ 38.7070728, 8.8548852 ], [ 38.7068164, 8.8556026 ], [ 38.7066125, 8.8563902 ], [ 38.706526, 8.857129 ], [ 38.7065013, 8.8579838 ], [ 38.7065445, 8.8586401 ], [ 38.7068751, 8.861937 ], [ 38.7069956, 8.8626544 ], [ 38.7072366, 8.8635397 ], [ 38.707561, 8.8642968 ], [ 38.7080028, 8.8650539 ], [ 38.7086794, 8.86593 ], [ 38.7091738, 8.866397 ], [ 38.7099307, 8.8670045 ], [ 38.7109503, 8.8676486 ], [ 38.7119668, 8.8680516 ], [ 38.7153097, 8.8694161 ], [ 38.7159987, 8.8697245 ], [ 38.7164961, 8.8699839 ], [ 38.7173427, 8.8704754 ], [ 38.7180039, 8.8709669 ], [ 38.7184395, 8.8713607 ], [ 38.7188226, 8.871788 ], [ 38.7192428, 8.8723864 ], [ 38.7197649, 8.8732197 ], [ 38.7211151, 8.8756191 ], [ 38.7214519, 8.8763395 ], [ 38.7216372, 8.8769226 ], [ 38.7218597, 8.8779146 ] ] ] } },
{ "type": "Feature", "properties": { "osm_id": "1196320310", "code": "6101", "fclass": "rail", "name": null, "layer": 1, "bridge": "T", "tunnel": "F", "path": "F:\\AnimationData\\Rail\\EthioDjibouti\\Ethiopia_Rail.shp" }, "geometry": { "type": "MultiLineString", "coordinates": [ [ [ 38.7168394, 8.8510482 ], [ 38.7163202, 8.8508405 ], [ 38.7158475, 8.8506771 ], [ 38.71527, 8.8505322 ], [ 38.7146855, 8.8504402 ], [ 38.7141127, 8.8503895 ], [ 38.7135609, 8.8503964 ], [ 38.7129904, 8.8504379 ], [ 38.7124432, 8.8505276 ], [ 38.7119239, 8.8506495 ], [ 38.7114838, 8.8507876 ], [ 38.7108574, 8.8510338 ], [ 38.7103032, 8.8513076 ], [ 38.7094929, 8.8518321 ], [ 38.7087827, 8.8524234 ], [ 38.7082143, 8.8530412 ] ] ] } },
{ "type": "Feature", "properties": { "osm_id": "1196320311", "code": "6101", "fclass": "rail", "name": null, "layer": 0, "bridge": "F", "tunnel": "F", "path": "F:\\AnimationData\\Rail\\EthioDjibouti\\Ethiopia_Rail.shp" }, "geometry": { "type": "MultiLineString", "coordinates": [ [ [ 38.7351208, 8.8610975 ], [ 38.7343384, 8.8607662 ], [ 38.7337423, 8.860497 ], [ 38.7329809, 8.8601174 ], [ 38.7183203, 8.8518223 ], [ 38.7174092, 8.8513118 ], [ 38.7168394, 8.8510482 ] ] ] } },
{ "type": "Feature", "properties": { "osm_id": "1196320312", "code": "6101", "fclass": "rail", "name": null, "layer": 1, "bridge": "T", "tunnel": "F", "path": "F:\\AnimationData\\Rail\\EthioDjibouti\\Ethiopia_Rail.shp" }, "geometry": { "type": "MultiLineString", "coordinates": [ [ [ 38.7351208, 8.8610975 ], [ 38.7354772, 8.8612275 ] ] ] } },
{ "type": "Feature", "properties": { "osm_id": "1196320313", "code": "6101", "fclass": "rail", "name": null, "layer": 0, "bridge": "F", "tunnel": "F", "path": "F:\\AnimationData\\Rail\\EthioDjibouti\\Ethiopia_Rail.shp" }, "geometry": { "type": "MultiLineString", "coordinates": [ [ [ 38.7544452, 8.8623251 ], [ 38.7514278, 8.8640769 ], [ 38.750886, 8.8643446 ], [ 38.7503173, 8.8645804 ], [ 38.7498533, 8.8647315 ], [ 38.7493195, 8.8648693 ], [ 38.7487885, 8.8649594 ], [ 38.7483244, 8.8650071 ], [ 38.7478497, 8.865031 ], [ 38.747442, 8.8650283 ], [ 38.7469753, 8.8649886 ], [ 38.7466078, 8.8649276 ], [ 38.746007, 8.8647871 ], [ 38.7453526, 8.8646069 ], [ 38.7440517, 8.8641882 ], [ 38.7354772, 8.8612275 ] ] ] } },
{ "type": "Feature", "properties": { "osm_id": "1196320316", "code": "6101", "fclass": "rail", "name": null, "layer": 0, "bridge": "F", "tunnel": "F", "path": "F:\\AnimationData\\Rail\\EthioDjibouti\\Ethiopia_Rail.shp" }, "geometry": { "type": "MultiLineString", "coordinates": [ [ [ 38.7539028, 8.8625817 ], [ 38.7544223, 8.8622832 ] ] ] } },
{ "type": "Feature", "properties": { "osm_id": "1196320317", "code": "6101", "fclass": "rail", "name": null, "layer": 1, "bridge": "T", "tunnel": "F", "path": "F:\\AnimationData\\Rail\\EthioDjibouti\\Ethiopia_Rail.shp" }, "geometry": { "type": "MultiLineString", "coordinates": [ [ [ 38.7544452, 8.8623251 ], [ 38.7546149, 8.862228 ] ] ] } },
{ "type": "Feature", "properties": { "osm_id": "1196320318", "code": "6101", "fclass": "rail", "name": null, "layer": 0, "bridge": "F", "tunnel": "F", "path": "F:\\AnimationData\\Rail\\EthioDjibouti\\Ethiopia_Rail.shp" }, "geometry": { "type": "MultiLineString", "coordinates": [ [ [ 38.7546149, 8.862228 ], [ 38.7582582, 8.860128 ], [ 38.7585158, 8.8599858 ], [ 38.7589638, 8.8597286 ], [ 38.7592011, 8.8595916 ], [ 38.7689715, 8.8539657 ], [ 38.7692519, 8.8538042 ], [ 38.7699193, 8.8534199 ], [ 38.7701705, 8.8532753 ], [ 38.7789546, 8.8482172 ] ] ] } },
{ "type": "Feature", "properties": { "osm_id": "1196320319", "code": "6101", "fclass": "rail", "name": null, "layer": 0, "bridge": "F", "tunnel": "F", "path": "F:\\AnimationData\\Rail\\EthioDjibouti\\Ethiopia_Rail.shp" }, "geometry": { "type": "MultiLineString", "coordinates": [ [ [ 38.755766, 8.861508 ], [ 38.7561017, 8.8612659 ], [ 38.7573175, 8.8605607 ], [ 38.7574931, 8.8604514 ] ] ] } },
{ "type": "Feature", "properties": { "osm_id": "1196320320", "code": "6101", "fclass": "rail", "name": null, "layer": 0, "bridge": "F", "tunnel": "F", "path": "F:\\AnimationData\\Rail\\EthioDjibouti\\Ethiopia_Rail.shp" }, "geometry": { "type": "MultiLineString", "coordinates": [ [ [ 38.7578, 8.860439 ], [ 38.7582582, 8.860128 ] ] ] } },
{ "type": "Feature", "properties": { "osm_id": "1196320321", "code": "6101", "fclass": "rail", "name": null, "layer": 0, "bridge": "F", "tunnel": "F", "path": "F:\\AnimationData\\Rail\\EthioDjibouti\\Ethiopia_Rail.shp" }, "geometry": { "type": "MultiLineString", "coordinates": [ [ [ 38.7592011, 8.8595916 ], [ 38.7596569, 8.8593717 ] ] ] } },
{ "type": "Feature", "properties": { "osm_id": "1196320322", "code": "6101", "fclass": "rail", "name": null, "layer": 0, "bridge": "F", "tunnel": "F", "path": "F:\\AnimationData\\Rail\\EthioDjibouti\\Ethiopia_Rail.shp" }, "geometry": { "type": "MultiLineString", "coordinates": [ [ [ 38.7545908, 8.8621806 ], [ 38.755766, 8.861508 ], [ 38.7570672, 8.8607665 ], [ 38.7584772, 8.8599646 ], [ 38.7587169, 8.8598501 ], [ 38.7589638, 8.8597286 ] ] ] } },
{ "type": "Feature", "properties": { "osm_id": "1196320323", "code": "6101", "fclass": "rail", "name": null, "layer": 0, "bridge": "F", "tunnel": "F", "path": "F:\\AnimationData\\Rail\\EthioDjibouti\\Ethiopia_Rail.shp" }, "geometry": { "type": "MultiLineString", "coordinates": [ [ [ 38.7584772, 8.8599646 ], [ 38.7589505, 8.859696 ] ] ] } },
{ "type": "Feature", "properties": { "osm_id": "1196320324", "code": "6101", "fclass": "rail", "name": null, "layer": 0, "bridge": "F", "tunnel": "F", "path": "F:\\AnimationData\\Rail\\EthioDjibouti\\Ethiopia_Rail.shp" }, "geometry": { "type": "MultiLineString", "coordinates": [ [ [ 38.7587845, 8.8597415 ], [ 38.7593421, 8.8594193 ], [ 38.759789, 8.8592068 ] ] ] } },
{ "type": "Feature", "properties": { "osm_id": "1196320325", "code": "6101", "fclass": "rail", "name": null, "layer": 0, "bridge": "F", "tunnel": "F", "path": "F:\\AnimationData\\Rail\\EthioDjibouti\\Ethiopia_Rail.shp" }, "geometry": { "type": "MultiLineString", "coordinates": [ [ [ 38.7687691, 8.8540266 ], [ 38.7704022, 8.8530849 ] ] ] } },
{ "type": "Feature", "properties": { "osm_id": "1196320326", "code": "6101", "fclass": "rail", "name": null, "layer": 0, "bridge": "F", "tunnel": "F", "path": "F:\\AnimationData\\Rail\\EthioDjibouti\\Ethiopia_Rail.shp" }, "geometry": { "type": "MultiLineString", "coordinates": [ [ [ 38.7730694, 8.8429724 ], [ 38.7727426, 8.8426613 ], [ 38.7722657, 8.8422303 ], [ 38.7720981, 8.8420588 ], [ 38.7716921, 8.8417081 ], [ 38.7714093, 8.8415056 ], [ 38.7710929, 8.8412881 ] ] ] } },
{ "type": "Feature", "properties": { "osm_id": "1196320327", "code": "6101", "fclass": "rail", "name": null, "layer": 0, "bridge": "F", "tunnel": "F", "path": "F:\\AnimationData\\Rail\\EthioDjibouti\\Ethiopia_Rail.shp" }, "geometry": { "type": "MultiLineString", "coordinates": [ [ [ 38.7722419, 8.8425326 ], [ 38.7719211, 8.8422593 ], [ 38.7714659, 8.8419445 ] ] ] } },
{ "type": "Feature", "properties": { "osm_id": "1196320328", "code": "6101", "fclass": "rail", "name": null, "layer": 0, "bridge": "F", "tunnel": "F", "path": "F:\\AnimationData\\Rail\\EthioDjibouti\\Ethiopia_Rail.shp" }, "geometry": { "type": "MultiLineString", "coordinates": [ [ [ 38.7704663, 8.8412709 ], [ 38.7708038, 8.8414263 ] ] ] } },
{ "type": "Feature", "properties": { "osm_id": "1196320329", "code": "6101", "fclass": "rail", "name": null, "layer": 0, "bridge": "F", "tunnel": "F", "path": "F:\\AnimationData\\Rail\\EthioDjibouti\\Ethiopia_Rail.shp" }, "geometry": { "type": "MultiLineString", "coordinates": [ [ [ 38.7733159, 8.8431614 ], [ 38.7730057, 8.8428316 ], [ 38.7728196, 8.8425732 ], [ 38.7725581, 8.8422316 ] ] ] } },
{ "type": "Feature", "properties": { "osm_id": "1196320330", "code": "6101", "fclass": "rail", "name": null, "layer": -1, "bridge": "F", "tunnel": "F", "path": "F:\\AnimationData\\Rail\\EthioDjibouti\\Ethiopia_Rail.shp" }, "geometry": { "type": "MultiLineString", "coordinates": [ [ [ 38.7710303, 8.8417064 ], [ 38.7701618, 8.8411249 ], [ 38.7693842, 8.8406042 ] ] ] } },
{ "type": "Feature", "properties": { "osm_id": "1196320331", "code": "6101", "fclass": "rail", "name": null, "layer": 0, "bridge": "F", "tunnel": "F", "path": "F:\\AnimationData\\Rail\\EthioDjibouti\\Ethiopia_Rail.shp" }, "geometry": { "type": "MultiLineString", "coordinates": [ [ [ 38.7710547, 8.841667 ], [ 38.7704663, 8.8412709 ], [ 38.7701618, 8.8411249 ] ] ] } },
{ "type": "Feature", "properties": { "osm_id": "1196320332", "code": "6101", "fclass": "rail", "name": null, "layer": -1, "bridge": "F", "tunnel": "F", "path": "F:\\AnimationData\\Rail\\EthioDjibouti\\Ethiopia_Rail.shp" }, "geometry": { "type": "MultiLineString", "coordinates": [ [ [ 38.7714396, 8.8419829 ], [ 38.7710303, 8.8417064 ] ] ] } },
{ "type": "Feature", "properties": { "osm_id": "1196320333", "code": "6101", "fclass": "rail", "name": null, "layer": 0, "bridge": "F", "tunnel": "F", "path": "F:\\AnimationData\\Rail\\EthioDjibouti\\Ethiopia_Rail.shp" }, "geometry": { "type": "MultiLineString", "coordinates": [ [ [ 38.7714659, 8.8419445 ], [ 38.7710547, 8.841667 ] ] ] } },
{ "type": "Feature", "properties": { "osm_id": "1196320334", "code": "6101", "fclass": "rail", "name": null, "layer": 0, "bridge": "F", "tunnel": "F", "path": "F:\\AnimationData\\Rail\\EthioDjibouti\\Ethiopia_Rail.shp" }, "geometry": { "type": "MultiLineString", "coordinates": [ [ [ 38.7710929, 8.8412881 ], [ 38.7704195, 8.8408413 ] ] ] } },
{ "type": "Feature", "properties": { "osm_id": "1196320335", "code": "6101", "fclass": "rail", "name": null, "layer": 0, "bridge": "F", "tunnel": "F", "path": "F:\\AnimationData\\Rail\\EthioDjibouti\\Ethiopia_Rail.shp" }, "geometry": { "type": "MultiLineString", "coordinates": [ [ [ 38.7704579, 8.8407895 ], [ 38.7711307, 8.8412314 ] ] ] } },
{ "type": "Feature", "properties": { "osm_id": "1196320336", "code": "6101", "fclass": "rail", "name": null, "layer": 0, "bridge": "F", "tunnel": "F", "path": "F:\\AnimationData\\Rail\\EthioDjibouti\\Ethiopia_Rail.shp" }, "geometry": { "type": "MultiLineString", "coordinates": [ [ [ 38.771168, 8.8411776 ], [ 38.7704894, 8.8407319 ] ] ] } },
{ "type": "Feature", "properties": { "osm_id": "1196320337", "code": "6101", "fclass": "rail", "name": null, "layer": 0, "bridge": "F", "tunnel": "F", "path": "F:\\AnimationData\\Rail\\EthioDjibouti\\Ethiopia_Rail.shp" }, "geometry": { "type": "MultiLineString", "coordinates": [ [ [ 38.7606119, 8.8588738 ], [ 38.7602068, 8.8591466 ], [ 38.7597685, 8.8594447 ], [ 38.7595217, 8.8596264 ], [ 38.7585841, 8.860317 ], [ 38.7582538, 8.8605602 ], [ 38.7579482, 8.8607853 ], [ 38.7577641, 8.8609069 ], [ 38.7573273, 8.8611593 ] ] ] } },
{ "type": "Feature", "properties": { "osm_id": "1196320338", "code": "6101", "fclass": "rail", "name": null, "layer": 0, "bridge": "F", "tunnel": "F", "path": "F:\\AnimationData\\Rail\\EthioDjibouti\\Ethiopia_Rail.shp" }, "geometry": { "type": "MultiLineString", "coordinates": [ [ [ 38.7597685, 8.8594447 ], [ 38.7601001, 8.8592473 ], [ 38.7605876, 8.8589688 ] ] ] } },
{ "type": "Feature", "properties": { "osm_id": "1196320339", "code": "6101", "fclass": "rail", "name": null, "layer": 0, "bridge": "F", "tunnel": "F", "path": "F:\\AnimationData\\Rail\\EthioDjibouti\\Ethiopia_Rail.shp" }, "geometry": { "type": "MultiLineString", "coordinates": [ [ [ 38.7685443, 8.8542619 ], [ 38.7689715, 8.8539657 ] ] ] } },
{ "type": "Feature", "properties": { "osm_id": "1196320340", "code": "6101", "fclass": "rail", "name": null, "layer": 0, "bridge": "F", "tunnel": "F", "path": "F:\\AnimationData\\Rail\\EthioDjibouti\\Ethiopia_Rail.shp" }, "geometry": { "type": "MultiLineString", "coordinates": [ [ [ 38.7701705, 8.8532753 ], [ 38.7705245, 8.8531141 ] ] ] } },
{ "type": "Feature", "properties": { "osm_id": "1196320341", "code": "6101", "fclass": "rail", "name": null, "layer": 1, "bridge": "T", "tunnel": "F", "path": "F:\\AnimationData\\Rail\\EthioDjibouti\\Ethiopia_Rail.shp" }, "geometry": { "type": "MultiLineString", "coordinates": [ [ [ 38.7789546, 8.8482172 ], [ 38.7804113, 8.8473691 ] ] ] } },
{ "type": "Feature", "properties": { "osm_id": "1196320342", "code": "6101", "fclass": "rail", "name": null, "layer": 0, "bridge": "F", "tunnel": "F", "path": "F:\\AnimationData\\Rail\\EthioDjibouti\\Ethiopia_Rail.shp" }, "geometry": { "type": "MultiLineString", "coordinates": [ [ [ 38.8541318, 8.8232745 ], [ 38.8533433, 8.8235819 ], [ 38.8523911, 8.8240458 ], [ 38.851616, 8.824446 ], [ 38.8459627, 8.827319 ], [ 38.8396581, 8.8305346 ], [ 38.8388593, 8.8308627 ], [ 38.837934, 8.831255 ], [ 38.8369979, 8.8315677 ], [ 38.8359116, 8.8318592 ], [ 38.8353322, 8.8319918 ], [ 38.83471, 8.8321031 ], [ 38.8339899, 8.8321879 ], [ 38.833629, 8.832225 ], [ 38.8327117, 8.8322833 ], [ 38.8279696, 8.8324874 ], [ 38.8275219, 8.8324921 ], [ 38.8270254, 8.8324821 ], [ 38.8263522, 8.8324476 ], [ 38.8252552, 8.8323231 ], [ 38.8242681, 8.832164 ], [ 38.8233964, 8.83196 ], [ 38.8223235, 8.8316923 ], [ 38.8152747, 8.8299218 ], [ 38.8145505, 8.8297707 ], [ 38.8138853, 8.829678 ], [ 38.8131745, 8.8296647 ], [ 38.8125817, 8.8296965 ], [ 38.81193, 8.8298052 ], [ 38.8112782, 8.8299589 ], [ 38.8106935, 8.830155 ], [ 38.810039, 8.8304598 ], [ 38.8094355, 8.8307964 ], [ 38.8070461, 8.8323738 ], [ 38.8010756, 8.8362342 ], [ 38.793648, 8.8410004 ], [ 38.7928755, 8.8414509 ], [ 38.7919582, 8.8419068 ], [ 38.7910463, 8.8422858 ], [ 38.7902926, 8.8425694 ], [ 38.7870364, 8.8437408 ], [ 38.7862854, 8.8440615 ], [ 38.7858742, 8.8442673 ], [ 38.7853171, 8.8445518 ], [ 38.7846948, 8.8448964 ], [ 38.7804113, 8.8473691 ] ] ] } },
{ "type": "Feature", "properties": { "osm_id": "1196320343", "code": "6101", "fclass": "rail", "name": null, "layer": 1, "bridge": "T", "tunnel": "F", "path": "F:\\AnimationData\\Rail\\EthioDjibouti\\Ethiopia_Rail.shp" }, "geometry": { "type": "MultiLineString", "coordinates": [ [ [ 38.8623864, 8.8224284 ], [ 38.8594789, 8.8223224 ], [ 38.8586715, 8.8223409 ], [ 38.8579071, 8.822394 ], [ 38.8569978, 8.8225212 ], [ 38.8559572, 8.8227332 ], [ 38.8551632, 8.8229453 ], [ 38.8541318, 8.8232745 ] ] ] } },
{ "type": "Feature", "properties": { "osm_id": "1196320344", "code": "6101", "fclass": "rail", "name": null, "layer": 0, "bridge": "F", "tunnel": "F", "path": "F:\\AnimationData\\Rail\\EthioDjibouti\\Ethiopia_Rail.shp" }, "geometry": { "type": "MultiLineString", "coordinates": [ [ [ 38.8676516, 8.8226378 ], [ 38.863139, 8.8224583 ], [ 38.8623864, 8.8224284 ] ] ] } },
{ "type": "Feature", "properties": { "osm_id": "1196320349", "code": "6101", "fclass": "rail", "name": null, "layer": 1, "bridge": "T", "tunnel": "F", "path": "F:\\AnimationData\\Rail\\EthioDjibouti\\Ethiopia_Rail.shp" }, "geometry": { "type": "MultiLineString", "coordinates": [ [ [ 38.8676516, 8.8226378 ], [ 38.8681338, 8.8226573 ] ] ] } },
{ "type": "Feature", "properties": { "osm_id": "1196320350", "code": "6101", "fclass": "rail", "name": null, "layer": 0, "bridge": "F", "tunnel": "F", "path": "F:\\AnimationData\\Rail\\EthioDjibouti\\Ethiopia_Rail.shp" }, "geometry": { "type": "MultiLineString", "coordinates": [ [ [ 38.8895445, 8.8235148 ], [ 38.8681338, 8.8226573 ] ] ] } },
{ "type": "Feature", "properties": { "osm_id": "1196320355", "code": "6101", "fclass": "rail", "name": null, "layer": 1, "bridge": "T", "tunnel": "F", "path": "F:\\AnimationData\\Rail\\EthioDjibouti\\Ethiopia_Rail.shp" }, "geometry": { "type": "MultiLineString", "coordinates": [ [ [ 38.8895445, 8.8235148 ], [ 38.8901737, 8.8235376 ], [ 38.8908715, 8.8235406 ] ] ] } },
{ "type": "Feature", "properties": { "osm_id": "1196320356", "code": "6101", "fclass": "rail", "name": null, "layer": 0, "bridge": "F", "tunnel": "F", "path": "F:\\AnimationData\\Rail\\EthioDjibouti\\Ethiopia_Rail.shp" }, "geometry": { "type": "MultiLineString", "coordinates": [ [ [ 38.8980099, 8.8216006 ], [ 38.897268, 8.8219861 ], [ 38.8965443, 8.8223257 ], [ 38.8956569, 8.8226813 ], [ 38.8947614, 8.8229749 ], [ 38.8938638, 8.8232027 ], [ 38.8930067, 8.8233545 ], [ 38.8921718, 8.8234623 ], [ 38.8915452, 8.8235143 ], [ 38.8908715, 8.8235406 ] ] ] } },
{ "type": "Feature", "properties": { "osm_id": "1196320357", "code": "6101", "fclass": "rail", "name": null, "layer": 1, "bridge": "T", "tunnel": "F", "path": "F:\\AnimationData\\Rail\\EthioDjibouti\\Ethiopia_Rail.shp" }, "geometry": { "type": "MultiLineString", "coordinates": [ [ [ 38.8980099, 8.8216006 ], [ 38.8982343, 8.8214688 ] ] ] } },
{ "type": "Feature", "properties": { "osm_id": "1196320358", "code": "6101", "fclass": "rail", "name": null, "layer": 0, "bridge": "F", "tunnel": "F", "path": "F:\\AnimationData\\Rail\\EthioDjibouti\\Ethiopia_Rail.shp" }, "geometry": { "type": "MultiLineString", "coordinates": [ [ [ 38.9018467, 8.8184184 ], [ 38.9017125, 8.8185686 ], [ 38.9014808, 8.8188279 ], [ 38.9010017, 8.8193233 ], [ 38.9004377, 8.8198168 ], [ 38.8998697, 8.8203142 ], [ 38.8992309, 8.8208076 ], [ 38.8986063, 8.8212231 ], [ 38.8982343, 8.8214688 ] ] ] } },
{ "type": "Feature", "properties": { "osm_id": "1196320359", "code": "6101", "fclass": "rail", "name": null, "layer": 1, "bridge": "T", "tunnel": "F", "path": "F:\\AnimationData\\Rail\\EthioDjibouti\\Ethiopia_Rail.shp" }, "geometry": { "type": "MultiLineString", "coordinates": [ [ [ 38.9018467, 8.8184184 ], [ 38.9020003, 8.8182426 ] ] ] } },
{ "type": "Feature", "properties": { "osm_id": "1196320360", "code": "6101", "fclass": "rail", "name": null, "layer": 0, "bridge": "F", "tunnel": "F", "path": "F:\\AnimationData\\Rail\\EthioDjibouti\\Ethiopia_Rail.shp" }, "geometry": { "type": "MultiLineString", "coordinates": [ [ [ 38.9297393, 8.7996565 ], [ 38.928306, 8.7999302 ], [ 38.9271781, 8.800096 ], [ 38.9229895, 8.8006154 ], [ 38.9219848, 8.8006953 ], [ 38.9213218, 8.8006933 ], [ 38.920683, 8.8006294 ], [ 38.9200765, 8.8005195 ], [ 38.9193427, 8.8003038 ], [ 38.9185341, 8.7999881 ], [ 38.9159082, 8.7987955 ], [ 38.9151684, 8.7984919 ], [ 38.9144002, 8.7982661 ], [ 38.9136502, 8.7981323 ], [ 38.9127587, 8.7980664 ], [ 38.9119077, 8.7981003 ], [ 38.9111294, 8.7982042 ], [ 38.9102561, 8.7984259 ], [ 38.9096072, 8.7986617 ], [ 38.9089745, 8.7989553 ], [ 38.9084105, 8.7993129 ], [ 38.9078546, 8.7997884 ], [ 38.9073533, 8.8003138 ], [ 38.9068721, 8.8008791 ], [ 38.9063162, 8.8016822 ], [ 38.9060049, 8.8022835 ], [ 38.9057017, 8.8031085 ], [ 38.9055279, 8.8037877 ], [ 38.9053965, 8.8045249 ], [ 38.9053439, 8.8052041 ], [ 38.9053116, 8.8089837 ], [ 38.9053055, 8.8098387 ], [ 38.905261, 8.8104899 ], [ 38.9051721, 8.8111951 ], [ 38.9049618, 8.8121799 ], [ 38.9047819, 8.812913 ], [ 38.904598, 8.8134883 ], [ 38.9043918, 8.8140397 ], [ 38.9040481, 8.8148048 ], [ 38.9036741, 8.8156478 ], [ 38.9032537, 8.8164148 ], [ 38.902908, 8.8169742 ], [ 38.9024431, 8.8176673 ], [ 38.9020003, 8.8182426 ] ] ] } },
{ "type": "Feature", "properties": { "osm_id": "1196320365", "code": "6101", "fclass": "rail", "name": null, "layer": 0, "bridge": "F", "tunnel": "F", "path": "F:\\AnimationData\\Rail\\EthioDjibouti\\Ethiopia_Rail.shp" }, "geometry": { "type": "MultiLineString", "coordinates": [ [ [ 38.9376994, 8.7977178 ], [ 38.9311279, 8.7993161 ], [ 38.9297393, 8.7996565 ] ] ] } },
{ "type": "Feature", "properties": { "osm_id": "1196320366", "code": "6101", "fclass": "rail", "name": null, "layer": 1, "bridge": "T", "tunnel": "F", "path": "F:\\AnimationData\\Rail\\EthioDjibouti\\Ethiopia_Rail.shp" }, "geometry": { "type": "MultiLineString", "coordinates": [ [ [ 38.9376994, 8.7977178 ], [ 38.9379307, 8.7976597 ] ] ] } },
{ "type": "Feature", "properties": { "osm_id": "1196320367", "code": "6101", "fclass": "rail", "name": null, "layer": 0, "bridge": "F", "tunnel": "F", "path": "F:\\AnimationData\\Rail\\EthioDjibouti\\Ethiopia_Rail.shp" }, "geometry": { "type": "MultiLineString", "coordinates": [ [ [ 38.997494, 8.7941277 ], [ 38.9968371, 8.7941517 ], [ 38.9959112, 8.7941377 ], [ 38.9946741, 8.7940498 ], [ 38.9910661, 8.793761 ], [ 38.9676034, 8.7919065 ], [ 38.9666384, 8.7918553 ], [ 38.9652651, 8.7918049 ], [ 38.9637657, 8.7918341 ], [ 38.9627545, 8.7919057 ], [ 38.9615301, 8.7920454 ], [ 38.9606195, 8.7921919 ], [ 38.9593079, 8.7924438 ], [ 38.9379307, 8.7976597 ] ] ] } },
{ "type": "Feature", "properties": { "osm_id": "1196320368", "code": "6101", "fclass": "rail", "name": null, "layer": 1, "bridge": "T", "tunnel": "F", "path": "F:\\AnimationData\\Rail\\EthioDjibouti\\Ethiopia_Rail.shp" }, "geometry": { "type": "MultiLineString", "coordinates": [ [ [ 38.997494, 8.7941277 ], [ 38.9978426, 8.7941092 ], [ 38.998295, 8.7940706 ] ] ] } },
{ "type": "Feature", "properties": { "osm_id": "1196320369", "code": "6101", "fclass": "rail", "name": null, "layer": 0, "bridge": "F", "tunnel": "F", "path": "F:\\AnimationData\\Rail\\EthioDjibouti\\Ethiopia_Rail.shp" }, "geometry": { "type": "MultiLineString", "coordinates": [ [ [ 39.0152291, 8.7706625 ], [ 39.0137118, 8.7730073 ], [ 39.013132, 8.7740336 ], [ 39.0127617, 8.7749127 ], [ 39.0124614, 8.7757734 ], [ 39.0122192, 8.7767975 ], [ 39.0109362, 8.782569 ], [ 39.0106591, 8.783669 ], [ 39.0103587, 8.7846447 ], [ 39.0099652, 8.7856227 ], [ 39.0094808, 8.7865869 ], [ 39.0089988, 8.7873924 ], [ 39.0085727, 8.787993 ], [ 39.0081349, 8.788612 ], [ 39.007462, 8.7894013 ], [ 39.0067704, 8.7900917 ], [ 39.0058972, 8.7908465 ], [ 39.0050729, 8.7914471 ], [ 39.0039413, 8.7921765 ], [ 39.0028445, 8.7927541 ], [ 39.0018758, 8.7931775 ], [ 39.0010539, 8.7934651 ], [ 39.000516, 8.7936424 ], [ 38.9999106, 8.7937989 ], [ 38.9992027, 8.7939392 ], [ 38.998295, 8.7940706 ] ] ] } },
{ "type": "Feature", "properties": { "osm_id": "1196320370", "code": "6101", "fclass": "rail", "name": null, "layer": 1, "bridge": "T", "tunnel": "F", "path": "F:\\AnimationData\\Rail\\EthioDjibouti\\Ethiopia_Rail.shp" }, "geometry": { "type": "MultiLineString", "coordinates": [ [ [ 39.0152291, 8.7706625 ], [ 39.0154335, 8.7703491 ] ] ] } },
{ "type": "Feature", "properties": { "osm_id": "1196320373", "code": "6101", "fclass": "rail", "name": null, "layer": 0, "bridge": "F", "tunnel": "F", "path": "F:\\AnimationData\\Rail\\EthioDjibouti\\Ethiopia_Rail.shp" }, "geometry": { "type": "MultiLineString", "coordinates": [ [ [ 39.0158128, 8.7698825 ], [ 39.01604, 8.769475 ] ] ] } },
{ "type": "Feature", "properties": { "osm_id": "1196320374", "code": "6101", "fclass": "rail", "name": null, "layer": 0, "bridge": "F", "tunnel": "F", "path": "F:\\AnimationData\\Rail\\EthioDjibouti\\Ethiopia_Rail.shp" }, "geometry": { "type": "MultiLineString", "coordinates": [ [ [ 39.0154335, 8.7703491 ], [ 39.01604, 8.769475 ] ] ] } },
{ "type": "Feature", "properties": { "osm_id": "1196320377", "code": "6101", "fclass": "rail", "name": null, "layer": 0, "bridge": "F", "tunnel": "F", "path": "F:\\AnimationData\\Rail\\EthioDjibouti\\Ethiopia_Rail.shp" }, "geometry": { "type": "MultiLineString", "coordinates": [ [ [ 39.0216427, 8.7609664 ], [ 39.021377, 8.7612855 ], [ 39.0211884, 8.761557 ], [ 39.0167875, 8.7682462 ], [ 39.0165283, 8.7687337 ] ] ] } },
{ "type": "Feature", "properties": { "osm_id": "1196320378", "code": "6101", "fclass": "rail", "name": null, "layer": 0, "bridge": "F", "tunnel": "F", "path": "F:\\AnimationData\\Rail\\EthioDjibouti\\Ethiopia_Rail.shp" }, "geometry": { "type": "MultiLineString", "coordinates": [ [ [ 39.0163205, 8.7690491 ], [ 39.016568, 8.7687515 ] ] ] } },
{ "type": "Feature", "properties": { "osm_id": "1196320379", "code": "6101", "fclass": "rail", "name": null, "layer": 0, "bridge": "F", "tunnel": "F", "path": "F:\\AnimationData\\Rail\\EthioDjibouti\\Ethiopia_Rail.shp" }, "geometry": { "type": "MultiLineString", "coordinates": [ [ [ 39.021858, 8.7606385 ], [ 39.0221592, 8.7602609 ] ] ] } },
{ "type": "Feature", "properties": { "osm_id": "1196320380", "code": "6101", "fclass": "rail", "name": null, "layer": 0, "bridge": "F", "tunnel": "F", "path": "F:\\AnimationData\\Rail\\EthioDjibouti\\Ethiopia_Rail.shp" }, "geometry": { "type": "MultiLineString", "coordinates": [ [ [ 39.0224995, 8.7597458 ], [ 39.0226857, 8.7593784 ] ] ] } },
{ "type": "Feature", "properties": { "osm_id": "1196334712", "code": "6101", "fclass": "rail", "name": "Addis Ababa – Djibouti Railway", "layer": 0, "bridge": "F", "tunnel": "F", "path": "F:\\AnimationData\\Rail\\EthioDjibouti\\Ethiopia_Rail.shp" }, "geometry": { "type": "MultiLineString", "coordinates": [ [ [ 39.077326, 8.6831619 ], [ 39.0790395, 8.6807989 ], [ 39.0801131, 8.6790857 ], [ 39.0810316, 8.6773327 ], [ 39.0816579, 8.6758968 ], [ 39.082272, 8.6742229 ], [ 39.0828571, 8.6721466 ], [ 39.0834107, 8.6697002 ] ] ] } },
{ "type": "Feature", "properties": { "osm_id": "1196334713", "code": "6101", "fclass": "rail", "name": "Addis Ababa – Djibouti Railway", "layer": 1, "bridge": "T", "tunnel": "F", "path": "F:\\AnimationData\\Rail\\EthioDjibouti\\Ethiopia_Rail.shp" }, "geometry": { "type": "MultiLineString", "coordinates": [ [ [ 39.0771093, 8.6834607 ], [ 39.077326, 8.6831619 ] ] ] } },
{ "type": "Feature", "properties": { "osm_id": "1196334714", "code": "6101", "fclass": "rail", "name": "Addis Ababa – Djibouti Railway", "layer": 0, "bridge": "F", "tunnel": "F", "path": "F:\\AnimationData\\Rail\\EthioDjibouti\\Ethiopia_Rail.shp" }, "geometry": { "type": "MultiLineString", "coordinates": [ [ [ 39.0773697, 8.6831883 ], [ 39.0790811, 8.6808263 ], [ 39.0801566, 8.6791101 ], [ 39.0810768, 8.6773539 ], [ 39.0817044, 8.675915 ], [ 39.0823196, 8.674238 ], [ 39.0829056, 8.6721586 ], [ 39.0834569, 8.6697114 ] ] ] } },
{ "type": "Feature", "properties": { "osm_id": "1196334715", "code": "6101", "fclass": "rail", "name": "Addis Ababa – Djibouti Railway", "layer": 1, "bridge": "T", "tunnel": "F", "path": "F:\\AnimationData\\Rail\\EthioDjibouti\\Ethiopia_Rail.shp" }, "geometry": { "type": "MultiLineString", "coordinates": [ [ [ 39.0771495, 8.6834923 ], [ 39.0773697, 8.6831883 ] ] ] } },
{ "type": "Feature", "properties": { "osm_id": "1196334718", "code": "6101", "fclass": "rail", "name": null, "layer": 0, "bridge": "F", "tunnel": "F", "path": "F:\\AnimationData\\Rail\\EthioDjibouti\\Ethiopia_Rail.shp" }, "geometry": { "type": "MultiLineString", "coordinates": [ [ [ 39.1386059, 8.5836683 ], [ 39.1387076, 8.5830104 ], [ 39.1388182, 8.5823583 ], [ 39.1388909, 8.5818481 ], [ 39.1390977, 8.5804873 ], [ 39.1392725, 8.579298 ] ] ] } },
{ "type": "Feature", "properties": { "osm_id": "1196334719", "code": "6101", "fclass": "rail", "name": null, "layer": 0, "bridge": "F", "tunnel": "F", "path": "F:\\AnimationData\\Rail\\EthioDjibouti\\Ethiopia_Rail.shp" }, "geometry": { "type": "MultiLineString", "coordinates": [ [ [ 39.1384922, 8.583948 ], [ 39.1386053, 8.5834285 ] ] ] } },
{ "type": "Feature", "properties": { "osm_id": "1196334720", "code": "6101", "fclass": "rail", "name": null, "layer": 0, "bridge": "F", "tunnel": "F", "path": "F:\\AnimationData\\Rail\\EthioDjibouti\\Ethiopia_Rail.shp" }, "geometry": { "type": "MultiLineString", "coordinates": [ [ [ 39.139291, 8.5791576 ], [ 39.1394456, 8.578141 ], [ 39.1395357, 8.577681 ], [ 39.1396262, 8.5773596 ], [ 39.1397347, 8.5770561 ] ] ] } },
{ "type": "Feature", "properties": { "osm_id": "1196367154", "code": "6101", "fclass": "rail", "name": null, "layer": 0, "bridge": "F", "tunnel": "F", "path": "F:\\AnimationData\\Rail\\EthioDjibouti\\Ethiopia_Rail.shp" }, "geometry": { "type": "MultiLineString", "coordinates": [ [ [ 39.1412513, 8.5493059 ], [ 39.140404, 8.5525835 ] ] ] } },
{ "type": "Feature", "properties": { "osm_id": "1196367155", "code": "6101", "fclass": "rail", "name": null, "layer": 1, "bridge": "T", "tunnel": "F", "path": "F:\\AnimationData\\Rail\\EthioDjibouti\\Ethiopia_Rail.shp" }, "geometry": { "type": "MultiLineString", "coordinates": [ [ [ 39.1412513, 8.5493059 ], [ 39.1413398, 8.5489688 ] ] ] } },
{ "type": "Feature", "properties": { "osm_id": "1196367156", "code": "6101", "fclass": "rail", "name": null, "layer": 0, "bridge": "F", "tunnel": "F", "path": "F:\\AnimationData\\Rail\\EthioDjibouti\\Ethiopia_Rail.shp" }, "geometry": { "type": "MultiLineString", "coordinates": [ [ [ 39.1482767, 8.5350492 ], [ 39.1476884, 8.5353111 ], [ 39.1470416, 8.5356489 ], [ 39.1464371, 8.5360448 ], [ 39.1459338, 8.5364206 ], [ 39.1455153, 8.5368124 ], [ 39.145103, 8.5372482 ], [ 39.1445753, 8.5379739 ], [ 39.1441852, 8.5386716 ], [ 39.1439083, 8.5392673 ], [ 39.143696, 8.539897 ], [ 39.1434777, 8.5407026 ], [ 39.1413398, 8.5489688 ] ] ] } },
{ "type": "Feature", "properties": { "osm_id": "1196367157", "code": "6101", "fclass": "rail", "name": null, "layer": 1, "bridge": "T", "tunnel": "F", "path": "F:\\AnimationData\\Rail\\EthioDjibouti\\Ethiopia_Rail.shp" }, "geometry": { "type": "MultiLineString", "coordinates": [ [ [ 39.1482767, 8.5350492 ], [ 39.1492579, 8.5346841 ] ] ] } },
{ "type": "Feature", "properties": { "osm_id": "1196367158", "code": "6101", "fclass": "rail", "name": null, "layer": 0, "bridge": "F", "tunnel": "F", "path": "F:\\AnimationData\\Rail\\EthioDjibouti\\Ethiopia_Rail.shp" }, "geometry": { "type": "MultiLineString", "coordinates": [ [ [ 39.1564928, 8.5254401 ], [ 39.1559935, 8.5261798 ], [ 39.1556822, 8.5267615 ], [ 39.1554133, 8.5274333 ], [ 39.1545502, 8.5298502 ], [ 39.1542732, 8.5305079 ], [ 39.1538992, 8.5312256 ], [ 39.15359, 8.5317214 ], [ 39.1532544, 8.5321612 ], [ 39.1527147, 8.5327709 ], [ 39.1521345, 8.5332847 ], [ 39.1514714, 8.5337425 ], [ 39.1508084, 8.5340804 ], [ 39.1499715, 8.5344242 ], [ 39.1492579, 8.5346841 ] ] ] } },
{ "type": "Feature", "properties": { "osm_id": "1196367159", "code": "6101", "fclass": "rail", "name": null, "layer": 0, "bridge": "F", "tunnel": "F", "path": "F:\\AnimationData\\Rail\\EthioDjibouti\\Ethiopia_Rail.shp" }, "geometry": { "type": "MultiLineString", "coordinates": [ [ [ 39.1615226, 8.5222309 ], [ 39.1597679, 8.5230366 ], [ 39.1590766, 8.5233544 ], [ 39.1583832, 8.5237483 ], [ 39.1576332, 8.5242681 ], [ 39.1570126, 8.5248358 ], [ 39.1564928, 8.5254401 ] ] ] } },
{ "type": "Feature", "properties": { "osm_id": "1196367160", "code": "6101", "fclass": "rail", "name": null, "layer": 1, "bridge": "T", "tunnel": "F", "path": "F:\\AnimationData\\Rail\\EthioDjibouti\\Ethiopia_Rail.shp" }, "geometry": { "type": "MultiLineString", "coordinates": [ [ [ 39.1631865, 8.521129 ], [ 39.1628566, 8.5213942 ], [ 39.1624811, 8.5216754 ], [ 39.1620841, 8.5219301 ], [ 39.1615226, 8.5222309 ] ] ] } },
{ "type": "Feature", "properties": { "osm_id": "1196367161", "code": "6101", "fclass": "rail", "name": null, "layer": 0, "bridge": "F", "tunnel": "F", "path": "F:\\AnimationData\\Rail\\EthioDjibouti\\Ethiopia_Rail.shp" }, "geometry": { "type": "MultiLineString", "coordinates": [ [ [ 39.1647342, 8.5193226 ], [ 39.1643426, 8.5199247 ], [ 39.16379, 8.5205719 ], [ 39.1631865, 8.521129 ] ] ] } },
{ "type": "Feature", "properties": { "osm_id": "1196367162", "code": "6101", "fclass": "rail", "name": null, "layer": 0, "bridge": "F", "tunnel": "F", "path": "F:\\AnimationData\\Rail\\EthioDjibouti\\Ethiopia_Rail.shp" }, "geometry": { "type": "MultiLineString", "coordinates": [ [ [ 39.1679367, 8.5100489 ], [ 39.1656568, 8.5173517 ], [ 39.1653967, 8.5179936 ], [ 39.1650909, 8.5186859 ], [ 39.1647342, 8.5193226 ] ] ] } },
{ "type": "Feature", "properties": { "osm_id": "1196367164", "code": "6101", "fclass": "rail", "name": null, "layer": 0, "bridge": "F", "tunnel": "F", "path": "F:\\AnimationData\\Rail\\EthioDjibouti\\Ethiopia_Rail.shp" }, "geometry": { "type": "MultiLineString", "coordinates": [ [ [ 39.1684525, 8.508298 ], [ 39.1679367, 8.5100489 ] ] ] } },
{ "type": "Feature", "properties": { "osm_id": "1196367165", "code": "6101", "fclass": "rail", "name": null, "layer": 1, "bridge": "T", "tunnel": "F", "path": "F:\\AnimationData\\Rail\\EthioDjibouti\\Ethiopia_Rail.shp" }, "geometry": { "type": "MultiLineString", "coordinates": [ [ [ 39.171014, 8.503417 ], [ 39.1705097, 8.5039157 ], [ 39.1700913, 8.5044038 ], [ 39.169689, 8.5050087 ], [ 39.1693108, 8.5056559 ], [ 39.1690023, 8.5064226 ], [ 39.1684525, 8.508298 ] ] ] } },
{ "type": "Feature", "properties": { "osm_id": "1196367166", "code": "6101", "fclass": "rail", "name": null, "layer": 0, "bridge": "F", "tunnel": "F", "path": "F:\\AnimationData\\Rail\\EthioDjibouti\\Ethiopia_Rail.shp" }, "geometry": { "type": "MultiLineString", "coordinates": [ [ [ 39.171014, 8.503417 ], [ 39.1713481, 8.5031271 ] ] ] } },
{ "type": "Feature", "properties": { "osm_id": "1196367167", "code": "6101", "fclass": "rail", "name": null, "layer": 0, "bridge": "F", "tunnel": "F", "path": "F:\\AnimationData\\Rail\\EthioDjibouti\\Ethiopia_Rail.shp" }, "geometry": { "type": "MultiLineString", "coordinates": [ [ [ 39.1797649, 8.5024347 ], [ 39.1793142, 8.5021668 ], [ 39.178877, 8.5019387 ], [ 39.1782226, 8.501692 ], [ 39.1774287, 8.501501 ], [ 39.1767259, 8.5014028 ], [ 39.1759668, 8.501371 ], [ 39.175138, 8.5014346 ], [ 39.1744541, 8.5015752 ], [ 39.1738291, 8.5017503 ], [ 39.1732498, 8.5019864 ], [ 39.1727187, 8.5022464 ], [ 39.171788, 8.5028061 ], [ 39.1713481, 8.5031271 ] ] ] } },
{ "type": "Feature", "properties": { "osm_id": "1196367168", "code": "6101", "fclass": "rail", "name": null, "layer": 0, "bridge": "F", "tunnel": "F", "path": "F:\\AnimationData\\Rail\\EthioDjibouti\\Ethiopia_Rail.shp" }, "geometry": { "type": "MultiLineString", "coordinates": [ [ [ 39.1968643, 8.5148593 ], [ 39.1943541, 8.5127429 ], [ 39.1932295, 8.5118649 ], [ 39.1923586, 8.511253 ], [ 39.1915599, 8.5107947 ], [ 39.1905773, 8.510295 ], [ 39.1869424, 8.5085655 ], [ 39.1862881, 8.5082385 ], [ 39.1856152, 8.5078124 ], [ 39.1850284, 8.5074071 ], [ 39.1842646, 8.5068222 ], [ 39.1837547, 8.5063593 ], [ 39.1831539, 8.5057536 ], [ 39.1816054, 8.5040264 ], [ 39.1811234, 8.5035221 ], [ 39.18066, 8.5031053 ], [ 39.1802246, 8.5027621 ], [ 39.1797649, 8.5024347 ] ] ] } },
{ "type": "Feature", "properties": { "osm_id": "1196367169", "code": "6101", "fclass": "rail", "name": null, "layer": 1, "bridge": "T", "tunnel": "F", "path": "F:\\AnimationData\\Rail\\EthioDjibouti\\Ethiopia_Rail.shp" }, "geometry": { "type": "MultiLineString", "coordinates": [ [ [ 39.1968643, 8.5148593 ], [ 39.1971923, 8.5151311 ] ] ] } },
{ "type": "Feature", "properties": { "osm_id": "1196367170", "code": "6101", "fclass": "rail", "name": null, "layer": 0, "bridge": "F", "tunnel": "F", "path": "F:\\AnimationData\\Rail\\EthioDjibouti\\Ethiopia_Rail.shp" }, "geometry": { "type": "MultiLineString", "coordinates": [ [ [ 39.2013007, 8.5166636 ], [ 39.2008005, 8.5166203 ], [ 39.2001284, 8.5165022 ], [ 39.1994703, 8.5163322 ], [ 39.1988437, 8.5160944 ], [ 39.198319, 8.5158427 ], [ 39.197947, 8.515631 ], [ 39.1975697, 8.5153828 ], [ 39.1971923, 8.5151311 ] ] ] } },
{ "type": "Feature", "properties": { "osm_id": "1196367171", "code": "6101", "fclass": "rail", "name": null, "layer": 1, "bridge": "T", "tunnel": "F", "path": "F:\\AnimationData\\Rail\\EthioDjibouti\\Ethiopia_Rail.shp" }, "geometry": { "type": "MultiLineString", "coordinates": [ [ [ 39.2013007, 8.5166636 ], [ 39.201706, 8.5166775 ] ] ] } },
{ "type": "Feature", "properties": { "osm_id": "1196367172", "code": "6101", "fclass": "rail", "name": null, "layer": 0, "bridge": "F", "tunnel": "F", "path": "F:\\AnimationData\\Rail\\EthioDjibouti\\Ethiopia_Rail.shp" }, "geometry": { "type": "MultiLineString", "coordinates": [ [ [ 39.2033259, 8.516497 ], [ 39.2028257, 8.5165908 ], [ 39.2022167, 8.5166584 ], [ 39.201706, 8.5166775 ] ] ] } },
{ "type": "Feature", "properties": { "osm_id": "1196367173", "code": "6101", "fclass": "rail", "name": null, "layer": 1, "bridge": "T", "tunnel": "F", "path": "F:\\AnimationData\\Rail\\EthioDjibouti\\Ethiopia_Rail.shp" }, "geometry": { "type": "MultiLineString", "coordinates": [ [ [ 39.2048895, 8.5159677 ], [ 39.2044051, 8.5161655 ], [ 39.2038523, 8.5163599 ], [ 39.2033259, 8.516497 ] ] ] } },
{ "type": "Feature", "properties": { "osm_id": "1196367174", "code": "6101", "fclass": "rail", "name": null, "layer": 1, "bridge": "T", "tunnel": "F", "path": "F:\\AnimationData\\Rail\\EthioDjibouti\\Ethiopia_Rail.shp" }, "geometry": { "type": "MultiLineString", "coordinates": [ [ [ 39.2079894, 8.5148163 ], [ 39.2074911, 8.5149407 ] ] ] } },
{ "type": "Feature", "properties": { "osm_id": "1196367175", "code": "6101", "fclass": "rail", "name": null, "layer": 0, "bridge": "F", "tunnel": "F", "path": "F:\\AnimationData\\Rail\\EthioDjibouti\\Ethiopia_Rail.shp" }, "geometry": { "type": "MultiLineString", "coordinates": [ [ [ 39.2074911, 8.5149407 ], [ 39.2070208, 8.515095 ], [ 39.2064666, 8.515316 ], [ 39.2048895, 8.5159677 ] ] ] } },
{ "type": "Feature", "properties": { "osm_id": "1196367176", "code": "6101", "fclass": "rail", "name": null, "layer": 0, "bridge": "F", "tunnel": "F", "path": "F:\\AnimationData\\Rail\\EthioDjibouti\\Ethiopia_Rail.shp" }, "geometry": { "type": "MultiLineString", "coordinates": [ [ [ 39.2125316, 8.5146665 ], [ 39.2100735, 8.5146044 ], [ 39.2094774, 8.514609 ], [ 39.2089581, 8.5146413 ], [ 39.2084971, 8.5147127 ], [ 39.2079894, 8.5148163 ] ] ] } },
{ "type": "Feature", "properties": { "osm_id": "1196367177", "code": "6101", "fclass": "rail", "name": null, "layer": 0, "bridge": "F", "tunnel": "F", "path": "F:\\AnimationData\\Rail\\EthioDjibouti\\Ethiopia_Rail.shp" }, "geometry": { "type": "MultiLineString", "coordinates": [ [ [ 39.2147259, 8.514289 ], [ 39.2142532, 8.5144455 ], [ 39.2136198, 8.5145653 ], [ 39.2130804, 8.5146389 ], [ 39.2125316, 8.5146665 ] ] ] } },
{ "type": "Feature", "properties": { "osm_id": "1196367178", "code": "6101", "fclass": "rail", "name": null, "layer": 1, "bridge": "T", "tunnel": "F", "path": "F:\\AnimationData\\Rail\\EthioDjibouti\\Ethiopia_Rail.shp" }, "geometry": { "type": "MultiLineString", "coordinates": [ [ [ 39.2147259, 8.514289 ], [ 39.2153197, 8.5140587 ] ] ] } },
{ "type": "Feature", "properties": { "osm_id": "1196367179", "code": "6101", "fclass": "rail", "name": null, "layer": 0, "bridge": "F", "tunnel": "F", "path": "F:\\AnimationData\\Rail\\EthioDjibouti\\Ethiopia_Rail.shp" }, "geometry": { "type": "MultiLineString", "coordinates": [ [ [ 39.220865, 8.5110548 ], [ 39.2203703, 8.51121 ], [ 39.2198231, 8.5114311 ], [ 39.2192479, 8.5117235 ], [ 39.2187449, 8.5120275 ], [ 39.2166004, 8.5133724 ], [ 39.2159647, 8.513757 ], [ 39.2153197, 8.5140587 ] ] ] } },
{ "type": "Feature", "properties": { "osm_id": "1196367180", "code": "6101", "fclass": "rail", "name": null, "layer": 0, "bridge": "F", "tunnel": "F", "path": "F:\\AnimationData\\Rail\\EthioDjibouti\\Ethiopia_Rail.shp" }, "geometry": { "type": "MultiLineString", "coordinates": [ [ [ 39.2249086, 8.5110419 ], [ 39.2246105, 8.510959 ], [ 39.2240982, 8.5108531 ], [ 39.2234346, 8.5107655 ], [ 39.222913, 8.510754 ], [ 39.2223286, 8.5107725 ], [ 39.2217208, 8.5108415 ], [ 39.220865, 8.5110548 ] ] ] } },
{ "type": "Feature", "properties": { "osm_id": "1196367181", "code": "6101", "fclass": "rail", "name": null, "layer": 0, "bridge": "F", "tunnel": "F", "path": "F:\\AnimationData\\Rail\\EthioDjibouti\\Ethiopia_Rail.shp" }, "geometry": { "type": "MultiLineString", "coordinates": [ [ [ 39.2284037, 8.5130132 ], [ 39.2270951, 8.5121035 ], [ 39.2264221, 8.5116844 ], [ 39.2257562, 8.5113505 ], [ 39.225195, 8.511134 ], [ 39.2249086, 8.5110419 ] ] ] } },
{ "type": "Feature", "properties": { "osm_id": "1196367182", "code": "6101", "fclass": "rail", "name": null, "layer": 1, "bridge": "T", "tunnel": "F", "path": "F:\\AnimationData\\Rail\\EthioDjibouti\\Ethiopia_Rail.shp" }, "geometry": { "type": "MultiLineString", "coordinates": [ [ [ 39.2290813, 8.5134852 ], [ 39.2284037, 8.5130132 ] ] ] } },
{ "type": "Feature", "properties": { "osm_id": "1196367183", "code": "6101", "fclass": "rail", "name": null, "layer": 0, "bridge": "F", "tunnel": "F", "path": "F:\\AnimationData\\Rail\\EthioDjibouti\\Ethiopia_Rail.shp" }, "geometry": { "type": "MultiLineString", "coordinates": [ [ [ 39.2303337, 8.5142444 ], [ 39.2295932, 8.5138104 ], [ 39.2290813, 8.5134852 ] ] ] } },
{ "type": "Feature", "properties": { "osm_id": "1196367184", "code": "6101", "fclass": "rail", "name": null, "layer": 0, "bridge": "F", "tunnel": "F", "path": "F:\\AnimationData\\Rail\\EthioDjibouti\\Ethiopia_Rail.shp" }, "geometry": { "type": "MultiLineString", "coordinates": [ [ [ 39.2575091, 8.5065199 ], [ 39.2578697, 8.5064647 ] ] ] } },
{ "type": "Feature", "properties": { "osm_id": "1196367185", "code": "6101", "fclass": "rail", "name": null, "layer": 0, "bridge": "F", "tunnel": "F", "path": "F:\\AnimationData\\Rail\\EthioDjibouti\\Ethiopia_Rail.shp" }, "geometry": { "type": "MultiLineString", "coordinates": [ [ [ 39.2574988, 8.5064717 ], [ 39.2578625, 8.5064151 ] ] ] } },
{ "type": "Feature", "properties": { "osm_id": "1196367187", "code": "6101", "fclass": "rail", "name": null, "layer": 0, "bridge": "F", "tunnel": "F", "path": "F:\\AnimationData\\Rail\\EthioDjibouti\\Ethiopia_Rail.shp" }, "geometry": { "type": "MultiLineString", "coordinates": [ [ [ 39.2592545, 8.5062015 ], [ 39.2600736, 8.5060853 ] ] ] } },
{ "type": "Feature", "properties": { "osm_id": "1196367188", "code": "6101", "fclass": "rail", "name": null, "layer": 0, "bridge": "F", "tunnel": "F", "path": "F:\\AnimationData\\Rail\\EthioDjibouti\\Ethiopia_Rail.shp" }, "geometry": { "type": "MultiLineString", "coordinates": [ [ [ 39.2594972, 8.5059323 ], [ 39.2583483, 8.5061005 ] ] ] } },
{ "type": "Feature", "properties": { "osm_id": "1196367189", "code": "6101", "fclass": "rail", "name": null, "layer": 0, "bridge": "F", "tunnel": "F", "path": "F:\\AnimationData\\Rail\\EthioDjibouti\\Ethiopia_Rail.shp" }, "geometry": { "type": "MultiLineString", "coordinates": [ [ [ 39.2684463, 8.50466 ], [ 39.2693795, 8.5045206 ] ] ] } },
{ "type": "Feature", "properties": { "osm_id": "1196367190", "code": "6101", "fclass": "rail", "name": null, "layer": 0, "bridge": "F", "tunnel": "F", "path": "F:\\AnimationData\\Rail\\EthioDjibouti\\Ethiopia_Rail.shp" }, "geometry": { "type": "MultiLineString", "coordinates": [ [ [ 39.2706243, 8.5044386 ], [ 39.2701541, 8.5045613 ] ] ] } },
{ "type": "Feature", "properties": { "osm_id": "1196453981", "code": "6101", "fclass": "rail", "name": null, "layer": 0, "bridge": "F", "tunnel": "F", "path": "F:\\AnimationData\\Rail\\EthioDjibouti\\Ethiopia_Rail.shp" }, "geometry": { "type": "MultiLineString", "coordinates": [ [ [ 39.5303024, 8.6741992 ], [ 39.5305418, 8.6745564 ], [ 39.5364352, 8.6814952 ], [ 39.5366552, 8.681675 ] ] ] } },
{ "type": "Feature", "properties": { "osm_id": "1196453982", "code": "6101", "fclass": "rail", "name": null, "layer": 0, "bridge": "F", "tunnel": "F", "path": "F:\\AnimationData\\Rail\\EthioDjibouti\\Ethiopia_Rail.shp" }, "geometry": { "type": "MultiLineString", "coordinates": [ [ [ 39.5364352, 8.6814952 ], [ 39.5367846, 8.681899 ] ] ] } },
{ "type": "Feature", "properties": { "osm_id": "1196453983", "code": "6101", "fclass": "rail", "name": null, "layer": 0, "bridge": "F", "tunnel": "F", "path": "F:\\AnimationData\\Rail\\EthioDjibouti\\Ethiopia_Rail.shp" }, "geometry": { "type": "MultiLineString", "coordinates": [ [ [ 39.5368218, 8.6818711 ], [ 39.5366808, 8.6816259 ], [ 39.5308372, 8.6747476 ], [ 39.5305473, 8.6744874 ] ] ] } },
{ "type": "Feature", "properties": { "osm_id": "1196454009", "code": "6101", "fclass": "rail", "name": null, "layer": 0, "bridge": "F", "tunnel": "F", "path": "F:\\AnimationData\\Rail\\EthioDjibouti\\Ethiopia_Rail.shp" }, "geometry": { "type": "MultiLineString", "coordinates": [ [ [ 39.9154204, 8.9135138 ], [ 39.9159127, 8.913553 ], [ 39.924792, 8.9135282 ], [ 39.9252637, 8.913482 ] ] ] } },
{ "type": "Feature", "properties": { "osm_id": "1196454010", "code": "6101", "fclass": "rail", "name": null, "layer": 0, "bridge": "F", "tunnel": "F", "path": "F:\\AnimationData\\Rail\\EthioDjibouti\\Ethiopia_Rail.shp" }, "geometry": { "type": "MultiLineString", "coordinates": [ [ [ 39.9257755, 8.9134786 ], [ 39.9252331, 8.9134395 ], [ 39.9163889, 8.9134659 ], [ 39.9159191, 8.913512 ] ] ] } },
{ "type": "Feature", "properties": { "osm_id": "1196454011", "code": "6101", "fclass": "rail", "name": null, "layer": 0, "bridge": "F", "tunnel": "F", "path": "F:\\AnimationData\\Rail\\EthioDjibouti\\Ethiopia_Rail.shp" }, "geometry": { "type": "MultiLineString", "coordinates": [ [ [ 39.9163889, 8.9134659 ], [ 39.9154855, 8.9134659 ] ] ] } },
{ "type": "Feature", "properties": { "osm_id": "1196454014", "code": "6101", "fclass": "rail", "name": null, "layer": 0, "bridge": "F", "tunnel": "F", "path": "F:\\AnimationData\\Rail\\EthioDjibouti\\Ethiopia_Rail.shp" }, "geometry": { "type": "MultiLineString", "coordinates": [ [ [ 39.924792, 8.9135282 ], [ 39.9252596, 8.9135302 ], [ 39.9256957, 8.913581 ], [ 39.925984, 8.9136072 ], [ 39.9260273, 8.9136076 ], [ 39.9270582, 8.913617 ] ] ] } },
{ "type": "Feature", "properties": { "osm_id": "1196454015", "code": "6101", "fclass": "rail", "name": null, "layer": 0, "bridge": "F", "tunnel": "F", "path": "F:\\AnimationData\\Rail\\EthioDjibouti\\Ethiopia_Rail.shp" }, "geometry": { "type": "MultiLineString", "coordinates": [ [ [ 39.9260273, 8.9136076 ], [ 39.9263671, 8.9136497 ], [ 39.9270585, 8.9136563 ] ] ] } },
{ "type": "Feature", "properties": { "osm_id": "1196454016", "code": "6101", "fclass": "rail", "name": null, "layer": 0, "bridge": "F", "tunnel": "F", "path": "F:\\AnimationData\\Rail\\EthioDjibouti\\Ethiopia_Rail.shp" }, "geometry": { "type": "MultiLineString", "coordinates": [ [ [ 39.9270585, 8.9136563 ], [ 39.9274332, 8.9136596 ] ] ] } },
{ "type": "Feature", "properties": { "osm_id": "1196454017", "code": "6101", "fclass": "rail", "name": null, "layer": 0, "bridge": "F", "tunnel": "F", "path": "F:\\AnimationData\\Rail\\EthioDjibouti\\Ethiopia_Rail.shp" }, "geometry": { "type": "MultiLineString", "coordinates": [ [ [ 39.9270582, 8.913617 ], [ 39.9274365, 8.9136186 ] ] ] } },
{ "type": "Feature", "properties": { "osm_id": "1196454018", "code": "6101", "fclass": "rail", "name": null, "layer": 0, "bridge": "F", "tunnel": "F", "path": "F:\\AnimationData\\Rail\\EthioDjibouti\\Ethiopia_Rail.shp" }, "geometry": { "type": "MultiLineString", "coordinates": [ [ [ 39.9256957, 8.913581 ], [ 39.9254271, 8.9135777 ], [ 39.9248302, 8.9135826 ] ] ] } },
{ "type": "Feature", "properties": { "osm_id": "1196454019", "code": "6101", "fclass": "rail", "name": null, "layer": 0, "bridge": "F", "tunnel": "F", "path": "F:\\AnimationData\\Rail\\EthioDjibouti\\Ethiopia_Rail.shp" }, "geometry": { "type": "MultiLineString", "coordinates": [ [ [ 40.1588232, 9.0070454 ], [ 40.1594549, 9.0074286 ] ] ] } },
{ "type": "Feature", "properties": { "osm_id": "1196454020", "code": "6101", "fclass": "rail", "name": null, "layer": 0, "bridge": "F", "tunnel": "F", "path": "F:\\AnimationData\\Rail\\EthioDjibouti\\Ethiopia_Rail.shp" }, "geometry": { "type": "MultiLineString", "coordinates": [ [ [ 40.1567537, 9.0058559 ], [ 40.156205, 9.0054947 ], [ 40.1558117, 9.0052864 ], [ 40.1552768, 9.0049428 ], [ 40.1487562, 9.00142 ], [ 40.148428, 9.001226 ], [ 40.1478573, 9.0009766 ] ] ] } },
{ "type": "Feature", "properties": { "osm_id": "1196454024", "code": "6101", "fclass": "rail", "name": null, "layer": 0, "bridge": "F", "tunnel": "F", "path": "F:\\AnimationData\\Rail\\EthioDjibouti\\Ethiopia_Rail.shp" }, "geometry": { "type": "MultiLineString", "coordinates": [ [ [ 40.1573956, 9.0061985 ], [ 40.157929, 9.0064311 ] ] ] } },
{ "type": "Feature", "properties": { "osm_id": "1196454025", "code": "6101", "fclass": "rail", "name": null, "layer": 0, "bridge": "F", "tunnel": "F", "path": "F:\\AnimationData\\Rail\\EthioDjibouti\\Ethiopia_Rail.shp" }, "geometry": { "type": "MultiLineString", "coordinates": [ [ [ 40.1583083, 9.0066282 ], [ 40.1594745, 9.007252 ], [ 40.1598525, 9.0074105 ], [ 40.1600604, 9.0074832 ], [ 40.1602488, 9.0075368 ], [ 40.1604629, 9.0075791 ], [ 40.1606641, 9.0075959 ], [ 40.1609888, 9.0076039 ], [ 40.1614849, 9.007598 ], [ 40.1618329, 9.007581 ] ] ] } },
{ "type": "Feature", "properties": { "osm_id": "1196454026", "code": "6101", "fclass": "rail", "name": null, "layer": 0, "bridge": "F", "tunnel": "F", "path": "F:\\AnimationData\\Rail\\EthioDjibouti\\Ethiopia_Rail.shp" }, "geometry": { "type": "MultiLineString", "coordinates": [ [ [ 40.1583083, 9.0066282 ], [ 40.1579734, 9.0063975 ], [ 40.1573663, 9.0060686 ] ] ] } },
{ "type": "Feature", "properties": { "osm_id": "1196454027", "code": "6101", "fclass": "rail", "name": null, "layer": 0, "bridge": "F", "tunnel": "F", "path": "F:\\AnimationData\\Rail\\EthioDjibouti\\Ethiopia_Rail.shp" }, "geometry": { "type": "MultiLineString", "coordinates": [ [ [ 40.1586134, 9.0068604 ], [ 40.1581338, 9.0066443 ], [ 40.157871, 9.0065094 ], [ 40.1570673, 9.0060686 ], [ 40.1568661, 9.0059689 ], [ 40.1475499, 9.0009111 ] ] ] } },
{ "type": "Feature", "properties": { "osm_id": "1196454028", "code": "6101", "fclass": "rail", "name": null, "layer": 0, "bridge": "F", "tunnel": "F", "path": "F:\\AnimationData\\Rail\\EthioDjibouti\\Ethiopia_Rail.shp" }, "geometry": { "type": "MultiLineString", "coordinates": [ [ [ 40.157871, 9.0065094 ], [ 40.1575566, 9.0063951 ] ] ] } },
{ "type": "Feature", "properties": { "osm_id": "1196454029", "code": "6101", "fclass": "rail", "name": null, "layer": 0, "bridge": "F", "tunnel": "F", "path": "F:\\AnimationData\\Rail\\EthioDjibouti\\Ethiopia_Rail.shp" }, "geometry": { "type": "MultiLineString", "coordinates": [ [ [ 40.1572885, 9.0062466 ], [ 40.1570673, 9.0060686 ] ] ] } },
{ "type": "Feature", "properties": { "osm_id": "1196454030", "code": "6101", "fclass": "rail", "name": null, "layer": 0, "bridge": "F", "tunnel": "F", "path": "F:\\AnimationData\\Rail\\EthioDjibouti\\Ethiopia_Rail.shp" }, "geometry": { "type": "MultiLineString", "coordinates": [ [ [ 40.1568661, 9.0059689 ], [ 40.1563604, 9.0056424 ] ] ] } },
{ "type": "Feature", "properties": { "osm_id": "1196777033", "code": "6101", "fclass": "rail", "name": "Addis Ababa – Djibouti Railway", "layer": 0, "bridge": "F", "tunnel": "F", "path": "F:\\AnimationData\\Rail\\EthioDjibouti\\Ethiopia_Rail.shp" }, "geometry": { "type": "MultiLineString", "coordinates": [ [ [ 40.4068019, 9.0287976 ], [ 40.4036912, 9.0259857 ], [ 40.4025337, 9.0251041 ], [ 40.401588, 9.0245112 ], [ 40.40005, 9.0237294 ], [ 40.3966371, 9.0220205 ], [ 40.3940378, 9.021048 ], [ 40.3933614, 9.0207953 ], [ 40.3912946, 9.0201872 ], [ 40.3877791, 9.019104 ] ] ] } },
{ "type": "Feature", "properties": { "osm_id": "1196777034", "code": "6101", "fclass": "rail", "name": "Addis Ababa – Djibouti Railway", "layer": 1, "bridge": "T", "tunnel": "F", "path": "F:\\AnimationData\\Rail\\EthioDjibouti\\Ethiopia_Rail.shp" }, "geometry": { "type": "MultiLineString", "coordinates": [ [ [ 40.4073919, 9.029331 ], [ 40.4068019, 9.0287976 ] ] ] } },
{ "type": "Feature", "properties": { "osm_id": "1196777035", "code": "6101", "fclass": "rail", "name": "Addis Ababa – Djibouti Railway", "layer": 0, "bridge": "F", "tunnel": "F", "path": "F:\\AnimationData\\Rail\\EthioDjibouti\\Ethiopia_Rail.shp" }, "geometry": { "type": "MultiLineString", "coordinates": [ [ [ 40.4091492, 9.0309195 ], [ 40.4073919, 9.029331 ] ] ] } },
{ "type": "Feature", "properties": { "osm_id": "1196777036", "code": "6101", "fclass": "rail", "name": "Addis Ababa – Djibouti Railway", "layer": 1, "bridge": "T", "tunnel": "F", "path": "F:\\AnimationData\\Rail\\EthioDjibouti\\Ethiopia_Rail.shp" }, "geometry": { "type": "MultiLineString", "coordinates": [ [ [ 40.4095872, 9.0313155 ], [ 40.4091492, 9.0309195 ] ] ] } },
{ "type": "Feature", "properties": { "osm_id": "1196777037", "code": "6101", "fclass": "rail", "name": "Addis Ababa – Djibouti Railway", "layer": 0, "bridge": "F", "tunnel": "F", "path": "F:\\AnimationData\\Rail\\EthioDjibouti\\Ethiopia_Rail.shp" }, "geometry": { "type": "MultiLineString", "coordinates": [ [ [ 40.4197339, 9.0422324 ], [ 40.4185344, 9.0404131 ], [ 40.417208, 9.0387842 ], [ 40.4158728, 9.0372984 ], [ 40.4141657, 9.0356383 ], [ 40.4114408, 9.0330441 ], [ 40.4095872, 9.0313155 ] ] ] } },
{ "type": "Feature", "properties": { "osm_id": "1196777038", "code": "6101", "fclass": "rail", "name": "Addis Ababa – Djibouti Railway", "layer": 1, "bridge": "T", "tunnel": "F", "path": "F:\\AnimationData\\Rail\\EthioDjibouti\\Ethiopia_Rail.shp" }, "geometry": { "type": "MultiLineString", "coordinates": [ [ [ 40.4202717, 9.0430901 ], [ 40.4197339, 9.0422324 ] ] ] } },
{ "type": "Feature", "properties": { "osm_id": "1196780538", "code": "6101", "fclass": "rail", "name": null, "layer": 0, "bridge": "F", "tunnel": "F", "path": "F:\\AnimationData\\Rail\\EthioDjibouti\\Ethiopia_Rail.shp" }, "geometry": { "type": "MultiLineString", "coordinates": [ [ [ 40.4271409, 9.0537417 ], [ 40.4275896, 9.054498 ] ] ] } },
{ "type": "Feature", "properties": { "osm_id": "1196780539", "code": "6101", "fclass": "rail", "name": null, "layer": 0, "bridge": "F", "tunnel": "F", "path": "F:\\AnimationData\\Rail\\EthioDjibouti\\Ethiopia_Rail.shp" }, "geometry": { "type": "MultiLineString", "coordinates": [ [ [ 40.4235576, 9.0477688 ], [ 40.4229903, 9.0468485 ] ] ] } },
{ "type": "Feature", "properties": { "osm_id": "1196780540", "code": "6101", "fclass": "rail", "name": null, "layer": 0, "bridge": "F", "tunnel": "F", "path": "F:\\AnimationData\\Rail\\EthioDjibouti\\Ethiopia_Rail.shp" }, "geometry": { "type": "MultiLineString", "coordinates": [ [ [ 40.4276525, 9.0544479 ], [ 40.4274712, 9.0540469 ], [ 40.4235576, 9.0477688 ], [ 40.4232325, 9.0473834 ] ] ] } },
{ "type": "Feature", "properties": { "osm_id": "1196780541", "code": "6101", "fclass": "rail", "name": null, "layer": 0, "bridge": "F", "tunnel": "F", "path": "F:\\AnimationData\\Rail\\EthioDjibouti\\Ethiopia_Rail.shp" }, "geometry": { "type": "MultiLineString", "coordinates": [ [ [ 40.4229124, 9.0468718 ], [ 40.4231862, 9.0474293 ], [ 40.4271409, 9.0537417 ], [ 40.4274304, 9.0540915 ] ] ] } },
{ "type": "Feature", "properties": { "osm_id": "1196833900", "code": "6101", "fclass": "rail", "name": null, "layer": 0, "bridge": "F", "tunnel": "F", "path": "F:\\AnimationData\\Rail\\EthioDjibouti\\Ethiopia_Rail.shp" }, "geometry": { "type": "MultiLineString", "coordinates": [ [ [ 40.7348006, 9.214867 ], [ 40.7293202, 9.2140493 ], [ 40.7286451, 9.2138858 ] ] ] } },
{ "type": "Feature", "properties": { "osm_id": "1196833901", "code": "6101", "fclass": "rail", "name": null, "layer": 0, "bridge": "F", "tunnel": "F", "path": "F:\\AnimationData\\Rail\\EthioDjibouti\\Ethiopia_Rail.shp" }, "geometry": { "type": "MultiLineString", "coordinates": [ [ [ 40.7378432, 9.2152452 ], [ 40.7372931, 9.2152166 ], [ 40.7355369, 9.2149689 ] ] ] } },
{ "type": "Feature", "properties": { "osm_id": "1196833902", "code": "6101", "fclass": "rail", "name": null, "layer": 1, "bridge": "T", "tunnel": "F", "path": "F:\\AnimationData\\Rail\\EthioDjibouti\\Ethiopia_Rail.shp" }, "geometry": { "type": "MultiLineString", "coordinates": [ [ [ 40.7355369, 9.2149689 ], [ 40.7348006, 9.214867 ] ] ] } },
{ "type": "Feature", "properties": { "osm_id": "1196833903", "code": "6101", "fclass": "rail", "name": null, "layer": 0, "bridge": "F", "tunnel": "F", "path": "F:\\AnimationData\\Rail\\EthioDjibouti\\Ethiopia_Rail.shp" }, "geometry": { "type": "MultiLineString", "coordinates": [ [ [ 40.7281118, 9.2138053 ], [ 40.7286661, 9.2138339 ], [ 40.7348387, 9.2147625 ] ] ] } },
{ "type": "Feature", "properties": { "osm_id": "1196833904", "code": "6101", "fclass": "rail", "name": null, "layer": 0, "bridge": "F", "tunnel": "F", "path": "F:\\AnimationData\\Rail\\EthioDjibouti\\Ethiopia_Rail.shp" }, "geometry": { "type": "MultiLineString", "coordinates": [ [ [ 40.7355584, 9.2148661 ], [ 40.736898, 9.2150559 ], [ 40.7373547, 9.2151769 ] ] ] } },
{ "type": "Feature", "properties": { "osm_id": "1196833905", "code": "6101", "fclass": "rail", "name": null, "layer": 1, "bridge": "T", "tunnel": "F", "path": "F:\\AnimationData\\Rail\\EthioDjibouti\\Ethiopia_Rail.shp" }, "geometry": { "type": "MultiLineString", "coordinates": [ [ [ 40.7348387, 9.2147625 ], [ 40.7355584, 9.2148661 ] ] ] } },
{ "type": "Feature", "properties": { "osm_id": "1196833906", "code": "6101", "fclass": "rail", "name": null, "layer": 0, "bridge": "F", "tunnel": "F", "path": "F:\\AnimationData\\Rail\\EthioDjibouti\\Ethiopia_Rail.shp" }, "geometry": { "type": "MultiLineString", "coordinates": [ [ [ 40.7286661, 9.2138339 ], [ 40.7277285, 9.2136965 ], [ 40.7269669, 9.2135849 ], [ 40.724936, 9.2132873 ] ] ] } },
{ "type": "Feature", "properties": { "osm_id": "1196833907", "code": "6101", "fclass": "rail", "name": null, "layer": 0, "bridge": "F", "tunnel": "F", "path": "F:\\AnimationData\\Rail\\EthioDjibouti\\Ethiopia_Rail.shp" }, "geometry": { "type": "MultiLineString", "coordinates": [ [ [ 40.7277285, 9.2136965 ], [ 40.728591, 9.2137366 ] ] ] } },
{ "type": "Feature", "properties": { "osm_id": "1196833908", "code": "6101", "fclass": "rail", "name": null, "layer": 0, "bridge": "F", "tunnel": "F", "path": "F:\\AnimationData\\Rail\\EthioDjibouti\\Ethiopia_Rail.shp" }, "geometry": { "type": "MultiLineString", "coordinates": [ [ [ 40.7276786, 9.2137399 ], [ 40.7269669, 9.2135849 ] ] ] } },
{ "type": "Feature", "properties": { "osm_id": "1196833909", "code": "6101", "fclass": "rail", "name": null, "layer": 0, "bridge": "F", "tunnel": "F", "path": "F:\\AnimationData\\Rail\\EthioDjibouti\\Ethiopia_Rail.shp" }, "geometry": { "type": "MultiLineString", "coordinates": [ [ [ 40.7401817, 9.2157322 ], [ 40.7405725, 9.2157883 ] ] ] } },
{ "type": "Feature", "properties": { "osm_id": "1196833910", "code": "6101", "fclass": "rail", "name": null, "layer": 0, "bridge": "F", "tunnel": "F", "path": "F:\\AnimationData\\Rail\\EthioDjibouti\\Ethiopia_Rail.shp" }, "geometry": { "type": "MultiLineString", "coordinates": [ [ [ 40.7401722, 9.2158006 ], [ 40.7395383, 9.2157013 ], [ 40.7392658, 9.2156203 ] ] ] } },
{ "type": "Feature", "properties": { "osm_id": "1196833911", "code": "6101", "fclass": "rail", "name": null, "layer": 0, "bridge": "F", "tunnel": "F", "path": "F:\\AnimationData\\Rail\\EthioDjibouti\\Ethiopia_Rail.shp" }, "geometry": { "type": "MultiLineString", "coordinates": [ [ [ 40.7401768, 9.2157672 ], [ 40.7392658, 9.2156203 ], [ 40.7389148, 9.2155158 ] ] ] } },
{ "type": "Feature", "properties": { "osm_id": "1196833912", "code": "6101", "fclass": "rail", "name": null, "layer": 0, "bridge": "F", "tunnel": "F", "path": "F:\\AnimationData\\Rail\\EthioDjibouti\\Ethiopia_Rail.shp" }, "geometry": { "type": "MultiLineString", "coordinates": [ [ [ 40.7405651, 9.2158231 ], [ 40.7401768, 9.2157672 ] ] ] } },
{ "type": "Feature", "properties": { "osm_id": "1196833913", "code": "6101", "fclass": "rail", "name": null, "layer": 0, "bridge": "F", "tunnel": "F", "path": "F:\\AnimationData\\Rail\\EthioDjibouti\\Ethiopia_Rail.shp" }, "geometry": { "type": "MultiLineString", "coordinates": [ [ [ 40.7405517, 9.2158654 ], [ 40.7401722, 9.2158006 ] ] ] } },
{ "type": "Feature", "properties": { "osm_id": "1196833914", "code": "6101", "fclass": "rail", "name": null, "layer": 0, "bridge": "F", "tunnel": "F", "path": "F:\\AnimationData\\Rail\\EthioDjibouti\\Ethiopia_Rail.shp" }, "geometry": { "type": "MultiLineString", "coordinates": [ [ [ 40.7385018, 9.2154258 ], [ 40.7380315, 9.2153917 ], [ 40.7373022, 9.2152779 ] ] ] } },
{ "type": "Feature", "properties": { "osm_id": "1196833927", "code": "6101", "fclass": "rail", "name": "Addis Ababa – Djibouti Railway", "layer": 0, "bridge": "F", "tunnel": "F", "path": "F:\\AnimationData\\Rail\\EthioDjibouti\\Ethiopia_Rail.shp" }, "geometry": { "type": "MultiLineString", "coordinates": [ [ [ 40.9830786, 9.4174645 ], [ 40.9816119, 9.4159458 ], [ 40.9789117, 9.4132736 ], [ 40.9778179, 9.4120966 ], [ 40.9771131, 9.4112064 ], [ 40.9766163, 9.4104379 ], [ 40.9739, 9.4060313 ], [ 40.9735356, 9.4054851 ], [ 40.9730191, 9.4048076 ], [ 40.9726109, 9.4043715 ], [ 40.9721597, 9.4039464 ], [ 40.9714642, 9.403448 ], [ 40.9708754, 9.4030918 ], [ 40.9702982, 9.4028283 ], [ 40.9695938, 9.4025541 ], [ 40.9685341, 9.4023223 ], [ 40.9678746, 9.4022548 ] ] ] } },
{ "type": "Feature", "properties": { "osm_id": "1196833928", "code": "6101", "fclass": "rail", "name": "Addis Ababa – Djibouti Railway", "layer": 1, "bridge": "T", "tunnel": "F", "path": "F:\\AnimationData\\Rail\\EthioDjibouti\\Ethiopia_Rail.shp" }, "geometry": { "type": "MultiLineString", "coordinates": [ [ [ 40.9837065, 9.4183176 ], [ 40.9834364, 9.417891 ], [ 40.9830786, 9.4174645 ] ] ] } },
{ "type": "Feature", "properties": { "osm_id": "1196833929", "code": "6101", "fclass": "rail", "name": "Addis Ababa – Djibouti Railway", "layer": 0, "bridge": "F", "tunnel": "F", "path": "F:\\AnimationData\\Rail\\EthioDjibouti\\Ethiopia_Rail.shp" }, "geometry": { "type": "MultiLineString", "coordinates": [ [ [ 41.0962799, 9.5228121 ], [ 41.0955777, 9.5220297 ] ] ] } },
{ "type": "Feature", "properties": { "osm_id": "1196833930", "code": "6101", "fclass": "rail", "name": "Addis Ababa – Djibouti Railway", "layer": 1, "bridge": "T", "tunnel": "F", "path": "F:\\AnimationData\\Rail\\EthioDjibouti\\Ethiopia_Rail.shp" }, "geometry": { "type": "MultiLineString", "coordinates": [ [ [ 41.0964345, 9.5229954 ], [ 41.0962799, 9.5228121 ] ] ] } },
{ "type": "Feature", "properties": { "osm_id": "1196833933", "code": "6101", "fclass": "rail", "name": null, "layer": 0, "bridge": "F", "tunnel": "F", "path": "F:\\AnimationData\\Rail\\EthioDjibouti\\Ethiopia_Rail.shp" }, "geometry": { "type": "MultiLineString", "coordinates": [ [ [ 41.1989961, 9.5499008 ], [ 41.1982689, 9.5500128 ], [ 41.1898499, 9.551987 ], [ 41.1893606, 9.5521487 ] ] ] } },
{ "type": "Feature", "properties": { "osm_id": "1196833934", "code": "6101", "fclass": "rail", "name": null, "layer": 0, "bridge": "F", "tunnel": "F", "path": "F:\\AnimationData\\Rail\\EthioDjibouti\\Ethiopia_Rail.shp" }, "geometry": { "type": "MultiLineString", "coordinates": [ [ [ 41.1887687, 9.5522894 ], [ 41.189399, 9.5521969 ], [ 41.1981102, 9.5501586 ], [ 41.1985723, 9.5500025 ] ] ] } },
{ "type": "Feature", "properties": { "osm_id": "1196833935", "code": "6101", "fclass": "rail", "name": null, "layer": 0, "bridge": "F", "tunnel": "F", "path": "F:\\AnimationData\\Rail\\EthioDjibouti\\Ethiopia_Rail.shp" }, "geometry": { "type": "MultiLineString", "coordinates": [ [ [ 41.1981102, 9.5501586 ], [ 41.1995909, 9.5498099 ], [ 41.2003754, 9.5496251 ], [ 41.2007758, 9.5495504 ], [ 41.2024026, 9.5493227 ] ] ] } },
{ "type": "Feature", "properties": { "osm_id": "1196833936", "code": "6101", "fclass": "rail", "name": null, "layer": 0, "bridge": "F", "tunnel": "F", "path": "F:\\AnimationData\\Rail\\EthioDjibouti\\Ethiopia_Rail.shp" }, "geometry": { "type": "MultiLineString", "coordinates": [ [ [ 41.1995725, 9.5497624 ], [ 41.2003754, 9.5496251 ] ] ] } },
{ "type": "Feature", "properties": { "osm_id": "1197034062", "code": "6101", "fclass": "rail", "name": "Addis Ababa – Djibouti Railway", "layer": 0, "bridge": "F", "tunnel": "F", "path": "F:\\AnimationData\\Rail\\EthioDjibouti\\Ethiopia_Rail.shp" }, "geometry": { "type": "MultiLineString", "coordinates": [ [ [ 41.2223156, 9.5383207 ], [ 41.2214004, 9.5389933 ], [ 41.2204518, 9.5398958 ], [ 41.2197292, 9.5408377 ], [ 41.2189406, 9.5421501 ], [ 41.218292, 9.5432219 ], [ 41.2176377, 9.5440882 ], [ 41.2168539, 9.5448635 ], [ 41.2161169, 9.5454183 ], [ 41.2153596, 9.5458613 ], [ 41.2145866, 9.5461802 ], [ 41.2130036, 9.5466055 ], [ 41.2117665, 9.546903 ] ] ] } },
{ "type": "Feature", "properties": { "osm_id": "1197034063", "code": "6101", "fclass": "rail", "name": "Addis Ababa – Djibouti Railway", "layer": 1, "bridge": "T", "tunnel": "F", "path": "F:\\AnimationData\\Rail\\EthioDjibouti\\Ethiopia_Rail.shp" }, "geometry": { "type": "MultiLineString", "coordinates": [ [ [ 41.2117665, 9.546903 ], [ 41.2105294, 9.5471967 ] ] ] } },
{ "type": "Feature", "properties": { "osm_id": "1197034066", "code": "6101", "fclass": "rail", "name": null, "layer": 0, "bridge": "F", "tunnel": "F", "path": "F:\\AnimationData\\Rail\\EthioDjibouti\\Ethiopia_Rail.shp" }, "geometry": { "type": "MultiLineString", "coordinates": [ [ [ 41.7643869, 9.6285493 ], [ 41.7655515, 9.6286356 ], [ 41.7658238, 9.6286541 ], [ 41.7678112, 9.6287897 ] ] ] } },
{ "type": "Feature", "properties": { "osm_id": "1197034067", "code": "6101", "fclass": "rail", "name": null, "layer": 0, "bridge": "F", "tunnel": "F", "path": "F:\\AnimationData\\Rail\\EthioDjibouti\\Ethiopia_Rail.shp" }, "geometry": { "type": "MultiLineString", "coordinates": [ [ [ 41.77768, 9.6294959 ], [ 41.7792768, 9.62961 ], [ 41.7796391, 9.6296356 ], [ 41.7819774, 9.6298028 ] ] ] } },
{ "type": "Feature", "properties": { "osm_id": "1197034068", "code": "6101", "fclass": "rail", "name": null, "layer": 0, "bridge": "F", "tunnel": "F", "path": "F:\\AnimationData\\Rail\\EthioDjibouti\\Ethiopia_Rail.shp" }, "geometry": { "type": "MultiLineString", "coordinates": [ [ [ 41.777264, 9.6295611 ], [ 41.7781068, 9.6296225 ], [ 41.7782177, 9.629634 ], [ 41.7783449, 9.6296582 ], [ 41.7787451, 9.6297341 ] ] ] } },
{ "type": "Feature", "properties": { "osm_id": "1197034069", "code": "6101", "fclass": "rail", "name": null, "layer": 0, "bridge": "F", "tunnel": "F", "path": "F:\\AnimationData\\Rail\\EthioDjibouti\\Ethiopia_Rail.shp" }, "geometry": { "type": "MultiLineString", "coordinates": [ [ [ 41.7695113, 9.6291929 ], [ 41.7690856, 9.6291663 ], [ 41.7688342, 9.629144 ], [ 41.7686666, 9.6291262 ], [ 41.7686314, 9.6291204 ] ] ] } },
{ "type": "Feature", "properties": { "osm_id": "1197034070", "code": "6101", "fclass": "rail", "name": null, "layer": 0, "bridge": "F", "tunnel": "F", "path": "F:\\AnimationData\\Rail\\EthioDjibouti\\Ethiopia_Rail.shp" }, "geometry": { "type": "MultiLineString", "coordinates": [ [ [ 41.7686314, 9.6291204 ], [ 41.7684333, 9.6290882 ] ] ] } },
{ "type": "Feature", "properties": { "osm_id": "1197034073", "code": "6101", "fclass": "rail", "name": "Addis Ababa – Djibouti Railway", "layer": 0, "bridge": "F", "tunnel": "F", "path": "F:\\AnimationData\\Rail\\EthioDjibouti\\Ethiopia_Rail.shp" }, "geometry": { "type": "MultiLineString", "coordinates": [ [ [ 41.8051215, 9.6390366 ], [ 41.8040607, 9.6375041 ], [ 41.8030502, 9.6360928 ], [ 41.802732, 9.6357089 ], [ 41.8023531, 9.6352791 ], [ 41.8020658, 9.6349762 ], [ 41.8017611, 9.6346812 ] ] ] } },
{ "type": "Feature", "properties": { "osm_id": "1197034074", "code": "6101", "fclass": "rail", "name": "Addis Ababa – Djibouti Railway", "layer": 1, "bridge": "T", "tunnel": "F", "path": "F:\\AnimationData\\Rail\\EthioDjibouti\\Ethiopia_Rail.shp" }, "geometry": { "type": "MultiLineString", "coordinates": [ [ [ 41.8017611, 9.6346812 ], [ 41.8016764, 9.6345999 ] ] ] } },
{ "type": "Feature", "properties": { "osm_id": "1197034075", "code": "6101", "fclass": "rail", "name": null, "layer": 0, "bridge": "F", "tunnel": "F", "path": "F:\\AnimationData\\Rail\\EthioDjibouti\\Ethiopia_Rail.shp" }, "geometry": { "type": "MultiLineString", "coordinates": [ [ [ 41.9447847, 9.983825 ], [ 41.9446364, 9.9833035 ], [ 41.9413671, 9.9750879 ], [ 41.9411202, 9.9746092 ] ] ] } },
{ "type": "Feature", "properties": { "osm_id": "1197034076", "code": "6101", "fclass": "rail", "name": null, "layer": 0, "bridge": "F", "tunnel": "F", "path": "F:\\AnimationData\\Rail\\EthioDjibouti\\Ethiopia_Rail.shp" }, "geometry": { "type": "MultiLineString", "coordinates": [ [ [ 41.9409676, 9.9742254 ], [ 41.9410966, 9.9746854 ], [ 41.9443845, 9.9829508 ], [ 41.9445951, 9.983348 ] ] ] } },
{ "type": "Feature", "properties": { "osm_id": "1197034077", "code": "6101", "fclass": "rail", "name": null, "layer": 0, "bridge": "F", "tunnel": "F", "path": "F:\\AnimationData\\Rail\\EthioDjibouti\\Ethiopia_Rail.shp" }, "geometry": { "type": "MultiLineString", "coordinates": [ [ [ 41.9443845, 9.9829508 ], [ 41.944697, 9.9838091 ] ] ] } },
{ "type": "Feature", "properties": { "osm_id": "1197034078", "code": "6101", "fclass": "rail", "name": null, "layer": 0, "bridge": "F", "tunnel": "F", "path": "F:\\AnimationData\\Rail\\EthioDjibouti\\Ethiopia_Rail.shp" }, "geometry": { "type": "MultiLineString", "coordinates": [ [ [ 41.9413671, 9.9750879 ], [ 41.9410523, 9.9742169 ] ] ] } },
{ "type": "Feature", "properties": { "osm_id": "1197034079", "code": "6101", "fclass": "rail", "name": "Addis Ababa – Djibouti Railway", "layer": 0, "bridge": "F", "tunnel": "F", "path": "F:\\AnimationData\\Rail\\EthioDjibouti\\Ethiopia_Rail.shp" }, "geometry": { "type": "MultiLineString", "coordinates": [ [ [ 42.0182319, 10.1520274 ], [ 42.0091384, 10.135411 ], [ 41.9966434, 10.1125385 ] ] ] } },
{ "type": "Feature", "properties": { "osm_id": "1197034080", "code": "6101", "fclass": "rail", "name": "Addis Ababa – Djibouti Railway", "layer": 1, "bridge": "T", "tunnel": "F", "path": "F:\\AnimationData\\Rail\\EthioDjibouti\\Ethiopia_Rail.shp" }, "geometry": { "type": "MultiLineString", "coordinates": [ [ [ 41.9966434, 10.1125385 ], [ 41.9965504, 10.1123681 ] ] ] } },
{ "type": "Feature", "properties": { "osm_id": "1197034081", "code": "6101", "fclass": "rail", "name": "Addis Ababa – Djibouti Railway", "layer": 0, "bridge": "F", "tunnel": "F", "path": "F:\\AnimationData\\Rail\\EthioDjibouti\\Ethiopia_Rail.shp" }, "geometry": { "type": "MultiLineString", "coordinates": [ [ [ 42.0807698, 10.2664543 ], [ 42.0729274, 10.2520655 ], [ 42.0721921, 10.2508806 ], [ 42.0713709, 10.2496972 ], [ 42.0696778, 10.2474986 ], [ 42.0689568, 10.246584 ], [ 42.0684571, 10.2457914 ], [ 42.068128, 10.2451368 ], [ 42.068002, 10.2448609 ], [ 42.0677509, 10.2442618 ] ] ] } },
{ "type": "Feature", "properties": { "osm_id": "1197034082", "code": "6101", "fclass": "rail", "name": "Addis Ababa – Djibouti Railway", "layer": 1, "bridge": "T", "tunnel": "F", "path": "F:\\AnimationData\\Rail\\EthioDjibouti\\Ethiopia_Rail.shp" }, "geometry": { "type": "MultiLineString", "coordinates": [ [ [ 42.0809332, 10.2667469 ], [ 42.0807698, 10.2664543 ] ] ] } },
{ "type": "Feature", "properties": { "osm_id": "1197034087", "code": "6101", "fclass": "rail", "name": null, "layer": 0, "bridge": "F", "tunnel": "F", "path": "F:\\AnimationData\\Rail\\EthioDjibouti\\Ethiopia_Rail.shp" }, "geometry": { "type": "MultiLineString", "coordinates": [ [ [ 42.1809608, 10.4887905 ], [ 42.1806641, 10.4882943 ], [ 42.1768835, 10.4803847 ], [ 42.1766579, 10.4798063 ] ] ] } },
{ "type": "Feature", "properties": { "osm_id": "1197034088", "code": "6101", "fclass": "rail", "name": null, "layer": 0, "bridge": "F", "tunnel": "F", "path": "F:\\AnimationData\\Rail\\EthioDjibouti\\Ethiopia_Rail.shp" }, "geometry": { "type": "MultiLineString", "coordinates": [ [ [ 42.1806641, 10.4882943 ], [ 42.1810478, 10.4891051 ], [ 42.1811655, 10.4893978 ], [ 42.1812603, 10.4896794 ], [ 42.1813247, 10.4898709 ], [ 42.1813772, 10.4900211 ], [ 42.1818131, 10.4909718 ] ] ] } },
{ "type": "Feature", "properties": { "osm_id": "1197034089", "code": "6101", "fclass": "rail", "name": null, "layer": 0, "bridge": "F", "tunnel": "F", "path": "F:\\AnimationData\\Rail\\EthioDjibouti\\Ethiopia_Rail.shp" }, "geometry": { "type": "MultiLineString", "coordinates": [ [ [ 42.1813247, 10.4898709 ], [ 42.1813953, 10.4901015 ], [ 42.1814649, 10.4903001 ], [ 42.1817782, 10.4909877 ] ] ] } },
{ "type": "Feature", "properties": { "osm_id": "1197034090", "code": "6101", "fclass": "rail", "name": null, "layer": 0, "bridge": "F", "tunnel": "F", "path": "F:\\AnimationData\\Rail\\EthioDjibouti\\Ethiopia_Rail.shp" }, "geometry": { "type": "MultiLineString", "coordinates": [ [ [ 42.1813953, 10.4901015 ], [ 42.1814145, 10.4902456 ], [ 42.1814746, 10.4904229 ], [ 42.1817356, 10.491007 ] ] ] } },
{ "type": "Feature", "properties": { "osm_id": "1197034092", "code": "6101", "fclass": "rail", "name": null, "layer": 0, "bridge": "F", "tunnel": "F", "path": "F:\\AnimationData\\Rail\\EthioDjibouti\\Ethiopia_Rail.shp" }, "geometry": { "type": "MultiLineString", "coordinates": [ [ [ 42.1819282, 10.4914229 ], [ 42.1819584, 10.4915014 ] ] ] } },
{ "type": "Feature", "properties": { "osm_id": "1197034093", "code": "6101", "fclass": "rail", "name": null, "layer": 0, "bridge": "F", "tunnel": "F", "path": "F:\\AnimationData\\Rail\\EthioDjibouti\\Ethiopia_Rail.shp" }, "geometry": { "type": "MultiLineString", "coordinates": [ [ [ 42.1819651, 10.4914062 ], [ 42.1819995, 10.4914808 ] ] ] } },
{ "type": "Feature", "properties": { "osm_id": "1197034094", "code": "6101", "fclass": "rail", "name": null, "layer": 0, "bridge": "F", "tunnel": "F", "path": "F:\\AnimationData\\Rail\\EthioDjibouti\\Ethiopia_Rail.shp" }, "geometry": { "type": "MultiLineString", "coordinates": [ [ [ 42.1820053, 10.4913878 ], [ 42.1820426, 10.491466 ] ] ] } },
{ "type": "Feature", "properties": { "osm_id": "1197034095", "code": "6101", "fclass": "rail", "name": null, "layer": 0, "bridge": "F", "tunnel": "F", "path": "F:\\AnimationData\\Rail\\EthioDjibouti\\Ethiopia_Rail.shp" }, "geometry": { "type": "MultiLineString", "coordinates": [ [ [ 42.1817356, 10.491007 ], [ 42.1819282, 10.4914229 ] ] ] } },
{ "type": "Feature", "properties": { "osm_id": "1197034096", "code": "6101", "fclass": "rail", "name": null, "layer": 0, "bridge": "F", "tunnel": "F", "path": "F:\\AnimationData\\Rail\\EthioDjibouti\\Ethiopia_Rail.shp" }, "geometry": { "type": "MultiLineString", "coordinates": [ [ [ 42.1817782, 10.4909877 ], [ 42.1819651, 10.4914062 ] ] ] } },
{ "type": "Feature", "properties": { "osm_id": "1197034097", "code": "6101", "fclass": "rail", "name": null, "layer": 0, "bridge": "F", "tunnel": "F", "path": "F:\\AnimationData\\Rail\\EthioDjibouti\\Ethiopia_Rail.shp" }, "geometry": { "type": "MultiLineString", "coordinates": [ [ [ 42.1818131, 10.4909718 ], [ 42.1820053, 10.4913878 ] ] ] } },
{ "type": "Feature", "properties": { "osm_id": "1197034098", "code": "6101", "fclass": "rail", "name": null, "layer": 0, "bridge": "F", "tunnel": "F", "path": "F:\\AnimationData\\Rail\\EthioDjibouti\\Ethiopia_Rail.shp" }, "geometry": { "type": "MultiLineString", "coordinates": [ [ [ 42.1808138, 10.4887192 ], [ 42.1811284, 10.4893766 ], [ 42.1812603, 10.4896794 ] ] ] } },
{ "type": "Feature", "properties": { "osm_id": "1197034108", "code": "6101", "fclass": "rail", "name": null, "layer": 0, "bridge": "F", "tunnel": "F", "path": "F:\\AnimationData\\Rail\\EthioDjibouti\\Ethiopia_Rail.shp" }, "geometry": { "type": "MultiLineString", "coordinates": [ [ [ 42.5518727, 10.7465319 ], [ 42.5525996, 10.7471617 ] ] ] } },
{ "type": "Feature", "properties": { "osm_id": "1197034109", "code": "6101", "fclass": "rail", "name": null, "layer": 0, "bridge": "F", "tunnel": "F", "path": "F:\\AnimationData\\Rail\\EthioDjibouti\\Ethiopia_Rail.shp" }, "geometry": { "type": "MultiLineString", "coordinates": [ [ [ 42.5454346, 10.7412496 ], [ 42.5445878, 10.7405105 ] ] ] } },
{ "type": "Feature", "properties": { "osm_id": "1197034110", "code": "6101", "fclass": "rail", "name": "Addis Ababa – Djibouti Railway", "layer": 0, "bridge": "F", "tunnel": "F", "path": "F:\\AnimationData\\Rail\\EthioDjibouti\\Ethiopia_Rail.shp" }, "geometry": { "type": "MultiLineString", "coordinates": [ [ [ 42.5771147, 10.7943302 ], [ 42.5768905, 10.79347 ], [ 42.5766135, 10.7922012 ], [ 42.5762533, 10.7902527 ], [ 42.5754233, 10.7845629 ], [ 42.5748014, 10.7803815 ] ] ] } },
{ "type": "Feature", "properties": { "osm_id": "1197034111", "code": "6101", "fclass": "rail", "name": "Addis Ababa – Djibouti Railway", "layer": 1, "bridge": "T", "tunnel": "F", "path": "F:\\AnimationData\\Rail\\EthioDjibouti\\Ethiopia_Rail.shp" }, "geometry": { "type": "MultiLineString", "coordinates": [ [ [ 42.577583, 10.7955842 ], [ 42.5773123, 10.7949572 ], [ 42.5771147, 10.7943302 ] ] ] } },
{ "type": "Feature", "properties": { "osm_id": "1197034112", "code": "6101", "fclass": "rail", "name": null, "layer": 0, "bridge": "F", "tunnel": "F", "path": "F:\\AnimationData\\Rail\\EthioDjibouti\\Ethiopia_Rail.shp" }, "geometry": { "type": "MultiLineString", "coordinates": [ [ [ 42.6291643, 11.0256805 ], [ 42.6288924, 11.0259637 ], [ 42.6286309, 11.026182 ], [ 42.628397, 11.0263208 ], [ 42.6281531, 11.0264475 ], [ 42.6248475, 11.0279725 ] ] ] } },
{ "type": "Feature", "properties": { "osm_id": "1197034115", "code": "6101", "fclass": "rail", "name": null, "layer": 0, "bridge": "F", "tunnel": "F", "path": "F:\\AnimationData\\Rail\\EthioDjibouti\\Ethiopia_Rail.shp" }, "geometry": { "type": "MultiLineString", "coordinates": [ [ [ 42.6344648, 11.061847 ], [ 42.6342846, 11.0615002 ], [ 42.6341359, 11.0610427 ], [ 42.6339435, 11.0605388 ], [ 42.6337685, 11.0601124 ], [ 42.6335208, 11.0594968 ], [ 42.6310258, 11.0532583 ], [ 42.630908, 11.0528516 ] ] ] } },
{ "type": "Feature", "properties": { "osm_id": "1197034116", "code": "6101", "fclass": "rail", "name": null, "layer": 0, "bridge": "F", "tunnel": "F", "path": "F:\\AnimationData\\Rail\\EthioDjibouti\\Ethiopia_Rail.shp" }, "geometry": { "type": "MultiLineString", "coordinates": [ [ [ 42.6305766, 11.0518864 ], [ 42.6309026, 11.0526887 ] ] ] } },
{ "type": "Feature", "properties": { "osm_id": "1197034117", "code": "6101", "fclass": "rail", "name": null, "layer": 0, "bridge": "F", "tunnel": "F", "path": "F:\\AnimationData\\Rail\\EthioDjibouti\\Ethiopia_Rail.shp" }, "geometry": { "type": "MultiLineString", "coordinates": [ [ [ 42.6354421, 11.063738 ], [ 42.6355694, 11.0640987 ] ] ] } },
{ "type": "Feature", "properties": { "osm_id": "1197034118", "code": "6101", "fclass": "rail", "name": null, "layer": 0, "bridge": "F", "tunnel": "F", "path": "F:\\AnimationData\\Rail\\EthioDjibouti\\Ethiopia_Rail.shp" }, "geometry": { "type": "MultiLineString", "coordinates": [ [ [ 42.6353942, 11.0637593 ], [ 42.6355244, 11.0641153 ] ] ] } },
{ "type": "Feature", "properties": { "osm_id": "1197034119", "code": "6101", "fclass": "rail", "name": null, "layer": 0, "bridge": "F", "tunnel": "F", "path": "F:\\AnimationData\\Rail\\EthioDjibouti\\Ethiopia_Rail.shp" }, "geometry": { "type": "MultiLineString", "coordinates": [ [ [ 42.6355694, 11.0640987 ], [ 42.6356062, 11.0641923 ] ] ] } },
{ "type": "Feature", "properties": { "osm_id": "1197034120", "code": "6101", "fclass": "rail", "name": null, "layer": 0, "bridge": "F", "tunnel": "F", "path": "F:\\AnimationData\\Rail\\EthioDjibouti\\Ethiopia_Rail.shp" }, "geometry": { "type": "MultiLineString", "coordinates": [ [ [ 42.6355244, 11.0641153 ], [ 42.635557, 11.0642116 ] ] ] } },
{ "type": "Feature", "properties": { "osm_id": "1197034121", "code": "6101", "fclass": "rail", "name": "Chemin de fer Addis-Abeba – Djibouti ??? ???? ???? ????? - ??????", "layer": 0, "bridge": "F", "tunnel": "F", "path": "F:\\AnimationData\\Rail\\EthioDjibouti\\Ethiopia_Rail.shp" }, "geometry": { "type": "MultiLineString", "coordinates": [ [ [ 42.6440562, 11.0933928 ], [ 42.6434433, 11.0922396 ], [ 42.6430651, 11.0914237 ], [ 42.6428908, 11.0909037 ] ] ] } },
{ "type": "Feature", "properties": { "osm_id": "1198300619", "code": "6101", "fclass": "rail", "name": null, "layer": 0, "bridge": "F", "tunnel": "F", "path": "F:\\AnimationData\\Rail\\EthioDjibouti\\Ethiopia_Rail.shp" }, "geometry": { "type": "MultiLineString", "coordinates": [ [ [ 40.153447, 9.0144857 ], [ 40.1538216, 9.0141988 ], [ 40.1540367, 9.0140384 ], [ 40.1542138, 9.0139116 ], [ 40.1543824, 9.0138148 ], [ 40.1545847, 9.0137175 ], [ 40.1548243, 9.0136321 ], [ 40.1550966, 9.0135681 ], [ 40.1553617, 9.0135235 ], [ 40.1556142, 9.0135 ], [ 40.1563076, 9.0134936 ] ] ] } },
{ "type": "Feature", "properties": { "osm_id": "1198300620", "code": "6101", "fclass": "rail", "name": null, "layer": 0, "bridge": "F", "tunnel": "F", "path": "F:\\AnimationData\\Rail\\EthioDjibouti\\Ethiopia_Rail.shp" }, "geometry": { "type": "MultiLineString", "coordinates": [ [ [ 40.1520539, 9.0159416 ], [ 40.1520447, 9.0160195 ], [ 40.152, 9.0163404 ], [ 40.1519617, 9.0165723 ], [ 40.1519379, 9.0167021 ], [ 40.1518673, 9.0170469 ] ] ] } },
{ "type": "Feature", "properties": { "osm_id": "1198300621", "code": "6101", "fclass": "rail", "name": null, "layer": 0, "bridge": "F", "tunnel": "F", "path": "F:\\AnimationData\\Rail\\EthioDjibouti\\Ethiopia_Rail.shp" }, "geometry": { "type": "MultiLineString", "coordinates": [ [ [ 40.1519048, 9.0172217 ], [ 40.1522395, 9.0161473 ], [ 40.1522957, 9.0159785 ], [ 40.1523689, 9.0158008 ], [ 40.1524592, 9.0155942 ], [ 40.15257, 9.0153901 ], [ 40.1527022, 9.0151887 ], [ 40.152856, 9.0150022 ], [ 40.1530206, 9.0148367 ], [ 40.1532017, 9.0146736 ], [ 40.153447, 9.0144857 ] ] ] } },
{ "type": "Feature", "properties": { "osm_id": "1198300622", "code": "6101", "fclass": "rail", "name": null, "layer": 0, "bridge": "F", "tunnel": "F", "path": "F:\\AnimationData\\Rail\\EthioDjibouti\\Ethiopia_Rail.shp" }, "geometry": { "type": "MultiLineString", "coordinates": [ [ [ 40.1520447, 9.0160195 ], [ 40.1519657, 9.016363 ], [ 40.1517721, 9.0171302 ], [ 40.1512637, 9.0187177 ] ] ] } },
{ "type": "Feature", "properties": { "osm_id": "1198300634", "code": "6101", "fclass": "rail", "name": "Awash–Weldiya Railway", "layer": 0, "bridge": "F", "tunnel": "F", "path": "F:\\AnimationData\\Rail\\EthioDjibouti\\Ethiopia_Rail.shp" }, "geometry": { "type": "MultiLineString", "coordinates": [ [ [ 40.0179469, 9.7168944 ], [ 40.0183205, 9.7207117 ] ] ] } },
{ "type": "Feature", "properties": { "osm_id": "1198300635", "code": "6101", "fclass": "rail", "name": "Awash–Weldiya Railway", "layer": 1, "bridge": "T", "tunnel": "F", "path": "F:\\AnimationData\\Rail\\EthioDjibouti\\Ethiopia_Rail.shp" }, "geometry": { "type": "MultiLineString", "coordinates": [ [ [ 40.0183205, 9.7207117 ], [ 40.0183847, 9.7213681 ] ] ] } },
{ "type": "Feature", "properties": { "osm_id": "1198300638", "code": "6101", "fclass": "rail", "name": null, "layer": 0, "bridge": "F", "tunnel": "F", "path": "F:\\AnimationData\\Rail\\EthioDjibouti\\Ethiopia_Rail.shp" }, "geometry": { "type": "MultiLineString", "coordinates": [ [ [ 39.957102, 10.0054517 ], [ 39.9568639, 10.0060094 ], [ 39.9567708, 10.0062423 ], [ 39.9565947, 10.0065421 ], [ 39.9564287, 10.0067626 ], [ 39.9562727, 10.006993 ], [ 39.9523505, 10.013852 ], [ 39.9522229, 10.0141231 ], [ 39.9520954, 10.0143999 ], [ 39.9519447, 10.0146796 ], [ 39.9518189, 10.0148549 ], [ 39.9517419, 10.0149621 ], [ 39.9513446, 10.0154684 ] ] ] } },
{ "type": "Feature", "properties": { "osm_id": "1198300639", "code": "6101", "fclass": "rail", "name": null, "layer": 0, "bridge": "F", "tunnel": "F", "path": "F:\\AnimationData\\Rail\\EthioDjibouti\\Ethiopia_Rail.shp" }, "geometry": { "type": "MultiLineString", "coordinates": [ [ [ 39.9519447, 10.0146796 ], [ 39.9525243, 10.0138862 ], [ 39.9527475, 10.0135409 ], [ 39.9562513, 10.0074192 ], [ 39.9563788, 10.0071509 ], [ 39.9567708, 10.0062423 ] ] ] } },
{ "type": "Feature", "properties": { "osm_id": "1198300640", "code": "6101", "fclass": "rail", "name": null, "layer": 0, "bridge": "F", "tunnel": "F", "path": "F:\\AnimationData\\Rail\\EthioDjibouti\\Ethiopia_Rail.shp" }, "geometry": { "type": "MultiLineString", "coordinates": [ [ [ 39.9568639, 10.0060094 ], [ 39.9576018, 10.0047136 ], [ 39.9579843, 10.0041199 ], [ 39.9580917, 10.0039564 ], [ 39.9592797, 10.0021478 ] ] ] } },
{ "type": "Feature", "properties": { "osm_id": "1198300641", "code": "6101", "fclass": "rail", "name": null, "layer": 0, "bridge": "F", "tunnel": "F", "path": "F:\\AnimationData\\Rail\\EthioDjibouti\\Ethiopia_Rail.shp" }, "geometry": { "type": "MultiLineString", "coordinates": [ [ [ 39.9593173, 10.0021723 ], [ 39.9583726, 10.0036119 ], [ 39.9580917, 10.0039564 ] ] ] } },
{ "type": "Feature", "properties": { "osm_id": "1198300642", "code": "6101", "fclass": "rail", "name": null, "layer": 0, "bridge": "F", "tunnel": "F", "path": "F:\\AnimationData\\Rail\\EthioDjibouti\\Ethiopia_Rail.shp" }, "geometry": { "type": "MultiLineString", "coordinates": [ [ [ 39.9583726, 10.0036119 ], [ 39.9586451, 10.003278 ], [ 39.9593628, 10.002202 ] ] ] } },
{ "type": "Feature", "properties": { "osm_id": "1198300643", "code": "6101", "fclass": "rail", "name": null, "layer": 0, "bridge": "F", "tunnel": "F", "path": "F:\\AnimationData\\Rail\\EthioDjibouti\\Ethiopia_Rail.shp" }, "geometry": { "type": "MultiLineString", "coordinates": [ [ [ 39.9586451, 10.003278 ], [ 39.958987, 10.0028499 ], [ 39.9593812, 10.0022677 ] ] ] } },
{ "type": "Feature", "properties": { "osm_id": "1198300645", "code": "6101", "fclass": "rail", "name": null, "layer": 0, "bridge": "F", "tunnel": "F", "path": "F:\\AnimationData\\Rail\\EthioDjibouti\\Ethiopia_Rail.shp" }, "geometry": { "type": "MultiLineString", "coordinates": [ [ [ 39.9592797, 10.0021478 ], [ 39.959459, 10.0018805 ] ] ] } },
{ "type": "Feature", "properties": { "osm_id": "1198300646", "code": "6101", "fclass": "rail", "name": null, "layer": 0, "bridge": "F", "tunnel": "F", "path": "F:\\AnimationData\\Rail\\EthioDjibouti\\Ethiopia_Rail.shp" }, "geometry": { "type": "MultiLineString", "coordinates": [ [ [ 39.9593173, 10.0021723 ], [ 39.9594894, 10.001901 ] ] ] } },
{ "type": "Feature", "properties": { "osm_id": "1198300647", "code": "6101", "fclass": "rail", "name": null, "layer": 0, "bridge": "F", "tunnel": "F", "path": "F:\\AnimationData\\Rail\\EthioDjibouti\\Ethiopia_Rail.shp" }, "geometry": { "type": "MultiLineString", "coordinates": [ [ [ 39.9593628, 10.002202 ], [ 39.9595368, 10.0019272 ] ] ] } },
{ "type": "Feature", "properties": { "osm_id": "1198300648", "code": "6101", "fclass": "rail", "name": null, "layer": 0, "bridge": "F", "tunnel": "F", "path": "F:\\AnimationData\\Rail\\EthioDjibouti\\Ethiopia_Rail.shp" }, "geometry": { "type": "MultiLineString", "coordinates": [ [ [ 39.9579843, 10.0041199 ], [ 39.9575663, 10.0046423 ] ] ] } },
{ "type": "Feature", "properties": { "osm_id": "1198300649", "code": "6101", "fclass": "rail", "name": null, "layer": 0, "bridge": "F", "tunnel": "F", "path": "F:\\AnimationData\\Rail\\EthioDjibouti\\Ethiopia_Rail.shp" }, "geometry": { "type": "MultiLineString", "coordinates": [ [ [ 39.9517419, 10.0149621 ], [ 39.9506259, 10.0168987 ] ] ] } },
{ "type": "Feature", "properties": { "osm_id": "1198403047", "code": "6101", "fclass": "rail", "name": null, "layer": 0, "bridge": "F", "tunnel": "F", "path": "F:\\AnimationData\\Rail\\EthioDjibouti\\Ethiopia_Rail.shp" }, "geometry": { "type": "MultiLineString", "coordinates": [ [ [ 39.9328444, 10.4553757 ], [ 39.9325148, 10.4547487 ], [ 39.9295004, 10.447042 ], [ 39.9293305, 10.4463907 ] ] ] } },
{ "type": "Feature", "properties": { "osm_id": "1198403050", "code": "6101", "fclass": "rail", "name": "Awash–Weldiya Railway", "layer": 0, "bridge": "F", "tunnel": "F", "path": "F:\\AnimationData\\Rail\\EthioDjibouti\\Ethiopia_Rail.shp" }, "geometry": { "type": "MultiLineString", "coordinates": [ [ [ 39.7974222, 10.6389216 ], [ 39.7977714, 10.6403422 ], [ 39.800766, 10.6466247 ], [ 39.8009763, 10.6476614 ], [ 39.8010578, 10.6488171 ], [ 39.8011179, 10.6513082 ], [ 39.8012908, 10.6524053 ], [ 39.8013905, 10.6528697 ], [ 39.8015632, 10.6533353 ], [ 39.8017358, 10.6537258 ], [ 39.8022617, 10.6548377 ], [ 39.8030147, 10.656326 ], [ 39.8032563, 10.6568625 ], [ 39.8034311, 10.6573163 ], [ 39.8035364, 10.6576801 ], [ 39.8036328, 10.6581854 ], [ 39.8036684, 10.6584398 ], [ 39.8037229, 10.6591781 ], [ 39.8036873, 10.6598521 ], [ 39.8036155, 10.6602995 ], [ 39.8035347, 10.6606807 ], [ 39.8033876, 10.6612137 ], [ 39.8032496, 10.6616008 ], [ 39.802991, 10.6621717 ], [ 39.8026414, 10.6627576 ], [ 39.8024711, 10.6630417 ], [ 39.8021974, 10.6634097 ], [ 39.8002297, 10.6662909 ], [ 39.7996102, 10.6671517 ], [ 39.7991184, 10.668029 ], [ 39.7936592, 10.6858889 ], [ 39.7933721, 10.6872813 ], [ 39.793225, 10.6886582 ], [ 39.7929114, 10.6969054 ], [ 39.7926034, 10.7050054 ], [ 39.7925786, 10.705658 ] ] ] } },
{ "type": "Feature", "properties": { "osm_id": "1198403051", "code": "6101", "fclass": "rail", "name": "Awash–Weldiya Railway", "layer": 1, "bridge": "T", "tunnel": "F", "path": "F:\\AnimationData\\Rail\\EthioDjibouti\\Ethiopia_Rail.shp" }, "geometry": { "type": "MultiLineString", "coordinates": [ [ [ 39.7925786, 10.705658 ], [ 39.7925562, 10.7062472 ] ] ] } },
{ "type": "Feature", "properties": { "osm_id": "1198403052", "code": "6101", "fclass": "rail", "name": null, "layer": 0, "bridge": "F", "tunnel": "F", "path": "F:\\AnimationData\\Rail\\EthioDjibouti\\Ethiopia_Rail.shp" }, "geometry": { "type": "MultiLineString", "coordinates": [ [ [ 39.7926034, 10.7050054 ], [ 39.7926809, 10.7045697 ], [ 39.7929474, 10.6972614 ], [ 39.7929114, 10.6969054 ] ] ] } },
{ "type": "Feature", "properties": { "osm_id": "1198403058", "code": "6101", "fclass": "rail", "name": "Awash–Weldiya Railway", "layer": 0, "bridge": "F", "tunnel": "F", "path": "F:\\AnimationData\\Rail\\EthioDjibouti\\Ethiopia_Rail.shp" }, "geometry": { "type": "MultiLineString", "coordinates": [ [ [ 39.768331, 10.7752885 ], [ 39.7682703, 10.7759389 ], [ 39.7682044, 10.7766577 ], [ 39.7681886, 10.777389 ], [ 39.7682095, 10.7781361 ], [ 39.768257, 10.7786737 ], [ 39.7682663, 10.778757 ], [ 39.7684601, 10.7799707 ], [ 39.7686041, 10.7807678 ], [ 39.7687846, 10.7817977 ], [ 39.7690007, 10.7828116 ], [ 39.7693832, 10.7848848 ], [ 39.7695101, 10.7855148 ], [ 39.7697364, 10.7862876 ], [ 39.7700584, 10.7871292 ], [ 39.7703714, 10.7877732 ], [ 39.7705677, 10.7881597 ], [ 39.7708254, 10.7885544 ], [ 39.7728183, 10.7915718 ], [ 39.7738441, 10.7931764 ] ] ] } },
{ "type": "Feature", "properties": { "osm_id": "1198403059", "code": "6101", "fclass": "rail", "name": "Awash–Weldiya Railway", "layer": 1, "bridge": "T", "tunnel": "F", "path": "F:\\AnimationData\\Rail\\EthioDjibouti\\Ethiopia_Rail.shp" }, "geometry": { "type": "MultiLineString", "coordinates": [ [ [ 39.7738441, 10.7931764 ], [ 39.7742774, 10.7938542 ] ] ] } },
{ "type": "Feature", "properties": { "osm_id": "1198403068", "code": "6101", "fclass": "rail", "name": null, "layer": 0, "bridge": "F", "tunnel": "F", "path": "F:\\AnimationData\\Rail\\EthioDjibouti\\Ethiopia_Rail.shp" }, "geometry": { "type": "MultiLineString", "coordinates": [ [ [ 39.7054642, 11.0825585 ], [ 39.7055652, 11.0830437 ], [ 39.7056399, 11.0835117 ], [ 39.7057503, 11.0839867 ], [ 39.7058428, 11.084294 ], [ 39.7072948, 11.0886701 ], [ 39.7074465, 11.0890298 ], [ 39.7075979, 11.0893906 ], [ 39.7076937, 11.0896544 ] ] ] } },
{ "type": "Feature", "properties": { "osm_id": "1198403069", "code": "6101", "fclass": "rail", "name": null, "layer": 0, "bridge": "F", "tunnel": "F", "path": "F:\\AnimationData\\Rail\\EthioDjibouti\\Ethiopia_Rail.shp" }, "geometry": { "type": "MultiLineString", "coordinates": [ [ [ 39.7070279, 11.0887155 ], [ 39.7056826, 11.0845629 ], [ 39.7055937, 11.0842067 ], [ 39.7055581, 11.0837422 ], [ 39.7055581, 11.0833161 ], [ 39.7055652, 11.0830437 ] ] ] } },
{ "type": "Feature", "properties": { "osm_id": "1198403070", "code": "6101", "fclass": "rail", "name": null, "layer": 0, "bridge": "F", "tunnel": "F", "path": "F:\\AnimationData\\Rail\\EthioDjibouti\\Ethiopia_Rail.shp" }, "geometry": { "type": "MultiLineString", "coordinates": [ [ [ 39.7056826, 11.0845629 ], [ 39.7055083, 11.0840562 ], [ 39.7054388, 11.0838542 ], [ 39.7051444, 11.0830031 ] ] ] } },
{ "type": "Feature", "properties": { "osm_id": "1198403071", "code": "6101", "fclass": "rail", "name": null, "layer": 0, "bridge": "F", "tunnel": "F", "path": "F:\\AnimationData\\Rail\\EthioDjibouti\\Ethiopia_Rail.shp" }, "geometry": { "type": "MultiLineString", "coordinates": [ [ [ 39.7049636, 11.082661 ], [ 39.7045291, 11.0814188 ] ] ] } },
{ "type": "Feature", "properties": { "osm_id": "1198403072", "code": "6101", "fclass": "rail", "name": null, "layer": 0, "bridge": "F", "tunnel": "F", "path": "F:\\AnimationData\\Rail\\EthioDjibouti\\Ethiopia_Rail.shp" }, "geometry": { "type": "MultiLineString", "coordinates": [ [ [ 39.7055083, 11.0840562 ], [ 39.7054035, 11.0835324 ], [ 39.705368, 11.0833339 ], [ 39.7053257, 11.0830981 ], [ 39.7050768, 11.0823819 ], [ 39.7046954, 11.0812846 ] ] ] } },
{ "type": "Feature", "properties": { "osm_id": "1198403073", "code": "6101", "fclass": "rail", "name": null, "layer": 0, "bridge": "F", "tunnel": "F", "path": "F:\\AnimationData\\Rail\\EthioDjibouti\\Ethiopia_Rail.shp" }, "geometry": { "type": "MultiLineString", "coordinates": [ [ [ 39.7047161, 11.0817534 ], [ 39.7050768, 11.0823819 ] ] ] } },
{ "type": "Feature", "properties": { "osm_id": "1198403074", "code": "6101", "fclass": "rail", "name": null, "layer": 0, "bridge": "F", "tunnel": "F", "path": "F:\\AnimationData\\Rail\\EthioDjibouti\\Ethiopia_Rail.shp" }, "geometry": { "type": "MultiLineString", "coordinates": [ [ [ 39.7047652, 11.0812925 ], [ 39.705315, 11.0829113 ], [ 39.7053713, 11.0831376 ], [ 39.705368, 11.0833339 ] ] ] } },
{ "type": "Feature", "properties": { "osm_id": "1198403075", "code": "6101", "fclass": "rail", "name": null, "layer": 0, "bridge": "F", "tunnel": "F", "path": "F:\\AnimationData\\Rail\\EthioDjibouti\\Ethiopia_Rail.shp" }, "geometry": { "type": "MultiLineString", "coordinates": [ [ [ 39.7054388, 11.0838542 ], [ 39.7052614, 11.0835272 ], [ 39.7050883, 11.083022 ] ] ] } },
{ "type": "Feature", "properties": { "osm_id": "1198403076", "code": "6101", "fclass": "rail", "name": null, "layer": 0, "bridge": "F", "tunnel": "F", "path": "F:\\AnimationData\\Rail\\EthioDjibouti\\Ethiopia_Rail.shp" }, "geometry": { "type": "MultiLineString", "coordinates": [ [ [ 39.7050179, 11.0826427 ], [ 39.7047161, 11.0817534 ], [ 39.704558, 11.0812939 ] ] ] } },
{ "type": "Feature", "properties": { "osm_id": "1198403077", "code": "6101", "fclass": "rail", "name": null, "layer": 0, "bridge": "F", "tunnel": "F", "path": "F:\\AnimationData\\Rail\\EthioDjibouti\\Ethiopia_Rail.shp" }, "geometry": { "type": "MultiLineString", "coordinates": [ [ [ 39.7051444, 11.0830031 ], [ 39.7050179, 11.0826427 ] ] ] } },
{ "type": "Feature", "properties": { "osm_id": "1198403078", "code": "6101", "fclass": "rail", "name": null, "layer": 0, "bridge": "F", "tunnel": "F", "path": "F:\\AnimationData\\Rail\\EthioDjibouti\\Ethiopia_Rail.shp" }, "geometry": { "type": "MultiLineString", "coordinates": [ [ [ 39.7050883, 11.083022 ], [ 39.7049636, 11.082661 ] ] ] } },
{ "type": "Feature", "properties": { "osm_id": "1198403079", "code": "6101", "fclass": "rail", "name": null, "layer": 0, "bridge": "F", "tunnel": "F", "path": "F:\\AnimationData\\Rail\\EthioDjibouti\\Ethiopia_Rail.shp" }, "geometry": { "type": "MultiLineString", "coordinates": [ [ [ 39.7030796, 11.1064201 ], [ 39.704438, 11.1080364 ] ] ] } },
{ "type": "Feature", "properties": { "osm_id": "1198403080", "code": "6101", "fclass": "rail", "name": null, "layer": 0, "bridge": "F", "tunnel": "F", "path": "F:\\AnimationData\\Rail\\EthioDjibouti\\Ethiopia_Rail.shp" }, "geometry": { "type": "MultiLineString", "coordinates": [ [ [ 39.7042069, 11.1076501 ], [ 39.704438, 11.1080364 ], [ 39.7045195, 11.1081462 ], [ 39.7046818, 11.1083651 ], [ 39.7049292, 11.1086682 ], [ 39.7051155, 11.1089334 ], [ 39.7054625, 11.1094271 ], [ 39.7065798, 11.1108137 ], [ 39.7072494, 11.1116301 ], [ 39.7073312, 11.1117299 ], [ 39.7080777, 11.1126489 ], [ 39.7082302, 11.1128355 ], [ 39.7083955, 11.1131116 ] ] ] } },
{ "type": "Feature", "properties": { "osm_id": "1198403081", "code": "6101", "fclass": "rail", "name": null, "layer": 0, "bridge": "F", "tunnel": "F", "path": "F:\\AnimationData\\Rail\\EthioDjibouti\\Ethiopia_Rail.shp" }, "geometry": { "type": "MultiLineString", "coordinates": [ [ [ 39.7072494, 11.1116301 ], [ 39.7070848, 11.1113499 ], [ 39.7066127, 11.1107906 ], [ 39.7054531, 11.1093327 ], [ 39.7051155, 11.1089334 ] ] ] } },
{ "type": "Feature", "properties": { "osm_id": "1198403082", "code": "6101", "fclass": "rail", "name": null, "layer": 0, "bridge": "F", "tunnel": "F", "path": "F:\\AnimationData\\Rail\\EthioDjibouti\\Ethiopia_Rail.shp" }, "geometry": { "type": "MultiLineString", "coordinates": [ [ [ 39.7054531, 11.1093327 ], [ 39.7056972, 11.1095745 ], [ 39.7066315, 11.1107423 ], [ 39.7069251, 11.1110965 ], [ 39.7070848, 11.1113499 ] ] ] } },
{ "type": "Feature", "properties": { "osm_id": "1198403083", "code": "6101", "fclass": "rail", "name": null, "layer": 0, "bridge": "F", "tunnel": "F", "path": "F:\\AnimationData\\Rail\\EthioDjibouti\\Ethiopia_Rail.shp" }, "geometry": { "type": "MultiLineString", "coordinates": [ [ [ 39.7082302, 11.1128355 ], [ 39.7080237, 11.1125291 ], [ 39.7072632, 11.1115779 ] ] ] } },
{ "type": "Feature", "properties": { "osm_id": "1198403084", "code": "6101", "fclass": "rail", "name": null, "layer": 0, "bridge": "F", "tunnel": "F", "path": "F:\\AnimationData\\Rail\\EthioDjibouti\\Ethiopia_Rail.shp" }, "geometry": { "type": "MultiLineString", "coordinates": [ [ [ 39.7072866, 11.1115502 ], [ 39.7079368, 11.1123587 ], [ 39.7080237, 11.1125291 ] ] ] } },
{ "type": "Feature", "properties": { "osm_id": "1198403085", "code": "6101", "fclass": "rail", "name": null, "layer": 0, "bridge": "F", "tunnel": "F", "path": "F:\\AnimationData\\Rail\\EthioDjibouti\\Ethiopia_Rail.shp" }, "geometry": { "type": "MultiLineString", "coordinates": [ [ [ 39.7086481, 11.113417 ], [ 39.7083171, 11.1131326 ], [ 39.7081534, 11.1129547 ], [ 39.7080841, 11.1128795 ], [ 39.7074759, 11.1122876 ], [ 39.7072432, 11.1120037 ], [ 39.7068019, 11.1114411 ] ] ] } },
{ "type": "Feature", "properties": { "osm_id": "1198403086", "code": "6101", "fclass": "rail", "name": null, "layer": 0, "bridge": "F", "tunnel": "T", "path": "F:\\AnimationData\\Rail\\EthioDjibouti\\Ethiopia_Rail.shp" }, "geometry": { "type": "MultiLineString", "coordinates": [ [ [ 39.7068019, 11.1114411 ], [ 39.7066569, 11.111259 ] ] ] } },
{ "type": "Feature", "properties": { "osm_id": "1198403087", "code": "6101", "fclass": "rail", "name": null, "layer": 0, "bridge": "F", "tunnel": "F", "path": "F:\\AnimationData\\Rail\\EthioDjibouti\\Ethiopia_Rail.shp" }, "geometry": { "type": "MultiLineString", "coordinates": [ [ [ 39.707023, 11.1120811 ], [ 39.7071419, 11.1122203 ], [ 39.7073262, 11.1124112 ], [ 39.7075495, 11.1125696 ], [ 39.7078491, 11.1127353 ] ] ] } },
{ "type": "Feature", "properties": { "osm_id": "1198403088", "code": "6101", "fclass": "rail", "name": null, "layer": 0, "bridge": "F", "tunnel": "F", "path": "F:\\AnimationData\\Rail\\EthioDjibouti\\Ethiopia_Rail.shp" }, "geometry": { "type": "MultiLineString", "coordinates": [ [ [ 39.7070952, 11.1120266 ], [ 39.7072153, 11.1121698 ], [ 39.707392, 11.1123634 ], [ 39.7075832, 11.1125245 ], [ 39.7078491, 11.1127353 ], [ 39.7079051, 11.1127798 ], [ 39.7081534, 11.1129547 ] ] ] } },
{ "type": "Feature", "properties": { "osm_id": "1198403089", "code": "6101", "fclass": "rail", "name": null, "layer": 0, "bridge": "F", "tunnel": "F", "path": "F:\\AnimationData\\Rail\\EthioDjibouti\\Ethiopia_Rail.shp" }, "geometry": { "type": "MultiLineString", "coordinates": [ [ [ 39.7069634, 11.1121261 ], [ 39.7070863, 11.1122732 ], [ 39.7072756, 11.1124619 ], [ 39.7074935, 11.1126356 ], [ 39.7077239, 11.1127778 ], [ 39.70798, 11.1129197 ], [ 39.7081828, 11.1130416 ], [ 39.7083171, 11.1131326 ] ] ] } },
{ "type": "Feature", "properties": { "osm_id": "1198403090", "code": "6101", "fclass": "rail", "name": null, "layer": 0, "bridge": "F", "tunnel": "F", "path": "F:\\AnimationData\\Rail\\EthioDjibouti\\Ethiopia_Rail.shp" }, "geometry": { "type": "MultiLineString", "coordinates": [ [ [ 39.7069101, 11.1121663 ], [ 39.7070398, 11.1123219 ], [ 39.707229, 11.1125155 ], [ 39.707447, 11.1126843 ], [ 39.7076975, 11.112826 ], [ 39.7079587, 11.1129456 ], [ 39.7081828, 11.1130416 ] ] ] } },
{ "type": "Feature", "properties": { "osm_id": "1198403091", "code": "6101", "fclass": "rail", "name": null, "layer": 0, "bridge": "F", "tunnel": "T", "path": "F:\\AnimationData\\Rail\\EthioDjibouti\\Ethiopia_Rail.shp" }, "geometry": { "type": "MultiLineString", "coordinates": [ [ [ 39.7057142, 11.1112741 ], [ 39.7065985, 11.1123366 ] ] ] } },
{ "type": "Feature", "properties": { "osm_id": "1198403092", "code": "6101", "fclass": "rail", "name": null, "layer": 0, "bridge": "F", "tunnel": "T", "path": "F:\\AnimationData\\Rail\\EthioDjibouti\\Ethiopia_Rail.shp" }, "geometry": { "type": "MultiLineString", "coordinates": [ [ [ 39.7057797, 11.1112246 ], [ 39.7066571, 11.112282 ] ] ] } },
{ "type": "Feature", "properties": { "osm_id": "1198403093", "code": "6101", "fclass": "rail", "name": null, "layer": 0, "bridge": "F", "tunnel": "F", "path": "F:\\AnimationData\\Rail\\EthioDjibouti\\Ethiopia_Rail.shp" }, "geometry": { "type": "MultiLineString", "coordinates": [ [ [ 39.7052732, 11.1099351 ], [ 39.7053543, 11.1102426 ], [ 39.7054642, 11.1105874 ], [ 39.7055984, 11.1108506 ], [ 39.7057244, 11.1110375 ], [ 39.7058479, 11.1111731 ] ] ] } },
{ "type": "Feature", "properties": { "osm_id": "1198403094", "code": "6101", "fclass": "rail", "name": null, "layer": 0, "bridge": "F", "tunnel": "T", "path": "F:\\AnimationData\\Rail\\EthioDjibouti\\Ethiopia_Rail.shp" }, "geometry": { "type": "MultiLineString", "coordinates": [ [ [ 39.7059239, 11.1111158 ], [ 39.7067922, 11.1121833 ] ] ] } },
{ "type": "Feature", "properties": { "osm_id": "1198403095", "code": "6101", "fclass": "rail", "name": null, "layer": 0, "bridge": "F", "tunnel": "T", "path": "F:\\AnimationData\\Rail\\EthioDjibouti\\Ethiopia_Rail.shp" }, "geometry": { "type": "MultiLineString", "coordinates": [ [ [ 39.7059953, 11.1110619 ], [ 39.7069101, 11.1121663 ] ] ] } },
{ "type": "Feature", "properties": { "osm_id": "1198403096", "code": "6101", "fclass": "rail", "name": null, "layer": 0, "bridge": "F", "tunnel": "F", "path": "F:\\AnimationData\\Rail\\EthioDjibouti\\Ethiopia_Rail.shp" }, "geometry": { "type": "MultiLineString", "coordinates": [ [ [ 39.705565, 11.1099281 ], [ 39.7056654, 11.1103295 ], [ 39.7057937, 11.1106627 ], [ 39.7059117, 11.1108522 ], [ 39.7060487, 11.1110215 ] ] ] } },
{ "type": "Feature", "properties": { "osm_id": "1198403097", "code": "6101", "fclass": "rail", "name": null, "layer": 0, "bridge": "F", "tunnel": "T", "path": "F:\\AnimationData\\Rail\\EthioDjibouti\\Ethiopia_Rail.shp" }, "geometry": { "type": "MultiLineString", "coordinates": [ [ [ 39.7061299, 11.1109602 ], [ 39.707023, 11.1120811 ] ] ] } },
{ "type": "Feature", "properties": { "osm_id": "1198403098", "code": "6101", "fclass": "rail", "name": null, "layer": 0, "bridge": "F", "tunnel": "F", "path": "F:\\AnimationData\\Rail\\EthioDjibouti\\Ethiopia_Rail.shp" }, "geometry": { "type": "MultiLineString", "coordinates": [ [ [ 39.7057333, 11.1099802 ], [ 39.7058368, 11.1102935 ], [ 39.7059603, 11.110533 ], [ 39.7060836, 11.1107251 ], [ 39.7062148, 11.1108962 ] ] ] } },
{ "type": "Feature", "properties": { "osm_id": "1198403099", "code": "6101", "fclass": "rail", "name": null, "layer": 0, "bridge": "F", "tunnel": "T", "path": "F:\\AnimationData\\Rail\\EthioDjibouti\\Ethiopia_Rail.shp" }, "geometry": { "type": "MultiLineString", "coordinates": [ [ [ 39.7067299, 11.1137333 ], [ 39.7071226, 11.1142273 ] ] ] } },
{ "type": "Feature", "properties": { "osm_id": "1198403101", "code": "6101", "fclass": "rail", "name": null, "layer": 0, "bridge": "F", "tunnel": "F", "path": "F:\\AnimationData\\Rail\\EthioDjibouti\\Ethiopia_Rail.shp" }, "geometry": { "type": "MultiLineString", "coordinates": [ [ [ 39.7111389, 11.116149 ], [ 39.7117825, 11.1169385 ] ] ] } },
{ "type": "Feature", "properties": { "osm_id": "1198403102", "code": "6101", "fclass": "rail", "name": null, "layer": 0, "bridge": "F", "tunnel": "F", "path": "F:\\AnimationData\\Rail\\EthioDjibouti\\Ethiopia_Rail.shp" }, "geometry": { "type": "MultiLineString", "coordinates": [ [ [ 39.7027928, 11.1057314 ], [ 39.70429, 11.107638 ] ] ] } },
{ "type": "Feature", "properties": { "osm_id": "1226716937", "code": "6101", "fclass": "rail", "name": null, "layer": 0, "bridge": "F", "tunnel": "F", "path": "F:\\AnimationData\\Rail\\EthioDjibouti\\Ethiopia_Rail.shp" }, "geometry": { "type": "MultiLineString", "coordinates": [ [ [ 40.156205, 9.0054947 ], [ 40.157929, 9.0064311 ], [ 40.1583083, 9.0066282 ] ] ] } },
{ "type": "Feature", "properties": { "osm_id": "1226716938", "code": "6101", "fclass": "rail", "name": "Addis Ababa – Djibouti Railway", "layer": 0, "bridge": "F", "tunnel": "F", "path": "F:\\AnimationData\\Rail\\EthioDjibouti\\Ethiopia_Rail.shp" }, "geometry": { "type": "MultiLineString", "coordinates": [ [ [ 40.1586134, 9.0068604 ], [ 40.1631322, 9.0093034 ], [ 40.1641207, 9.0098698 ], [ 40.1650183, 9.0104361 ], [ 40.1661013, 9.0112849 ], [ 40.1667032, 9.0118217 ], [ 40.1672796, 9.012394 ], [ 40.1676964, 9.0128483 ], [ 40.1681095, 9.0133423 ], [ 40.1684527, 9.0137942 ], [ 40.1687682, 9.0142598 ], [ 40.173524, 9.0215489 ], [ 40.1742031, 9.0224866 ], [ 40.1748602, 9.0232549 ], [ 40.1756953, 9.0241 ], [ 40.1768645, 9.0250639 ], [ 40.1780675, 9.0258873 ], [ 40.1814675, 9.0279619 ] ] ] } },
{ "type": "Feature", "properties": { "osm_id": "1226716939", "code": "6101", "fclass": "rail", "name": "Awash–Weldiya Railway", "layer": 0, "bridge": "F", "tunnel": "F", "path": "F:\\AnimationData\\Rail\\EthioDjibouti\\Ethiopia_Rail.shp" }, "geometry": { "type": "MultiLineString", "coordinates": [ [ [ 40.1588232, 9.0070454 ], [ 40.1575566, 9.0063951 ], [ 40.1572885, 9.0062466 ], [ 40.1485851, 9.0015186 ], [ 40.1475499, 9.0009111 ], [ 40.1468395, 9.0005011 ] ] ] } },
{ "type": "Feature", "properties": { "osm_id": "1226719357", "code": "6101", "fclass": "rail", "name": "Awash–Weldiya Railway", "layer": 0, "bridge": "F", "tunnel": "F", "path": "F:\\AnimationData\\Rail\\EthioDjibouti\\Ethiopia_Rail.shp" }, "geometry": { "type": "MultiLineString", "coordinates": [ [ [ 40.0447026, 9.1981413 ], [ 40.0424318, 9.2038486 ] ] ] } },
{ "type": "Feature", "properties": { "osm_id": "1226719358", "code": "6101", "fclass": "rail", "name": "Awash–Weldiya Railway", "layer": 0, "bridge": "F", "tunnel": "F", "path": "F:\\AnimationData\\Rail\\EthioDjibouti\\Ethiopia_Rail.shp" }, "geometry": { "type": "MultiLineString", "coordinates": [ [ [ 40.0424318, 9.2038486 ], [ 40.0397905, 9.210487 ] ] ] } },
{ "type": "Feature", "properties": { "osm_id": "1259354391", "code": "6101", "fclass": "rail", "name": "Awash–Weldiya Railway", "layer": 0, "bridge": "F", "tunnel": "F", "path": "F:\\AnimationData\\Rail\\EthioDjibouti\\Ethiopia_Rail.shp" }, "geometry": { "type": "MultiLineString", "coordinates": [ [ [ 40.0491292, 9.1871457 ], [ 40.0502225, 9.1843747 ] ] ] } },
{ "type": "Feature", "properties": { "osm_id": "1259354392", "code": "6101", "fclass": "rail", "name": "Awash–Weldiya Railway", "layer": 0, "bridge": "F", "tunnel": "F", "path": "F:\\AnimationData\\Rail\\EthioDjibouti\\Ethiopia_Rail.shp" }, "geometry": { "type": "MultiLineString", "coordinates": [ [ [ 40.0488425, 9.1878723 ], [ 40.0491292, 9.1871457 ] ] ] } },
{ "type": "Feature", "properties": { "osm_id": "1259362936", "code": "6101", "fclass": "rail", "name": "Awash–Weldiya Railway", "layer": 0, "bridge": "F", "tunnel": "F", "path": "F:\\AnimationData\\Rail\\EthioDjibouti\\Ethiopia_Rail.shp" }, "geometry": { "type": "MultiLineString", "coordinates": [ [ [ 39.970389, 9.9454583 ], [ 39.9705247, 9.9449655 ], [ 39.9706337, 9.9444351 ], [ 39.9707272, 9.9439122 ], [ 39.9707664, 9.9432575 ], [ 39.9708011, 9.9428039 ], [ 39.9708005, 9.9423156 ], [ 39.9707764, 9.9418447 ], [ 39.9707288, 9.9413621 ] ] ] } },
{ "type": "Feature", "properties": { "osm_id": "1259362937", "code": "6101", "fclass": "rail", "name": "Awash–Weldiya Railway", "layer": 0, "bridge": "F", "tunnel": "F", "path": "F:\\AnimationData\\Rail\\EthioDjibouti\\Ethiopia_Rail.shp" }, "geometry": { "type": "MultiLineString", "coordinates": [ [ [ 39.9704873, 9.937212 ], [ 39.9706695, 9.9399383 ] ] ] } },
{ "type": "Feature", "properties": { "osm_id": "1323858979", "code": "6101", "fclass": "rail", "name": null, "layer": 0, "bridge": "F", "tunnel": "F", "path": "F:\\AnimationData\\Rail\\EthioDjibouti\\Ethiopia_Rail.shp" }, "geometry": { "type": "MultiLineString", "coordinates": [ [ [ 39.708011, 11.1132396 ], [ 39.7084043, 11.113462 ] ] ] } },
{ "type": "Feature", "properties": { "osm_id": "1323858980", "code": "6101", "fclass": "rail", "name": null, "layer": 0, "bridge": "T", "tunnel": "F", "path": "F:\\AnimationData\\Rail\\EthioDjibouti\\Ethiopia_Rail.shp" }, "geometry": { "type": "MultiLineString", "coordinates": [ [ [ 39.7084043, 11.113462 ], [ 39.7086005, 11.1135727 ] ] ] } },
{ "type": "Feature", "properties": { "osm_id": "1332811433", "code": "6101", "fclass": "rail", "name": "Addis Ababa – Djibouti Railway", "layer": 0, "bridge": "F", "tunnel": "F", "path": "F:\\AnimationData\\Rail\\EthioDjibouti\\Ethiopia_Rail.shp" }, "geometry": { "type": "MultiLineString", "coordinates": [ [ [ 40.1468395, 9.0005011 ], [ 40.1475318, 9.0008436 ], [ 40.1563604, 9.0056424 ], [ 40.1567537, 9.0058559 ], [ 40.1573956, 9.0061985 ], [ 40.1586134, 9.0068604 ] ] ] } },
{ "type": "Feature", "properties": { "osm_id": "1332811434", "code": "6101", "fclass": "rail", "name": null, "layer": 0, "bridge": "F", "tunnel": "F", "path": "F:\\AnimationData\\Rail\\EthioDjibouti\\Ethiopia_Rail.shp" }, "geometry": { "type": "MultiLineString", "coordinates": [ [ [ 40.1475318, 9.0008436 ], [ 40.1478573, 9.0009766 ], [ 40.1558117, 9.0052864 ] ] ] } },
{ "type": "Feature", "properties": { "osm_id": "95327141", "code": "6101", "fclass": "rail", "name": "??? ???? ???? ????? - ??????", "layer": 0, "bridge": "F", "tunnel": "F", "path": "C:\\Users\\asus\\Documents\\Downloads\\djibouti-260214-free.shp\\gis_osm_railways_free_1.shp" }, "geometry": { "type": "MultiLineString", "coordinates": [ [ [ 43.1444167, 11.6078571 ], [ 43.1429337, 11.60787 ], [ 43.1425232, 11.6078837 ], [ 43.1422844, 11.6078917 ], [ 43.1421021, 11.6078978 ], [ 43.1419276, 11.6079214 ], [ 43.141761, 11.6079733 ], [ 43.1412922, 11.6081976 ], [ 43.1411648, 11.6082462 ], [ 43.1405664, 11.6085218 ], [ 43.1405032, 11.6085576 ], [ 43.1401959, 11.6086971 ], [ 43.1400452, 11.6087524 ], [ 43.1399172, 11.6087831 ], [ 43.1398084, 11.6087978 ], [ 43.1395894, 11.6087898 ], [ 43.139423, 11.6087761 ] ] ] } },
{ "type": "Feature", "properties": { "osm_id": "371497468", "code": "6101", "fclass": "rail", "name": "Chemin de fer d'Addis-Abeba - Djibouti", "layer": 1, "bridge": "T", "tunnel": "F", "path": "C:\\Users\\asus\\Documents\\Downloads\\djibouti-260214-free.shp\\gis_osm_railways_free_1.shp" }, "geometry": { "type": "MultiLineString", "coordinates": [ [ [ 43.0916526, 11.475946 ], [ 43.0916972, 11.4754243 ], [ 43.0917619, 11.4749185 ], [ 43.0918353, 11.474344 ] ] ] } },
{ "type": "Feature", "properties": { "osm_id": "371497469", "code": "6101", "fclass": "rail", "name": "Chemin de fer d'Addis-Abeba - Djibouti", "layer": 1, "bridge": "F", "tunnel": "F", "path": "C:\\Users\\asus\\Documents\\Downloads\\djibouti-260214-free.shp\\gis_osm_railways_free_1.shp" }, "geometry": { "type": "MultiLineString", "coordinates": [ [ [ 43.0918353, 11.474344 ], [ 43.0931094, 11.46515 ], [ 43.0931816, 11.464429 ], [ 43.093201, 11.4636956 ], [ 43.0931826, 11.4628911 ], [ 43.0931106, 11.4620362 ], [ 43.0929198, 11.4605841 ], [ 43.0913649, 11.4498145 ], [ 43.090287, 11.4420381 ], [ 43.0901804, 11.4412426 ], [ 43.0900361, 11.4406043 ], [ 43.0898637, 11.4400194 ], [ 43.0896567, 11.4394673 ], [ 43.0893841, 11.4388495 ], [ 43.0891387, 11.4384067 ], [ 43.0888132, 11.4378805 ], [ 43.0883116, 11.4372019 ], [ 43.0879246, 11.4367595 ], [ 43.0874431, 11.4362893 ], [ 43.0869703, 11.4358721 ], [ 43.0863983, 11.4354694 ], [ 43.0856108, 11.4349684 ], [ 43.0848618, 11.434566 ], [ 43.0632313, 11.4231652 ], [ 43.061945, 11.4224873 ], [ 43.0608824, 11.42188 ], [ 43.0583536, 11.4203577 ], [ 43.048881, 11.4145964 ], [ 43.0466918, 11.4132158 ], [ 43.0457763, 11.4125368 ], [ 43.0448748, 11.4118207 ], [ 43.0369831, 11.4054664 ] ] ] } },
{ "type": "Feature", "properties": { "osm_id": "371497471", "code": "6101", "fclass": "rail", "name": "Chemin de fer d'Addis-Abeba - Djibouti", "layer": 1, "bridge": "T", "tunnel": "F", "path": "C:\\Users\\asus\\Documents\\Downloads\\djibouti-260214-free.shp\\gis_osm_railways_free_1.shp" }, "geometry": { "type": "MultiLineString", "coordinates": [ [ [ 43.0369831, 11.4054664 ], [ 43.0364061, 11.4049874 ] ] ] } },
{ "type": "Feature", "properties": { "osm_id": "371562099", "code": "6101", "fclass": "rail", "name": "Chemin de fer d'Addis-Abeba - Djibouti", "layer": 0, "bridge": "F", "tunnel": "F", "path": "C:\\Users\\asus\\Documents\\Downloads\\djibouti-260214-free.shp\\gis_osm_railways_free_1.shp" }, "geometry": { "type": "MultiLineString", "coordinates": [ [ [ 43.140755, 11.5469449 ], [ 43.1409389, 11.5462897 ], [ 43.1410645, 11.5456968 ], [ 43.1411542, 11.5450686 ], [ 43.1412035, 11.5444305 ], [ 43.1412153, 11.543816 ], [ 43.1411975, 11.5432773 ], [ 43.1411633, 11.5427165 ] ] ] } },
{ "type": "Feature", "properties": { "osm_id": "371562100", "code": "6101", "fclass": "rail", "name": "Chemin de fer d'Addis-Abeba - Djibouti", "layer": 1, "bridge": "F", "tunnel": "F", "path": "C:\\Users\\asus\\Documents\\Downloads\\djibouti-260214-free.shp\\gis_osm_railways_free_1.shp" }, "geometry": { "type": "MultiLineString", "coordinates": [ [ [ 43.1278446, 11.5615677 ], [ 43.1300759, 11.5590985 ] ] ] } },
{ "type": "Feature", "properties": { "osm_id": "373597730", "code": "6101", "fclass": "rail", "name": null, "layer": 0, "bridge": "F", "tunnel": "F", "path": "C:\\Users\\asus\\Documents\\Downloads\\djibouti-260214-free.shp\\gis_osm_railways_free_1.shp" }, "geometry": { "type": "MultiLineString", "coordinates": [ [ [ 42.7407444, 11.153208 ], [ 42.7403025, 11.1527495 ], [ 42.7331215, 11.1464758 ], [ 42.7325681, 11.1460015 ], [ 42.7318471, 11.1454684 ] ] ] } },
{ "type": "Feature", "properties": { "osm_id": "373597731", "code": "6101", "fclass": "rail", "name": null, "layer": 0, "bridge": "F", "tunnel": "F", "path": "C:\\Users\\asus\\Documents\\Downloads\\djibouti-260214-free.shp\\gis_osm_railways_free_1.shp" }, "geometry": { "type": "MultiLineString", "coordinates": [ [ [ 42.7343698, 11.1460082 ], [ 42.7340191, 11.1457847 ], [ 42.7336304, 11.1456206 ], [ 42.7332131, 11.1455228 ], [ 42.732504, 11.1454002 ], [ 42.7321211, 11.1453415 ], [ 42.7318313, 11.1452356 ] ] ] } },
{ "type": "Feature", "properties": { "osm_id": "446655393", "code": "6101", "fclass": "rail", "name": "Chemin de fer d'Addis-Abeba - Djibouti", "layer": 1, "bridge": "T", "tunnel": "F", "path": "C:\\Users\\asus\\Documents\\Downloads\\djibouti-260214-free.shp\\gis_osm_railways_free_1.shp" }, "geometry": { "type": "MultiLineString", "coordinates": [ [ [ 42.7635364, 11.1720102 ], [ 42.7636091, 11.1720932 ] ] ] } },
{ "type": "Feature", "properties": { "osm_id": "446655394", "code": "6101", "fclass": "rail", "name": "Chemin de fer d'Addis-Abeba - Djibouti ??? ???? ???? ????? - ??????", "layer": 0, "bridge": "F", "tunnel": "F", "path": "C:\\Users\\asus\\Documents\\Downloads\\djibouti-260214-free.shp\\gis_osm_railways_free_1.shp" }, "geometry": { "type": "MultiLineString", "coordinates": [ [ [ 42.6961551, 11.1238542 ], [ 42.6993064, 11.1244935 ], [ 42.7003253, 11.1247328 ] ] ] } },
{ "type": "Feature", "properties": { "osm_id": "446655395", "code": "6101", "fclass": "rail", "name": "Chemin de fer d'Addis-Abeba - Djibouti", "layer": 1, "bridge": "T", "tunnel": "F", "path": "C:\\Users\\asus\\Documents\\Downloads\\djibouti-260214-free.shp\\gis_osm_railways_free_1.shp" }, "geometry": { "type": "MultiLineString", "coordinates": [ [ [ 42.6946044, 11.1235302 ], [ 42.6961551, 11.1238542 ] ] ] } },
{ "type": "Feature", "properties": { "osm_id": "446655397", "code": "6101", "fclass": "rail", "name": "Chemin de fer Addis-Abeba - Djibouti", "layer": 0, "bridge": "F", "tunnel": "F", "path": "C:\\Users\\asus\\Documents\\Downloads\\djibouti-260214-free.shp\\gis_osm_railways_free_1.shp" }, "geometry": { "type": "MultiLineString", "coordinates": [ [ [ 42.691303, 11.1226126 ], [ 42.6917035, 11.1227568 ], [ 42.6925678, 11.1230477 ], [ 42.6935598, 11.1233115 ], [ 42.6946044, 11.1235302 ] ] ] } },
{ "type": "Feature", "properties": { "osm_id": "446658426", "code": "6101", "fclass": "rail", "name": "Chemin de fer d'Addis-Abeba - Djibouti", "layer": 1, "bridge": "T", "tunnel": "F", "path": "C:\\Users\\asus\\Documents\\Downloads\\djibouti-260214-free.shp\\gis_osm_railways_free_1.shp" }, "geometry": { "type": "MultiLineString", "coordinates": [ [ [ 43.0273031, 11.3873713 ], [ 43.0284054, 11.3899035 ] ] ] } },
{ "type": "Feature", "properties": { "osm_id": "446658427", "code": "6101", "fclass": "rail", "name": "Addis Ababa – Djibouti Railway", "layer": 1, "bridge": "T", "tunnel": "F", "path": "C:\\Users\\asus\\Documents\\Downloads\\djibouti-260214-free.shp\\gis_osm_railways_free_1.shp" }, "geometry": { "type": "MultiLineString", "coordinates": [ [ [ 42.9483525, 11.312643 ], [ 42.9497134, 11.3154329 ] ] ] } },
{ "type": "Feature", "properties": { "osm_id": "446658428", "code": "6101", "fclass": "rail", "name": "Chemin de fer d'Addis-Abeba - Djibouti", "layer": 0, "bridge": "F", "tunnel": "F", "path": "C:\\Users\\asus\\Documents\\Downloads\\djibouti-260214-free.shp\\gis_osm_railways_free_1.shp" }, "geometry": { "type": "MultiLineString", "coordinates": [ [ [ 42.9497134, 11.3154329 ], [ 42.9499111, 11.3159065 ], [ 42.9501857, 11.3164198 ], [ 42.9505728, 11.3171433 ] ] ] } },
{ "type": "Feature", "properties": { "osm_id": "446658429", "code": "6101", "fclass": "rail", "name": "Chemin de fer d'Addis-Abeba - Djibouti", "layer": 1, "bridge": "T", "tunnel": "F", "path": "C:\\Users\\asus\\Documents\\Downloads\\djibouti-260214-free.shp\\gis_osm_railways_free_1.shp" }, "geometry": { "type": "MultiLineString", "coordinates": [ [ [ 42.9024407, 11.2707919 ], [ 42.9029921, 11.270604 ], [ 42.9036214, 11.2703498 ], [ 42.9045371, 11.2699641 ] ] ] } },
{ "type": "Feature", "properties": { "osm_id": "446658430", "code": "6101", "fclass": "rail", "name": "Chemin de fer d'Addis-Abeba - Djibouti", "layer": 1, "bridge": "T", "tunnel": "F", "path": "C:\\Users\\asus\\Documents\\Downloads\\djibouti-260214-free.shp\\gis_osm_railways_free_1.shp" }, "geometry": { "type": "MultiLineString", "coordinates": [ [ [ 42.7553409, 11.1649271 ], [ 42.7564217, 11.1657197 ] ] ] } },
{ "type": "Feature", "properties": { "osm_id": "446658431", "code": "6101", "fclass": "rail", "name": "Addis Ababa – Djibouti Railway", "layer": 1, "bridge": "T", "tunnel": "F", "path": "C:\\Users\\asus\\Documents\\Downloads\\djibouti-260214-free.shp\\gis_osm_railways_free_1.shp" }, "geometry": { "type": "MultiLineString", "coordinates": [ [ [ 42.9505728, 11.3171433 ], [ 42.95073, 11.3174461 ] ] ] } },
{ "type": "Feature", "properties": { "osm_id": "446658432", "code": "6101", "fclass": "rail", "name": "????? ???????? ???? ????? - ??????", "layer": 0, "bridge": "F", "tunnel": "F", "path": "C:\\Users\\asus\\Documents\\Downloads\\djibouti-260214-free.shp\\gis_osm_railways_free_1.shp" }, "geometry": { "type": "MultiLineString", "coordinates": [ [ [ 42.9045371, 11.2699641 ], [ 42.9053886, 11.2696068 ], [ 42.9062605, 11.2693074 ], [ 42.9071064, 11.2690767 ], [ 42.9077226, 11.2689773 ], [ 42.9083987, 11.2689189 ], [ 42.909136, 11.2689001 ], [ 42.9099587, 11.2689471 ], [ 42.9107895, 11.2691207 ], [ 42.9122852, 11.2694587 ], [ 42.9131714, 11.2696486 ], [ 42.9142463, 11.2699831 ], [ 42.9153496, 11.2704265 ], [ 42.9162587, 11.2708792 ], [ 42.9170238, 11.2713347 ], [ 42.9182766, 11.2722105 ], [ 42.9195835, 11.2734402 ], [ 42.9205055, 11.2744632 ], [ 42.9212913, 11.2756319 ], [ 42.9217901, 11.2765257 ], [ 42.9227925, 11.2783877 ], [ 42.9231403, 11.2790038 ], [ 42.9241139, 11.2806729 ], [ 42.9246718, 11.2815471 ], [ 42.9254099, 11.2825533 ], [ 42.927741, 11.2854548 ], [ 42.9292082, 11.2872517 ], [ 42.9355382, 11.2953109 ], [ 42.9385164, 11.2990437 ], [ 42.9450679, 11.3072723 ], [ 42.9456001, 11.3079725 ], [ 42.9460319, 11.3085385 ], [ 42.9464243, 11.3091278 ], [ 42.9469275, 11.3099662 ], [ 42.9474545, 11.3109875 ], [ 42.9483525, 11.312643 ] ] ] } },
{ "type": "Feature", "properties": { "osm_id": "446658433", "code": "6101", "fclass": "rail", "name": "Chemin de fer d'Addis-Abeba - Djibouti", "layer": 1, "bridge": "F", "tunnel": "F", "path": "C:\\Users\\asus\\Documents\\Downloads\\djibouti-260214-free.shp\\gis_osm_railways_free_1.shp" }, "geometry": { "type": "MultiLineString", "coordinates": [ [ [ 42.95073, 11.3174461 ], [ 42.9510686, 11.3181346 ], [ 42.9516732, 11.3193488 ], [ 42.9533099, 11.3225547 ], [ 42.9544169, 11.3247687 ], [ 42.9547962, 11.3255683 ], [ 42.9560245, 11.3279121 ], [ 42.9564855, 11.3288085 ], [ 42.956807, 11.3293104 ], [ 42.957327, 11.330023 ], [ 42.957801, 11.330513 ], [ 42.9582282, 11.3308815 ], [ 42.958873, 11.3313752 ], [ 42.9595024, 11.3317723 ], [ 42.9600705, 11.332043 ], [ 42.9608154, 11.3322943 ], [ 42.9615259, 11.3324636 ], [ 42.962277, 11.3325537 ], [ 42.9630887, 11.3326224 ], [ 42.9728108, 11.3331889 ], [ 42.9737254, 11.333251 ], [ 42.9747203, 11.333335 ], [ 42.9757106, 11.333477 ], [ 42.9769304, 11.3337057 ], [ 42.9811161, 11.3346758 ], [ 42.9836618, 11.3352601 ], [ 42.9847349, 11.335551 ], [ 42.9856359, 11.3358098 ], [ 42.9867228, 11.3362769 ], [ 42.987431, 11.3366386 ], [ 42.9880819, 11.3370485 ], [ 42.9888168, 11.3376086 ], [ 42.9894918, 11.3381704 ], [ 42.9902752, 11.3390185 ], [ 42.9959925, 11.3456601 ], [ 43.0208623, 11.3746374 ], [ 43.0219485, 11.3759773 ], [ 43.0229119, 11.3774351 ], [ 43.0236799, 11.3790129 ], [ 43.0273031, 11.3873713 ] ] ] } },
{ "type": "Feature", "properties": { "osm_id": "446658434", "code": "6101", "fclass": "rail", "name": "Chemin de fer d'Addis-Abeba - Djibouti", "layer": 1, "bridge": "F", "tunnel": "F", "path": "C:\\Users\\asus\\Documents\\Downloads\\djibouti-260214-free.shp\\gis_osm_railways_free_1.shp" }, "geometry": { "type": "MultiLineString", "coordinates": [ [ [ 43.0284054, 11.3899035 ], [ 43.0332584, 11.4010101 ], [ 43.0335291, 11.4015439 ], [ 43.0337517, 11.4019347 ], [ 43.0343481, 11.4028577 ], [ 43.035019, 11.4036746 ], [ 43.035673, 11.4043554 ], [ 43.0364061, 11.4049874 ] ] ] } },
{ "type": "Feature", "properties": { "osm_id": "466149996", "code": "6101", "fclass": "rail", "name": "Chemin de fer d'Addis-Abeba - Djibouti / ??? ???? ???? ????? - ??????", "layer": 1, "bridge": "T", "tunnel": "F", "path": "C:\\Users\\asus\\Documents\\Downloads\\djibouti-260214-free.shp\\gis_osm_railways_free_1.shp" }, "geometry": { "type": "MultiLineString", "coordinates": [ [ [ 43.1223912, 11.5675016 ], [ 43.1230916, 11.5667413 ] ] ] } },
{ "type": "Feature", "properties": { "osm_id": "466149997", "code": "6101", "fclass": "rail", "name": "Chemin de fer d'Addis-Abeba - Djibouti / ??? ???? ???? ????? - ??????", "layer": 1, "bridge": "T", "tunnel": "F", "path": "C:\\Users\\asus\\Documents\\Downloads\\djibouti-260214-free.shp\\gis_osm_railways_free_1.shp" }, "geometry": { "type": "MultiLineString", "coordinates": [ [ [ 43.0940323, 11.5786957 ], [ 43.0944323, 11.5784636 ], [ 43.0948421, 11.5782575 ], [ 43.095233, 11.5780861 ] ] ] } },
{ "type": "Feature", "properties": { "osm_id": "466149998", "code": "6101", "fclass": "rail", "name": "Pont ferroviaire sud", "layer": 1, "bridge": "T", "tunnel": "F", "path": "C:\\Users\\asus\\Documents\\Downloads\\djibouti-260214-free.shp\\gis_osm_railways_free_1.shp" }, "geometry": { "type": "MultiLineString", "coordinates": [ [ [ 43.1271541, 11.5623211 ], [ 43.1278446, 11.5615677 ] ] ] } },
{ "type": "Feature", "properties": { "osm_id": "466149999", "code": "6101", "fclass": "rail", "name": "Chemin de fer d'Addis-Abeba - Djibouti", "layer": 1, "bridge": "T", "tunnel": "F", "path": "C:\\Users\\asus\\Documents\\Downloads\\djibouti-260214-free.shp\\gis_osm_railways_free_1.shp" }, "geometry": { "type": "MultiLineString", "coordinates": [ [ [ 43.1398945, 11.5489664 ], [ 43.140133, 11.5485098 ], [ 43.1403619, 11.5480124 ], [ 43.1405445, 11.5475734 ], [ 43.140755, 11.5469449 ] ] ] } },
{ "type": "Feature", "properties": { "osm_id": "466150000", "code": "6101", "fclass": "rail", "name": "Chemin de fer d'Addis-Abeba - Djibouti / ??? ???? ???? ????? - ??????", "layer": 0, "bridge": "F", "tunnel": "F", "path": "C:\\Users\\asus\\Documents\\Downloads\\djibouti-260214-free.shp\\gis_osm_railways_free_1.shp" }, "geometry": { "type": "MultiLineString", "coordinates": [ [ [ 43.1230916, 11.5667413 ], [ 43.1271541, 11.5623211 ] ] ] } },
{ "type": "Feature", "properties": { "osm_id": "568000826", "code": "6101", "fclass": "rail", "name": null, "layer": 0, "bridge": "F", "tunnel": "F", "path": "C:\\Users\\asus\\Documents\\Downloads\\djibouti-260214-free.shp\\gis_osm_railways_free_1.shp" }, "geometry": { "type": "MultiLineString", "coordinates": [ [ [ 43.1309974, 11.5282839 ], [ 43.130554, 11.5281598 ], [ 43.1302375, 11.5280809 ], [ 43.1299562, 11.5279994 ], [ 43.1295426, 11.5278488 ], [ 43.1292418, 11.527665 ], [ 43.1290412, 11.5275145 ], [ 43.1288746, 11.5273613 ], [ 43.1286899, 11.5271725 ], [ 43.1286205, 11.5271047 ], [ 43.1275474, 11.5257936 ], [ 43.1265576, 11.5245496 ] ] ] } },
{ "type": "Feature", "properties": { "osm_id": "568000827", "code": "6101", "fclass": "rail", "name": null, "layer": 0, "bridge": "F", "tunnel": "F", "path": "C:\\Users\\asus\\Documents\\Downloads\\djibouti-260214-free.shp\\gis_osm_railways_free_1.shp" }, "geometry": { "type": "MultiLineString", "coordinates": [ [ [ 43.1286574, 11.5260166 ], [ 43.129819, 11.5274686 ], [ 43.1298493, 11.5275091 ] ] ] } },
{ "type": "Feature", "properties": { "osm_id": "568553591", "code": "6101", "fclass": "rail", "name": "Chemin de fer d'Addis-Abeba - Djibouti / ??? ???? ???? ????? - ??????", "layer": 1, "bridge": "T", "tunnel": "F", "path": "C:\\Users\\asus\\Documents\\Downloads\\djibouti-260214-free.shp\\gis_osm_railways_free_1.shp" }, "geometry": { "type": "MultiLineString", "coordinates": [ [ [ 43.0814369, 11.5861566 ], [ 43.0797938, 11.5861529 ] ] ] } },
{ "type": "Feature", "properties": { "osm_id": "568553592", "code": "6101", "fclass": "rail", "name": "Chemin de fer d'Addis-Abeba - Djibouti / ??? ???? ???? ????? - ??????", "layer": 0, "bridge": "F", "tunnel": "F", "path": "C:\\Users\\asus\\Documents\\Downloads\\djibouti-260214-free.shp\\gis_osm_railways_free_1.shp" }, "geometry": { "type": "MultiLineString", "coordinates": [ [ [ 43.0797938, 11.5861529 ], [ 43.0794985, 11.5861548 ], [ 43.0791878, 11.5861768 ], [ 43.0789075, 11.5862122 ], [ 43.0786264, 11.5862783 ], [ 43.0783581, 11.5863654 ], [ 43.0779672, 11.5865338 ], [ 43.0757204, 11.587685 ] ] ] } },
{ "type": "Feature", "properties": { "osm_id": "591894306", "code": "6101", "fclass": "rail", "name": "Chemin de fer d'Addis-Abeba - Djibouti", "layer": 1, "bridge": "T", "tunnel": "F", "path": "C:\\Users\\asus\\Documents\\Downloads\\djibouti-260214-free.shp\\gis_osm_railways_free_1.shp" }, "geometry": { "type": "MultiLineString", "coordinates": [ [ [ 43.1300759, 11.5590985 ], [ 43.130179, 11.5589858 ] ] ] } },
{ "type": "Feature", "properties": { "osm_id": "591894307", "code": "6101", "fclass": "rail", "name": "Chemin de fer d'Addis-Abeba - Djibouti", "layer": 0, "bridge": "F", "tunnel": "F", "path": "C:\\Users\\asus\\Documents\\Downloads\\djibouti-260214-free.shp\\gis_osm_railways_free_1.shp" }, "geometry": { "type": "MultiLineString", "coordinates": [ [ [ 43.130179, 11.5589858 ], [ 43.130669, 11.5584527 ] ] ] } },
{ "type": "Feature", "properties": { "osm_id": "591894308", "code": "6101", "fclass": "rail", "name": "Chemin de fer d'Addis-Abeba - Djibouti", "layer": 1, "bridge": "T", "tunnel": "F", "path": "C:\\Users\\asus\\Documents\\Downloads\\djibouti-260214-free.shp\\gis_osm_railways_free_1.shp" }, "geometry": { "type": "MultiLineString", "coordinates": [ [ [ 43.130669, 11.5584527 ], [ 43.1307858, 11.558327 ] ] ] } },
{ "type": "Feature", "properties": { "osm_id": "591894309", "code": "6101", "fclass": "rail", "name": "Chemin de fer d'Addis-Abeba - Djibouti", "layer": 0, "bridge": "F", "tunnel": "F", "path": "C:\\Users\\asus\\Documents\\Downloads\\djibouti-260214-free.shp\\gis_osm_railways_free_1.shp" }, "geometry": { "type": "MultiLineString", "coordinates": [ [ [ 43.1307858, 11.558327 ], [ 43.1315751, 11.5574777 ] ] ] } },
{ "type": "Feature", "properties": { "osm_id": "591894310", "code": "6101", "fclass": "rail", "name": "Chemin de fer d'Addis-Abeba - Djibouti", "layer": 0, "bridge": "F", "tunnel": "F", "path": "C:\\Users\\asus\\Documents\\Downloads\\djibouti-260214-free.shp\\gis_osm_railways_free_1.shp" }, "geometry": { "type": "MultiLineString", "coordinates": [ [ [ 43.1317061, 11.5573422 ], [ 43.1332812, 11.5556083 ] ] ] } },
{ "type": "Feature", "properties": { "osm_id": "591894311", "code": "6101", "fclass": "rail", "name": "Chemin de fer d'Addis-Abeba - Djibouti", "layer": 1, "bridge": "T", "tunnel": "F", "path": "C:\\Users\\asus\\Documents\\Downloads\\djibouti-260214-free.shp\\gis_osm_railways_free_1.shp" }, "geometry": { "type": "MultiLineString", "coordinates": [ [ [ 43.1315751, 11.5574777 ], [ 43.1317061, 11.5573422 ] ] ] } },
{ "type": "Feature", "properties": { "osm_id": "591894312", "code": "6101", "fclass": "rail", "name": "Chemin de fer d'Addis-Abeba - Djibouti", "layer": 1, "bridge": "T", "tunnel": "F", "path": "C:\\Users\\asus\\Documents\\Downloads\\djibouti-260214-free.shp\\gis_osm_railways_free_1.shp" }, "geometry": { "type": "MultiLineString", "coordinates": [ [ [ 43.1332812, 11.5556083 ], [ 43.133411, 11.5554683 ] ] ] } },
{ "type": "Feature", "properties": { "osm_id": "591894313", "code": "6101", "fclass": "rail", "name": "Chemin de fer d'Addis-Abeba - Djibouti", "layer": 0, "bridge": "F", "tunnel": "F", "path": "C:\\Users\\asus\\Documents\\Downloads\\djibouti-260214-free.shp\\gis_osm_railways_free_1.shp" }, "geometry": { "type": "MultiLineString", "coordinates": [ [ [ 43.133411, 11.5554683 ], [ 43.13423, 11.5546071 ], [ 43.1345429, 11.5542991 ] ] ] } },
{ "type": "Feature", "properties": { "osm_id": "591894314", "code": "6101", "fclass": "rail", "name": "Chemin de fer d'Addis-Abeba - Djibouti", "layer": 1, "bridge": "T", "tunnel": "F", "path": "C:\\Users\\asus\\Documents\\Downloads\\djibouti-260214-free.shp\\gis_osm_railways_free_1.shp" }, "geometry": { "type": "MultiLineString", "coordinates": [ [ [ 43.1345429, 11.5542991 ], [ 43.1346602, 11.5541901 ] ] ] } },
{ "type": "Feature", "properties": { "osm_id": "591894315", "code": "6101", "fclass": "rail", "name": "Chemin de fer d'Addis-Abeba - Djibouti", "layer": 0, "bridge": "F", "tunnel": "F", "path": "C:\\Users\\asus\\Documents\\Downloads\\djibouti-260214-free.shp\\gis_osm_railways_free_1.shp" }, "geometry": { "type": "MultiLineString", "coordinates": [ [ [ 43.1346602, 11.5541901 ], [ 43.1349433, 11.5539623 ], [ 43.137432, 11.5519889 ], [ 43.1378727, 11.5516064 ], [ 43.1382168, 11.5512703 ] ] ] } },
{ "type": "Feature", "properties": { "osm_id": "591894316", "code": "6101", "fclass": "rail", "name": "??? ???? ???? ????? - ??????", "layer": 1, "bridge": "T", "tunnel": "F", "path": "C:\\Users\\asus\\Documents\\Downloads\\djibouti-260214-free.shp\\gis_osm_railways_free_1.shp" }, "geometry": { "type": "MultiLineString", "coordinates": [ [ [ 43.1382168, 11.5512703 ], [ 43.1383345, 11.5511432 ] ] ] } },
{ "type": "Feature", "properties": { "osm_id": "591894317", "code": "6101", "fclass": "rail", "name": "Chemin de fer d'Addis-Abeba - Djibouti", "layer": 0, "bridge": "F", "tunnel": "F", "path": "C:\\Users\\asus\\Documents\\Downloads\\djibouti-260214-free.shp\\gis_osm_railways_free_1.shp" }, "geometry": { "type": "MultiLineString", "coordinates": [ [ [ 43.1383345, 11.5511432 ], [ 43.1386741, 11.5507562 ], [ 43.138983, 11.550368 ], [ 43.1392777, 11.5499761 ] ] ] } },
{ "type": "Feature", "properties": { "osm_id": "591894318", "code": "6101", "fclass": "rail", "name": "??? ???? ???? ????? - ??????", "layer": 1, "bridge": "T", "tunnel": "F", "path": "C:\\Users\\asus\\Documents\\Downloads\\djibouti-260214-free.shp\\gis_osm_railways_free_1.shp" }, "geometry": { "type": "MultiLineString", "coordinates": [ [ [ 43.1406669, 11.5399368 ], [ 43.140648, 11.5398309 ] ] ] } },
{ "type": "Feature", "properties": { "osm_id": "591894319", "code": "6101", "fclass": "rail", "name": "Chemin de fer d'Addis-Abeba - Djibouti", "layer": 0, "bridge": "F", "tunnel": "F", "path": "C:\\Users\\asus\\Documents\\Downloads\\djibouti-260214-free.shp\\gis_osm_railways_free_1.shp" }, "geometry": { "type": "MultiLineString", "coordinates": [ [ [ 43.140648, 11.5398309 ], [ 43.1404698, 11.5388676 ], [ 43.1403452, 11.5383997 ], [ 43.1401596, 11.5378591 ], [ 43.1399519, 11.5373766 ], [ 43.1397444, 11.5369549 ] ] ] } },
{ "type": "Feature", "properties": { "osm_id": "591894320", "code": "6101", "fclass": "rail", "name": "Chemin de fer d'Addis-Abeba - Djibouti", "layer": 0, "bridge": "F", "tunnel": "F", "path": "C:\\Users\\asus\\Documents\\Downloads\\djibouti-260214-free.shp\\gis_osm_railways_free_1.shp" }, "geometry": { "type": "MultiLineString", "coordinates": [ [ [ 43.1411455, 11.54256 ], [ 43.1410798, 11.5420947 ], [ 43.1406669, 11.5399368 ] ] ] } },
{ "type": "Feature", "properties": { "osm_id": "591894321", "code": "6101", "fclass": "rail", "name": "??? ???? ???? ????? - ??????", "layer": 1, "bridge": "T", "tunnel": "F", "path": "C:\\Users\\asus\\Documents\\Downloads\\djibouti-260214-free.shp\\gis_osm_railways_free_1.shp" }, "geometry": { "type": "MultiLineString", "coordinates": [ [ [ 43.1411633, 11.5427165 ], [ 43.1411455, 11.54256 ] ] ] } },
{ "type": "Feature", "properties": { "osm_id": "591894322", "code": "6101", "fclass": "rail", "name": "Chemin de fer d'Addis-Abeba - Djibouti", "layer": 0, "bridge": "F", "tunnel": "F", "path": "C:\\Users\\asus\\Documents\\Downloads\\djibouti-260214-free.shp\\gis_osm_railways_free_1.shp" }, "geometry": { "type": "MultiLineString", "coordinates": [ [ [ 43.1396882, 11.5368591 ], [ 43.1394782, 11.5365148 ], [ 43.1392007, 11.5361097 ], [ 43.1388245, 11.535653 ], [ 43.1384658, 11.5352735 ], [ 43.1381141, 11.5349523 ], [ 43.1377295, 11.5346397 ], [ 43.1361319, 11.5334494 ], [ 43.13572, 11.5331331 ] ] ] } },
{ "type": "Feature", "properties": { "osm_id": "591894323", "code": "6101", "fclass": "rail", "name": "??? ???? ???? ????? - ??????", "layer": 1, "bridge": "T", "tunnel": "F", "path": "C:\\Users\\asus\\Documents\\Downloads\\djibouti-260214-free.shp\\gis_osm_railways_free_1.shp" }, "geometry": { "type": "MultiLineString", "coordinates": [ [ [ 43.1397444, 11.5369549 ], [ 43.1396882, 11.5368591 ] ] ] } },
{ "type": "Feature", "properties": { "osm_id": "591894324", "code": "6101", "fclass": "rail", "name": "??? ???? ???? ????? - ??????", "layer": 1, "bridge": "T", "tunnel": "F", "path": "C:\\Users\\asus\\Documents\\Downloads\\djibouti-260214-free.shp\\gis_osm_railways_free_1.shp" }, "geometry": { "type": "MultiLineString", "coordinates": [ [ [ 43.13572, 11.5331331 ], [ 43.1355758, 11.5330132 ] ] ] } },
{ "type": "Feature", "properties": { "osm_id": "595064935", "code": "6101", "fclass": "rail", "name": "Chemin de fer d'Addis-Abeba - Djibouti / ??? ???? ???? ????? - ??????", "layer": 1, "bridge": "F", "tunnel": "F", "path": "C:\\Users\\asus\\Documents\\Downloads\\djibouti-260214-free.shp\\gis_osm_railways_free_1.shp" }, "geometry": { "type": "MultiLineString", "coordinates": [ [ [ 43.0814369, 11.5861566 ], [ 43.0822743, 11.5861433 ], [ 43.0825576, 11.5861347 ], [ 43.0828327, 11.5861051 ], [ 43.0832961, 11.5860465 ], [ 43.0838494, 11.5859172 ], [ 43.0841504, 11.5858314 ], [ 43.0844481, 11.5857191 ], [ 43.0851019, 11.5854599 ], [ 43.0854867, 11.5852727 ], [ 43.0855753, 11.5852091 ] ] ] } },
{ "type": "Feature", "properties": { "osm_id": "627530300", "code": "6101", "fclass": "rail", "name": null, "layer": 0, "bridge": "F", "tunnel": "F", "path": "C:\\Users\\asus\\Documents\\Downloads\\djibouti-260214-free.shp\\gis_osm_railways_free_1.shp" }, "geometry": { "type": "MultiLineString", "coordinates": [ [ [ 43.11741, 11.5107559 ], [ 43.1226966, 11.5171163 ], [ 43.1232096, 11.5177621 ], [ 43.1234346, 11.5180455 ], [ 43.1237338, 11.5184215 ] ] ] } },
{ "type": "Feature", "properties": { "osm_id": "627530650", "code": "6101", "fclass": "rail", "name": null, "layer": 0, "bridge": "F", "tunnel": "F", "path": "C:\\Users\\asus\\Documents\\Downloads\\djibouti-260214-free.shp\\gis_osm_railways_free_1.shp" }, "geometry": { "type": "MultiLineString", "coordinates": [ [ [ 43.1243214, 11.5192895 ], [ 43.1245935, 11.5198527 ], [ 43.1247911, 11.5202565 ], [ 43.1250067, 11.5205903 ], [ 43.1252578, 11.5209083 ], [ 43.1294621, 11.5261691 ], [ 43.129729, 11.5264672 ], [ 43.1298986, 11.5266162 ], [ 43.1301047, 11.5267782 ] ] ] } },
{ "type": "Feature", "properties": { "osm_id": "629127570", "code": "6101", "fclass": "rail", "name": "Chemin de fer d'Addis-Abeba - Djibouti / ??? ???? ???? ????? - ??????", "layer": 0, "bridge": "F", "tunnel": "F", "path": "C:\\Users\\asus\\Documents\\Downloads\\djibouti-260214-free.shp\\gis_osm_railways_free_1.shp" }, "geometry": { "type": "MultiLineString", "coordinates": [ [ [ 43.1341939, 11.5314975 ], [ 43.1329057, 11.5298558 ], [ 43.130888, 11.5273238 ], [ 43.1279565, 11.5236514 ], [ 43.1250765, 11.5200032 ], [ 43.1245145, 11.5193053 ], [ 43.1242172, 11.5189406 ], [ 43.1235413, 11.5180875 ], [ 43.1233576, 11.5178497 ], [ 43.1164381, 11.5091944 ] ] ] } },
{ "type": "Feature", "properties": { "osm_id": "629127571", "code": "6101", "fclass": "rail", "name": "Chemin de fer d'Addis-Abeba - Djibouti / ??? ???? ???? ????? - ??????", "layer": 0, "bridge": "F", "tunnel": "F", "path": "C:\\Users\\asus\\Documents\\Downloads\\djibouti-260214-free.shp\\gis_osm_railways_free_1.shp" }, "geometry": { "type": "MultiLineString", "coordinates": [ [ [ 43.095233, 11.5780861 ], [ 43.0958059, 11.577882 ], [ 43.0964173, 11.5777191 ], [ 43.0968565, 11.5776443 ], [ 43.0975102, 11.5775574 ], [ 43.100312, 11.5771911 ], [ 43.1005426, 11.5771621 ], [ 43.1007423, 11.5771353 ], [ 43.1008963, 11.5771145 ], [ 43.1105219, 11.5758077 ], [ 43.1111111, 11.5757282 ], [ 43.1114027, 11.5756889 ], [ 43.113591, 11.5753935 ], [ 43.1141979, 11.5752744 ], [ 43.1146842, 11.5751301 ], [ 43.1151384, 11.574932 ], [ 43.1155801, 11.5746895 ], [ 43.1159244, 11.5744443 ], [ 43.1163061, 11.5741014 ], [ 43.1167233, 11.573677 ], [ 43.1170244, 11.573349 ], [ 43.1174137, 11.5729248 ], [ 43.1223912, 11.5675016 ] ] ] } },
{ "type": "Feature", "properties": { "osm_id": "629127572", "code": "6101", "fclass": "rail", "name": "Chemin de fer d'Addis-Abeba - Djibouti ??? ???? ???? ????? - ??????", "layer": 1, "bridge": "F", "tunnel": "F", "path": "C:\\Users\\asus\\Documents\\Downloads\\djibouti-260214-free.shp\\gis_osm_railways_free_1.shp" }, "geometry": { "type": "MultiLineString", "coordinates": [ [ [ 43.1164381, 11.5091944 ], [ 43.1154252, 11.5079436 ], [ 43.1148226, 11.507245 ], [ 43.1139797, 11.506465 ], [ 43.1127992, 11.5057244 ], [ 43.1117049, 11.5052732 ], [ 43.0968339, 11.4997976 ], [ 43.0959883, 11.4994368 ], [ 43.0955409, 11.499218 ], [ 43.0949978, 11.4988868 ], [ 43.094568, 11.4985673 ], [ 43.0941951, 11.4982618 ], [ 43.0938312, 11.4979055 ], [ 43.0934388, 11.4974699 ], [ 43.0930867, 11.4970078 ], [ 43.0928702, 11.4966815 ], [ 43.0925619, 11.4961268 ], [ 43.0923491, 11.4956675 ], [ 43.092109, 11.4950231 ], [ 43.0919722, 11.4945687 ], [ 43.0918558, 11.4939149 ], [ 43.0918041, 11.4933449 ], [ 43.0917868, 11.4929023 ], [ 43.091805, 11.4924667 ], [ 43.0918457, 11.4920489 ], [ 43.0919363, 11.4915148 ], [ 43.0921617, 11.4906583 ], [ 43.0925581, 11.4896278 ], [ 43.0929813, 11.4886154 ], [ 43.0932586, 11.4879474 ], [ 43.0934468, 11.4873858 ], [ 43.0936476, 11.4866662 ], [ 43.0937488, 11.4860165 ], [ 43.0937932, 11.4854598 ], [ 43.0937911, 11.4848742 ], [ 43.0937687, 11.4844919 ], [ 43.0936976, 11.483966 ], [ 43.0935985, 11.483492 ], [ 43.0934503, 11.4829315 ], [ 43.0931153, 11.4820192 ], [ 43.092342, 11.4801719 ], [ 43.0920503, 11.4792915 ], [ 43.0918669, 11.4786472 ], [ 43.0917264, 11.4779968 ], [ 43.0916432, 11.4770464 ], [ 43.091637, 11.476515 ], [ 43.0916526, 11.475946 ] ] ] } },
{ "type": "Feature", "properties": { "osm_id": "629178627", "code": "6101", "fclass": "rail", "name": "Chemin de fer d'Addis-Abeba - Djibouti / ??? ???? ???? ????? - ??????", "layer": 1, "bridge": "F", "tunnel": "F", "path": "C:\\Users\\asus\\Documents\\Downloads\\djibouti-260214-free.shp\\gis_osm_railways_free_1.shp" }, "geometry": { "type": "MultiLineString", "coordinates": [ [ [ 43.0860159, 11.5849612 ], [ 43.0862888, 11.5847758 ], [ 43.0867439, 11.5844269 ], [ 43.0934096, 11.5791303 ], [ 43.0937373, 11.5788912 ], [ 43.0940323, 11.5786957 ] ] ] } },
{ "type": "Feature", "properties": { "osm_id": "629178632", "code": "6101", "fclass": "rail", "name": "Chemin de fer d'Addis-Abeba - Djibouti", "layer": 1, "bridge": "T", "tunnel": "F", "path": "C:\\Users\\asus\\Documents\\Downloads\\djibouti-260214-free.shp\\gis_osm_railways_free_1.shp" }, "geometry": { "type": "MultiLineString", "coordinates": [ [ [ 43.0855753, 11.5852091 ], [ 43.0860159, 11.5849612 ] ] ] } },
{ "type": "Feature", "properties": { "osm_id": "629193593", "code": "6101", "fclass": "rail", "name": null, "layer": 0, "bridge": "F", "tunnel": "F", "path": "C:\\Users\\asus\\Documents\\Downloads\\djibouti-260214-free.shp\\gis_osm_railways_free_1.shp" }, "geometry": { "type": "MultiLineString", "coordinates": [ [ [ 43.1249736, 11.5199659 ], [ 43.125188, 11.5203177 ], [ 43.1307353, 11.5272861 ], [ 43.1310527, 11.5276062 ] ] ] } },
{ "type": "Feature", "properties": { "osm_id": "629193594", "code": "6101", "fclass": "rail", "name": null, "layer": 0, "bridge": "F", "tunnel": "F", "path": "C:\\Users\\asus\\Documents\\Downloads\\djibouti-260214-free.shp\\gis_osm_railways_free_1.shp" }, "geometry": { "type": "MultiLineString", "coordinates": [ [ [ 43.132671, 11.5297409 ], [ 43.1323342, 11.5292438 ] ] ] } },
{ "type": "Feature", "properties": { "osm_id": "629193595", "code": "6101", "fclass": "rail", "name": null, "layer": 0, "bridge": "F", "tunnel": "F", "path": "C:\\Users\\asus\\Documents\\Downloads\\djibouti-260214-free.shp\\gis_osm_railways_free_1.shp" }, "geometry": { "type": "MultiLineString", "coordinates": [ [ [ 43.12392, 11.5186513 ], [ 43.1241167, 11.5189646 ], [ 43.1243214, 11.5192895 ], [ 43.124549, 11.5196634 ], [ 43.1248007, 11.520072 ], [ 43.125083, 11.5205143 ], [ 43.1252776, 11.520774 ], [ 43.1295679, 11.5261651 ], [ 43.1299155, 11.5265781 ], [ 43.1301047, 11.5267782 ], [ 43.1303791, 11.5270627 ], [ 43.1310008, 11.5276783 ], [ 43.1312075, 11.5279119 ], [ 43.1317252, 11.5285533 ], [ 43.1320935, 11.5289313 ] ] ] } },
{ "type": "Feature", "properties": { "osm_id": "629193596", "code": "6101", "fclass": "rail", "name": null, "layer": 0, "bridge": "F", "tunnel": "F", "path": "C:\\Users\\asus\\Documents\\Downloads\\djibouti-260214-free.shp\\gis_osm_railways_free_1.shp" }, "geometry": { "type": "MultiLineString", "coordinates": [ [ [ 43.125188, 11.5203177 ], [ 43.1254908, 11.52078 ], [ 43.1303643, 11.5269066 ], [ 43.1307353, 11.5272861 ] ] ] } },
{ "type": "Feature", "properties": { "osm_id": "629193597", "code": "6101", "fclass": "rail", "name": null, "layer": 0, "bridge": "F", "tunnel": "F", "path": "C:\\Users\\asus\\Documents\\Downloads\\djibouti-260214-free.shp\\gis_osm_railways_free_1.shp" }, "geometry": { "type": "MultiLineString", "coordinates": [ [ [ 43.1245145, 11.5193053 ], [ 43.1243254, 11.5191176 ], [ 43.124179, 11.5189709 ] ] ] } },
{ "type": "Feature", "properties": { "osm_id": "629193599", "code": "6101", "fclass": "rail", "name": null, "layer": 0, "bridge": "F", "tunnel": "F", "path": "C:\\Users\\asus\\Documents\\Downloads\\djibouti-260214-free.shp\\gis_osm_railways_free_1.shp" }, "geometry": { "type": "MultiLineString", "coordinates": [ [ [ 43.1242172, 11.5189406 ], [ 43.1243254, 11.5191176 ], [ 43.1244708, 11.5193367 ], [ 43.1247065, 11.5196386 ], [ 43.1249736, 11.5199659 ], [ 43.1310527, 11.5276062 ], [ 43.1320935, 11.5289313 ], [ 43.1323342, 11.5292438 ], [ 43.1325626, 11.5295203 ], [ 43.1329057, 11.5298558 ] ] ] } },
{ "type": "Feature", "properties": { "osm_id": "629193600", "code": "6101", "fclass": "rail", "name": null, "layer": 0, "bridge": "F", "tunnel": "F", "path": "C:\\Users\\asus\\Documents\\Downloads\\djibouti-260214-free.shp\\gis_osm_railways_free_1.shp" }, "geometry": { "type": "MultiLineString", "coordinates": [ [ [ 43.1241167, 11.5189646 ], [ 43.1242576, 11.5192781 ], [ 43.1245934, 11.519997 ], [ 43.1247659, 11.5203271 ], [ 43.1249941, 11.5206562 ], [ 43.1252516, 11.5209742 ], [ 43.1293876, 11.5261561 ], [ 43.1297093, 11.5265025 ], [ 43.1299096, 11.5266821 ], [ 43.1303791, 11.5270627 ] ] ] } },
{ "type": "Feature", "properties": { "osm_id": "629193601", "code": "6101", "fclass": "rail", "name": null, "layer": 0, "bridge": "F", "tunnel": "F", "path": "C:\\Users\\asus\\Documents\\Downloads\\djibouti-260214-free.shp\\gis_osm_railways_free_1.shp" }, "geometry": { "type": "MultiLineString", "coordinates": [ [ [ 43.124549, 11.5196634 ], [ 43.1247999, 11.52016 ], [ 43.1250125, 11.5205005 ], [ 43.1252513, 11.5208118 ], [ 43.1292667, 11.5258601 ], [ 43.1296286, 11.5262941 ], [ 43.1297341, 11.5264136 ], [ 43.1299155, 11.5265781 ] ] ] } },
{ "type": "Feature", "properties": { "osm_id": "629193602", "code": "6101", "fclass": "rail", "name": null, "layer": 0, "bridge": "F", "tunnel": "F", "path": "C:\\Users\\asus\\Documents\\Downloads\\djibouti-260214-free.shp\\gis_osm_railways_free_1.shp" }, "geometry": { "type": "MultiLineString", "coordinates": [ [ [ 43.1250765, 11.5200032 ], [ 43.1254747, 11.5204271 ], [ 43.1305129, 11.5267669 ], [ 43.130888, 11.5273238 ] ] ] } },
{ "type": "Feature", "properties": { "osm_id": "629328950", "code": "6101", "fclass": "rail", "name": null, "layer": 0, "bridge": "F", "tunnel": "F", "path": "C:\\Users\\asus\\Documents\\Downloads\\djibouti-260214-free.shp\\gis_osm_railways_free_1.shp" }, "geometry": { "type": "MultiLineString", "coordinates": [ [ [ 42.7407006, 11.1532446 ], [ 42.7415061, 11.1539411 ], [ 42.7418124, 11.1542992 ], [ 42.7423789, 11.1548883 ], [ 42.7428417, 11.1553012 ] ] ] } },
{ "type": "Feature", "properties": { "osm_id": "629328951", "code": "6101", "fclass": "rail", "name": "Chemin de fer d'Addis-Abeba - Djibouti", "layer": 1, "bridge": "T", "tunnel": "F", "path": "C:\\Users\\asus\\Documents\\Downloads\\djibouti-260214-free.shp\\gis_osm_railways_free_1.shp" }, "geometry": { "type": "MultiLineString", "coordinates": [ [ [ 42.8345549, 11.2407891 ], [ 42.8356064, 11.2416035 ] ] ] } },
{ "type": "Feature", "properties": { "osm_id": "629328952", "code": "6101", "fclass": "rail", "name": "Chemin de fer d'Addis-Abeba - Djibouti", "layer": 0, "bridge": "F", "tunnel": "F", "path": "C:\\Users\\asus\\Documents\\Downloads\\djibouti-260214-free.shp\\gis_osm_railways_free_1.shp" }, "geometry": { "type": "MultiLineString", "coordinates": [ [ [ 42.8356064, 11.2416035 ], [ 42.8375291, 11.2431623 ], [ 42.8382394, 11.243804 ], [ 42.8388939, 11.2444895 ], [ 42.8398161, 11.2455626 ], [ 42.8421852, 11.2488071 ], [ 42.8444087, 11.2520412 ], [ 42.8450976, 11.2528673 ] ] ] } },
{ "type": "Feature", "properties": { "osm_id": "725224285", "code": "6101", "fclass": "rail", "name": "Chemin de fer d'Addis-Abeba - Djibouti / ??? ???? ???? ????? - ??????", "layer": 0, "bridge": "F", "tunnel": "F", "path": "C:\\Users\\asus\\Documents\\Downloads\\djibouti-260214-free.shp\\gis_osm_railways_free_1.shp" }, "geometry": { "type": "MultiLineString", "coordinates": [ [ [ 43.0732723, 11.5886662 ], [ 43.0685007, 11.5886575 ] ] ] } },
{ "type": "Feature", "properties": { "osm_id": "725224286", "code": "6101", "fclass": "rail", "name": "Chemin de fer d'Addis-Abeba - Djibouti / ??? ???? ???? ????? - ??????", "layer": 0, "bridge": "F", "tunnel": "F", "path": "C:\\Users\\asus\\Documents\\Downloads\\djibouti-260214-free.shp\\gis_osm_railways_free_1.shp" }, "geometry": { "type": "MultiLineString", "coordinates": [ [ [ 43.0683017, 11.5883071 ], [ 43.0693795, 11.5883108 ], [ 43.0730462, 11.5883234 ], [ 43.073627, 11.5882947 ], [ 43.0736885, 11.5882979 ], [ 43.0739062, 11.5882999 ] ] ] } },
{ "type": "Feature", "properties": { "osm_id": "725224287", "code": "6101", "fclass": "rail", "name": "Chemin de fer d'Addis-Abeba - Djibouti / ??? ???? ???? ????? - ??????", "layer": 0, "bridge": "F", "tunnel": "F", "path": "C:\\Users\\asus\\Documents\\Downloads\\djibouti-260214-free.shp\\gis_osm_railways_free_1.shp" }, "geometry": { "type": "MultiLineString", "coordinates": [ [ [ 43.0757204, 11.587685 ], [ 43.0754515, 11.5877915 ], [ 43.0752696, 11.5878402 ], [ 43.0750306, 11.5878819 ], [ 43.074817, 11.5879046 ], [ 43.0739739, 11.5879052 ] ] ] } },
{ "type": "Feature", "properties": { "osm_id": "725224288", "code": "6101", "fclass": "rail", "name": "Chemin de fer d'Addis-Abeba - Djibouti / ??? ???? ???? ????? - ??????", "layer": 0, "bridge": "F", "tunnel": "F", "path": "C:\\Users\\asus\\Documents\\Downloads\\djibouti-260214-free.shp\\gis_osm_railways_free_1.shp" }, "geometry": { "type": "MultiLineString", "coordinates": [ [ [ 43.0757204, 11.587685 ], [ 43.075007, 11.5880639 ], [ 43.0743026, 11.5884189 ] ] ] } },
{ "type": "Feature", "properties": { "osm_id": "725224289", "code": "6101", "fclass": "rail", "name": "Chemin de fer d'Addis-Abeba - Djibouti / ??? ???? ???? ????? - ??????", "layer": 1, "bridge": "T", "tunnel": "F", "path": "C:\\Users\\asus\\Documents\\Downloads\\djibouti-260214-free.shp\\gis_osm_railways_free_1.shp" }, "geometry": { "type": "MultiLineString", "coordinates": [ [ [ 43.0743026, 11.5884189 ], [ 43.0740829, 11.5885121 ] ] ] } },
{ "type": "Feature", "properties": { "osm_id": "725224290", "code": "6101", "fclass": "rail", "name": "Chemin de fer d'Addis-Abeba - Djibouti / ??? ???? ???? ????? - ??????", "layer": 0, "bridge": "F", "tunnel": "F", "path": "C:\\Users\\asus\\Documents\\Downloads\\djibouti-260214-free.shp\\gis_osm_railways_free_1.shp" }, "geometry": { "type": "MultiLineString", "coordinates": [ [ [ 43.0740829, 11.5885121 ], [ 43.0736916, 11.5886204 ], [ 43.0736836, 11.5886229 ], [ 43.0735402, 11.5886375 ], [ 43.0732723, 11.5886662 ] ] ] } },
{ "type": "Feature", "properties": { "osm_id": "725224291", "code": "6101", "fclass": "rail", "name": "Chemin de fer d'Addis-Abeba - Djibouti / ??? ???? ???? ????? - ??????", "layer": 0, "bridge": "F", "tunnel": "F", "path": "C:\\Users\\asus\\Documents\\Downloads\\djibouti-260214-free.shp\\gis_osm_railways_free_1.shp" }, "geometry": { "type": "MultiLineString", "coordinates": [ [ [ 43.075007, 11.5880639 ], [ 43.0747694, 11.5881476 ], [ 43.0745669, 11.5882074 ], [ 43.0741849, 11.5882827 ] ] ] } },
{ "type": "Feature", "properties": { "osm_id": "725224292", "code": "6101", "fclass": "rail", "name": "Chemin de fer d'Addis-Abeba - Djibouti / ??? ???? ???? ????? - ??????", "layer": 1, "bridge": "T", "tunnel": "F", "path": "C:\\Users\\asus\\Documents\\Downloads\\djibouti-260214-free.shp\\gis_osm_railways_free_1.shp" }, "geometry": { "type": "MultiLineString", "coordinates": [ [ [ 43.0739062, 11.5882999 ], [ 43.0740459, 11.5882954 ], [ 43.0741849, 11.5882827 ] ] ] } },
{ "type": "Feature", "properties": { "osm_id": "725224293", "code": "6101", "fclass": "rail", "name": "Chemin de fer d'Addis-Abeba - Djibouti / ??? ???? ???? ????? - ??????", "layer": 1, "bridge": "T", "tunnel": "F", "path": "C:\\Users\\asus\\Documents\\Downloads\\djibouti-260214-free.shp\\gis_osm_railways_free_1.shp" }, "geometry": { "type": "MultiLineString", "coordinates": [ [ [ 43.0739739, 11.5879052 ], [ 43.073759, 11.5879057 ] ] ] } },
{ "type": "Feature", "properties": { "osm_id": "725224294", "code": "6101", "fclass": "rail", "name": "Chemin de fer d'Addis-Abeba - Djibouti / ??? ???? ???? ????? - ??????", "layer": 0, "bridge": "F", "tunnel": "F", "path": "C:\\Users\\asus\\Documents\\Downloads\\djibouti-260214-free.shp\\gis_osm_railways_free_1.shp" }, "geometry": { "type": "MultiLineString", "coordinates": [ [ [ 43.073759, 11.5879057 ], [ 43.0732405, 11.5879015 ], [ 43.0686154, 11.5878636 ] ] ] } },
{ "type": "Feature", "properties": { "osm_id": "734998358", "code": "6101", "fclass": "rail", "name": "Chemin de fer d'Addis-Abeba - Djibouti", "layer": 0, "bridge": "F", "tunnel": "F", "path": "C:\\Users\\asus\\Documents\\Downloads\\djibouti-260214-free.shp\\gis_osm_railways_free_1.shp" }, "geometry": { "type": "MultiLineString", "coordinates": [ [ [ 42.8970149, 11.2712592 ], [ 42.8995611, 11.2712108 ], [ 42.9003373, 11.2711957 ], [ 42.9010816, 11.2711344 ], [ 42.9014932, 11.2710609 ], [ 42.9018437, 11.2709828 ], [ 42.9024407, 11.2707919 ] ] ] } },
{ "type": "Feature", "properties": { "osm_id": "734998359", "code": "6101", "fclass": "rail", "name": "Chemin de fer d'Addis-Abeba - Djibouti", "layer": 1, "bridge": "T", "tunnel": "F", "path": "C:\\Users\\asus\\Documents\\Downloads\\djibouti-260214-free.shp\\gis_osm_railways_free_1.shp" }, "geometry": { "type": "MultiLineString", "coordinates": [ [ [ 42.8951032, 11.2713024 ], [ 42.8970149, 11.2712592 ] ] ] } },
{ "type": "Feature", "properties": { "osm_id": "734998360", "code": "6101", "fclass": "rail", "name": "Chemin de fer d'Addis-Abeba - Djibouti", "layer": 0, "bridge": "F", "tunnel": "F", "path": "C:\\Users\\asus\\Documents\\Downloads\\djibouti-260214-free.shp\\gis_osm_railways_free_1.shp" }, "geometry": { "type": "MultiLineString", "coordinates": [ [ [ 42.8939316, 11.2712844 ], [ 42.8951032, 11.2713024 ] ] ] } },
{ "type": "Feature", "properties": { "osm_id": "734998361", "code": "6101", "fclass": "rail", "name": "Chemin de fer d'Addis-Abeba - Djibouti", "layer": 1, "bridge": "T", "tunnel": "F", "path": "C:\\Users\\asus\\Documents\\Downloads\\djibouti-260214-free.shp\\gis_osm_railways_free_1.shp" }, "geometry": { "type": "MultiLineString", "coordinates": [ [ [ 42.8918984, 11.2710859 ], [ 42.8925178, 11.2711581 ], [ 42.8930473, 11.2712215 ], [ 42.8939316, 11.2712844 ] ] ] } },
{ "type": "Feature", "properties": { "osm_id": "734998377", "code": "6101", "fclass": "rail", "name": "Chemin de fer d'Addis-Abeba - Djibouti", "layer": 1, "bridge": "T", "tunnel": "F", "path": "C:\\Users\\asus\\Documents\\Downloads\\djibouti-260214-free.shp\\gis_osm_railways_free_1.shp" }, "geometry": { "type": "MultiLineString", "coordinates": [ [ [ 42.8120718, 11.2232308 ], [ 42.8131187, 11.2240776 ] ] ] } },
{ "type": "Feature", "properties": { "osm_id": "734998378", "code": "6101", "fclass": "rail", "name": "Chemin de fer d'Addis-Abeba - Djibouti", "layer": 0, "bridge": "F", "tunnel": "F", "path": "C:\\Users\\asus\\Documents\\Downloads\\djibouti-260214-free.shp\\gis_osm_railways_free_1.shp" }, "geometry": { "type": "MultiLineString", "coordinates": [ [ [ 42.8131187, 11.2240776 ], [ 42.8345549, 11.2407891 ] ] ] } },
{ "type": "Feature", "properties": { "osm_id": "756196736", "code": "6101", "fclass": "rail", "name": null, "layer": 0, "bridge": "F", "tunnel": "F", "path": "C:\\Users\\asus\\Documents\\Downloads\\djibouti-260214-free.shp\\gis_osm_railways_free_1.shp" }, "geometry": { "type": "MultiLineString", "coordinates": [ [ [ 43.1105219, 11.5758077 ], [ 43.1098963, 11.5758485 ], [ 43.1058739, 11.576395 ], [ 43.1015321, 11.5769717 ], [ 43.1013296, 11.577012 ], [ 43.1008963, 11.5771145 ] ] ] } },
{ "type": "Feature", "properties": { "osm_id": "756547657", "code": "6101", "fclass": "rail", "name": "Chemin de fer d'Addis-Abeba - Djibouti", "layer": 1, "bridge": "T", "tunnel": "F", "path": "C:\\Users\\asus\\Documents\\Downloads\\djibouti-260214-free.shp\\gis_osm_railways_free_1.shp" }, "geometry": { "type": "MultiLineString", "coordinates": [ [ [ 43.1392777, 11.5499761 ], [ 43.1394131, 11.5497711 ] ] ] } },
{ "type": "Feature", "properties": { "osm_id": "756547658", "code": "6101", "fclass": "rail", "name": "Chemin de fer d'Addis-Abeba - Djibouti", "layer": 0, "bridge": "F", "tunnel": "F", "path": "C:\\Users\\asus\\Documents\\Downloads\\djibouti-260214-free.shp\\gis_osm_railways_free_1.shp" }, "geometry": { "type": "MultiLineString", "coordinates": [ [ [ 43.1394131, 11.5497711 ], [ 43.1396364, 11.5494328 ], [ 43.1398945, 11.5489664 ] ] ] } },
{ "type": "Feature", "properties": { "osm_id": "759272621", "code": "6101", "fclass": "rail", "name": null, "layer": 0, "bridge": "F", "tunnel": "F", "path": "C:\\Users\\asus\\Documents\\Downloads\\djibouti-260214-free.shp\\gis_osm_railways_free_1.shp" }, "geometry": { "type": "MultiLineString", "coordinates": [ [ [ 43.1317252, 11.5285533 ], [ 43.1321271, 11.529058 ], [ 43.132671, 11.5297409 ], [ 43.1340896, 11.5315316 ] ] ] } },
{ "type": "Feature", "properties": { "osm_id": "762119024", "code": "6101", "fclass": "rail", "name": null, "layer": 0, "bridge": "F", "tunnel": "F", "path": "C:\\Users\\asus\\Documents\\Downloads\\djibouti-260214-free.shp\\gis_osm_railways_free_1.shp" }, "geometry": { "type": "MultiLineString", "coordinates": [ [ [ 43.1088939, 11.5771025 ], [ 43.1093216, 11.5770434 ], [ 43.1099473, 11.5769547 ], [ 43.1106707, 11.5768122 ], [ 43.1115907, 11.5765179 ], [ 43.1132215, 11.5759057 ], [ 43.1144392, 11.5754485 ], [ 43.1146941, 11.5753512 ], [ 43.1149569, 11.5752514 ], [ 43.1152654, 11.5751358 ], [ 43.1155202, 11.5750123 ], [ 43.1157482, 11.5748677 ], [ 43.115952, 11.5747048 ], [ 43.1164134, 11.5742056 ], [ 43.1170244, 11.573349 ] ] ] } },
{ "type": "Feature", "properties": { "osm_id": "786961368", "code": "6101", "fclass": "rail", "name": null, "layer": 0, "bridge": "F", "tunnel": "F", "path": "C:\\Users\\asus\\Documents\\Downloads\\djibouti-260214-free.shp\\gis_osm_railways_free_1.shp" }, "geometry": { "type": "MultiLineString", "coordinates": [ [ [ 43.0979597, 11.5784899 ], [ 43.0986866, 11.5783848 ], [ 43.0989724, 11.578365 ], [ 43.099444, 11.57835 ], [ 43.1077072, 11.5772962 ], [ 43.1082637, 11.5771816 ], [ 43.1084529, 11.5771593 ], [ 43.1087078, 11.5771272 ], [ 43.1088939, 11.5771025 ] ] ] } },
{ "type": "Feature", "properties": { "osm_id": "786961369", "code": "6101", "fclass": "rail", "name": null, "layer": 0, "bridge": "F", "tunnel": "F", "path": "C:\\Users\\asus\\Documents\\Downloads\\djibouti-260214-free.shp\\gis_osm_railways_free_1.shp" }, "geometry": { "type": "MultiLineString", "coordinates": [ [ [ 43.1098091, 11.576872 ], [ 43.1088939, 11.5771025 ] ] ] } },
{ "type": "Feature", "properties": { "osm_id": "786961383", "code": "6101", "fclass": "rail", "name": null, "layer": 0, "bridge": "F", "tunnel": "F", "path": "C:\\Users\\asus\\Documents\\Downloads\\djibouti-260214-free.shp\\gis_osm_railways_free_1.shp" }, "geometry": { "type": "MultiLineString", "coordinates": [ [ [ 43.1082637, 11.5771816 ], [ 43.0989724, 11.578365 ] ] ] } },
{ "type": "Feature", "properties": { "osm_id": "786961384", "code": "6101", "fclass": "rail", "name": null, "layer": 0, "bridge": "F", "tunnel": "F", "path": "C:\\Users\\asus\\Documents\\Downloads\\djibouti-260214-free.shp\\gis_osm_railways_free_1.shp" }, "geometry": { "type": "MultiLineString", "coordinates": [ [ [ 43.1084529, 11.5771593 ], [ 43.1079016, 11.5771795 ], [ 43.0993912, 11.57827 ], [ 43.0986866, 11.5783848 ] ] ] } },
{ "type": "Feature", "properties": { "osm_id": "786966962", "code": "6101", "fclass": "rail", "name": null, "layer": 0, "bridge": "F", "tunnel": "F", "path": "C:\\Users\\asus\\Documents\\Downloads\\djibouti-260214-free.shp\\gis_osm_railways_free_1.shp" }, "geometry": { "type": "MultiLineString", "coordinates": [ [ [ 43.073158, 11.5882767 ], [ 43.0729354, 11.5882534 ], [ 43.0727135, 11.588237 ], [ 43.0690607, 11.5882184 ], [ 43.0683039, 11.5882146 ] ] ] } },
{ "type": "Feature", "properties": { "osm_id": "786966963", "code": "6101", "fclass": "rail", "name": null, "layer": 0, "bridge": "F", "tunnel": "F", "path": "C:\\Users\\asus\\Documents\\Downloads\\djibouti-260214-free.shp\\gis_osm_railways_free_1.shp" }, "geometry": { "type": "MultiLineString", "coordinates": [ [ [ 43.073627, 11.5882947 ], [ 43.073158, 11.5882767 ], [ 43.0693834, 11.5882653 ], [ 43.0690554, 11.5882643 ], [ 43.0683066, 11.588262 ] ] ] } },
{ "type": "Feature", "properties": { "osm_id": "805132076", "code": "6101", "fclass": "rail", "name": "Chemin de fer d'Addis-Abeba - Djibouti ??? ???? ???? ????? - ??????", "layer": 0, "bridge": "F", "tunnel": "F", "path": "C:\\Users\\asus\\Documents\\Downloads\\djibouti-260214-free.shp\\gis_osm_railways_free_1.shp" }, "geometry": { "type": "MultiLineString", "coordinates": [ [ [ 42.7003253, 11.1247328 ], [ 42.7008518, 11.1248523 ], [ 42.7015482, 11.1250729 ], [ 42.7020569, 11.1252707 ], [ 42.7027215, 11.1255535 ], [ 42.7033913, 11.1258513 ], [ 42.7038332, 11.1261011 ], [ 42.7045176, 11.126493 ], [ 42.7053525, 11.1270096 ], [ 42.7199356, 11.1366342 ] ] ] } },
{ "type": "Feature", "properties": { "osm_id": "805132078", "code": "6101", "fclass": "rail", "name": "Chemin de fer d'Addis-Abeba - Djibouti ??? ???? ???? ????? - ??????", "layer": 0, "bridge": "F", "tunnel": "F", "path": "C:\\Users\\asus\\Documents\\Downloads\\djibouti-260214-free.shp\\gis_osm_railways_free_1.shp" }, "geometry": { "type": "MultiLineString", "coordinates": [ [ [ 42.7255825, 11.1403282 ], [ 42.7261494, 11.1406874 ], [ 42.7266721, 11.1410313 ], [ 42.7271792, 11.1414293 ], [ 42.7275655, 11.1417373 ], [ 42.7279488, 11.1420663 ] ] ] } },
{ "type": "Feature", "properties": { "osm_id": "805132079", "code": "6101", "fclass": "rail", "name": "Chemin de fer d'Addis-Abeba - Djibouti ??? ???? ???? ????? - ??????", "layer": 1, "bridge": "T", "tunnel": "F", "path": "C:\\Users\\asus\\Documents\\Downloads\\djibouti-260214-free.shp\\gis_osm_railways_free_1.shp" }, "geometry": { "type": "MultiLineString", "coordinates": [ [ [ 42.7199356, 11.1366342 ], [ 42.7199832, 11.1366636 ] ] ] } },
{ "type": "Feature", "properties": { "osm_id": "807477012", "code": "6101", "fclass": "rail", "name": "Chemin de fer d'Addis-Abeba - Djibouti ??? ???? ???? ????? - ??????", "layer": 0, "bridge": "F", "tunnel": "F", "path": "C:\\Users\\asus\\Documents\\Downloads\\djibouti-260214-free.shp\\gis_osm_railways_free_1.shp" }, "geometry": { "type": "MultiLineString", "coordinates": [ [ [ 42.7280776, 11.1421766 ], [ 42.7284947, 11.1425427 ], [ 42.7309514, 11.1446779 ], [ 42.7311055, 11.1448132 ], [ 42.7316968, 11.1453355 ] ] ] } },
{ "type": "Feature", "properties": { "osm_id": "807477013", "code": "6101", "fclass": "rail", "name": "Chemin de fer d'Addis-Abeba - Djibouti ??? ???? ???? ????? - ??????", "layer": 1, "bridge": "T", "tunnel": "F", "path": "C:\\Users\\asus\\Documents\\Downloads\\djibouti-260214-free.shp\\gis_osm_railways_free_1.shp" }, "geometry": { "type": "MultiLineString", "coordinates": [ [ [ 42.7279488, 11.1420663 ], [ 42.7280776, 11.1421766 ] ] ] } },
{ "type": "Feature", "properties": { "osm_id": "807723148", "code": "6101", "fclass": "rail", "name": "Chemin de fer d'Addis-Abeba - Djibouti", "layer": 0, "bridge": "F", "tunnel": "F", "path": "C:\\Users\\asus\\Documents\\Downloads\\djibouti-260214-free.shp\\gis_osm_railways_free_1.shp" }, "geometry": { "type": "MultiLineString", "coordinates": [ [ [ 42.845168, 11.2529446 ], [ 42.8454183, 11.2532246 ], [ 42.8460442, 11.2538221 ], [ 42.8465317, 11.2542343 ] ] ] } },
{ "type": "Feature", "properties": { "osm_id": "807723149", "code": "6101", "fclass": "rail", "name": "Chemin de fer d'Addis-Abeba - Djibouti", "layer": 1, "bridge": "T", "tunnel": "F", "path": "C:\\Users\\asus\\Documents\\Downloads\\djibouti-260214-free.shp\\gis_osm_railways_free_1.shp" }, "geometry": { "type": "MultiLineString", "coordinates": [ [ [ 42.8450976, 11.2528673 ], [ 42.845168, 11.2529446 ] ] ] } },
{ "type": "Feature", "properties": { "osm_id": "807723150", "code": "6101", "fclass": "rail", "name": "Chemin de fer d'Addis-Abeba - Djibouti", "layer": 0, "bridge": "F", "tunnel": "F", "path": "C:\\Users\\asus\\Documents\\Downloads\\djibouti-260214-free.shp\\gis_osm_railways_free_1.shp" }, "geometry": { "type": "MultiLineString", "coordinates": [ [ [ 42.846603, 11.2542838 ], [ 42.8468622, 11.2544857 ], [ 42.8471561, 11.2546934 ], [ 42.8475777, 11.2549878 ], [ 42.8481573, 11.2553275 ], [ 42.8495271, 11.2560796 ], [ 42.8559865, 11.2597892 ], [ 42.8611338, 11.2627897 ], [ 42.862091, 11.2632846 ], [ 42.8638999, 11.2640668 ], [ 42.8680999, 11.2661134 ], [ 42.8687142, 11.2664163 ], [ 42.8695079, 11.266728 ], [ 42.8707508, 11.2671379 ], [ 42.8775021, 11.2689224 ], [ 42.8790023, 11.2692487 ], [ 42.8802882, 11.2694538 ], [ 42.8918984, 11.2710859 ] ] ] } },
{ "type": "Feature", "properties": { "osm_id": "807723151", "code": "6101", "fclass": "rail", "name": "Chemin de fer d'Addis-Abeba - Djibouti", "layer": 1, "bridge": "T", "tunnel": "F", "path": "C:\\Users\\asus\\Documents\\Downloads\\djibouti-260214-free.shp\\gis_osm_railways_free_1.shp" }, "geometry": { "type": "MultiLineString", "coordinates": [ [ [ 42.8465317, 11.2542343 ], [ 42.846603, 11.2542838 ] ] ] } },
{ "type": "Feature", "properties": { "osm_id": "814471688", "code": "6101", "fclass": "rail", "name": "Chemin de fer d'Addis-Abeba - Djibouti ??? ???? ???? ????? - ??????", "layer": 1, "bridge": "T", "tunnel": "F", "path": "C:\\Users\\asus\\Documents\\Downloads\\djibouti-260214-free.shp\\gis_osm_railways_free_1.shp" }, "geometry": { "type": "MultiLineString", "coordinates": [ [ [ 42.7316968, 11.1453355 ], [ 42.7317503, 11.1453843 ] ] ] } },
{ "type": "Feature", "properties": { "osm_id": "814471689", "code": "6101", "fclass": "rail", "name": "Chemin de fer d'Addis-Abeba - Djibouti ??? ???? ???? ????? - ??????", "layer": 0, "bridge": "F", "tunnel": "F", "path": "C:\\Users\\asus\\Documents\\Downloads\\djibouti-260214-free.shp\\gis_osm_railways_free_1.shp" }, "geometry": { "type": "MultiLineString", "coordinates": [ [ [ 42.7317503, 11.1453843 ], [ 42.7318471, 11.1454684 ], [ 42.7335392, 11.1469367 ], [ 42.7337611, 11.1471293 ], [ 42.7407444, 11.153208 ], [ 42.7412018, 11.1536034 ], [ 42.7478378, 11.1594187 ], [ 42.7490318, 11.1604136 ], [ 42.7500816, 11.1611722 ], [ 42.7553409, 11.1649271 ] ] ] } },
{ "type": "Feature", "properties": { "osm_id": "814471690", "code": "6101", "fclass": "rail", "name": null, "layer": 0, "bridge": "F", "tunnel": "F", "path": "C:\\Users\\asus\\Documents\\Downloads\\djibouti-260214-free.shp\\gis_osm_railways_free_1.shp" }, "geometry": { "type": "MultiLineString", "coordinates": [ [ [ 42.7317368, 11.1452752 ], [ 42.7312591, 11.144869 ], [ 42.7310315, 11.1446689 ], [ 42.729072, 11.1429112 ] ] ] } },
{ "type": "Feature", "properties": { "osm_id": "814471691", "code": "6101", "fclass": "rail", "name": null, "layer": 1, "bridge": "T", "tunnel": "F", "path": "C:\\Users\\asus\\Documents\\Downloads\\djibouti-260214-free.shp\\gis_osm_railways_free_1.shp" }, "geometry": { "type": "MultiLineString", "coordinates": [ [ [ 42.7317844, 11.1453167 ], [ 42.7317368, 11.1452752 ] ] ] } },
{ "type": "Feature", "properties": { "osm_id": "814471693", "code": "6101", "fclass": "rail", "name": null, "layer": 0, "bridge": "F", "tunnel": "F", "path": "C:\\Users\\asus\\Documents\\Downloads\\djibouti-260214-free.shp\\gis_osm_railways_free_1.shp" }, "geometry": { "type": "MultiLineString", "coordinates": [ [ [ 42.7337611, 11.1471293 ], [ 42.7341952, 11.1476007 ], [ 42.7393539, 11.1520725 ], [ 42.7407006, 11.1532446 ], [ 42.7412018, 11.1536034 ] ] ] } },
{ "type": "Feature", "properties": { "osm_id": "814471694", "code": "6101", "fclass": "rail", "name": null, "layer": 0, "bridge": "F", "tunnel": "F", "path": "C:\\Users\\asus\\Documents\\Downloads\\djibouti-260214-free.shp\\gis_osm_railways_free_1.shp" }, "geometry": { "type": "MultiLineString", "coordinates": [ [ [ 42.731771, 11.1452076 ], [ 42.7315969, 11.1451018 ], [ 42.7312591, 11.144869 ] ] ] } },
{ "type": "Feature", "properties": { "osm_id": "814471695", "code": "6101", "fclass": "rail", "name": null, "layer": 1, "bridge": "T", "tunnel": "F", "path": "C:\\Users\\asus\\Documents\\Downloads\\djibouti-260214-free.shp\\gis_osm_railways_free_1.shp" }, "geometry": { "type": "MultiLineString", "coordinates": [ [ [ 42.7318313, 11.1452356 ], [ 42.731771, 11.1452076 ] ] ] } },
{ "type": "Feature", "properties": { "osm_id": "822124631", "code": "6101", "fclass": "rail", "name": "Chemin de fer Addis-Abeba – Djibouti ??? ???? ???? ????? - ??????", "layer": 0, "bridge": "F", "tunnel": "F", "path": "C:\\Users\\asus\\Documents\\Downloads\\djibouti-260214-free.shp\\gis_osm_railways_free_1.shp" }, "geometry": { "type": "MultiLineString", "coordinates": [ [ [ 42.6418162, 11.0865041 ], [ 42.6407762, 11.0820724 ], [ 42.6405412, 11.0809803 ], [ 42.6403819, 11.079754 ], [ 42.6402584, 11.0774283 ], [ 42.6400885, 11.0763787 ], [ 42.6399461, 11.0757312 ], [ 42.6396326, 11.074872 ], [ 42.6392956, 11.0740876 ], [ 42.6367345, 11.0676382 ], [ 42.636313, 11.0664843 ] ] ] } },
{ "type": "Feature", "properties": { "osm_id": "822124632", "code": "6101", "fclass": "rail", "name": "Chemin de fer Addis-Abeba – Djibouti ??? ???? ???? ????? - ??????", "layer": 1, "bridge": "T", "tunnel": "F", "path": "C:\\Users\\asus\\Documents\\Downloads\\djibouti-260214-free.shp\\gis_osm_railways_free_1.shp" }, "geometry": { "type": "MultiLineString", "coordinates": [ [ [ 42.6418672, 11.086685 ], [ 42.6418162, 11.0865041 ] ] ] } },
{ "type": "Feature", "properties": { "osm_id": "946196806", "code": "6101", "fclass": "rail", "name": "Chemin de fer d'Addis-Abeba - Djibouti ??? ???? ???? ????? - ??????", "layer": 1, "bridge": "T", "tunnel": "F", "path": "C:\\Users\\asus\\Documents\\Downloads\\djibouti-260214-free.shp\\gis_osm_railways_free_1.shp" }, "geometry": { "type": "MultiLineString", "coordinates": [ [ [ 42.7255112, 11.1402847 ], [ 42.7255825, 11.1403282 ] ] ] } },
{ "type": "Feature", "properties": { "osm_id": "946196807", "code": "6101", "fclass": "rail", "name": "Chemin de fer d'Addis-Abeba - Djibouti ??? ???? ???? ????? - ??????", "layer": 0, "bridge": "F", "tunnel": "F", "path": "C:\\Users\\asus\\Documents\\Downloads\\djibouti-260214-free.shp\\gis_osm_railways_free_1.shp" }, "geometry": { "type": "MultiLineString", "coordinates": [ [ [ 42.7199832, 11.1366636 ], [ 42.7213834, 11.1375657 ], [ 42.7255112, 11.1402847 ] ] ] } },
{ "type": "Feature", "properties": { "osm_id": "966981477", "code": "6101", "fclass": "rail", "name": "Chemin de fer Addis-Abeba - Djibouti", "layer": 1, "bridge": "T", "tunnel": "F", "path": "C:\\Users\\asus\\Documents\\Downloads\\djibouti-260214-free.shp\\gis_osm_railways_free_1.shp" }, "geometry": { "type": "MultiLineString", "coordinates": [ [ [ 42.6827677, 11.1196609 ], [ 42.6828327, 11.1196826 ] ] ] } },
{ "type": "Feature", "properties": { "osm_id": "967469795", "code": "6101", "fclass": "rail", "name": "Chemin de fer Addis-Abeba - Djibouti", "layer": 0, "bridge": "F", "tunnel": "F", "path": "C:\\Users\\asus\\Documents\\Downloads\\djibouti-260214-free.shp\\gis_osm_railways_free_1.shp" }, "geometry": { "type": "MultiLineString", "coordinates": [ [ [ 42.6828327, 11.1196826 ], [ 42.6837023, 11.1199747 ], [ 42.6899122, 11.1221643 ], [ 42.691303, 11.1226126 ] ] ] } },
{ "type": "Feature", "properties": { "osm_id": "967469796", "code": "6101", "fclass": "rail", "name": "Chemin de fer Addis-Abeba - Djibouti", "layer": 0, "bridge": "F", "tunnel": "F", "path": "C:\\Users\\asus\\Documents\\Downloads\\djibouti-260214-free.shp\\gis_osm_railways_free_1.shp" }, "geometry": { "type": "MultiLineString", "coordinates": [ [ [ 42.6754134, 11.1170892 ], [ 42.6789409, 11.1183268 ], [ 42.6797804, 11.118599 ], [ 42.6799987, 11.1186702 ], [ 42.6802288, 11.1187453 ], [ 42.6811465, 11.1190814 ], [ 42.6821664, 11.1194556 ], [ 42.6827677, 11.1196609 ] ] ] } },
{ "type": "Feature", "properties": { "osm_id": "967769106", "code": "6101", "fclass": "rail", "name": "Chemin de fer Addis-Abeba – Djibouti ??? ???? ???? ????? - ??????", "layer": 0, "bridge": "F", "tunnel": "F", "path": "C:\\Users\\asus\\Documents\\Downloads\\djibouti-260214-free.shp\\gis_osm_railways_free_1.shp" }, "geometry": { "type": "MultiLineString", "coordinates": [ [ [ 42.644905, 11.0950008 ], [ 42.6440562, 11.0933928 ] ] ] } },
{ "type": "Feature", "properties": { "osm_id": "967769107", "code": "6101", "fclass": "rail", "name": "Chemin de fer Addis-Abeba – Djibouti ??? ???? ???? ????? - ??????", "layer": 1, "bridge": "T", "tunnel": "F", "path": "C:\\Users\\asus\\Documents\\Downloads\\djibouti-260214-free.shp\\gis_osm_railways_free_1.shp" }, "geometry": { "type": "MultiLineString", "coordinates": [ [ [ 42.6449343, 11.0950557 ], [ 42.644905, 11.0950008 ] ] ] } },
{ "type": "Feature", "properties": { "osm_id": "967769108", "code": "6101", "fclass": "rail", "name": "Chemin de fer Addis-Abeba – Djibouti ??? ???? ???? ????? - ??????", "layer": 0, "bridge": "F", "tunnel": "F", "path": "C:\\Users\\asus\\Documents\\Downloads\\djibouti-260214-free.shp\\gis_osm_railways_free_1.shp" }, "geometry": { "type": "MultiLineString", "coordinates": [ [ [ 42.6428908, 11.0909037 ], [ 42.6427406, 11.0902865 ], [ 42.6418672, 11.086685 ] ] ] } },
{ "type": "Feature", "properties": { "osm_id": "967769109", "code": "6101", "fclass": "rail", "name": "Chemin de fer Addis-Abeba – Djibouti ??? ???? ???? ????? - ??????", "layer": 0, "bridge": "F", "tunnel": "F", "path": "C:\\Users\\asus\\Documents\\Downloads\\djibouti-260214-free.shp\\gis_osm_railways_free_1.shp" }, "geometry": { "type": "MultiLineString", "coordinates": [ [ [ 42.6754134, 11.1170892 ], [ 42.6707389, 11.1154584 ], [ 42.6690231, 11.1149017 ], [ 42.6556336, 11.1101985 ], [ 42.6554591, 11.1101344 ], [ 42.6548539, 11.1098706 ], [ 42.6543397, 11.109589 ], [ 42.6537334, 11.1092115 ], [ 42.6531691, 11.1088382 ], [ 42.6526021, 11.1083668 ], [ 42.6521637, 11.1079448 ], [ 42.6517126, 11.1074553 ], [ 42.6511883, 11.1067559 ], [ 42.650778, 11.1060684 ], [ 42.6449343, 11.0950557 ] ] ] } },
{ "type": "Feature", "properties": { "osm_id": "1004517517", "code": "6101", "fclass": "rail", "name": null, "layer": 0, "bridge": "F", "tunnel": "F", "path": "C:\\Users\\asus\\Documents\\Downloads\\djibouti-260214-free.shp\\gis_osm_railways_free_1.shp" }, "geometry": { "type": "MultiLineString", "coordinates": [ [ [ 43.1239668, 11.5190704 ], [ 43.1241054, 11.5195196 ], [ 43.124209, 11.51983 ], [ 43.1242885, 11.520045 ], [ 43.1243778, 11.5202865 ], [ 43.1245171, 11.5206451 ], [ 43.1246465, 11.5208721 ], [ 43.1249546, 11.5213685 ], [ 43.1251752, 11.5217102 ], [ 43.125192, 11.521735 ] ] ] } },
{ "type": "Feature", "properties": { "osm_id": "1004517518", "code": "6101", "fclass": "rail", "name": null, "layer": 0, "bridge": "F", "tunnel": "F", "path": "C:\\Users\\asus\\Documents\\Downloads\\djibouti-260214-free.shp\\gis_osm_railways_free_1.shp" }, "geometry": { "type": "MultiLineString", "coordinates": [ [ [ 43.124209, 11.51983 ], [ 43.1243063, 11.5202137 ], [ 43.124379, 11.5204371 ], [ 43.1244394, 11.5205784 ], [ 43.1245429, 11.5207825 ], [ 43.1248018, 11.5212063 ], [ 43.125153, 11.5217582 ], [ 43.1252201, 11.5218545 ] ] ] } },
{ "type": "Feature", "properties": { "osm_id": "1004517519", "code": "6101", "fclass": "rail", "name": null, "layer": 0, "bridge": "F", "tunnel": "F", "path": "C:\\Users\\asus\\Documents\\Downloads\\djibouti-260214-free.shp\\gis_osm_railways_free_1.shp" }, "geometry": { "type": "MultiLineString", "coordinates": [ [ [ 43.1242885, 11.520045 ], [ 43.1244436, 11.5203633 ], [ 43.1245761, 11.5206485 ], [ 43.1246713, 11.5208238 ], [ 43.1249184, 11.5212197 ], [ 43.1252063, 11.5216746 ], [ 43.1252261, 11.5217057 ] ] ] } },
{ "type": "Feature", "properties": { "osm_id": "1004517520", "code": "6101", "fclass": "rail", "name": null, "layer": 0, "bridge": "F", "tunnel": "F", "path": "C:\\Users\\asus\\Documents\\Downloads\\djibouti-260214-free.shp\\gis_osm_railways_free_1.shp" }, "geometry": { "type": "MultiLineString", "coordinates": [ [ [ 43.1234346, 11.5180455 ], [ 43.1233142, 11.5179346 ], [ 43.1231725, 11.517794 ] ] ] } },
{ "type": "Feature", "properties": { "osm_id": "1004517521", "code": "6101", "fclass": "rail", "name": null, "layer": 0, "bridge": "F", "tunnel": "F", "path": "C:\\Users\\asus\\Documents\\Downloads\\djibouti-260214-free.shp\\gis_osm_railways_free_1.shp" }, "geometry": { "type": "MultiLineString", "coordinates": [ [ [ 43.1232096, 11.5177621 ], [ 43.1233142, 11.5179346 ], [ 43.1234017, 11.518079 ] ] ] } },
{ "type": "Feature", "properties": { "osm_id": "1004517522", "code": "6101", "fclass": "rail", "name": null, "layer": 0, "bridge": "F", "tunnel": "F", "path": "C:\\Users\\asus\\Documents\\Downloads\\djibouti-260214-free.shp\\gis_osm_railways_free_1.shp" }, "geometry": { "type": "MultiLineString", "coordinates": [ [ [ 43.1239668, 11.5190704 ], [ 43.1241465, 11.5194424 ], [ 43.1243115, 11.5197923 ], [ 43.1244833, 11.5201352 ], [ 43.1246789, 11.5204909 ], [ 43.1248966, 11.5208343 ], [ 43.1251631, 11.521238 ] ] ] } },
{ "type": "Feature", "properties": { "osm_id": "1004517523", "code": "6101", "fclass": "rail", "name": null, "layer": 0, "bridge": "F", "tunnel": "F", "path": "C:\\Users\\asus\\Documents\\Downloads\\djibouti-260214-free.shp\\gis_osm_railways_free_1.shp" }, "geometry": { "type": "MultiLineString", "coordinates": [ [ [ 43.1257587, 11.5221967 ], [ 43.1259335, 11.5225385 ], [ 43.1260368, 11.522744 ], [ 43.1261807, 11.5229846 ], [ 43.1262298, 11.5230633 ] ] ] } },
{ "type": "Feature", "properties": { "osm_id": "1004517524", "code": "6101", "fclass": "rail", "name": null, "layer": 0, "bridge": "F", "tunnel": "F", "path": "C:\\Users\\asus\\Documents\\Downloads\\djibouti-260214-free.shp\\gis_osm_railways_free_1.shp" }, "geometry": { "type": "MultiLineString", "coordinates": [ [ [ 43.1251631, 11.521238 ], [ 43.1252632, 11.5214076 ], [ 43.1254857, 11.5217461 ], [ 43.1257762, 11.5221085 ], [ 43.1261205, 11.5225377 ], [ 43.1263555, 11.5228404 ], [ 43.126684, 11.5232571 ], [ 43.126958, 11.5235949 ], [ 43.1272263, 11.5238503 ] ] ] } },
{ "type": "Feature", "properties": { "osm_id": "1004517525", "code": "6101", "fclass": "rail", "name": null, "layer": 0, "bridge": "F", "tunnel": "F", "path": "C:\\Users\\asus\\Documents\\Downloads\\djibouti-260214-free.shp\\gis_osm_railways_free_1.shp" }, "geometry": { "type": "MultiLineString", "coordinates": [ [ [ 43.1267128, 11.5232078 ], [ 43.1269907, 11.5235586 ], [ 43.1270589, 11.523643 ], [ 43.1272263, 11.5238503 ], [ 43.1276111, 11.5243266 ], [ 43.1278217, 11.5245863 ] ] ] } },
{ "type": "Feature", "properties": { "osm_id": "1004517527", "code": "6101", "fclass": "rail", "name": null, "layer": 0, "bridge": "F", "tunnel": "F", "path": "C:\\Users\\asus\\Documents\\Downloads\\djibouti-260214-free.shp\\gis_osm_railways_free_1.shp" }, "geometry": { "type": "MultiLineString", "coordinates": [ [ [ 43.126441, 11.5227867 ], [ 43.1262589, 11.5225388 ], [ 43.1258816, 11.5220584 ], [ 43.1256466, 11.5217899 ], [ 43.1254016, 11.52155 ] ] ] } },
{ "type": "Feature", "properties": { "osm_id": "1004528915", "code": "6101", "fclass": "rail", "name": null, "layer": 0, "bridge": "F", "tunnel": "F", "path": "C:\\Users\\asus\\Documents\\Downloads\\djibouti-260214-free.shp\\gis_osm_railways_free_1.shp" }, "geometry": { "type": "MultiLineString", "coordinates": [ [ [ 42.9544169, 11.3247687 ], [ 42.9541021, 11.324271 ], [ 42.9533433, 11.3227607 ], [ 42.952491, 11.3210783 ], [ 42.9514293, 11.3190016 ], [ 42.9507894, 11.3177384 ], [ 42.9506504, 11.3174201 ] ] ] } },
{ "type": "Feature", "properties": { "osm_id": "1004528916", "code": "6101", "fclass": "rail", "name": null, "layer": 0, "bridge": "F", "tunnel": "F", "path": "C:\\Users\\asus\\Documents\\Downloads\\djibouti-260214-free.shp\\gis_osm_railways_free_1.shp" }, "geometry": { "type": "MultiLineString", "coordinates": [ [ [ 42.9505084, 11.3171411 ], [ 42.9501466, 11.3164447 ], [ 42.9499111, 11.3159065 ] ] ] } },
{ "type": "Feature", "properties": { "osm_id": "1004528917", "code": "6101", "fclass": "rail", "name": null, "layer": 1, "bridge": "T", "tunnel": "F", "path": "C:\\Users\\asus\\Documents\\Downloads\\djibouti-260214-free.shp\\gis_osm_railways_free_1.shp" }, "geometry": { "type": "MultiLineString", "coordinates": [ [ [ 42.9506504, 11.3174201 ], [ 42.9505084, 11.3171411 ] ] ] } },
{ "type": "Feature", "properties": { "osm_id": "1004528918", "code": "6101", "fclass": "rail", "name": null, "layer": 0, "bridge": "F", "tunnel": "F", "path": "C:\\Users\\asus\\Documents\\Downloads\\djibouti-260214-free.shp\\gis_osm_railways_free_1.shp" }, "geometry": { "type": "MultiLineString", "coordinates": [ [ [ 42.9508072, 11.3174827 ], [ 42.9510748, 11.3180358 ], [ 42.9517379, 11.3193385 ], [ 42.9522678, 11.3203946 ], [ 42.9529038, 11.3216442 ], [ 42.953271, 11.3223281 ], [ 42.9536925, 11.3231523 ], [ 42.9543432, 11.3245082 ], [ 42.9547105, 11.3252888 ], [ 42.9547962, 11.3255683 ] ] ] } },
{ "type": "Feature", "properties": { "osm_id": "1004528919", "code": "6101", "fclass": "rail", "name": null, "layer": 0, "bridge": "F", "tunnel": "F", "path": "C:\\Users\\asus\\Documents\\Downloads\\djibouti-260214-free.shp\\gis_osm_railways_free_1.shp" }, "geometry": { "type": "MultiLineString", "coordinates": [ [ [ 42.9501857, 11.3164198 ], [ 42.9504019, 11.3167306 ], [ 42.9506396, 11.3171573 ] ] ] } },
{ "type": "Feature", "properties": { "osm_id": "1004528920", "code": "6101", "fclass": "rail", "name": null, "layer": 1, "bridge": "T", "tunnel": "F", "path": "C:\\Users\\asus\\Documents\\Downloads\\djibouti-260214-free.shp\\gis_osm_railways_free_1.shp" }, "geometry": { "type": "MultiLineString", "coordinates": [ [ [ 42.9506396, 11.3171573 ], [ 42.9508072, 11.3174827 ] ] ] } },
{ "type": "Feature", "properties": { "osm_id": "1004572285", "code": "6101", "fclass": "rail", "name": null, "layer": 0, "bridge": "F", "tunnel": "F", "path": "C:\\Users\\asus\\Documents\\Downloads\\djibouti-260214-free.shp\\gis_osm_railways_free_1.shp" }, "geometry": { "type": "MultiLineString", "coordinates": [ [ [ 42.7418124, 11.1542992 ], [ 42.7411381, 11.1536949 ] ] ] } },
{ "type": "Feature", "properties": { "osm_id": "1004572286", "code": "6101", "fclass": "rail", "name": null, "layer": 0, "bridge": "F", "tunnel": "F", "path": "C:\\Users\\asus\\Documents\\Downloads\\djibouti-260214-free.shp\\gis_osm_railways_free_1.shp" }, "geometry": { "type": "MultiLineString", "coordinates": [ [ [ 42.7335392, 11.1469367 ], [ 42.7331215, 11.1464758 ] ] ] } },
{ "type": "Feature", "properties": { "osm_id": "1004572287", "code": "6101", "fclass": "rail", "name": null, "layer": 0, "bridge": "F", "tunnel": "F", "path": "C:\\Users\\asus\\Documents\\Downloads\\djibouti-260214-free.shp\\gis_osm_railways_free_1.shp" }, "geometry": { "type": "MultiLineString", "coordinates": [ [ [ 42.7325681, 11.1460015 ], [ 42.7317844, 11.1453167 ] ] ] } },
{ "type": "Feature", "properties": { "osm_id": "1004572288", "code": "6101", "fclass": "rail", "name": null, "layer": 0, "bridge": "F", "tunnel": "F", "path": "C:\\Users\\asus\\Documents\\Downloads\\djibouti-260214-free.shp\\gis_osm_railways_free_1.shp" }, "geometry": { "type": "MultiLineString", "coordinates": [ [ [ 42.7350565, 11.1466211 ], [ 42.7343698, 11.1460082 ] ] ] } },
{ "type": "Feature", "properties": { "osm_id": "1063949510", "code": "6101", "fclass": "rail", "name": "Chemin de fer d'Addis-Abeba - Djibouti", "layer": 0, "bridge": "F", "tunnel": "F", "path": "C:\\Users\\asus\\Documents\\Downloads\\djibouti-260214-free.shp\\gis_osm_railways_free_1.shp" }, "geometry": { "type": "MultiLineString", "coordinates": [ [ [ 42.7636091, 11.1720932 ], [ 42.7656927, 11.1742733 ], [ 42.7662859, 11.1747943 ], [ 42.7665538, 11.1750229 ], [ 42.766854, 11.1752568 ], [ 42.76701, 11.1753785 ], [ 42.7671603, 11.1755022 ], [ 42.7675021, 11.175782 ], [ 42.768276, 11.1764337 ], [ 42.7706806, 11.1783826 ], [ 42.7713279, 11.1789691 ], [ 42.7774443, 11.1846336 ], [ 42.7784749, 11.185684 ], [ 42.7792947, 11.186686 ], [ 42.7802464, 11.1881206 ], [ 42.781672, 11.1909149 ], [ 42.7822726, 11.1919063 ], [ 42.7829778, 11.1929697 ], [ 42.7882236, 11.2001253 ], [ 42.7887998, 11.2008924 ], [ 42.789276, 11.2014346 ], [ 42.7904882, 11.2026068 ], [ 42.7978317, 11.2094777 ], [ 42.8081622, 11.2199363 ], [ 42.8087925, 11.2205781 ], [ 42.8096074, 11.2213085 ], [ 42.8109587, 11.2223698 ], [ 42.8120718, 11.2232308 ] ] ] } },
{ "type": "Feature", "properties": { "osm_id": "1063949511", "code": "6101", "fclass": "rail", "name": "Chemin de fer d'Addis-Abeba - Djibouti", "layer": 0, "bridge": "F", "tunnel": "F", "path": "C:\\Users\\asus\\Documents\\Downloads\\djibouti-260214-free.shp\\gis_osm_railways_free_1.shp" }, "geometry": { "type": "MultiLineString", "coordinates": [ [ [ 42.7564217, 11.1657197 ], [ 42.7587907, 11.1674344 ], [ 42.7596722, 11.1681561 ], [ 42.7601963, 11.1686187 ], [ 42.7604851, 11.1689103 ], [ 42.7617119, 11.1701331 ], [ 42.7635364, 11.1720102 ] ] ] } },
{ "type": "Feature", "properties": { "osm_id": "1197034121", "code": "6101", "fclass": "rail", "name": "Chemin de fer Addis-Abeba – Djibouti ??? ???? ???? ????? - ??????", "layer": 0, "bridge": "F", "tunnel": "F", "path": "C:\\Users\\asus\\Documents\\Downloads\\djibouti-260214-free.shp\\gis_osm_railways_free_1.shp" }, "geometry": { "type": "MultiLineString", "coordinates": [ [ [ 42.6440562, 11.0933928 ], [ 42.6434433, 11.0922396 ], [ 42.6430651, 11.0914237 ], [ 42.6428908, 11.0909037 ] ] ] } },
{ "type": "Feature", "properties": { "osm_id": "1197063900", "code": "6101", "fclass": "rail", "name": null, "layer": 0, "bridge": "F", "tunnel": "F", "path": "C:\\Users\\asus\\Documents\\Downloads\\djibouti-260214-free.shp\\gis_osm_railways_free_1.shp" }, "geometry": { "type": "MultiLineString", "coordinates": [ [ [ 42.7428417, 11.1553012 ], [ 42.7431268, 11.1555461 ] ] ] } },
{ "type": "Feature", "properties": { "osm_id": "1197063901", "code": "6101", "fclass": "rail", "name": null, "layer": 0, "bridge": "F", "tunnel": "F", "path": "C:\\Users\\asus\\Documents\\Downloads\\djibouti-260214-free.shp\\gis_osm_railways_free_1.shp" }, "geometry": { "type": "MultiLineString", "coordinates": [ [ [ 42.7431268, 11.1555461 ], [ 42.7431996, 11.1556114 ] ] ] } },
{ "type": "Feature", "properties": { "osm_id": "1197063902", "code": "6101", "fclass": "rail", "name": null, "layer": 0, "bridge": "F", "tunnel": "F", "path": "C:\\Users\\asus\\Documents\\Downloads\\djibouti-260214-free.shp\\gis_osm_railways_free_1.shp" }, "geometry": { "type": "MultiLineString", "coordinates": [ [ [ 42.9541021, 11.324271 ], [ 42.9546123, 11.3253075 ] ] ] } },
{ "type": "Feature", "properties": { "osm_id": "1197063905", "code": "6101", "fclass": "rail", "name": "Chemin de fer d'Addis-Abeba - Djibouti / ??? ???? ???? ????? - ??????", "layer": 0, "bridge": "F", "tunnel": "F", "path": "C:\\Users\\asus\\Documents\\Downloads\\djibouti-260214-free.shp\\gis_osm_railways_free_1.shp" }, "geometry": { "type": "MultiLineString", "coordinates": [ [ [ 43.1355758, 11.5330132 ], [ 43.1353051, 11.5327604 ], [ 43.1350503, 11.5325113 ], [ 43.1347801, 11.5322171 ], [ 43.1341939, 11.5314975 ] ] ] } },
{ "type": "Feature", "properties": { "osm_id": "1197063906", "code": "6101", "fclass": "rail", "name": null, "layer": 0, "bridge": "F", "tunnel": "F", "path": "C:\\Users\\asus\\Documents\\Downloads\\djibouti-260214-free.shp\\gis_osm_railways_free_1.shp" }, "geometry": { "type": "MultiLineString", "coordinates": [ [ [ 43.1235413, 11.5180875 ], [ 43.1237338, 11.5184215 ], [ 43.12392, 11.5186513 ], [ 43.124179, 11.5189709 ], [ 43.1244708, 11.5193367 ] ] ] } },
{ "type": "Feature", "properties": { "osm_id": "1197063907", "code": "6101", "fclass": "rail", "name": null, "layer": 0, "bridge": "F", "tunnel": "F", "path": "C:\\Users\\asus\\Documents\\Downloads\\djibouti-260214-free.shp\\gis_osm_railways_free_1.shp" }, "geometry": { "type": "MultiLineString", "coordinates": [ [ [ 43.1325626, 11.5295203 ], [ 43.1333171, 11.5304634 ] ] ] } },
{ "type": "Feature", "properties": { "osm_id": "1197063908", "code": "6101", "fclass": "rail", "name": null, "layer": 0, "bridge": "F", "tunnel": "F", "path": "C:\\Users\\asus\\Documents\\Downloads\\djibouti-260214-free.shp\\gis_osm_railways_free_1.shp" }, "geometry": { "type": "MultiLineString", "coordinates": [ [ [ 43.1298493, 11.5275091 ], [ 43.1300202, 11.527692 ], [ 43.1302224, 11.5278543 ], [ 43.13044, 11.527994 ], [ 43.1306788, 11.5281267 ], [ 43.1309974, 11.5282839 ], [ 43.1312034, 11.5283723 ], [ 43.1315634, 11.5285765 ], [ 43.1317547, 11.5287187 ], [ 43.1319354, 11.5288779 ], [ 43.1321271, 11.529058 ] ] ] } },
{ "type": "Feature", "properties": { "osm_id": "1197063909", "code": "6101", "fclass": "rail", "name": null, "layer": 0, "bridge": "F", "tunnel": "F", "path": "C:\\Users\\asus\\Documents\\Downloads\\djibouti-260214-free.shp\\gis_osm_railways_free_1.shp" }, "geometry": { "type": "MultiLineString", "coordinates": [ [ [ 43.122597, 11.5170803 ], [ 43.1231725, 11.517794 ], [ 43.1234017, 11.518079 ], [ 43.1235506, 11.518287 ], [ 43.1237517, 11.5186154 ], [ 43.1239668, 11.5190704 ] ] ] } },
{ "type": "Feature", "properties": { "osm_id": "1197063910", "code": "6101", "fclass": "rail", "name": null, "layer": 0, "bridge": "F", "tunnel": "F", "path": "C:\\Users\\asus\\Documents\\Downloads\\djibouti-260214-free.shp\\gis_osm_railways_free_1.shp" }, "geometry": { "type": "MultiLineString", "coordinates": [ [ [ 43.1254857, 11.5217461 ], [ 43.1257587, 11.5221967 ], [ 43.1260327, 11.5226293 ], [ 43.1262328, 11.5229472 ], [ 43.1262875, 11.5230284 ] ] ] } },
{ "type": "Feature", "properties": { "osm_id": "1197063911", "code": "6101", "fclass": "rail", "name": null, "layer": 0, "bridge": "F", "tunnel": "F", "path": "C:\\Users\\asus\\Documents\\Downloads\\djibouti-260214-free.shp\\gis_osm_railways_free_1.shp" }, "geometry": { "type": "MultiLineString", "coordinates": [ [ [ 43.1251631, 11.521238 ], [ 43.1254016, 11.52155 ], [ 43.1257216, 11.521956 ], [ 43.1259581, 11.5222495 ], [ 43.126276, 11.5226591 ], [ 43.1264031, 11.5228173 ] ] ] } },
{ "type": "Feature", "properties": { "osm_id": "1197063912", "code": "6101", "fclass": "rail", "name": null, "layer": 0, "bridge": "F", "tunnel": "F", "path": "C:\\Users\\asus\\Documents\\Downloads\\djibouti-260214-free.shp\\gis_osm_railways_free_1.shp" }, "geometry": { "type": "MultiLineString", "coordinates": [ [ [ 43.1267578, 11.5231728 ], [ 43.126441, 11.5227867 ] ] ] } },
{ "type": "Feature", "properties": { "osm_id": "1197063913", "code": "6101", "fclass": "rail", "name": null, "layer": 0, "bridge": "F", "tunnel": "F", "path": "C:\\Users\\asus\\Documents\\Downloads\\djibouti-260214-free.shp\\gis_osm_railways_free_1.shp" }, "geometry": { "type": "MultiLineString", "coordinates": [ [ [ 43.1264031, 11.5228173 ], [ 43.1267128, 11.5232078 ] ] ] } },
{ "type": "Feature", "properties": { "osm_id": "1197063914", "code": "6101", "fclass": "rail", "name": null, "layer": 0, "bridge": "F", "tunnel": "F", "path": "C:\\Users\\asus\\Documents\\Downloads\\djibouti-260214-free.shp\\gis_osm_railways_free_1.shp" }, "geometry": { "type": "MultiLineString", "coordinates": [ [ [ 43.1270589, 11.523643 ], [ 43.1268484, 11.5232941 ], [ 43.1267578, 11.5231728 ] ] ] } },
{ "type": "Feature", "properties": { "osm_id": "1197063915", "code": "6101", "fclass": "rail", "name": null, "layer": 0, "bridge": "F", "tunnel": "F", "path": "C:\\Users\\asus\\Documents\\Downloads\\djibouti-260214-free.shp\\gis_osm_railways_free_1.shp" }, "geometry": { "type": "MultiLineString", "coordinates": [ [ [ 43.126958, 11.5235949 ], [ 43.1272068, 11.5239104 ], [ 43.1275191, 11.5242912 ], [ 43.1278443, 11.5247023 ], [ 43.1281641, 11.5251137 ] ] ] } },
{ "type": "Feature", "properties": { "osm_id": "1197063916", "code": "6101", "fclass": "rail", "name": null, "layer": 0, "bridge": "F", "tunnel": "F", "path": "C:\\Users\\asus\\Documents\\Downloads\\djibouti-260214-free.shp\\gis_osm_railways_free_1.shp" }, "geometry": { "type": "MultiLineString", "coordinates": [ [ [ 43.1262875, 11.5230284 ], [ 43.1265296, 11.5234068 ] ] ] } },
{ "type": "Feature", "properties": { "osm_id": "1197063917", "code": "6101", "fclass": "rail", "name": null, "layer": 0, "bridge": "F", "tunnel": "F", "path": "C:\\Users\\asus\\Documents\\Downloads\\djibouti-260214-free.shp\\gis_osm_railways_free_1.shp" }, "geometry": { "type": "MultiLineString", "coordinates": [ [ [ 43.1262298, 11.5230633 ], [ 43.1264682, 11.5234412 ] ] ] } },
{ "type": "Feature", "properties": { "osm_id": "1197063919", "code": "6101", "fclass": "rail", "name": null, "layer": 0, "bridge": "F", "tunnel": "F", "path": "C:\\Users\\asus\\Documents\\Downloads\\djibouti-260214-free.shp\\gis_osm_railways_free_1.shp" }, "geometry": { "type": "MultiLineString", "coordinates": [ [ [ 43.1252201, 11.5218545 ], [ 43.1254487, 11.5222017 ] ] ] } },
{ "type": "Feature", "properties": { "osm_id": "1197063920", "code": "6101", "fclass": "rail", "name": null, "layer": 0, "bridge": "F", "tunnel": "F", "path": "C:\\Users\\asus\\Documents\\Downloads\\djibouti-260214-free.shp\\gis_osm_railways_free_1.shp" }, "geometry": { "type": "MultiLineString", "coordinates": [ [ [ 43.1007423, 11.5771353 ], [ 43.101114, 11.5771263 ], [ 43.1107058, 11.5758279 ], [ 43.1111111, 11.5757282 ] ] ] } },
{ "type": "Feature", "properties": { "osm_id": "1197063921", "code": "6101", "fclass": "rail", "name": null, "layer": 0, "bridge": "F", "tunnel": "F", "path": "C:\\Users\\asus\\Documents\\Downloads\\djibouti-260214-free.shp\\gis_osm_railways_free_1.shp" }, "geometry": { "type": "MultiLineString", "coordinates": [ [ [ 43.0991211, 11.5773982 ], [ 43.0999198, 11.5772933 ], [ 43.100312, 11.5771911 ] ] ] } },
{ "type": "Feature", "properties": { "osm_id": "1197063922", "code": "6101", "fclass": "rail", "name": null, "layer": 0, "bridge": "F", "tunnel": "F", "path": "C:\\Users\\asus\\Documents\\Downloads\\djibouti-260214-free.shp\\gis_osm_railways_free_1.shp" }, "geometry": { "type": "MultiLineString", "coordinates": [ [ [ 43.0999198, 11.5772933 ], [ 43.101114, 11.5771263 ] ] ] } },
{ "type": "Feature", "properties": { "osm_id": "1197063923", "code": "6101", "fclass": "rail", "name": null, "layer": 0, "bridge": "F", "tunnel": "F", "path": "C:\\Users\\asus\\Documents\\Downloads\\djibouti-260214-free.shp\\gis_osm_railways_free_1.shp" }, "geometry": { "type": "MultiLineString", "coordinates": [ [ [ 43.1124939, 11.5755849 ], [ 43.1118834, 11.5756721 ], [ 43.1114027, 11.5756889 ] ] ] } },
{ "type": "Feature", "properties": { "osm_id": "1197063924", "code": "6101", "fclass": "rail", "name": null, "layer": 0, "bridge": "F", "tunnel": "F", "path": "C:\\Users\\asus\\Documents\\Downloads\\djibouti-260214-free.shp\\gis_osm_railways_free_1.shp" }, "geometry": { "type": "MultiLineString", "coordinates": [ [ [ 43.1107058, 11.5758279 ], [ 43.1118834, 11.5756721 ] ] ] } },
{ "type": "Feature", "properties": { "osm_id": "1197063925", "code": "6101", "fclass": "rail", "name": null, "layer": 0, "bridge": "F", "tunnel": "F", "path": "C:\\Users\\asus\\Documents\\Downloads\\djibouti-260214-free.shp\\gis_osm_railways_free_1.shp" }, "geometry": { "type": "MultiLineString", "coordinates": [ [ [ 43.0693795, 11.5883108 ], [ 43.0690554, 11.5882643 ] ] ] } },
{ "type": "Feature", "properties": { "osm_id": "1197063926", "code": "6101", "fclass": "rail", "name": null, "layer": 0, "bridge": "F", "tunnel": "F", "path": "C:\\Users\\asus\\Documents\\Downloads\\djibouti-260214-free.shp\\gis_osm_railways_free_1.shp" }, "geometry": { "type": "MultiLineString", "coordinates": [ [ [ 43.0693834, 11.5882653 ], [ 43.0690607, 11.5882184 ] ] ] } }
]
}
